ISO-10303-21;
HEADER;
/*Generated by software containing ST-Developer
 * from STEP Tools, Inc. (www.steptools.com) 
 */
/*OPTION: using custom renumber hook */
/*description */
/*implementation_level */
FILE_DESCRIPTION(('STEP AP242 Edition 2','STEP AP242 Edition 2''CAx-IF Rec.Pracs.---Representation and Presentation of Product Manufa
cturing Information (PMI)---4.0---2014-10-13','STEP AP242 Edition 2''CAx-IF Rec.Pracs.---Representation and Presentation of Product Manufa
cturing Information (PMI)---4.0---2014-10-13''CAx-IF Rec.Pracs.---3D Tessellated Geometry---0.4---2014-09-14','STEP AP242 Edition 2''CAx-IF Rec.Pracs.---Representation and Presentation of Product Manufa
cturing Information (PMI)---4.0---2014-10-13''CAx-IF Rec.Pracs.---3D Tessellated Geometry---0.4---2014-09-14''2;1','STEP AP242 Edition 2''CAx-IF Rec.Pracs.---Representation and Presentation of Product Manufa
cturing Information (PMI)---4.0---2014-10-13''CAx-IF Rec.Pracs.---3D Tessellated Geometry---0.4---2014-09-14''2;1''CAx-IF Rec.Pracs.---User Defined Attributes---1.5---2016-08-15'),'2;1');
/*name */
/*time_stamp */
/*author */
/*organization */
/*preprocessor_version */
/*originating_system */
/*authorisation */
FILE_NAME('/vol/tmp/translate-4461240666383628663/Part Studio 1.step','2026-02-22T15:08:48',(''),(''),'ST-DEVELOPER v20','ONSHAPE BY PTC INC, 1.211','  ');
FILE_SCHEMA(('AP242_MANAGED_MODEL_BASED_3D_ENGINEERING_MIM_LF { 1 0 10303 442 3 1 4 }'));
ENDSEC;
DATA;
#10=ELLIPSE('',#9919,0.0015664077125383,0.0015);
#11=ELLIPSE('',#9920,0.0015664077125383,0.0015);
#12=ELLIPSE('',#9921,0.0015664077125383,0.0015);
#13=ELLIPSE('',#9922,0.0015664077125383,0.0015);
#14=ELLIPSE('',#9923,0.0015664077125383,0.0015);
#15=ELLIPSE('',#9928,0.00417708723343547,0.004);
#16=ELLIPSE('',#9929,0.00417708723343547,0.004);
#17=ELLIPSE('',#9930,0.00417708723343547,0.004);
#18=ELLIPSE('',#9931,0.00417708723343547,0.004);
#19=ELLIPSE('',#9932,0.00437581876026132,0.004);
#20=ELLIPSE('',#9933,0.3387950246248,0.004);
#21=ELLIPSE('',#9934,0.00437581876026132,0.004);
#22=ELLIPSE('',#9935,0.00437581876026132,0.004);
#23=ELLIPSE('',#9936,0.3387950246248,0.004);
#24=ELLIPSE('',#9937,0.00437581876026132,0.004);
#25=ELLIPSE('',#9938,0.00437581876026132,0.004);
#26=ELLIPSE('',#9939,0.3387950246248,0.004);
#27=ELLIPSE('',#9940,0.00417708723343547,0.004);
#28=ELLIPSE('',#9942,0.001640932035098,0.0015);
#29=ELLIPSE('',#9943,0.001640932035098,0.0015);
#30=ELLIPSE('',#9944,0.001640932035098,0.0015);
#31=ELLIPSE('',#9945,0.001640932035098,0.0015);
#32=ELLIPSE('',#9946,0.001640932035098,0.0015);
#33=ELLIPSE('',#10072,0.0015664077125383,0.0015);
#34=ELLIPSE('',#10073,0.0015664077125383,0.0015);
#35=ELLIPSE('',#10074,0.0015664077125383,0.0015);
#36=ELLIPSE('',#10075,0.0015664077125383,0.0015);
#37=ELLIPSE('',#10076,0.0015664077125383,0.0015);
#38=ELLIPSE('',#10081,0.00417708723343547,0.004);
#39=ELLIPSE('',#10082,0.00417708723343547,0.004);
#40=ELLIPSE('',#10083,0.00417708723343547,0.004);
#41=ELLIPSE('',#10084,0.00417708723343547,0.004);
#42=ELLIPSE('',#10085,0.00437581876026132,0.004);
#43=ELLIPSE('',#10086,0.3387950246248,0.004);
#44=ELLIPSE('',#10087,0.00437581876026132,0.004);
#45=ELLIPSE('',#10088,0.00437581876026132,0.004);
#46=ELLIPSE('',#10089,0.3387950246248,0.004);
#47=ELLIPSE('',#10090,0.00437581876026132,0.004);
#48=ELLIPSE('',#10091,0.00437581876026132,0.004);
#49=ELLIPSE('',#10092,0.3387950246248,0.004);
#50=ELLIPSE('',#10093,0.00417708723343547,0.004);
#51=ELLIPSE('',#10095,0.001640932035098,0.0015);
#52=ELLIPSE('',#10096,0.001640932035098,0.0015);
#53=ELLIPSE('',#10097,0.001640932035098,0.0015);
#54=ELLIPSE('',#10098,0.001640932035098,0.0015);
#55=ELLIPSE('',#10099,0.001640932035098,0.0015);
#56=ELLIPSE('',#10337,0.0015664077125383,0.0015);
#57=ELLIPSE('',#10338,0.0015664077125383,0.0015);
#58=ELLIPSE('',#10339,0.0015664077125383,0.0015);
#59=ELLIPSE('',#10340,0.0015664077125383,0.0015);
#60=ELLIPSE('',#10341,0.0015664077125383,0.0015);
#61=ELLIPSE('',#10346,0.00417708723343547,0.004);
#62=ELLIPSE('',#10347,0.3387950246248,0.004);
#63=ELLIPSE('',#10348,0.00437581876026132,0.004);
#64=ELLIPSE('',#10349,0.00437581876026132,0.004);
#65=ELLIPSE('',#10350,0.3387950246248,0.004);
#66=ELLIPSE('',#10351,0.00437581876026132,0.004);
#67=ELLIPSE('',#10352,0.00437581876026132,0.004);
#68=ELLIPSE('',#10353,0.3387950246248,0.004);
#69=ELLIPSE('',#10354,0.00437581876026132,0.004);
#70=ELLIPSE('',#10355,0.00417708723343547,0.004);
#71=ELLIPSE('',#10356,0.00417708723343547,0.004);
#72=ELLIPSE('',#10357,0.00417708723343547,0.004);
#73=ELLIPSE('',#10358,0.00417708723343547,0.004);
#74=ELLIPSE('',#10360,0.001640932035098,0.0015);
#75=ELLIPSE('',#10361,0.001640932035098,0.0015);
#76=ELLIPSE('',#10362,0.001640932035098,0.0015);
#77=ELLIPSE('',#10363,0.001640932035098,0.0015);
#78=ELLIPSE('',#10364,0.001640932035098,0.0015);
#79=ELLIPSE('',#10507,0.0015664077125383,0.0015);
#80=ELLIPSE('',#10508,0.0015664077125383,0.0015);
#81=ELLIPSE('',#10509,0.0015664077125383,0.0015);
#82=ELLIPSE('',#10510,0.0015664077125383,0.0015);
#83=ELLIPSE('',#10511,0.0015664077125383,0.0015);
#84=ELLIPSE('',#10516,0.00417708723343547,0.004);
#85=ELLIPSE('',#10517,0.3387950246248,0.004);
#86=ELLIPSE('',#10518,0.00437581876026132,0.004);
#87=ELLIPSE('',#10519,0.00437581876026132,0.004);
#88=ELLIPSE('',#10520,0.3387950246248,0.004);
#89=ELLIPSE('',#10521,0.00437581876026132,0.004);
#90=ELLIPSE('',#10522,0.00437581876026132,0.004);
#91=ELLIPSE('',#10523,0.3387950246248,0.004);
#92=ELLIPSE('',#10524,0.00437581876026132,0.004);
#93=ELLIPSE('',#10525,0.00417708723343547,0.004);
#94=ELLIPSE('',#10526,0.00417708723343547,0.004);
#95=ELLIPSE('',#10527,0.00417708723343547,0.004);
#96=ELLIPSE('',#10528,0.00417708723343547,0.004);
#97=ELLIPSE('',#10530,0.001640932035098,0.0015);
#98=ELLIPSE('',#10531,0.001640932035098,0.0015);
#99=ELLIPSE('',#10532,0.001640932035098,0.0015);
#100=ELLIPSE('',#10533,0.001640932035098,0.0015);
#101=ELLIPSE('',#10534,0.001640932035098,0.0015);
#102=ELLIPSE('',#10596,0.0141421356237309,0.01);
#103=ELLIPSE('',#10598,0.0141421356237309,0.01);
#104=B_SPLINE_SURFACE_WITH_KNOTS('',3,1,((#13757,#13758),(#13759,#13760),(#13761,#13762),(#13763,#13764)),.SURF_OF_LINEAR_EXTRUSION.,.F.,.F.,.F.,(4,4),(2,2),(0.,0.329267007512655),(0.,1.),.PIECEWISE_BEZIER_KNOTS.);
#105=B_SPLINE_SURFACE_WITH_KNOTS('',3,1,((#13978,#13979),(#13980,#13981),(#13982,#13983),(#13984,#13985)),.SURF_OF_LINEAR_EXTRUSION.,.F.,.F.,.F.,(4,4),(2,2),(0.00081232681861276,0.497638512698098),(0.,1.),.PIECEWISE_BEZIER_KNOTS.);
#106=B_SPLINE_SURFACE_WITH_KNOTS('',3,1,((#13988,#13989),(#13990,#13991),(#13992,#13993),(#13994,#13995)),.SURF_OF_LINEAR_EXTRUSION.,.F.,.F.,.F.,(4,4),(2,2),(0.000812326275541094,0.497638512698098),(0.,1.),.PIECEWISE_BEZIER_KNOTS.);
#107=B_SPLINE_SURFACE_WITH_KNOTS('',3,1,((#14046,#14047),(#14048,#14049),(#14050,#14051),(#14052,#14053)),.SURF_OF_LINEAR_EXTRUSION.,.F.,.F.,.F.,(4,4),(2,2),(0.00081232681861276,0.497638512698098),(0.,1.),.PIECEWISE_BEZIER_KNOTS.);
#108=B_SPLINE_SURFACE_WITH_KNOTS('',3,1,((#14056,#14057),(#14058,#14059),(#14060,#14061),(#14062,#14063)),.SURF_OF_LINEAR_EXTRUSION.,.F.,.F.,.F.,(4,4),(2,2),(0.000812326275541094,0.497638512698098),(0.,1.),.PIECEWISE_BEZIER_KNOTS.);
#109=B_SPLINE_SURFACE_WITH_KNOTS('',3,1,((#14074,#14075),(#14076,#14077),(#14078,#14079),(#14080,#14081)),.SURF_OF_LINEAR_EXTRUSION.,.F.,.F.,.F.,(4,4),(2,2),(0.000812326275541094,0.497638512698098),(0.,1.),.PIECEWISE_BEZIER_KNOTS.);
#110=B_SPLINE_SURFACE_WITH_KNOTS('',3,1,((#14100,#14101),(#14102,#14103),(#14104,#14105),(#14106,#14107)),.SURF_OF_LINEAR_EXTRUSION.,.F.,.F.,.F.,(4,4),(2,2),(0.00081232681861276,0.497638512698098),(0.,1.),.PIECEWISE_BEZIER_KNOTS.);
#111=B_SPLINE_SURFACE_WITH_KNOTS('',3,1,((#14560,#14561),(#14562,#14563),(#14564,#14565),(#14566,#14567)),.SURF_OF_LINEAR_EXTRUSION.,.F.,.F.,.F.,(4,4),(2,2),(0.00081232681861276,0.497638512698098),(0.,1.),.PIECEWISE_BEZIER_KNOTS.);
#112=B_SPLINE_SURFACE_WITH_KNOTS('',3,1,((#14570,#14571),(#14572,#14573),(#14574,#14575),(#14576,#14577)),.SURF_OF_LINEAR_EXTRUSION.,.F.,.F.,.F.,(4,4),(2,2),(0.000812326275541094,0.497638512698098),(0.,1.),.PIECEWISE_BEZIER_KNOTS.);
#113=B_SPLINE_SURFACE_WITH_KNOTS('',3,1,((#14628,#14629),(#14630,#14631),(#14632,#14633),(#14634,#14635)),.SURF_OF_LINEAR_EXTRUSION.,.F.,.F.,.F.,(4,4),(2,2),(0.00081232681861276,0.497638512698098),(0.,1.),.PIECEWISE_BEZIER_KNOTS.);
#114=B_SPLINE_SURFACE_WITH_KNOTS('',3,1,((#14638,#14639),(#14640,#14641),(#14642,#14643),(#14644,#14645)),.SURF_OF_LINEAR_EXTRUSION.,.F.,.F.,.F.,(4,4),(2,2),(0.000812326275541094,0.497638512698098),(0.,1.),.PIECEWISE_BEZIER_KNOTS.);
#115=B_SPLINE_SURFACE_WITH_KNOTS('',3,1,((#14656,#14657),(#14658,#14659),(#14660,#14661),(#14662,#14663)),.SURF_OF_LINEAR_EXTRUSION.,.F.,.F.,.F.,(4,4),(2,2),(0.000812326275541094,0.497638512698098),(0.,1.),.PIECEWISE_BEZIER_KNOTS.);
#116=B_SPLINE_SURFACE_WITH_KNOTS('',3,1,((#14682,#14683),(#14684,#14685),(#14686,#14687),(#14688,#14689)),.SURF_OF_LINEAR_EXTRUSION.,.F.,.F.,.F.,(4,4),(2,2),(0.00081232681861276,0.497638512698098),(0.,1.),.PIECEWISE_BEZIER_KNOTS.);
#117=B_SPLINE_SURFACE_WITH_KNOTS('',3,1,((#15023,#15024),(#15025,#15026),(#15027,#15028),(#15029,#15030)),.SURF_OF_LINEAR_EXTRUSION.,.F.,.F.,.F.,(4,4),(2,2),(0.,0.329267007512655),(0.,1.),.PIECEWISE_BEZIER_KNOTS.);
#118=B_SPLINE_SURFACE_WITH_KNOTS('',3,1,((#15345,#15346),(#15347,#15348),(#15349,#15350),(#15351,#15352)),.SURF_OF_LINEAR_EXTRUSION.,.F.,.F.,.F.,(4,4),(2,2),(0.,0.329267007512655),(0.,1.),.PIECEWISE_BEZIER_KNOTS.);
#119=B_SPLINE_SURFACE_WITH_KNOTS('',3,1,((#15540,#15541),(#15542,#15543),(#15544,#15545),(#15546,#15547)),.SURF_OF_LINEAR_EXTRUSION.,.F.,.F.,.F.,(4,4),(2,2),(0.00081232681861276,0.497638512698098),(0.,1.),.PIECEWISE_BEZIER_KNOTS.);
#120=B_SPLINE_SURFACE_WITH_KNOTS('',3,1,((#15550,#15551),(#15552,#15553),(#15554,#15555),(#15556,#15557)),.SURF_OF_LINEAR_EXTRUSION.,.F.,.F.,.F.,(4,4),(2,2),(0.000812326275541094,0.497638512698098),(0.,1.),.PIECEWISE_BEZIER_KNOTS.);
#121=B_SPLINE_SURFACE_WITH_KNOTS('',3,1,((#15608,#15609),(#15610,#15611),(#15612,#15613),(#15614,#15615)),.SURF_OF_LINEAR_EXTRUSION.,.F.,.F.,.F.,(4,4),(2,2),(0.00081232681861276,0.497638512698098),(0.,1.),.PIECEWISE_BEZIER_KNOTS.);
#122=B_SPLINE_SURFACE_WITH_KNOTS('',3,1,((#15618,#15619),(#15620,#15621),(#15622,#15623),(#15624,#15625)),.SURF_OF_LINEAR_EXTRUSION.,.F.,.F.,.F.,(4,4),(2,2),(0.000812326275541094,0.497638512698098),(0.,1.),.PIECEWISE_BEZIER_KNOTS.);
#123=B_SPLINE_SURFACE_WITH_KNOTS('',3,1,((#15636,#15637),(#15638,#15639),(#15640,#15641),(#15642,#15643)),.SURF_OF_LINEAR_EXTRUSION.,.F.,.F.,.F.,(4,4),(2,2),(0.000812326275541094,0.497638512698098),(0.,1.),.PIECEWISE_BEZIER_KNOTS.);
#124=B_SPLINE_SURFACE_WITH_KNOTS('',3,1,((#15662,#15663),(#15664,#15665),(#15666,#15667),(#15668,#15669)),.SURF_OF_LINEAR_EXTRUSION.,.F.,.F.,.F.,(4,4),(2,2),(0.00081232681861276,0.497638512698098),(0.,1.),.PIECEWISE_BEZIER_KNOTS.);
#125=B_SPLINE_SURFACE_WITH_KNOTS('',3,1,((#16003,#16004),(#16005,#16006),(#16007,#16008),(#16009,#16010)),.SURF_OF_LINEAR_EXTRUSION.,.F.,.F.,.F.,(4,4),(2,2),(0.,0.329267007512655),(0.,1.),.PIECEWISE_BEZIER_KNOTS.);
#126=B_SPLINE_SURFACE_WITH_KNOTS('',3,1,((#16198,#16199),(#16200,#16201),(#16202,#16203),(#16204,#16205)),.SURF_OF_LINEAR_EXTRUSION.,.F.,.F.,.F.,(4,4),(2,2),(0.00081232681861276,0.497638512698098),(0.,1.),.PIECEWISE_BEZIER_KNOTS.);
#127=B_SPLINE_SURFACE_WITH_KNOTS('',3,1,((#16208,#16209),(#16210,#16211),(#16212,#16213),(#16214,#16215)),.SURF_OF_LINEAR_EXTRUSION.,.F.,.F.,.F.,(4,4),(2,2),(0.000812326275541094,0.497638512698098),(0.,1.),.PIECEWISE_BEZIER_KNOTS.);
#128=B_SPLINE_SURFACE_WITH_KNOTS('',3,1,((#16266,#16267),(#16268,#16269),(#16270,#16271),(#16272,#16273)),.SURF_OF_LINEAR_EXTRUSION.,.F.,.F.,.F.,(4,4),(2,2),(0.00081232681861276,0.497638512698098),(0.,1.),.PIECEWISE_BEZIER_KNOTS.);
#129=B_SPLINE_SURFACE_WITH_KNOTS('',3,1,((#16276,#16277),(#16278,#16279),(#16280,#16281),(#16282,#16283)),.SURF_OF_LINEAR_EXTRUSION.,.F.,.F.,.F.,(4,4),(2,2),(0.000812326275541094,0.497638512698098),(0.,1.),.PIECEWISE_BEZIER_KNOTS.);
#130=B_SPLINE_SURFACE_WITH_KNOTS('',3,1,((#16294,#16295),(#16296,#16297),(#16298,#16299),(#16300,#16301)),.SURF_OF_LINEAR_EXTRUSION.,.F.,.F.,.F.,(4,4),(2,2),(0.000812326275541094,0.497638512698098),(0.,1.),.PIECEWISE_BEZIER_KNOTS.);
#131=B_SPLINE_SURFACE_WITH_KNOTS('',3,1,((#16320,#16321),(#16322,#16323),(#16324,#16325),(#16326,#16327)),.SURF_OF_LINEAR_EXTRUSION.,.F.,.F.,.F.,(4,4),(2,2),(0.00081232681861276,0.497638512698098),(0.,1.),.PIECEWISE_BEZIER_KNOTS.);
#132=B_SPLINE_SURFACE_WITH_KNOTS('',3,1,((#16509,#16510),(#16511,#16512),(#16513,#16514),(#16515,#16516)),.SURF_OF_LINEAR_EXTRUSION.,.F.,.F.,.F.,(4,4),(2,2),(0.,0.355887926420139),(0.,1.),.PIECEWISE_BEZIER_KNOTS.);
#133=B_SPLINE_SURFACE_WITH_KNOTS('',3,1,((#16535,#16536),(#16537,#16538),(#16539,#16540),(#16541,#16542),(#16543,#16544)),.SURF_OF_LINEAR_EXTRUSION.,.F.,.F.,.F.,(4,1,4),(2,2),(0.,0.5,1.),(0.,1.),.UNSPECIFIED.);
#134=B_SPLINE_SURFACE_WITH_KNOTS('',3,1,((#16564,#16565),(#16566,#16567),(#16568,#16569),(#16570,#16571)),.SURF_OF_LINEAR_EXTRUSION.,.F.,.F.,.F.,(4,4),(2,2),(0.,0.355887926420139),(0.,1.),.PIECEWISE_BEZIER_KNOTS.);
#135=LINE('',#13489,#930);
#136=LINE('',#13491,#931);
#137=LINE('',#13493,#932);
#138=LINE('',#13495,#933);
#139=LINE('',#13497,#934);
#140=LINE('',#13499,#935);
#141=LINE('',#13503,#936);
#142=LINE('',#13507,#937);
#143=LINE('',#13509,#938);
#144=LINE('',#13519,#939);
#145=LINE('',#13521,#940);
#146=LINE('',#13523,#941);
#147=LINE('',#13525,#942);
#148=LINE('',#13527,#943);
#149=LINE('',#13528,#944);
#150=LINE('',#13533,#945);
#151=LINE('',#13571,#946);
#152=LINE('',#13572,#947);
#153=LINE('',#13574,#948);
#154=LINE('',#13576,#949);
#155=LINE('',#13578,#950);
#156=LINE('',#13580,#951);
#157=LINE('',#13582,#952);
#158=LINE('',#13584,#953);
#159=LINE('',#13590,#954);
#160=LINE('',#13592,#955);
#161=LINE('',#13593,#956);
#162=LINE('',#13595,#957);
#163=LINE('',#13597,#958);
#164=LINE('',#13599,#959);
#165=LINE('',#13601,#960);
#166=LINE('',#13603,#961);
#167=LINE('',#13605,#962);
#168=LINE('',#13607,#963);
#169=LINE('',#13609,#964);
#170=LINE('',#13611,#965);
#171=LINE('',#13612,#966);
#172=LINE('',#13615,#967);
#173=LINE('',#13618,#968);
#174=LINE('',#13620,#969);
#175=LINE('',#13622,#970);
#176=LINE('',#13624,#971);
#177=LINE('',#13626,#972);
#178=LINE('',#13628,#973);
#179=LINE('',#13668,#974);
#180=LINE('',#13669,#975);
#181=LINE('',#13671,#976);
#182=LINE('',#13674,#977);
#183=LINE('',#13676,#978);
#184=LINE('',#13678,#979);
#185=LINE('',#13682,#980);
#186=LINE('',#13683,#981);
#187=LINE('',#13685,#982);
#188=LINE('',#13686,#983);
#189=LINE('',#13688,#984);
#190=LINE('',#13689,#985);
#191=LINE('',#13691,#986);
#192=LINE('',#13692,#987);
#193=LINE('',#13694,#988);
#194=LINE('',#13695,#989);
#195=LINE('',#13697,#990);
#196=LINE('',#13698,#991);
#197=LINE('',#13700,#992);
#198=LINE('',#13701,#993);
#199=LINE('',#13703,#994);
#200=LINE('',#13704,#995);
#201=LINE('',#13714,#996);
#202=LINE('',#13716,#997);
#203=LINE('',#13718,#998);
#204=LINE('',#13720,#999);
#205=LINE('',#13722,#1000);
#206=LINE('',#13724,#1001);
#207=LINE('',#13726,#1002);
#208=LINE('',#13728,#1003);
#209=LINE('',#13730,#1004);
#210=LINE('',#13732,#1005);
#211=LINE('',#13734,#1006);
#212=LINE('',#13736,#1007);
#213=LINE('',#13738,#1008);
#214=LINE('',#13740,#1009);
#215=LINE('',#13743,#1010);
#216=LINE('',#13751,#1011);
#217=LINE('',#13789,#1012);
#218=LINE('',#13792,#1013);
#219=LINE('',#13793,#1014);
#220=LINE('',#13795,#1015);
#221=LINE('',#13797,#1016);
#222=LINE('',#13834,#1017);
#223=LINE('',#13840,#1018);
#224=LINE('',#13844,#1019);
#225=LINE('',#13852,#1020);
#226=LINE('',#13859,#1021);
#227=LINE('',#13865,#1022);
#228=LINE('',#13890,#1023);
#229=LINE('',#13896,#1024);
#230=LINE('',#13900,#1025);
#231=LINE('',#13906,#1026);
#232=LINE('',#13908,#1027);
#233=LINE('',#13910,#1028);
#234=LINE('',#13912,#1029);
#235=LINE('',#13914,#1030);
#236=LINE('',#13916,#1031);
#237=LINE('',#13918,#1032);
#238=LINE('',#13920,#1033);
#239=LINE('',#13922,#1034);
#240=LINE('',#13924,#1035);
#241=LINE('',#13926,#1036);
#242=LINE('',#13928,#1037);
#243=LINE('',#13930,#1038);
#244=LINE('',#13932,#1039);
#245=LINE('',#13934,#1040);
#246=LINE('',#13936,#1041);
#247=LINE('',#13938,#1042);
#248=LINE('',#13950,#1043);
#249=LINE('',#13958,#1044);
#250=LINE('',#13971,#1045);
#251=LINE('',#13973,#1046);
#252=LINE('',#13974,#1047);
#253=LINE('',#13976,#1048);
#254=LINE('',#13977,#1049);
#255=LINE('',#13986,#1050);
#256=LINE('',#13987,#1051);
#257=LINE('',#13998,#1052);
#258=LINE('',#14000,#1053);
#259=LINE('',#14002,#1054);
#260=LINE('',#14014,#1055);
#261=LINE('',#14016,#1056);
#262=LINE('',#14019,#1057);
#263=LINE('',#14026,#1058);
#264=LINE('',#14038,#1059);
#265=LINE('',#14040,#1060);
#266=LINE('',#14042,#1061);
#267=LINE('',#14044,#1062);
#268=LINE('',#14045,#1063);
#269=LINE('',#14054,#1064);
#270=LINE('',#14055,#1065);
#271=LINE('',#14066,#1066);
#272=LINE('',#14069,#1067);
#273=LINE('',#14071,#1068);
#274=LINE('',#14073,#1069);
#275=LINE('',#14094,#1070);
#276=LINE('',#14118,#1071);
#277=LINE('',#14119,#1072);
#278=LINE('',#14121,#1073);
#279=LINE('',#14122,#1074);
#280=LINE('',#14124,#1075);
#281=LINE('',#14130,#1076);
#282=LINE('',#14132,#1077);
#283=LINE('',#14134,#1078);
#284=LINE('',#14135,#1079);
#285=LINE('',#14137,#1080);
#286=LINE('',#14140,#1081);
#287=LINE('',#14141,#1082);
#288=LINE('',#14143,#1083);
#289=LINE('',#14147,#1084);
#290=LINE('',#14149,#1085);
#291=LINE('',#14151,#1086);
#292=LINE('',#14153,#1087);
#293=LINE('',#14154,#1088);
#294=LINE('',#14156,#1089);
#295=LINE('',#14157,#1090);
#296=LINE('',#14159,#1091);
#297=LINE('',#14167,#1092);
#298=LINE('',#14170,#1093);
#299=LINE('',#14172,#1094);
#300=LINE('',#14174,#1095);
#301=LINE('',#14176,#1096);
#302=LINE('',#14178,#1097);
#303=LINE('',#14180,#1098);
#304=LINE('',#14182,#1099);
#305=LINE('',#14184,#1100);
#306=LINE('',#14186,#1101);
#307=LINE('',#14188,#1102);
#308=LINE('',#14189,#1103);
#309=LINE('',#14196,#1104);
#310=LINE('',#14199,#1105);
#311=LINE('',#14201,#1106);
#312=LINE('',#14203,#1107);
#313=LINE('',#14205,#1108);
#314=LINE('',#14207,#1109);
#315=LINE('',#14209,#1110);
#316=LINE('',#14211,#1111);
#317=LINE('',#14213,#1112);
#318=LINE('',#14215,#1113);
#319=LINE('',#14217,#1114);
#320=LINE('',#14218,#1115);
#321=LINE('',#14229,#1116);
#322=LINE('',#14232,#1117);
#323=LINE('',#14234,#1118);
#324=LINE('',#14236,#1119);
#325=LINE('',#14238,#1120);
#326=LINE('',#14240,#1121);
#327=LINE('',#14242,#1122);
#328=LINE('',#14244,#1123);
#329=LINE('',#14246,#1124);
#330=LINE('',#14248,#1125);
#331=LINE('',#14250,#1126);
#332=LINE('',#14252,#1127);
#333=LINE('',#14254,#1128);
#334=LINE('',#14256,#1129);
#335=LINE('',#14258,#1130);
#336=LINE('',#14260,#1131);
#337=LINE('',#14262,#1132);
#338=LINE('',#14264,#1133);
#339=LINE('',#14266,#1134);
#340=LINE('',#14268,#1135);
#341=LINE('',#14296,#1136);
#342=LINE('',#14299,#1137);
#343=LINE('',#14301,#1138);
#344=LINE('',#14303,#1139);
#345=LINE('',#14305,#1140);
#346=LINE('',#14307,#1141);
#347=LINE('',#14309,#1142);
#348=LINE('',#14311,#1143);
#349=LINE('',#14313,#1144);
#350=LINE('',#14315,#1145);
#351=LINE('',#14317,#1146);
#352=LINE('',#14319,#1147);
#353=LINE('',#14321,#1148);
#354=LINE('',#14323,#1149);
#355=LINE('',#14325,#1150);
#356=LINE('',#14327,#1151);
#357=LINE('',#14329,#1152);
#358=LINE('',#14331,#1153);
#359=LINE('',#14333,#1154);
#360=LINE('',#14335,#1155);
#361=LINE('',#14357,#1156);
#362=LINE('',#14358,#1157);
#363=LINE('',#14360,#1158);
#364=LINE('',#14362,#1159);
#365=LINE('',#14364,#1160);
#366=LINE('',#14366,#1161);
#367=LINE('',#14368,#1162);
#368=LINE('',#14370,#1163);
#369=LINE('',#14372,#1164);
#370=LINE('',#14374,#1165);
#371=LINE('',#14376,#1166);
#372=LINE('',#14378,#1167);
#373=LINE('',#14380,#1168);
#374=LINE('',#14382,#1169);
#375=LINE('',#14384,#1170);
#376=LINE('',#14386,#1171);
#377=LINE('',#14388,#1172);
#378=LINE('',#14390,#1173);
#379=LINE('',#14392,#1174);
#380=LINE('',#14394,#1175);
#381=LINE('',#14416,#1176);
#382=LINE('',#14422,#1177);
#383=LINE('',#14426,#1178);
#384=LINE('',#14434,#1179);
#385=LINE('',#14441,#1180);
#386=LINE('',#14447,#1181);
#387=LINE('',#14472,#1182);
#388=LINE('',#14478,#1183);
#389=LINE('',#14482,#1184);
#390=LINE('',#14488,#1185);
#391=LINE('',#14490,#1186);
#392=LINE('',#14492,#1187);
#393=LINE('',#14494,#1188);
#394=LINE('',#14496,#1189);
#395=LINE('',#14498,#1190);
#396=LINE('',#14500,#1191);
#397=LINE('',#14502,#1192);
#398=LINE('',#14504,#1193);
#399=LINE('',#14506,#1194);
#400=LINE('',#14508,#1195);
#401=LINE('',#14510,#1196);
#402=LINE('',#14512,#1197);
#403=LINE('',#14514,#1198);
#404=LINE('',#14516,#1199);
#405=LINE('',#14518,#1200);
#406=LINE('',#14520,#1201);
#407=LINE('',#14532,#1202);
#408=LINE('',#14540,#1203);
#409=LINE('',#14553,#1204);
#410=LINE('',#14555,#1205);
#411=LINE('',#14556,#1206);
#412=LINE('',#14558,#1207);
#413=LINE('',#14559,#1208);
#414=LINE('',#14568,#1209);
#415=LINE('',#14569,#1210);
#416=LINE('',#14580,#1211);
#417=LINE('',#14582,#1212);
#418=LINE('',#14584,#1213);
#419=LINE('',#14596,#1214);
#420=LINE('',#14598,#1215);
#421=LINE('',#14601,#1216);
#422=LINE('',#14608,#1217);
#423=LINE('',#14620,#1218);
#424=LINE('',#14622,#1219);
#425=LINE('',#14624,#1220);
#426=LINE('',#14626,#1221);
#427=LINE('',#14627,#1222);
#428=LINE('',#14636,#1223);
#429=LINE('',#14637,#1224);
#430=LINE('',#14648,#1225);
#431=LINE('',#14651,#1226);
#432=LINE('',#14653,#1227);
#433=LINE('',#14655,#1228);
#434=LINE('',#14676,#1229);
#435=LINE('',#14700,#1230);
#436=LINE('',#14701,#1231);
#437=LINE('',#14703,#1232);
#438=LINE('',#14704,#1233);
#439=LINE('',#14706,#1234);
#440=LINE('',#14712,#1235);
#441=LINE('',#14714,#1236);
#442=LINE('',#14716,#1237);
#443=LINE('',#14717,#1238);
#444=LINE('',#14719,#1239);
#445=LINE('',#14722,#1240);
#446=LINE('',#14723,#1241);
#447=LINE('',#14725,#1242);
#448=LINE('',#14729,#1243);
#449=LINE('',#14731,#1244);
#450=LINE('',#14733,#1245);
#451=LINE('',#14735,#1246);
#452=LINE('',#14736,#1247);
#453=LINE('',#14738,#1248);
#454=LINE('',#14739,#1249);
#455=LINE('',#14741,#1250);
#456=LINE('',#14755,#1251);
#457=LINE('',#14757,#1252);
#458=LINE('',#14759,#1253);
#459=LINE('',#14761,#1254);
#460=LINE('',#14763,#1255);
#461=LINE('',#14765,#1256);
#462=LINE('',#14769,#1257);
#463=LINE('',#14773,#1258);
#464=LINE('',#14775,#1259);
#465=LINE('',#14785,#1260);
#466=LINE('',#14787,#1261);
#467=LINE('',#14789,#1262);
#468=LINE('',#14791,#1263);
#469=LINE('',#14793,#1264);
#470=LINE('',#14794,#1265);
#471=LINE('',#14799,#1266);
#472=LINE('',#14837,#1267);
#473=LINE('',#14838,#1268);
#474=LINE('',#14840,#1269);
#475=LINE('',#14842,#1270);
#476=LINE('',#14844,#1271);
#477=LINE('',#14846,#1272);
#478=LINE('',#14848,#1273);
#479=LINE('',#14850,#1274);
#480=LINE('',#14856,#1275);
#481=LINE('',#14858,#1276);
#482=LINE('',#14859,#1277);
#483=LINE('',#14861,#1278);
#484=LINE('',#14863,#1279);
#485=LINE('',#14865,#1280);
#486=LINE('',#14867,#1281);
#487=LINE('',#14869,#1282);
#488=LINE('',#14871,#1283);
#489=LINE('',#14873,#1284);
#490=LINE('',#14875,#1285);
#491=LINE('',#14877,#1286);
#492=LINE('',#14878,#1287);
#493=LINE('',#14881,#1288);
#494=LINE('',#14884,#1289);
#495=LINE('',#14886,#1290);
#496=LINE('',#14888,#1291);
#497=LINE('',#14890,#1292);
#498=LINE('',#14892,#1293);
#499=LINE('',#14894,#1294);
#500=LINE('',#14934,#1295);
#501=LINE('',#14935,#1296);
#502=LINE('',#14937,#1297);
#503=LINE('',#14940,#1298);
#504=LINE('',#14942,#1299);
#505=LINE('',#14944,#1300);
#506=LINE('',#14948,#1301);
#507=LINE('',#14949,#1302);
#508=LINE('',#14951,#1303);
#509=LINE('',#14952,#1304);
#510=LINE('',#14954,#1305);
#511=LINE('',#14955,#1306);
#512=LINE('',#14957,#1307);
#513=LINE('',#14958,#1308);
#514=LINE('',#14960,#1309);
#515=LINE('',#14961,#1310);
#516=LINE('',#14963,#1311);
#517=LINE('',#14964,#1312);
#518=LINE('',#14966,#1313);
#519=LINE('',#14967,#1314);
#520=LINE('',#14969,#1315);
#521=LINE('',#14970,#1316);
#522=LINE('',#14980,#1317);
#523=LINE('',#14982,#1318);
#524=LINE('',#14984,#1319);
#525=LINE('',#14986,#1320);
#526=LINE('',#14988,#1321);
#527=LINE('',#14990,#1322);
#528=LINE('',#14992,#1323);
#529=LINE('',#14994,#1324);
#530=LINE('',#14996,#1325);
#531=LINE('',#14998,#1326);
#532=LINE('',#15000,#1327);
#533=LINE('',#15002,#1328);
#534=LINE('',#15004,#1329);
#535=LINE('',#15006,#1330);
#536=LINE('',#15009,#1331);
#537=LINE('',#15017,#1332);
#538=LINE('',#15055,#1333);
#539=LINE('',#15058,#1334);
#540=LINE('',#15059,#1335);
#541=LINE('',#15061,#1336);
#542=LINE('',#15063,#1337);
#543=LINE('',#15075,#1338);
#544=LINE('',#15077,#1339);
#545=LINE('',#15079,#1340);
#546=LINE('',#15081,#1341);
#547=LINE('',#15083,#1342);
#548=LINE('',#15085,#1343);
#549=LINE('',#15091,#1344);
#550=LINE('',#15095,#1345);
#551=LINE('',#15097,#1346);
#552=LINE('',#15100,#1347);
#553=LINE('',#15102,#1348);
#554=LINE('',#15104,#1349);
#555=LINE('',#15106,#1350);
#556=LINE('',#15108,#1351);
#557=LINE('',#15116,#1352);
#558=LINE('',#15121,#1353);
#559=LINE('',#15159,#1354);
#560=LINE('',#15161,#1355);
#561=LINE('',#15163,#1356);
#562=LINE('',#15165,#1357);
#563=LINE('',#15167,#1358);
#564=LINE('',#15169,#1359);
#565=LINE('',#15171,#1360);
#566=LINE('',#15172,#1361);
#567=LINE('',#15178,#1362);
#568=LINE('',#15180,#1363);
#569=LINE('',#15182,#1364);
#570=LINE('',#15183,#1365);
#571=LINE('',#15185,#1366);
#572=LINE('',#15187,#1367);
#573=LINE('',#15188,#1368);
#574=LINE('',#15190,#1369);
#575=LINE('',#15192,#1370);
#576=LINE('',#15194,#1371);
#577=LINE('',#15196,#1372);
#578=LINE('',#15198,#1373);
#579=LINE('',#15200,#1374);
#580=LINE('',#15203,#1375);
#581=LINE('',#15206,#1376);
#582=LINE('',#15208,#1377);
#583=LINE('',#15210,#1378);
#584=LINE('',#15212,#1379);
#585=LINE('',#15214,#1380);
#586=LINE('',#15216,#1381);
#587=LINE('',#15256,#1382);
#588=LINE('',#15257,#1383);
#589=LINE('',#15259,#1384);
#590=LINE('',#15262,#1385);
#591=LINE('',#15264,#1386);
#592=LINE('',#15266,#1387);
#593=LINE('',#15270,#1388);
#594=LINE('',#15271,#1389);
#595=LINE('',#15273,#1390);
#596=LINE('',#15274,#1391);
#597=LINE('',#15276,#1392);
#598=LINE('',#15277,#1393);
#599=LINE('',#15279,#1394);
#600=LINE('',#15280,#1395);
#601=LINE('',#15282,#1396);
#602=LINE('',#15283,#1397);
#603=LINE('',#15285,#1398);
#604=LINE('',#15286,#1399);
#605=LINE('',#15288,#1400);
#606=LINE('',#15289,#1401);
#607=LINE('',#15291,#1402);
#608=LINE('',#15292,#1403);
#609=LINE('',#15302,#1404);
#610=LINE('',#15304,#1405);
#611=LINE('',#15306,#1406);
#612=LINE('',#15308,#1407);
#613=LINE('',#15310,#1408);
#614=LINE('',#15312,#1409);
#615=LINE('',#15314,#1410);
#616=LINE('',#15316,#1411);
#617=LINE('',#15318,#1412);
#618=LINE('',#15320,#1413);
#619=LINE('',#15322,#1414);
#620=LINE('',#15324,#1415);
#621=LINE('',#15326,#1416);
#622=LINE('',#15328,#1417);
#623=LINE('',#15331,#1418);
#624=LINE('',#15339,#1419);
#625=LINE('',#15377,#1420);
#626=LINE('',#15380,#1421);
#627=LINE('',#15381,#1422);
#628=LINE('',#15383,#1423);
#629=LINE('',#15385,#1424);
#630=LINE('',#15394,#1425);
#631=LINE('',#15398,#1426);
#632=LINE('',#15404,#1427);
#633=LINE('',#15414,#1428);
#634=LINE('',#15435,#1429);
#635=LINE('',#15441,#1430);
#636=LINE('',#15450,#1431);
#637=LINE('',#15454,#1432);
#638=LINE('',#15460,#1433);
#639=LINE('',#15468,#1434);
#640=LINE('',#15470,#1435);
#641=LINE('',#15472,#1436);
#642=LINE('',#15474,#1437);
#643=LINE('',#15476,#1438);
#644=LINE('',#15478,#1439);
#645=LINE('',#15480,#1440);
#646=LINE('',#15482,#1441);
#647=LINE('',#15484,#1442);
#648=LINE('',#15486,#1443);
#649=LINE('',#15488,#1444);
#650=LINE('',#15490,#1445);
#651=LINE('',#15492,#1446);
#652=LINE('',#15494,#1447);
#653=LINE('',#15496,#1448);
#654=LINE('',#15508,#1449);
#655=LINE('',#15510,#1450);
#656=LINE('',#15512,#1451);
#657=LINE('',#15514,#1452);
#658=LINE('',#15522,#1453);
#659=LINE('',#15523,#1454);
#660=LINE('',#15525,#1455);
#661=LINE('',#15538,#1456);
#662=LINE('',#15539,#1457);
#663=LINE('',#15548,#1458);
#664=LINE('',#15549,#1459);
#665=LINE('',#15560,#1460);
#666=LINE('',#15572,#1461);
#667=LINE('',#15574,#1462);
#668=LINE('',#15576,#1463);
#669=LINE('',#15578,#1464);
#670=LINE('',#15586,#1465);
#671=LINE('',#15588,#1466);
#672=LINE('',#15590,#1467);
#673=LINE('',#15592,#1468);
#674=LINE('',#15604,#1469);
#675=LINE('',#15606,#1470);
#676=LINE('',#15607,#1471);
#677=LINE('',#15616,#1472);
#678=LINE('',#15617,#1473);
#679=LINE('',#15628,#1474);
#680=LINE('',#15631,#1475);
#681=LINE('',#15633,#1476);
#682=LINE('',#15635,#1477);
#683=LINE('',#15656,#1478);
#684=LINE('',#15680,#1479);
#685=LINE('',#15681,#1480);
#686=LINE('',#15683,#1481);
#687=LINE('',#15684,#1482);
#688=LINE('',#15686,#1483);
#689=LINE('',#15692,#1484);
#690=LINE('',#15694,#1485);
#691=LINE('',#15696,#1486);
#692=LINE('',#15697,#1487);
#693=LINE('',#15699,#1488);
#694=LINE('',#15702,#1489);
#695=LINE('',#15703,#1490);
#696=LINE('',#15705,#1491);
#697=LINE('',#15709,#1492);
#698=LINE('',#15711,#1493);
#699=LINE('',#15713,#1494);
#700=LINE('',#15715,#1495);
#701=LINE('',#15716,#1496);
#702=LINE('',#15718,#1497);
#703=LINE('',#15719,#1498);
#704=LINE('',#15721,#1499);
#705=LINE('',#15733,#1500);
#706=LINE('',#15735,#1501);
#707=LINE('',#15737,#1502);
#708=LINE('',#15739,#1503);
#709=LINE('',#15741,#1504);
#710=LINE('',#15743,#1505);
#711=LINE('',#15749,#1506);
#712=LINE('',#15753,#1507);
#713=LINE('',#15755,#1508);
#714=LINE('',#15758,#1509);
#715=LINE('',#15760,#1510);
#716=LINE('',#15762,#1511);
#717=LINE('',#15764,#1512);
#718=LINE('',#15766,#1513);
#719=LINE('',#15774,#1514);
#720=LINE('',#15779,#1515);
#721=LINE('',#15817,#1516);
#722=LINE('',#15819,#1517);
#723=LINE('',#15821,#1518);
#724=LINE('',#15823,#1519);
#725=LINE('',#15825,#1520);
#726=LINE('',#15827,#1521);
#727=LINE('',#15829,#1522);
#728=LINE('',#15830,#1523);
#729=LINE('',#15836,#1524);
#730=LINE('',#15838,#1525);
#731=LINE('',#15840,#1526);
#732=LINE('',#15841,#1527);
#733=LINE('',#15843,#1528);
#734=LINE('',#15845,#1529);
#735=LINE('',#15846,#1530);
#736=LINE('',#15848,#1531);
#737=LINE('',#15850,#1532);
#738=LINE('',#15852,#1533);
#739=LINE('',#15854,#1534);
#740=LINE('',#15856,#1535);
#741=LINE('',#15858,#1536);
#742=LINE('',#15861,#1537);
#743=LINE('',#15864,#1538);
#744=LINE('',#15866,#1539);
#745=LINE('',#15868,#1540);
#746=LINE('',#15870,#1541);
#747=LINE('',#15872,#1542);
#748=LINE('',#15874,#1543);
#749=LINE('',#15914,#1544);
#750=LINE('',#15915,#1545);
#751=LINE('',#15917,#1546);
#752=LINE('',#15920,#1547);
#753=LINE('',#15922,#1548);
#754=LINE('',#15924,#1549);
#755=LINE('',#15928,#1550);
#756=LINE('',#15929,#1551);
#757=LINE('',#15931,#1552);
#758=LINE('',#15932,#1553);
#759=LINE('',#15934,#1554);
#760=LINE('',#15935,#1555);
#761=LINE('',#15937,#1556);
#762=LINE('',#15938,#1557);
#763=LINE('',#15940,#1558);
#764=LINE('',#15941,#1559);
#765=LINE('',#15943,#1560);
#766=LINE('',#15944,#1561);
#767=LINE('',#15946,#1562);
#768=LINE('',#15947,#1563);
#769=LINE('',#15949,#1564);
#770=LINE('',#15950,#1565);
#771=LINE('',#15960,#1566);
#772=LINE('',#15962,#1567);
#773=LINE('',#15964,#1568);
#774=LINE('',#15966,#1569);
#775=LINE('',#15968,#1570);
#776=LINE('',#15970,#1571);
#777=LINE('',#15972,#1572);
#778=LINE('',#15974,#1573);
#779=LINE('',#15976,#1574);
#780=LINE('',#15978,#1575);
#781=LINE('',#15980,#1576);
#782=LINE('',#15982,#1577);
#783=LINE('',#15984,#1578);
#784=LINE('',#15986,#1579);
#785=LINE('',#15989,#1580);
#786=LINE('',#15997,#1581);
#787=LINE('',#16035,#1582);
#788=LINE('',#16038,#1583);
#789=LINE('',#16039,#1584);
#790=LINE('',#16041,#1585);
#791=LINE('',#16043,#1586);
#792=LINE('',#16052,#1587);
#793=LINE('',#16056,#1588);
#794=LINE('',#16062,#1589);
#795=LINE('',#16072,#1590);
#796=LINE('',#16093,#1591);
#797=LINE('',#16099,#1592);
#798=LINE('',#16108,#1593);
#799=LINE('',#16112,#1594);
#800=LINE('',#16118,#1595);
#801=LINE('',#16126,#1596);
#802=LINE('',#16128,#1597);
#803=LINE('',#16130,#1598);
#804=LINE('',#16132,#1599);
#805=LINE('',#16134,#1600);
#806=LINE('',#16136,#1601);
#807=LINE('',#16138,#1602);
#808=LINE('',#16140,#1603);
#809=LINE('',#16142,#1604);
#810=LINE('',#16144,#1605);
#811=LINE('',#16146,#1606);
#812=LINE('',#16148,#1607);
#813=LINE('',#16150,#1608);
#814=LINE('',#16152,#1609);
#815=LINE('',#16154,#1610);
#816=LINE('',#16166,#1611);
#817=LINE('',#16168,#1612);
#818=LINE('',#16170,#1613);
#819=LINE('',#16172,#1614);
#820=LINE('',#16180,#1615);
#821=LINE('',#16181,#1616);
#822=LINE('',#16183,#1617);
#823=LINE('',#16196,#1618);
#824=LINE('',#16197,#1619);
#825=LINE('',#16206,#1620);
#826=LINE('',#16207,#1621);
#827=LINE('',#16218,#1622);
#828=LINE('',#16230,#1623);
#829=LINE('',#16232,#1624);
#830=LINE('',#16234,#1625);
#831=LINE('',#16236,#1626);
#832=LINE('',#16244,#1627);
#833=LINE('',#16246,#1628);
#834=LINE('',#16248,#1629);
#835=LINE('',#16250,#1630);
#836=LINE('',#16262,#1631);
#837=LINE('',#16264,#1632);
#838=LINE('',#16265,#1633);
#839=LINE('',#16274,#1634);
#840=LINE('',#16275,#1635);
#841=LINE('',#16286,#1636);
#842=LINE('',#16289,#1637);
#843=LINE('',#16291,#1638);
#844=LINE('',#16293,#1639);
#845=LINE('',#16314,#1640);
#846=LINE('',#16338,#1641);
#847=LINE('',#16339,#1642);
#848=LINE('',#16341,#1643);
#849=LINE('',#16342,#1644);
#850=LINE('',#16344,#1645);
#851=LINE('',#16350,#1646);
#852=LINE('',#16352,#1647);
#853=LINE('',#16354,#1648);
#854=LINE('',#16355,#1649);
#855=LINE('',#16357,#1650);
#856=LINE('',#16360,#1651);
#857=LINE('',#16361,#1652);
#858=LINE('',#16363,#1653);
#859=LINE('',#16367,#1654);
#860=LINE('',#16369,#1655);
#861=LINE('',#16371,#1656);
#862=LINE('',#16373,#1657);
#863=LINE('',#16374,#1658);
#864=LINE('',#16376,#1659);
#865=LINE('',#16377,#1660);
#866=LINE('',#16379,#1661);
#867=LINE('',#16385,#1662);
#868=LINE('',#16388,#1663);
#869=LINE('',#16390,#1664);
#870=LINE('',#16392,#1665);
#871=LINE('',#16394,#1666);
#872=LINE('',#16397,#1667);
#873=LINE('',#16399,#1668);
#874=LINE('',#16401,#1669);
#875=LINE('',#16403,#1670);
#876=LINE('',#16406,#1671);
#877=LINE('',#16408,#1672);
#878=LINE('',#16410,#1673);
#879=LINE('',#16412,#1674);
#880=LINE('',#16415,#1675);
#881=LINE('',#16417,#1676);
#882=LINE('',#16419,#1677);
#883=LINE('',#16427,#1678);
#884=LINE('',#16452,#1679);
#885=LINE('',#16456,#1680);
#886=LINE('',#16464,#1681);
#887=LINE('',#16468,#1682);
#888=LINE('',#16477,#1683);
#889=LINE('',#16481,#1684);
#890=LINE('',#16485,#1685);
#891=LINE('',#16507,#1686);
#892=LINE('',#16508,#1687);
#893=LINE('',#16522,#1688);
#894=LINE('',#16524,#1689);
#895=LINE('',#16526,#1690);
#896=LINE('',#16530,#1691);
#897=LINE('',#16532,#1692);
#898=LINE('',#16534,#1693);
#899=LINE('',#16551,#1694);
#900=LINE('',#16553,#1695);
#901=LINE('',#16555,#1696);
#902=LINE('',#16559,#1697);
#903=LINE('',#16561,#1698);
#904=LINE('',#16563,#1699);
#905=LINE('',#16577,#1700);
#906=LINE('',#16581,#1701);
#907=LINE('',#16583,#1702);
#908=LINE('',#16585,#1703);
#909=LINE('',#16589,#1704);
#910=LINE('',#16591,#1705);
#911=LINE('',#16593,#1706);
#912=LINE('',#16597,#1707);
#913=LINE('',#16610,#1708);
#914=LINE('',#16646,#1709);
#915=LINE('',#16650,#1710);
#916=LINE('',#16654,#1711);
#917=LINE('',#16658,#1712);
#918=LINE('',#16669,#1713);
#919=LINE('',#16673,#1714);
#920=LINE('',#16675,#1715);
#921=LINE('',#16677,#1716);
#922=LINE('',#16679,#1717);
#923=LINE('',#16683,#1718);
#924=LINE('',#16685,#1719);
#925=LINE('',#16687,#1720);
#926=LINE('',#16691,#1721);
#927=LINE('',#16693,#1722);
#928=LINE('',#16695,#1723);
#929=LINE('',#16710,#1724);
#930=VECTOR('',#10816,1.);
#931=VECTOR('',#10817,1.);
#932=VECTOR('',#10818,1.);
#933=VECTOR('',#10819,1.);
#934=VECTOR('',#10820,1.);
#935=VECTOR('',#10821,1.);
#936=VECTOR('',#10824,1.);
#937=VECTOR('',#10827,1.);
#938=VECTOR('',#10830,1.);
#939=VECTOR('',#10833,1.);
#940=VECTOR('',#10834,1.);
#941=VECTOR('',#10835,1.);
#942=VECTOR('',#10836,1.);
#943=VECTOR('',#10837,1.);
#944=VECTOR('',#10838,1.);
#945=VECTOR('',#10841,1.);
#946=VECTOR('',#10880,1.);
#947=VECTOR('',#10881,1.);
#948=VECTOR('',#10882,1.);
#949=VECTOR('',#10883,1.);
#950=VECTOR('',#10884,1.);
#951=VECTOR('',#10885,1.);
#952=VECTOR('',#10886,1.);
#953=VECTOR('',#10887,1.);
#954=VECTOR('',#10894,1.);
#955=VECTOR('',#10895,1.);
#956=VECTOR('',#10896,1.);
#957=VECTOR('',#10897,1.);
#958=VECTOR('',#10900,1.);
#959=VECTOR('',#10901,1.);
#960=VECTOR('',#10902,1.);
#961=VECTOR('',#10903,1.);
#962=VECTOR('',#10904,1.);
#963=VECTOR('',#10905,1.);
#964=VECTOR('',#10906,1.);
#965=VECTOR('',#10907,1.);
#966=VECTOR('',#10908,1.);
#967=VECTOR('',#10911,1.);
#968=VECTOR('',#10912,1.);
#969=VECTOR('',#10913,1.);
#970=VECTOR('',#10914,1.);
#971=VECTOR('',#10915,1.);
#972=VECTOR('',#10916,1.);
#973=VECTOR('',#10917,1.);
#974=VECTOR('',#10960,1.);
#975=VECTOR('',#10961,1.);
#976=VECTOR('',#10964,1.);
#977=VECTOR('',#10969,1.);
#978=VECTOR('',#10972,1.);
#979=VECTOR('',#10975,1.);
#980=VECTOR('',#10982,1.);
#981=VECTOR('',#10983,1.);
#982=VECTOR('',#10986,1.);
#983=VECTOR('',#10987,1.);
#984=VECTOR('',#10990,1.);
#985=VECTOR('',#10991,1.);
#986=VECTOR('',#10994,1.);
#987=VECTOR('',#10995,1.);
#988=VECTOR('',#10998,1.);
#989=VECTOR('',#10999,1.);
#990=VECTOR('',#11002,1.);
#991=VECTOR('',#11003,1.);
#992=VECTOR('',#11006,1.);
#993=VECTOR('',#11007,1.);
#994=VECTOR('',#11010,1.);
#995=VECTOR('',#11011,1.);
#996=VECTOR('',#11030,1.);
#997=VECTOR('',#11031,1.);
#998=VECTOR('',#11032,1.);
#999=VECTOR('',#11035,1.);
#1000=VECTOR('',#11036,1.);
#1001=VECTOR('',#11039,1.);
#1002=VECTOR('',#11040,1.);
#1003=VECTOR('',#11043,1.);
#1004=VECTOR('',#11044,1.);
#1005=VECTOR('',#11047,1.);
#1006=VECTOR('',#11048,1.);
#1007=VECTOR('',#11051,1.);
#1008=VECTOR('',#11052,1.);
#1009=VECTOR('',#11055,1.);
#1010=VECTOR('',#11060,1.);
#1011=VECTOR('',#11065,1.);
#1012=VECTOR('',#11068,1.);
#1013=VECTOR('',#11073,1.);
#1014=VECTOR('',#11074,1.);
#1015=VECTOR('',#11077,1.);
#1016=VECTOR('',#11080,1.);
#1017=VECTOR('',#11131,1.);
#1018=VECTOR('',#11136,1.);
#1019=VECTOR('',#11139,1.);
#1020=VECTOR('',#11148,1.);
#1021=VECTOR('',#11153,1.);
#1022=VECTOR('',#11158,1.);
#1023=VECTOR('',#11183,1.);
#1024=VECTOR('',#11188,1.);
#1025=VECTOR('',#11191,1.);
#1026=VECTOR('',#11200,1.);
#1027=VECTOR('',#11201,1.);
#1028=VECTOR('',#11204,1.);
#1029=VECTOR('',#11207,1.);
#1030=VECTOR('',#11210,1.);
#1031=VECTOR('',#11213,1.);
#1032=VECTOR('',#11214,1.);
#1033=VECTOR('',#11215,1.);
#1034=VECTOR('',#11218,1.);
#1035=VECTOR('',#11219,1.);
#1036=VECTOR('',#11222,1.);
#1037=VECTOR('',#11223,1.);
#1038=VECTOR('',#11226,1.);
#1039=VECTOR('',#11227,1.);
#1040=VECTOR('',#11230,1.);
#1041=VECTOR('',#11231,1.);
#1042=VECTOR('',#11232,1.);
#1043=VECTOR('',#11233,1.);
#1044=VECTOR('',#11236,1.);
#1045=VECTOR('',#11239,1.);
#1046=VECTOR('',#11240,1.);
#1047=VECTOR('',#11241,1.);
#1048=VECTOR('',#11244,1.);
#1049=VECTOR('',#11245,1.);
#1050=VECTOR('',#11246,1.);
#1051=VECTOR('',#11247,1.);
#1052=VECTOR('',#11252,1.);
#1053=VECTOR('',#11253,1.);
#1054=VECTOR('',#11254,1.);
#1055=VECTOR('',#11255,1.);
#1056=VECTOR('',#11258,1.);
#1057=VECTOR('',#11259,1.);
#1058=VECTOR('',#11262,1.);
#1059=VECTOR('',#11263,1.);
#1060=VECTOR('',#11264,1.);
#1061=VECTOR('',#11265,1.);
#1062=VECTOR('',#11268,1.);
#1063=VECTOR('',#11269,1.);
#1064=VECTOR('',#11270,1.);
#1065=VECTOR('',#11271,1.);
#1066=VECTOR('',#11276,1.);
#1067=VECTOR('',#11277,1.);
#1068=VECTOR('',#11278,1.);
#1069=VECTOR('',#11279,1.);
#1070=VECTOR('',#11280,1.);
#1071=VECTOR('',#11283,1.);
#1072=VECTOR('',#11284,1.);
#1073=VECTOR('',#11287,1.);
#1074=VECTOR('',#11288,1.);
#1075=VECTOR('',#11291,1.);
#1076=VECTOR('',#11302,1.);
#1077=VECTOR('',#11303,1.);
#1078=VECTOR('',#11306,1.);
#1079=VECTOR('',#11307,1.);
#1080=VECTOR('',#11310,1.);
#1081=VECTOR('',#11315,1.);
#1082=VECTOR('',#11316,1.);
#1083=VECTOR('',#11319,1.);
#1084=VECTOR('',#11326,1.);
#1085=VECTOR('',#11327,1.);
#1086=VECTOR('',#11330,1.);
#1087=VECTOR('',#11333,1.);
#1088=VECTOR('',#11334,1.);
#1089=VECTOR('',#11337,1.);
#1090=VECTOR('',#11338,1.);
#1091=VECTOR('',#11341,1.);
#1092=VECTOR('',#11354,1.);
#1093=VECTOR('',#11355,1.);
#1094=VECTOR('',#11356,1.);
#1095=VECTOR('',#11357,1.);
#1096=VECTOR('',#11360,1.);
#1097=VECTOR('',#11361,1.);
#1098=VECTOR('',#11362,1.);
#1099=VECTOR('',#11365,1.);
#1100=VECTOR('',#11366,1.);
#1101=VECTOR('',#11367,1.);
#1102=VECTOR('',#11370,1.);
#1103=VECTOR('',#11371,1.);
#1104=VECTOR('',#11382,1.);
#1105=VECTOR('',#11383,1.);
#1106=VECTOR('',#11384,1.);
#1107=VECTOR('',#11385,1.);
#1108=VECTOR('',#11388,1.);
#1109=VECTOR('',#11389,1.);
#1110=VECTOR('',#11390,1.);
#1111=VECTOR('',#11393,1.);
#1112=VECTOR('',#11394,1.);
#1113=VECTOR('',#11395,1.);
#1114=VECTOR('',#11398,1.);
#1115=VECTOR('',#11399,1.);
#1116=VECTOR('',#11414,1.);
#1117=VECTOR('',#11415,1.);
#1118=VECTOR('',#11416,1.);
#1119=VECTOR('',#11417,1.);
#1120=VECTOR('',#11418,1.);
#1121=VECTOR('',#11419,1.);
#1122=VECTOR('',#11420,1.);
#1123=VECTOR('',#11421,1.);
#1124=VECTOR('',#11422,1.);
#1125=VECTOR('',#11423,1.);
#1126=VECTOR('',#11424,1.);
#1127=VECTOR('',#11425,1.);
#1128=VECTOR('',#11426,1.);
#1129=VECTOR('',#11427,1.);
#1130=VECTOR('',#11428,1.);
#1131=VECTOR('',#11429,1.);
#1132=VECTOR('',#11430,1.);
#1133=VECTOR('',#11431,1.);
#1134=VECTOR('',#11432,1.);
#1135=VECTOR('',#11433,1.);
#1136=VECTOR('',#11462,1.);
#1137=VECTOR('',#11463,1.);
#1138=VECTOR('',#11464,1.);
#1139=VECTOR('',#11465,1.);
#1140=VECTOR('',#11466,1.);
#1141=VECTOR('',#11467,1.);
#1142=VECTOR('',#11468,1.);
#1143=VECTOR('',#11469,1.);
#1144=VECTOR('',#11470,1.);
#1145=VECTOR('',#11471,1.);
#1146=VECTOR('',#11472,1.);
#1147=VECTOR('',#11473,1.);
#1148=VECTOR('',#11474,1.);
#1149=VECTOR('',#11475,1.);
#1150=VECTOR('',#11476,1.);
#1151=VECTOR('',#11477,1.);
#1152=VECTOR('',#11478,1.);
#1153=VECTOR('',#11479,1.);
#1154=VECTOR('',#11480,1.);
#1155=VECTOR('',#11481,1.);
#1156=VECTOR('',#11504,1.);
#1157=VECTOR('',#11505,1.);
#1158=VECTOR('',#11508,1.);
#1159=VECTOR('',#11511,1.);
#1160=VECTOR('',#11514,1.);
#1161=VECTOR('',#11517,1.);
#1162=VECTOR('',#11520,1.);
#1163=VECTOR('',#11523,1.);
#1164=VECTOR('',#11526,1.);
#1165=VECTOR('',#11529,1.);
#1166=VECTOR('',#11532,1.);
#1167=VECTOR('',#11535,1.);
#1168=VECTOR('',#11538,1.);
#1169=VECTOR('',#11541,1.);
#1170=VECTOR('',#11544,1.);
#1171=VECTOR('',#11547,1.);
#1172=VECTOR('',#11550,1.);
#1173=VECTOR('',#11553,1.);
#1174=VECTOR('',#11556,1.);
#1175=VECTOR('',#11559,1.);
#1176=VECTOR('',#11596,1.);
#1177=VECTOR('',#11601,1.);
#1178=VECTOR('',#11604,1.);
#1179=VECTOR('',#11613,1.);
#1180=VECTOR('',#11618,1.);
#1181=VECTOR('',#11623,1.);
#1182=VECTOR('',#11648,1.);
#1183=VECTOR('',#11653,1.);
#1184=VECTOR('',#11656,1.);
#1185=VECTOR('',#11665,1.);
#1186=VECTOR('',#11666,1.);
#1187=VECTOR('',#11669,1.);
#1188=VECTOR('',#11672,1.);
#1189=VECTOR('',#11675,1.);
#1190=VECTOR('',#11678,1.);
#1191=VECTOR('',#11679,1.);
#1192=VECTOR('',#11680,1.);
#1193=VECTOR('',#11683,1.);
#1194=VECTOR('',#11684,1.);
#1195=VECTOR('',#11687,1.);
#1196=VECTOR('',#11688,1.);
#1197=VECTOR('',#11691,1.);
#1198=VECTOR('',#11692,1.);
#1199=VECTOR('',#11695,1.);
#1200=VECTOR('',#11696,1.);
#1201=VECTOR('',#11697,1.);
#1202=VECTOR('',#11698,1.);
#1203=VECTOR('',#11701,1.);
#1204=VECTOR('',#11704,1.);
#1205=VECTOR('',#11705,1.);
#1206=VECTOR('',#11706,1.);
#1207=VECTOR('',#11709,1.);
#1208=VECTOR('',#11710,1.);
#1209=VECTOR('',#11711,1.);
#1210=VECTOR('',#11712,1.);
#1211=VECTOR('',#11717,1.);
#1212=VECTOR('',#11718,1.);
#1213=VECTOR('',#11719,1.);
#1214=VECTOR('',#11720,1.);
#1215=VECTOR('',#11723,1.);
#1216=VECTOR('',#11724,1.);
#1217=VECTOR('',#11727,1.);
#1218=VECTOR('',#11728,1.);
#1219=VECTOR('',#11729,1.);
#1220=VECTOR('',#11730,1.);
#1221=VECTOR('',#11733,1.);
#1222=VECTOR('',#11734,1.);
#1223=VECTOR('',#11735,1.);
#1224=VECTOR('',#11736,1.);
#1225=VECTOR('',#11741,1.);
#1226=VECTOR('',#11742,1.);
#1227=VECTOR('',#11743,1.);
#1228=VECTOR('',#11744,1.);
#1229=VECTOR('',#11745,1.);
#1230=VECTOR('',#11748,1.);
#1231=VECTOR('',#11749,1.);
#1232=VECTOR('',#11752,1.);
#1233=VECTOR('',#11753,1.);
#1234=VECTOR('',#11756,1.);
#1235=VECTOR('',#11767,1.);
#1236=VECTOR('',#11768,1.);
#1237=VECTOR('',#11771,1.);
#1238=VECTOR('',#11772,1.);
#1239=VECTOR('',#11775,1.);
#1240=VECTOR('',#11780,1.);
#1241=VECTOR('',#11781,1.);
#1242=VECTOR('',#11784,1.);
#1243=VECTOR('',#11791,1.);
#1244=VECTOR('',#11792,1.);
#1245=VECTOR('',#11795,1.);
#1246=VECTOR('',#11798,1.);
#1247=VECTOR('',#11799,1.);
#1248=VECTOR('',#11802,1.);
#1249=VECTOR('',#11803,1.);
#1250=VECTOR('',#11806,1.);
#1251=VECTOR('',#11819,1.);
#1252=VECTOR('',#11820,1.);
#1253=VECTOR('',#11821,1.);
#1254=VECTOR('',#11822,1.);
#1255=VECTOR('',#11823,1.);
#1256=VECTOR('',#11824,1.);
#1257=VECTOR('',#11827,1.);
#1258=VECTOR('',#11830,1.);
#1259=VECTOR('',#11833,1.);
#1260=VECTOR('',#11836,1.);
#1261=VECTOR('',#11837,1.);
#1262=VECTOR('',#11838,1.);
#1263=VECTOR('',#11839,1.);
#1264=VECTOR('',#11840,1.);
#1265=VECTOR('',#11841,1.);
#1266=VECTOR('',#11844,1.);
#1267=VECTOR('',#11883,1.);
#1268=VECTOR('',#11884,1.);
#1269=VECTOR('',#11885,1.);
#1270=VECTOR('',#11886,1.);
#1271=VECTOR('',#11887,1.);
#1272=VECTOR('',#11888,1.);
#1273=VECTOR('',#11889,1.);
#1274=VECTOR('',#11890,1.);
#1275=VECTOR('',#11897,1.);
#1276=VECTOR('',#11898,1.);
#1277=VECTOR('',#11899,1.);
#1278=VECTOR('',#11900,1.);
#1279=VECTOR('',#11903,1.);
#1280=VECTOR('',#11904,1.);
#1281=VECTOR('',#11905,1.);
#1282=VECTOR('',#11906,1.);
#1283=VECTOR('',#11907,1.);
#1284=VECTOR('',#11908,1.);
#1285=VECTOR('',#11909,1.);
#1286=VECTOR('',#11910,1.);
#1287=VECTOR('',#11911,1.);
#1288=VECTOR('',#11914,1.);
#1289=VECTOR('',#11915,1.);
#1290=VECTOR('',#11916,1.);
#1291=VECTOR('',#11917,1.);
#1292=VECTOR('',#11918,1.);
#1293=VECTOR('',#11919,1.);
#1294=VECTOR('',#11920,1.);
#1295=VECTOR('',#11963,1.);
#1296=VECTOR('',#11964,1.);
#1297=VECTOR('',#11967,1.);
#1298=VECTOR('',#11972,1.);
#1299=VECTOR('',#11975,1.);
#1300=VECTOR('',#11978,1.);
#1301=VECTOR('',#11985,1.);
#1302=VECTOR('',#11986,1.);
#1303=VECTOR('',#11989,1.);
#1304=VECTOR('',#11990,1.);
#1305=VECTOR('',#11993,1.);
#1306=VECTOR('',#11994,1.);
#1307=VECTOR('',#11997,1.);
#1308=VECTOR('',#11998,1.);
#1309=VECTOR('',#12001,1.);
#1310=VECTOR('',#12002,1.);
#1311=VECTOR('',#12005,1.);
#1312=VECTOR('',#12006,1.);
#1313=VECTOR('',#12009,1.);
#1314=VECTOR('',#12010,1.);
#1315=VECTOR('',#12013,1.);
#1316=VECTOR('',#12014,1.);
#1317=VECTOR('',#12033,1.);
#1318=VECTOR('',#12034,1.);
#1319=VECTOR('',#12035,1.);
#1320=VECTOR('',#12038,1.);
#1321=VECTOR('',#12039,1.);
#1322=VECTOR('',#12042,1.);
#1323=VECTOR('',#12043,1.);
#1324=VECTOR('',#12046,1.);
#1325=VECTOR('',#12047,1.);
#1326=VECTOR('',#12050,1.);
#1327=VECTOR('',#12051,1.);
#1328=VECTOR('',#12054,1.);
#1329=VECTOR('',#12055,1.);
#1330=VECTOR('',#12058,1.);
#1331=VECTOR('',#12063,1.);
#1332=VECTOR('',#12068,1.);
#1333=VECTOR('',#12071,1.);
#1334=VECTOR('',#12076,1.);
#1335=VECTOR('',#12077,1.);
#1336=VECTOR('',#12080,1.);
#1337=VECTOR('',#12083,1.);
#1338=VECTOR('',#12094,1.);
#1339=VECTOR('',#12095,1.);
#1340=VECTOR('',#12096,1.);
#1341=VECTOR('',#12097,1.);
#1342=VECTOR('',#12098,1.);
#1343=VECTOR('',#12099,1.);
#1344=VECTOR('',#12104,1.);
#1345=VECTOR('',#12107,1.);
#1346=VECTOR('',#12110,1.);
#1347=VECTOR('',#12111,1.);
#1348=VECTOR('',#12112,1.);
#1349=VECTOR('',#12113,1.);
#1350=VECTOR('',#12114,1.);
#1351=VECTOR('',#12115,1.);
#1352=VECTOR('',#12118,1.);
#1353=VECTOR('',#12121,1.);
#1354=VECTOR('',#12160,1.);
#1355=VECTOR('',#12161,1.);
#1356=VECTOR('',#12162,1.);
#1357=VECTOR('',#12163,1.);
#1358=VECTOR('',#12164,1.);
#1359=VECTOR('',#12165,1.);
#1360=VECTOR('',#12166,1.);
#1361=VECTOR('',#12167,1.);
#1362=VECTOR('',#12174,1.);
#1363=VECTOR('',#12175,1.);
#1364=VECTOR('',#12176,1.);
#1365=VECTOR('',#12177,1.);
#1366=VECTOR('',#12180,1.);
#1367=VECTOR('',#12181,1.);
#1368=VECTOR('',#12182,1.);
#1369=VECTOR('',#12183,1.);
#1370=VECTOR('',#12184,1.);
#1371=VECTOR('',#12185,1.);
#1372=VECTOR('',#12186,1.);
#1373=VECTOR('',#12187,1.);
#1374=VECTOR('',#12188,1.);
#1375=VECTOR('',#12191,1.);
#1376=VECTOR('',#12192,1.);
#1377=VECTOR('',#12193,1.);
#1378=VECTOR('',#12194,1.);
#1379=VECTOR('',#12195,1.);
#1380=VECTOR('',#12196,1.);
#1381=VECTOR('',#12197,1.);
#1382=VECTOR('',#12240,1.);
#1383=VECTOR('',#12241,1.);
#1384=VECTOR('',#12244,1.);
#1385=VECTOR('',#12249,1.);
#1386=VECTOR('',#12252,1.);
#1387=VECTOR('',#12255,1.);
#1388=VECTOR('',#12262,1.);
#1389=VECTOR('',#12263,1.);
#1390=VECTOR('',#12266,1.);
#1391=VECTOR('',#12267,1.);
#1392=VECTOR('',#12270,1.);
#1393=VECTOR('',#12271,1.);
#1394=VECTOR('',#12274,1.);
#1395=VECTOR('',#12275,1.);
#1396=VECTOR('',#12278,1.);
#1397=VECTOR('',#12279,1.);
#1398=VECTOR('',#12282,1.);
#1399=VECTOR('',#12283,1.);
#1400=VECTOR('',#12286,1.);
#1401=VECTOR('',#12287,1.);
#1402=VECTOR('',#12290,1.);
#1403=VECTOR('',#12291,1.);
#1404=VECTOR('',#12310,1.);
#1405=VECTOR('',#12311,1.);
#1406=VECTOR('',#12312,1.);
#1407=VECTOR('',#12315,1.);
#1408=VECTOR('',#12316,1.);
#1409=VECTOR('',#12319,1.);
#1410=VECTOR('',#12320,1.);
#1411=VECTOR('',#12323,1.);
#1412=VECTOR('',#12324,1.);
#1413=VECTOR('',#12327,1.);
#1414=VECTOR('',#12328,1.);
#1415=VECTOR('',#12331,1.);
#1416=VECTOR('',#12332,1.);
#1417=VECTOR('',#12335,1.);
#1418=VECTOR('',#12340,1.);
#1419=VECTOR('',#12345,1.);
#1420=VECTOR('',#12348,1.);
#1421=VECTOR('',#12353,1.);
#1422=VECTOR('',#12354,1.);
#1423=VECTOR('',#12357,1.);
#1424=VECTOR('',#12360,1.);
#1425=VECTOR('',#12373,1.);
#1426=VECTOR('',#12376,1.);
#1427=VECTOR('',#12381,1.);
#1428=VECTOR('',#12392,1.);
#1429=VECTOR('',#12411,1.);
#1430=VECTOR('',#12416,1.);
#1431=VECTOR('',#12425,1.);
#1432=VECTOR('',#12428,1.);
#1433=VECTOR('',#12433,1.);
#1434=VECTOR('',#12444,1.);
#1435=VECTOR('',#12445,1.);
#1436=VECTOR('',#12448,1.);
#1437=VECTOR('',#12451,1.);
#1438=VECTOR('',#12454,1.);
#1439=VECTOR('',#12457,1.);
#1440=VECTOR('',#12458,1.);
#1441=VECTOR('',#12459,1.);
#1442=VECTOR('',#12462,1.);
#1443=VECTOR('',#12463,1.);
#1444=VECTOR('',#12466,1.);
#1445=VECTOR('',#12467,1.);
#1446=VECTOR('',#12470,1.);
#1447=VECTOR('',#12471,1.);
#1448=VECTOR('',#12474,1.);
#1449=VECTOR('',#12475,1.);
#1450=VECTOR('',#12476,1.);
#1451=VECTOR('',#12477,1.);
#1452=VECTOR('',#12480,1.);
#1453=VECTOR('',#12483,1.);
#1454=VECTOR('',#12484,1.);
#1455=VECTOR('',#12485,1.);
#1456=VECTOR('',#12488,1.);
#1457=VECTOR('',#12489,1.);
#1458=VECTOR('',#12490,1.);
#1459=VECTOR('',#12491,1.);
#1460=VECTOR('',#12496,1.);
#1461=VECTOR('',#12497,1.);
#1462=VECTOR('',#12498,1.);
#1463=VECTOR('',#12499,1.);
#1464=VECTOR('',#12502,1.);
#1465=VECTOR('',#12503,1.);
#1466=VECTOR('',#12506,1.);
#1467=VECTOR('',#12507,1.);
#1468=VECTOR('',#12508,1.);
#1469=VECTOR('',#12509,1.);
#1470=VECTOR('',#12512,1.);
#1471=VECTOR('',#12513,1.);
#1472=VECTOR('',#12514,1.);
#1473=VECTOR('',#12515,1.);
#1474=VECTOR('',#12520,1.);
#1475=VECTOR('',#12521,1.);
#1476=VECTOR('',#12522,1.);
#1477=VECTOR('',#12523,1.);
#1478=VECTOR('',#12524,1.);
#1479=VECTOR('',#12527,1.);
#1480=VECTOR('',#12528,1.);
#1481=VECTOR('',#12531,1.);
#1482=VECTOR('',#12532,1.);
#1483=VECTOR('',#12535,1.);
#1484=VECTOR('',#12546,1.);
#1485=VECTOR('',#12547,1.);
#1486=VECTOR('',#12550,1.);
#1487=VECTOR('',#12551,1.);
#1488=VECTOR('',#12554,1.);
#1489=VECTOR('',#12559,1.);
#1490=VECTOR('',#12560,1.);
#1491=VECTOR('',#12563,1.);
#1492=VECTOR('',#12570,1.);
#1493=VECTOR('',#12571,1.);
#1494=VECTOR('',#12574,1.);
#1495=VECTOR('',#12577,1.);
#1496=VECTOR('',#12578,1.);
#1497=VECTOR('',#12581,1.);
#1498=VECTOR('',#12582,1.);
#1499=VECTOR('',#12585,1.);
#1500=VECTOR('',#12596,1.);
#1501=VECTOR('',#12597,1.);
#1502=VECTOR('',#12598,1.);
#1503=VECTOR('',#12599,1.);
#1504=VECTOR('',#12600,1.);
#1505=VECTOR('',#12601,1.);
#1506=VECTOR('',#12606,1.);
#1507=VECTOR('',#12609,1.);
#1508=VECTOR('',#12612,1.);
#1509=VECTOR('',#12613,1.);
#1510=VECTOR('',#12614,1.);
#1511=VECTOR('',#12615,1.);
#1512=VECTOR('',#12616,1.);
#1513=VECTOR('',#12617,1.);
#1514=VECTOR('',#12620,1.);
#1515=VECTOR('',#12623,1.);
#1516=VECTOR('',#12662,1.);
#1517=VECTOR('',#12663,1.);
#1518=VECTOR('',#12664,1.);
#1519=VECTOR('',#12665,1.);
#1520=VECTOR('',#12666,1.);
#1521=VECTOR('',#12667,1.);
#1522=VECTOR('',#12668,1.);
#1523=VECTOR('',#12669,1.);
#1524=VECTOR('',#12676,1.);
#1525=VECTOR('',#12677,1.);
#1526=VECTOR('',#12678,1.);
#1527=VECTOR('',#12679,1.);
#1528=VECTOR('',#12682,1.);
#1529=VECTOR('',#12683,1.);
#1530=VECTOR('',#12684,1.);
#1531=VECTOR('',#12685,1.);
#1532=VECTOR('',#12686,1.);
#1533=VECTOR('',#12687,1.);
#1534=VECTOR('',#12688,1.);
#1535=VECTOR('',#12689,1.);
#1536=VECTOR('',#12690,1.);
#1537=VECTOR('',#12693,1.);
#1538=VECTOR('',#12694,1.);
#1539=VECTOR('',#12695,1.);
#1540=VECTOR('',#12696,1.);
#1541=VECTOR('',#12697,1.);
#1542=VECTOR('',#12698,1.);
#1543=VECTOR('',#12699,1.);
#1544=VECTOR('',#12742,1.);
#1545=VECTOR('',#12743,1.);
#1546=VECTOR('',#12746,1.);
#1547=VECTOR('',#12751,1.);
#1548=VECTOR('',#12754,1.);
#1549=VECTOR('',#12757,1.);
#1550=VECTOR('',#12764,1.);
#1551=VECTOR('',#12765,1.);
#1552=VECTOR('',#12768,1.);
#1553=VECTOR('',#12769,1.);
#1554=VECTOR('',#12772,1.);
#1555=VECTOR('',#12773,1.);
#1556=VECTOR('',#12776,1.);
#1557=VECTOR('',#12777,1.);
#1558=VECTOR('',#12780,1.);
#1559=VECTOR('',#12781,1.);
#1560=VECTOR('',#12784,1.);
#1561=VECTOR('',#12785,1.);
#1562=VECTOR('',#12788,1.);
#1563=VECTOR('',#12789,1.);
#1564=VECTOR('',#12792,1.);
#1565=VECTOR('',#12793,1.);
#1566=VECTOR('',#12812,1.);
#1567=VECTOR('',#12813,1.);
#1568=VECTOR('',#12814,1.);
#1569=VECTOR('',#12817,1.);
#1570=VECTOR('',#12818,1.);
#1571=VECTOR('',#12821,1.);
#1572=VECTOR('',#12822,1.);
#1573=VECTOR('',#12825,1.);
#1574=VECTOR('',#12826,1.);
#1575=VECTOR('',#12829,1.);
#1576=VECTOR('',#12830,1.);
#1577=VECTOR('',#12833,1.);
#1578=VECTOR('',#12834,1.);
#1579=VECTOR('',#12837,1.);
#1580=VECTOR('',#12842,1.);
#1581=VECTOR('',#12847,1.);
#1582=VECTOR('',#12850,1.);
#1583=VECTOR('',#12855,1.);
#1584=VECTOR('',#12856,1.);
#1585=VECTOR('',#12859,1.);
#1586=VECTOR('',#12862,1.);
#1587=VECTOR('',#12875,1.);
#1588=VECTOR('',#12878,1.);
#1589=VECTOR('',#12883,1.);
#1590=VECTOR('',#12894,1.);
#1591=VECTOR('',#12913,1.);
#1592=VECTOR('',#12918,1.);
#1593=VECTOR('',#12927,1.);
#1594=VECTOR('',#12930,1.);
#1595=VECTOR('',#12935,1.);
#1596=VECTOR('',#12946,1.);
#1597=VECTOR('',#12947,1.);
#1598=VECTOR('',#12950,1.);
#1599=VECTOR('',#12953,1.);
#1600=VECTOR('',#12956,1.);
#1601=VECTOR('',#12959,1.);
#1602=VECTOR('',#12960,1.);
#1603=VECTOR('',#12961,1.);
#1604=VECTOR('',#12964,1.);
#1605=VECTOR('',#12965,1.);
#1606=VECTOR('',#12968,1.);
#1607=VECTOR('',#12969,1.);
#1608=VECTOR('',#12972,1.);
#1609=VECTOR('',#12973,1.);
#1610=VECTOR('',#12976,1.);
#1611=VECTOR('',#12977,1.);
#1612=VECTOR('',#12978,1.);
#1613=VECTOR('',#12979,1.);
#1614=VECTOR('',#12982,1.);
#1615=VECTOR('',#12985,1.);
#1616=VECTOR('',#12986,1.);
#1617=VECTOR('',#12987,1.);
#1618=VECTOR('',#12990,1.);
#1619=VECTOR('',#12991,1.);
#1620=VECTOR('',#12992,1.);
#1621=VECTOR('',#12993,1.);
#1622=VECTOR('',#12998,1.);
#1623=VECTOR('',#12999,1.);
#1624=VECTOR('',#13000,1.);
#1625=VECTOR('',#13001,1.);
#1626=VECTOR('',#13004,1.);
#1627=VECTOR('',#13005,1.);
#1628=VECTOR('',#13008,1.);
#1629=VECTOR('',#13009,1.);
#1630=VECTOR('',#13010,1.);
#1631=VECTOR('',#13011,1.);
#1632=VECTOR('',#13014,1.);
#1633=VECTOR('',#13015,1.);
#1634=VECTOR('',#13016,1.);
#1635=VECTOR('',#13017,1.);
#1636=VECTOR('',#13022,1.);
#1637=VECTOR('',#13023,1.);
#1638=VECTOR('',#13024,1.);
#1639=VECTOR('',#13025,1.);
#1640=VECTOR('',#13026,1.);
#1641=VECTOR('',#13029,1.);
#1642=VECTOR('',#13030,1.);
#1643=VECTOR('',#13033,1.);
#1644=VECTOR('',#13034,1.);
#1645=VECTOR('',#13037,1.);
#1646=VECTOR('',#13048,1.);
#1647=VECTOR('',#13049,1.);
#1648=VECTOR('',#13052,1.);
#1649=VECTOR('',#13053,1.);
#1650=VECTOR('',#13056,1.);
#1651=VECTOR('',#13061,1.);
#1652=VECTOR('',#13062,1.);
#1653=VECTOR('',#13065,1.);
#1654=VECTOR('',#13072,1.);
#1655=VECTOR('',#13073,1.);
#1656=VECTOR('',#13076,1.);
#1657=VECTOR('',#13079,1.);
#1658=VECTOR('',#13080,1.);
#1659=VECTOR('',#13083,1.);
#1660=VECTOR('',#13084,1.);
#1661=VECTOR('',#13087,1.);
#1662=VECTOR('',#13098,1.);
#1663=VECTOR('',#13099,1.);
#1664=VECTOR('',#13100,1.);
#1665=VECTOR('',#13101,1.);
#1666=VECTOR('',#13104,1.);
#1667=VECTOR('',#13105,1.);
#1668=VECTOR('',#13106,1.);
#1669=VECTOR('',#13107,1.);
#1670=VECTOR('',#13110,1.);
#1671=VECTOR('',#13111,1.);
#1672=VECTOR('',#13112,1.);
#1673=VECTOR('',#13113,1.);
#1674=VECTOR('',#13116,1.);
#1675=VECTOR('',#13117,1.);
#1676=VECTOR('',#13118,1.);
#1677=VECTOR('',#13119,1.);
#1678=VECTOR('',#13134,1.);
#1679=VECTOR('',#13163,1.);
#1680=VECTOR('',#13166,1.);
#1681=VECTOR('',#13167,1.);
#1682=VECTOR('',#13170,1.);
#1683=VECTOR('',#13173,1.);
#1684=VECTOR('',#13176,1.);
#1685=VECTOR('',#13179,1.);
#1686=VECTOR('',#13204,1.);
#1687=VECTOR('',#13205,1.);
#1688=VECTOR('',#13206,1.);
#1689=VECTOR('',#13209,1.);
#1690=VECTOR('',#13210,1.);
#1691=VECTOR('',#13215,1.);
#1692=VECTOR('',#13218,1.);
#1693=VECTOR('',#13219,1.);
#1694=VECTOR('',#13220,1.);
#1695=VECTOR('',#13223,1.);
#1696=VECTOR('',#13224,1.);
#1697=VECTOR('',#13229,1.);
#1698=VECTOR('',#13232,1.);
#1699=VECTOR('',#13233,1.);
#1700=VECTOR('',#13234,1.);
#1701=VECTOR('',#13239,1.);
#1702=VECTOR('',#13242,1.);
#1703=VECTOR('',#13243,1.);
#1704=VECTOR('',#13248,1.);
#1705=VECTOR('',#13251,1.);
#1706=VECTOR('',#13252,1.);
#1707=VECTOR('',#13257,1.);
#1708=VECTOR('',#13274,1.);
#1709=VECTOR('',#13321,1.);
#1710=VECTOR('',#13324,1.);
#1711=VECTOR('',#13327,1.);
#1712=VECTOR('',#13330,1.);
#1713=VECTOR('',#13345,1.);
#1714=VECTOR('',#13348,1.);
#1715=VECTOR('',#13351,1.);
#1716=VECTOR('',#13352,1.);
#1717=VECTOR('',#13355,1.);
#1718=VECTOR('',#13360,1.);
#1719=VECTOR('',#13361,1.);
#1720=VECTOR('',#13364,1.);
#1721=VECTOR('',#13369,1.);
#1722=VECTOR('',#13370,1.);
#1723=VECTOR('',#13373,1.);
#1724=VECTOR('',#13392,1.);
#1725=B_SPLINE_CURVE_WITH_KNOTS('',3,(#13481,#13482,#13483,#13484),.UNSPECIFIED.,.F.,.F.,(4,4),(0.,0.589322367897375),.PIECEWISE_BEZIER_KNOTS.);
#1726=B_SPLINE_CURVE_WITH_KNOTS('',3,(#13514,#13515,#13516,#13517),.UNSPECIFIED.,.F.,.F.,(4,4),(0.,0.589322367897375),.PIECEWISE_BEZIER_KNOTS.);
#1727=B_SPLINE_CURVE_WITH_KNOTS('',3,(#13746,#13747,#13748,#13749),.UNSPECIFIED.,.F.,.F.,(4,4),(2.0888836804026E-17,0.0106373173215174),.UNSPECIFIED.);
#1728=B_SPLINE_CURVE_WITH_KNOTS('',3,(#13753,#13754,#13755,#13756),.UNSPECIFIED.,.F.,.F.,(4,4),(0.,0.0106373173215174),.UNSPECIFIED.);
#1729=B_SPLINE_CURVE_WITH_KNOTS('',3,(#13765,#13766,#13767,#13768,#13769,#13770,#13771,#13772,#13773,#13774,#13775),.UNSPECIFIED.,.T.,.F.,(1,1,1,1,1,1,1,1,1,1,1,1,1,1,1),(-0.00441130649436925,-0.00272633948105176,-0.00104137246773427,0.000643594545583214,0.0023285615589007,0.00401352857221819,0.00569849558553568,0.00738346259885317,0.00906842961217066,0.0107533966254882,0.0124383636388056,0.0141233306521231,0.0158082976654406,0.0174932646787581,0.0191782316920756),.UNSPECIFIED.);
#1730=B_SPLINE_CURVE_WITH_KNOTS('',3,(#13777,#13778,#13779,#13780,#13781,#13782,#13783,#13784,#13785,#13786,#13787),.UNSPECIFIED.,.T.,.F.,(1,1,1,1,1,1,1,1,1,1,1,1,1,1,1),(-0.00505490099022416,-0.00336993399348277,-0.00168496699674139,3.46944695195361E-18,0.00168496699674139,0.00336993399348278,0.00505490099022417,0.00673986798696556,0.00842483498370695,0.0101098019804483,0.0117947689771897,0.0134797359739311,0.0151647029706725,0.0168496699674139,0.0185346369641553),.UNSPECIFIED.);
#1731=B_SPLINE_CURVE_WITH_KNOTS('',3,(#13940,#13941,#13942,#13943),.UNSPECIFIED.,.F.,.F.,(4,4),(0.00081232681861276,0.497638512698098),.PIECEWISE_BEZIER_KNOTS.);
#1732=B_SPLINE_CURVE_WITH_KNOTS('',3,(#13945,#13946,#13947,#13948),.UNSPECIFIED.,.F.,.F.,(4,4),(0.000812326275541094,0.497638512698098),.PIECEWISE_BEZIER_KNOTS.);
#1733=B_SPLINE_CURVE_WITH_KNOTS('',3,(#13952,#13953,#13954,#13955,#13956),.UNSPECIFIED.,.F.,.F.,(4,1,4),(0.,0.00388245119514945,0.00776490239029889),.UNSPECIFIED.);
#1734=B_SPLINE_CURVE_WITH_KNOTS('',3,(#13960,#13961,#13962,#13963),.UNSPECIFIED.,.F.,.F.,(4,4),(0.,0.00991073740690784),.UNSPECIFIED.);
#1735=B_SPLINE_CURVE_WITH_KNOTS('',3,(#13965,#13966,#13967,#13968,#13969),.UNSPECIFIED.,.F.,.F.,(4,1,4),(4.44305997370834E-17,0.00862627126898722,0.0172525425379744),.UNSPECIFIED.);
#1736=B_SPLINE_CURVE_WITH_KNOTS('',3,(#14004,#14005,#14006,#14007),.UNSPECIFIED.,.F.,.F.,(4,4),(0.00081232681861276,0.497638512698098),.PIECEWISE_BEZIER_KNOTS.);
#1737=B_SPLINE_CURVE_WITH_KNOTS('',3,(#14009,#14010,#14011,#14012),.UNSPECIFIED.,.F.,.F.,(4,4),(0.000812326275541094,0.497638512698098),.PIECEWISE_BEZIER_KNOTS.);
#1738=B_SPLINE_CURVE_WITH_KNOTS('',3,(#14020,#14021,#14022,#14023,#14024),.UNSPECIFIED.,.F.,.F.,(4,1,4),(0.,0.00388245119514945,0.00776490239029889),.UNSPECIFIED.);
#1739=B_SPLINE_CURVE_WITH_KNOTS('',3,(#14027,#14028,#14029,#14030),.UNSPECIFIED.,.F.,.F.,(4,4),(0.,0.00991073740690767),.UNSPECIFIED.);
#1740=B_SPLINE_CURVE_WITH_KNOTS('',3,(#14032,#14033,#14034,#14035,#14036),.UNSPECIFIED.,.F.,.F.,(4,1,4),(0.,0.00862627126898713,0.0172525425379743),.UNSPECIFIED.);
#1741=B_SPLINE_CURVE_WITH_KNOTS('',3,(#14082,#14083,#14084,#14085,#14086),.UNSPECIFIED.,.F.,.F.,(4,1,4),(0.,0.00388245119514945,0.00776490239029889),.UNSPECIFIED.);
#1742=B_SPLINE_CURVE_WITH_KNOTS('',3,(#14089,#14090,#14091,#14092),.UNSPECIFIED.,.F.,.F.,(4,4),(0.,0.00991073740690783),.UNSPECIFIED.);
#1743=B_SPLINE_CURVE_WITH_KNOTS('',3,(#14096,#14097,#14098,#14099),.UNSPECIFIED.,.F.,.F.,(4,4),(0.000812326275541094,0.497638512698098),.PIECEWISE_BEZIER_KNOTS.);
#1744=B_SPLINE_CURVE_WITH_KNOTS('',3,(#14108,#14109,#14110,#14111),.UNSPECIFIED.,.F.,.F.,(4,4),(0.00081232681861276,0.497638512698098),.PIECEWISE_BEZIER_KNOTS.);
#1745=B_SPLINE_CURVE_WITH_KNOTS('',3,(#14112,#14113,#14114,#14115,#14116),.UNSPECIFIED.,.F.,.F.,(4,1,4),(9.81920912502051E-17,0.00862627126898717,0.0172525425379742),.UNSPECIFIED.);
#1746=B_SPLINE_CURVE_WITH_KNOTS('',3,(#14522,#14523,#14524,#14525),.UNSPECIFIED.,.F.,.F.,(4,4),(0.00081232681861276,0.497638512698098),.PIECEWISE_BEZIER_KNOTS.);
#1747=B_SPLINE_CURVE_WITH_KNOTS('',3,(#14527,#14528,#14529,#14530),.UNSPECIFIED.,.F.,.F.,(4,4),(0.000812326275541094,0.497638512698098),.PIECEWISE_BEZIER_KNOTS.);
#1748=B_SPLINE_CURVE_WITH_KNOTS('',3,(#14534,#14535,#14536,#14537,#14538),.UNSPECIFIED.,.F.,.F.,(4,1,4),(0.,0.00388245119514945,0.00776490239029889),.UNSPECIFIED.);
#1749=B_SPLINE_CURVE_WITH_KNOTS('',3,(#14542,#14543,#14544,#14545),.UNSPECIFIED.,.F.,.F.,(4,4),(0.,0.00991073740690784),.UNSPECIFIED.);
#1750=B_SPLINE_CURVE_WITH_KNOTS('',3,(#14547,#14548,#14549,#14550,#14551),.UNSPECIFIED.,.F.,.F.,(4,1,4),(4.44305997370834E-17,0.00862627126898722,0.0172525425379744),.UNSPECIFIED.);
#1751=B_SPLINE_CURVE_WITH_KNOTS('',3,(#14586,#14587,#14588,#14589),.UNSPECIFIED.,.F.,.F.,(4,4),(0.00081232681861276,0.497638512698098),.PIECEWISE_BEZIER_KNOTS.);
#1752=B_SPLINE_CURVE_WITH_KNOTS('',3,(#14591,#14592,#14593,#14594),.UNSPECIFIED.,.F.,.F.,(4,4),(0.000812326275541094,0.497638512698098),.PIECEWISE_BEZIER_KNOTS.);
#1753=B_SPLINE_CURVE_WITH_KNOTS('',3,(#14602,#14603,#14604,#14605,#14606),.UNSPECIFIED.,.F.,.F.,(4,1,4),(0.,0.00388245119514945,0.00776490239029889),.UNSPECIFIED.);
#1754=B_SPLINE_CURVE_WITH_KNOTS('',3,(#14609,#14610,#14611,#14612),.UNSPECIFIED.,.F.,.F.,(4,4),(0.,0.00991073740690767),.UNSPECIFIED.);
#1755=B_SPLINE_CURVE_WITH_KNOTS('',3,(#14614,#14615,#14616,#14617,#14618),.UNSPECIFIED.,.F.,.F.,(4,1,4),(0.,0.00862627126898713,0.0172525425379743),.UNSPECIFIED.);
#1756=B_SPLINE_CURVE_WITH_KNOTS('',3,(#14664,#14665,#14666,#14667,#14668),.UNSPECIFIED.,.F.,.F.,(4,1,4),(0.,0.00388245119514945,0.00776490239029889),.UNSPECIFIED.);
#1757=B_SPLINE_CURVE_WITH_KNOTS('',3,(#14671,#14672,#14673,#14674),.UNSPECIFIED.,.F.,.F.,(4,4),(0.,0.00991073740690783),.UNSPECIFIED.);
#1758=B_SPLINE_CURVE_WITH_KNOTS('',3,(#14678,#14679,#14680,#14681),.UNSPECIFIED.,.F.,.F.,(4,4),(0.000812326275541094,0.497638512698098),.PIECEWISE_BEZIER_KNOTS.);
#1759=B_SPLINE_CURVE_WITH_KNOTS('',3,(#14690,#14691,#14692,#14693),.UNSPECIFIED.,.F.,.F.,(4,4),(0.00081232681861276,0.497638512698098),.PIECEWISE_BEZIER_KNOTS.);
#1760=B_SPLINE_CURVE_WITH_KNOTS('',3,(#14694,#14695,#14696,#14697,#14698),.UNSPECIFIED.,.F.,.F.,(4,1,4),(9.81920912502051E-17,0.00862627126898717,0.0172525425379742),.UNSPECIFIED.);
#1761=B_SPLINE_CURVE_WITH_KNOTS('',3,(#14747,#14748,#14749,#14750),.UNSPECIFIED.,.F.,.F.,(4,4),(0.,0.589322367897375),.PIECEWISE_BEZIER_KNOTS.);
#1762=B_SPLINE_CURVE_WITH_KNOTS('',3,(#14780,#14781,#14782,#14783),.UNSPECIFIED.,.F.,.F.,(4,4),(0.,0.589322367897375),.PIECEWISE_BEZIER_KNOTS.);
#1763=B_SPLINE_CURVE_WITH_KNOTS('',3,(#15012,#15013,#15014,#15015),.UNSPECIFIED.,.F.,.F.,(4,4),(2.0888836804026E-17,0.0106373173215174),.UNSPECIFIED.);
#1764=B_SPLINE_CURVE_WITH_KNOTS('',3,(#15019,#15020,#15021,#15022),.UNSPECIFIED.,.F.,.F.,(4,4),(0.,0.0106373173215174),.UNSPECIFIED.);
#1765=B_SPLINE_CURVE_WITH_KNOTS('',3,(#15031,#15032,#15033,#15034,#15035,#15036,#15037,#15038,#15039,#15040,#15041),.UNSPECIFIED.,.T.,.F.,(1,1,1,1,1,1,1,1,1,1,1,1,1,1,1),(-0.00441130649436925,-0.00272633948105176,-0.00104137246773427,0.000643594545583214,0.0023285615589007,0.00401352857221819,0.00569849558553568,0.00738346259885317,0.00906842961217066,0.0107533966254882,0.0124383636388056,0.0141233306521231,0.0158082976654406,0.0174932646787581,0.0191782316920756),.UNSPECIFIED.);
#1766=B_SPLINE_CURVE_WITH_KNOTS('',3,(#15043,#15044,#15045,#15046,#15047,#15048,#15049,#15050,#15051,#15052,#15053),.UNSPECIFIED.,.T.,.F.,(1,1,1,1,1,1,1,1,1,1,1,1,1,1,1),(-0.00505490099022416,-0.00336993399348277,-0.00168496699674139,3.46944695195361E-18,0.00168496699674139,0.00336993399348278,0.00505490099022417,0.00673986798696556,0.00842483498370695,0.0101098019804483,0.0117947689771897,0.0134797359739311,0.0151647029706725,0.0168496699674139,0.0185346369641553),.UNSPECIFIED.);
#1767=B_SPLINE_CURVE_WITH_KNOTS('',3,(#15069,#15070,#15071,#15072),.UNSPECIFIED.,.F.,.F.,(4,4),(0.,0.589322367897375),.PIECEWISE_BEZIER_KNOTS.);
#1768=B_SPLINE_CURVE_WITH_KNOTS('',3,(#15110,#15111,#15112,#15113),.UNSPECIFIED.,.F.,.F.,(4,4),(0.,0.589322367897375),.PIECEWISE_BEZIER_KNOTS.);
#1769=B_SPLINE_CURVE_WITH_KNOTS('',3,(#15334,#15335,#15336,#15337),.UNSPECIFIED.,.F.,.F.,(4,4),(2.0888836804026E-17,0.0106373173215174),.UNSPECIFIED.);
#1770=B_SPLINE_CURVE_WITH_KNOTS('',3,(#15341,#15342,#15343,#15344),.UNSPECIFIED.,.F.,.F.,(4,4),(0.,0.0106373173215174),.UNSPECIFIED.);
#1771=B_SPLINE_CURVE_WITH_KNOTS('',3,(#15353,#15354,#15355,#15356,#15357,#15358,#15359,#15360,#15361,#15362,#15363),.UNSPECIFIED.,.T.,.F.,(1,1,1,1,1,1,1,1,1,1,1,1,1,1,1),(-0.00441130649436925,-0.00272633948105176,-0.00104137246773427,0.000643594545583214,0.0023285615589007,0.00401352857221819,0.00569849558553568,0.00738346259885317,0.00906842961217066,0.0107533966254882,0.0124383636388056,0.0141233306521231,0.0158082976654406,0.0174932646787581,0.0191782316920756),.UNSPECIFIED.);
#1772=B_SPLINE_CURVE_WITH_KNOTS('',3,(#15365,#15366,#15367,#15368,#15369,#15370,#15371,#15372,#15373,#15374,#15375),.UNSPECIFIED.,.T.,.F.,(1,1,1,1,1,1,1,1,1,1,1,1,1,1,1),(-0.00505490099022416,-0.00336993399348277,-0.00168496699674139,3.46944695195361E-18,0.00168496699674139,0.00336993399348278,0.00505490099022417,0.00673986798696556,0.00842483498370695,0.0101098019804483,0.0117947689771897,0.0134797359739311,0.0151647029706725,0.0168496699674139,0.0185346369641553),.UNSPECIFIED.);
#1773=B_SPLINE_CURVE_WITH_KNOTS('',3,(#15498,#15499,#15500,#15501),.UNSPECIFIED.,.F.,.F.,(4,4),(0.000812326275541094,0.497638512698098),.PIECEWISE_BEZIER_KNOTS.);
#1774=B_SPLINE_CURVE_WITH_KNOTS('',3,(#15503,#15504,#15505,#15506),.UNSPECIFIED.,.F.,.F.,(4,4),(0.00081232681861276,0.497638512698098),.PIECEWISE_BEZIER_KNOTS.);
#1775=B_SPLINE_CURVE_WITH_KNOTS('',3,(#15516,#15517,#15518,#15519,#15520),.UNSPECIFIED.,.F.,.F.,(4,1,4),(0.,0.00388245119514945,0.00776490239029889),.UNSPECIFIED.);
#1776=B_SPLINE_CURVE_WITH_KNOTS('',3,(#15527,#15528,#15529,#15530,#15531),.UNSPECIFIED.,.F.,.F.,(4,1,4),(4.44305997370834E-17,0.00862627126898722,0.0172525425379744),.UNSPECIFIED.);
#1777=B_SPLINE_CURVE_WITH_KNOTS('',3,(#15533,#15534,#15535,#15536),.UNSPECIFIED.,.F.,.F.,(4,4),(0.,0.00991073740690784),.UNSPECIFIED.);
#1778=B_SPLINE_CURVE_WITH_KNOTS('',3,(#15562,#15563,#15564,#15565),.UNSPECIFIED.,.F.,.F.,(4,4),(0.000812326275541094,0.497638512698098),.PIECEWISE_BEZIER_KNOTS.);
#1779=B_SPLINE_CURVE_WITH_KNOTS('',3,(#15567,#15568,#15569,#15570),.UNSPECIFIED.,.F.,.F.,(4,4),(0.00081232681861276,0.497638512698098),.PIECEWISE_BEZIER_KNOTS.);
#1780=B_SPLINE_CURVE_WITH_KNOTS('',3,(#15581,#15582,#15583,#15584,#15585),.UNSPECIFIED.,.F.,.F.,(4,1,4),(0.,0.00388245119514945,0.00776490239029889),.UNSPECIFIED.);
#1781=B_SPLINE_CURVE_WITH_KNOTS('',3,(#15594,#15595,#15596,#15597,#15598),.UNSPECIFIED.,.F.,.F.,(4,1,4),(0.,0.00862627126898713,0.0172525425379743),.UNSPECIFIED.);
#1782=B_SPLINE_CURVE_WITH_KNOTS('',3,(#15600,#15601,#15602,#15603),.UNSPECIFIED.,.F.,.F.,(4,4),(0.,0.00991073740690767),.UNSPECIFIED.);
#1783=B_SPLINE_CURVE_WITH_KNOTS('',3,(#15644,#15645,#15646,#15647,#15648),.UNSPECIFIED.,.F.,.F.,(4,1,4),(0.,0.00388245119514945,0.00776490239029889),.UNSPECIFIED.);
#1784=B_SPLINE_CURVE_WITH_KNOTS('',3,(#15651,#15652,#15653,#15654),.UNSPECIFIED.,.F.,.F.,(4,4),(0.000812326275541094,0.497638512698098),.PIECEWISE_BEZIER_KNOTS.);
#1785=B_SPLINE_CURVE_WITH_KNOTS('',3,(#15658,#15659,#15660,#15661),.UNSPECIFIED.,.F.,.F.,(4,4),(0.,0.00991073740690783),.UNSPECIFIED.);
#1786=B_SPLINE_CURVE_WITH_KNOTS('',3,(#15670,#15671,#15672,#15673,#15674),.UNSPECIFIED.,.F.,.F.,(4,1,4),(9.81920912502051E-17,0.00862627126898717,0.0172525425379742),.UNSPECIFIED.);
#1787=B_SPLINE_CURVE_WITH_KNOTS('',3,(#15675,#15676,#15677,#15678),.UNSPECIFIED.,.F.,.F.,(4,4),(0.00081232681861276,0.497638512698098),.PIECEWISE_BEZIER_KNOTS.);
#1788=B_SPLINE_CURVE_WITH_KNOTS('',3,(#15727,#15728,#15729,#15730),.UNSPECIFIED.,.F.,.F.,(4,4),(0.,0.589322367897375),.PIECEWISE_BEZIER_KNOTS.);
#1789=B_SPLINE_CURVE_WITH_KNOTS('',3,(#15768,#15769,#15770,#15771),.UNSPECIFIED.,.F.,.F.,(4,4),(0.,0.589322367897375),.PIECEWISE_BEZIER_KNOTS.);
#1790=B_SPLINE_CURVE_WITH_KNOTS('',3,(#15992,#15993,#15994,#15995),.UNSPECIFIED.,.F.,.F.,(4,4),(2.0888836804026E-17,0.0106373173215174),.UNSPECIFIED.);
#1791=B_SPLINE_CURVE_WITH_KNOTS('',3,(#15999,#16000,#16001,#16002),.UNSPECIFIED.,.F.,.F.,(4,4),(0.,0.0106373173215174),.UNSPECIFIED.);
#1792=B_SPLINE_CURVE_WITH_KNOTS('',3,(#16011,#16012,#16013,#16014,#16015,#16016,#16017,#16018,#16019,#16020,#16021),.UNSPECIFIED.,.T.,.F.,(1,1,1,1,1,1,1,1,1,1,1,1,1,1,1),(-0.00441130649436925,-0.00272633948105176,-0.00104137246773427,0.000643594545583214,0.0023285615589007,0.00401352857221819,0.00569849558553568,0.00738346259885317,0.00906842961217066,0.0107533966254882,0.0124383636388056,0.0141233306521231,0.0158082976654406,0.0174932646787581,0.0191782316920756),.UNSPECIFIED.);
#1793=B_SPLINE_CURVE_WITH_KNOTS('',3,(#16023,#16024,#16025,#16026,#16027,#16028,#16029,#16030,#16031,#16032,#16033),.UNSPECIFIED.,.T.,.F.,(1,1,1,1,1,1,1,1,1,1,1,1,1,1,1),(-0.00505490099022416,-0.00336993399348277,-0.00168496699674139,3.46944695195361E-18,0.00168496699674139,0.00336993399348278,0.00505490099022417,0.00673986798696556,0.00842483498370695,0.0101098019804483,0.0117947689771897,0.0134797359739311,0.0151647029706725,0.0168496699674139,0.0185346369641553),.UNSPECIFIED.);
#1794=B_SPLINE_CURVE_WITH_KNOTS('',3,(#16156,#16157,#16158,#16159),.UNSPECIFIED.,.F.,.F.,(4,4),(0.000812326275541094,0.497638512698098),.PIECEWISE_BEZIER_KNOTS.);
#1795=B_SPLINE_CURVE_WITH_KNOTS('',3,(#16161,#16162,#16163,#16164),.UNSPECIFIED.,.F.,.F.,(4,4),(0.00081232681861276,0.497638512698098),.PIECEWISE_BEZIER_KNOTS.);
#1796=B_SPLINE_CURVE_WITH_KNOTS('',3,(#16174,#16175,#16176,#16177,#16178),.UNSPECIFIED.,.F.,.F.,(4,1,4),(0.,0.00388245119514945,0.00776490239029889),.UNSPECIFIED.);
#1797=B_SPLINE_CURVE_WITH_KNOTS('',3,(#16185,#16186,#16187,#16188,#16189),.UNSPECIFIED.,.F.,.F.,(4,1,4),(4.44305997370834E-17,0.00862627126898722,0.0172525425379744),.UNSPECIFIED.);
#1798=B_SPLINE_CURVE_WITH_KNOTS('',3,(#16191,#16192,#16193,#16194),.UNSPECIFIED.,.F.,.F.,(4,4),(0.,0.00991073740690784),.UNSPECIFIED.);
#1799=B_SPLINE_CURVE_WITH_KNOTS('',3,(#16220,#16221,#16222,#16223),.UNSPECIFIED.,.F.,.F.,(4,4),(0.000812326275541094,0.497638512698098),.PIECEWISE_BEZIER_KNOTS.);
#1800=B_SPLINE_CURVE_WITH_KNOTS('',3,(#16225,#16226,#16227,#16228),.UNSPECIFIED.,.F.,.F.,(4,4),(0.00081232681861276,0.497638512698098),.PIECEWISE_BEZIER_KNOTS.);
#1801=B_SPLINE_CURVE_WITH_KNOTS('',3,(#16239,#16240,#16241,#16242,#16243),.UNSPECIFIED.,.F.,.F.,(4,1,4),(0.,0.00388245119514945,0.00776490239029889),.UNSPECIFIED.);
#1802=B_SPLINE_CURVE_WITH_KNOTS('',3,(#16252,#16253,#16254,#16255,#16256),.UNSPECIFIED.,.F.,.F.,(4,1,4),(0.,0.00862627126898713,0.0172525425379743),.UNSPECIFIED.);
#1803=B_SPLINE_CURVE_WITH_KNOTS('',3,(#16258,#16259,#16260,#16261),.UNSPECIFIED.,.F.,.F.,(4,4),(0.,0.00991073740690767),.UNSPECIFIED.);
#1804=B_SPLINE_CURVE_WITH_KNOTS('',3,(#16302,#16303,#16304,#16305,#16306),.UNSPECIFIED.,.F.,.F.,(4,1,4),(0.,0.00388245119514945,0.00776490239029889),.UNSPECIFIED.);
#1805=B_SPLINE_CURVE_WITH_KNOTS('',3,(#16309,#16310,#16311,#16312),.UNSPECIFIED.,.F.,.F.,(4,4),(0.000812326275541094,0.497638512698098),.PIECEWISE_BEZIER_KNOTS.);
#1806=B_SPLINE_CURVE_WITH_KNOTS('',3,(#16316,#16317,#16318,#16319),.UNSPECIFIED.,.F.,.F.,(4,4),(0.,0.00991073740690783),.UNSPECIFIED.);
#1807=B_SPLINE_CURVE_WITH_KNOTS('',3,(#16328,#16329,#16330,#16331,#16332),.UNSPECIFIED.,.F.,.F.,(4,1,4),(9.81920912502051E-17,0.00862627126898717,0.0172525425379742),.UNSPECIFIED.);
#1808=B_SPLINE_CURVE_WITH_KNOTS('',3,(#16333,#16334,#16335,#16336),.UNSPECIFIED.,.F.,.F.,(4,4),(0.00081232681861276,0.497638512698098),.PIECEWISE_BEZIER_KNOTS.);
#1809=B_SPLINE_CURVE_WITH_KNOTS('',3,(#16447,#16448,#16449,#16450),.UNSPECIFIED.,.F.,.F.,(4,4),(0.,0.355887926420139),.PIECEWISE_BEZIER_KNOTS.);
#1810=B_SPLINE_CURVE_WITH_KNOTS('',3,(#16458,#16459,#16460,#16461,#16462),.UNSPECIFIED.,.F.,.F.,(4,1,4),(0.,0.493379658183864,1.),.UNSPECIFIED.);
#1811=B_SPLINE_CURVE_WITH_KNOTS('',3,(#16470,#16471,#16472,#16473),.UNSPECIFIED.,.F.,.F.,(4,4),(0.,0.355887926420139),.PIECEWISE_BEZIER_KNOTS.);
#1812=B_SPLINE_CURVE_WITH_KNOTS('',3,(#16517,#16518,#16519,#16520),.UNSPECIFIED.,.F.,.F.,(4,4),(0.,0.355887926420139),.PIECEWISE_BEZIER_KNOTS.);
#1813=B_SPLINE_CURVE_WITH_KNOTS('',3,(#16545,#16546,#16547,#16548,#16549),.UNSPECIFIED.,.F.,.F.,(4,1,4),(0.,0.493379658183864,1.),.UNSPECIFIED.);
#1814=B_SPLINE_CURVE_WITH_KNOTS('',3,(#16572,#16573,#16574,#16575),.UNSPECIFIED.,.F.,.F.,(4,4),(0.,0.355887926420139),.PIECEWISE_BEZIER_KNOTS.);
#1815=COLOUR_RGB('',0.623529411764706,0.666666666666667,0.701960784313725);
#1816=COLOUR_RGB('',0.0470588235294118,0.470588235294118,0.435294117647059);
#1817=COLOUR_RGB('',0.301960784313725,0.301960784313725,0.301960784313725);
#1818=COLOUR_RGB('',0.901960784313726,0.901960784313726,0.901960784313726);
#1819=COLOUR_RGB('',0.713725490196078,0.76078431372549,0.8);
#1820=COLOUR_RGB('',0.349019607843138,0.376470588235294,0.4);
#1821=COLOUR_RGB('',0.152941176470588,0.0509803921568627,0.168627450980392);
#1822=COLOUR_RGB('',0.823529411764706,0.623529411764706,0.0352941176470589);
#1823=SHAPE_REPRESENTATION_RELATIONSHIP('','',#9734,#1839);
#1824=SHAPE_REPRESENTATION_RELATIONSHIP('','',#9735,#1840);
#1825=SHAPE_REPRESENTATION_RELATIONSHIP('','',#9736,#1841);
#1826=SHAPE_REPRESENTATION_RELATIONSHIP('','',#9737,#1842);
#1827=SHAPE_REPRESENTATION_RELATIONSHIP('','',#9738,#1843);
#1828=SHAPE_REPRESENTATION_RELATIONSHIP('','',#9739,#1844);
#1829=SHAPE_REPRESENTATION_RELATIONSHIP('','',#9740,#1845);
#1830=SHAPE_REPRESENTATION_RELATIONSHIP('','',#9741,#1846);
#1831=SHAPE_REPRESENTATION_RELATIONSHIP('','',#9742,#1847);
#1832=SHAPE_REPRESENTATION_RELATIONSHIP('','',#9743,#1848);
#1833=SHAPE_REPRESENTATION_RELATIONSHIP('','',#9744,#1849);
#1834=SHAPE_REPRESENTATION_RELATIONSHIP('','',#9745,#1850);
#1835=SHAPE_REPRESENTATION_RELATIONSHIP('','',#9746,#1851);
#1836=SHAPE_REPRESENTATION_RELATIONSHIP('','',#9747,#1852);
#1837=SHAPE_REPRESENTATION_RELATIONSHIP('','',#9748,#1853);
#1838=SHAPE_REPRESENTATION_RELATIONSHIP('','',#9749,#1854);
#1839=ADVANCED_BREP_SHAPE_REPRESENTATION('',(#9702),#16732);
#1840=ADVANCED_BREP_SHAPE_REPRESENTATION('',(#9703),#16733);
#1841=ADVANCED_BREP_SHAPE_REPRESENTATION('',(#9704),#16734);
#1842=ADVANCED_BREP_SHAPE_REPRESENTATION('',(#9705),#16735);
#1843=ADVANCED_BREP_SHAPE_REPRESENTATION('',(#9706),#16736);
#1844=ADVANCED_BREP_SHAPE_REPRESENTATION('',(#9707),#16737);
#1845=ADVANCED_BREP_SHAPE_REPRESENTATION('',(#9708),#16738);
#1846=ADVANCED_BREP_SHAPE_REPRESENTATION('',(#9709),#16739);
#1847=ADVANCED_BREP_SHAPE_REPRESENTATION('',(#9710),#16740);
#1848=ADVANCED_BREP_SHAPE_REPRESENTATION('',(#9711),#16741);
#1849=ADVANCED_BREP_SHAPE_REPRESENTATION('',(#9712),#16742);
#1850=ADVANCED_BREP_SHAPE_REPRESENTATION('',(#9713),#16743);
#1851=ADVANCED_BREP_SHAPE_REPRESENTATION('',(#9714),#16744);
#1852=ADVANCED_BREP_SHAPE_REPRESENTATION('',(#9715),#16745);
#1853=ADVANCED_BREP_SHAPE_REPRESENTATION('',(#9716),#16746);
#1854=ADVANCED_BREP_SHAPE_REPRESENTATION('',(#9717),#16747);
#1855=TOROIDAL_SURFACE('',#9759,0.01075,0.003);
#1856=TOROIDAL_SURFACE('',#9760,0.01075,0.003);
#1857=TOROIDAL_SURFACE('',#9777,0.01075,0.003);
#1858=TOROIDAL_SURFACE('',#9778,0.01075,0.003);
#1859=TOROIDAL_SURFACE('',#9795,0.01075,0.003);
#1860=TOROIDAL_SURFACE('',#9796,0.01075,0.003);
#1861=TOROIDAL_SURFACE('',#9908,0.01075,0.003);
#1862=TOROIDAL_SURFACE('',#9909,0.01075,0.003);
#1863=TOROIDAL_SURFACE('',#10069,0.014,0.01);
#1864=PLANE('',#9754);
#1865=PLANE('',#9757);
#1866=PLANE('',#9763);
#1867=PLANE('',#9767);
#1868=PLANE('',#9772);
#1869=PLANE('',#9775);
#1870=PLANE('',#9781);
#1871=PLANE('',#9785);
#1872=PLANE('',#9790);
#1873=PLANE('',#9793);
#1874=PLANE('',#9799);
#1875=PLANE('',#9803);
#1876=PLANE('',#9805);
#1877=PLANE('',#9809);
#1878=PLANE('',#9813);
#1879=PLANE('',#9831);
#1880=PLANE('',#9834);
#1881=PLANE('',#9836);
#1882=PLANE('',#9856);
#1883=PLANE('',#9857);
#1884=PLANE('',#9858);
#1885=PLANE('',#9859);
#1886=PLANE('',#9860);
#1887=PLANE('',#9861);
#1888=PLANE('',#9862);
#1889=PLANE('',#9880);
#1890=PLANE('',#9881);
#1891=PLANE('',#9882);
#1892=PLANE('',#9883);
#1893=PLANE('',#9884);
#1894=PLANE('',#9885);
#1895=PLANE('',#9886);
#1896=PLANE('',#9887);
#1897=PLANE('',#9888);
#1898=PLANE('',#9889);
#1899=PLANE('',#9890);
#1900=PLANE('',#9891);
#1901=PLANE('',#9893);
#1902=PLANE('',#9895);
#1903=PLANE('',#9903);
#1904=PLANE('',#9906);
#1905=PLANE('',#9912);
#1906=PLANE('',#9916);
#1907=PLANE('',#9948);
#1908=PLANE('',#9949);
#1909=PLANE('',#9950);
#1910=PLANE('',#9951);
#1911=PLANE('',#9952);
#1912=PLANE('',#9953);
#1913=PLANE('',#9954);
#1914=PLANE('',#9955);
#1915=PLANE('',#9956);
#1916=PLANE('',#9957);
#1917=PLANE('',#9958);
#1918=PLANE('',#9959);
#1919=PLANE('',#9960);
#1920=PLANE('',#9961);
#1921=PLANE('',#9962);
#1922=PLANE('',#9963);
#1923=PLANE('',#9964);
#1924=PLANE('',#9965);
#1925=PLANE('',#9966);
#1926=PLANE('',#9967);
#1927=PLANE('',#9968);
#1928=PLANE('',#9969);
#1929=PLANE('',#9970);
#1930=PLANE('',#9971);
#1931=PLANE('',#9972);
#1932=PLANE('',#9973);
#1933=PLANE('',#9974);
#1934=PLANE('',#9975);
#1935=PLANE('',#9976);
#1936=PLANE('',#9977);
#1937=PLANE('',#9978);
#1938=PLANE('',#9979);
#1939=PLANE('',#9980);
#1940=PLANE('',#9981);
#1941=PLANE('',#9982);
#1942=PLANE('',#9983);
#1943=PLANE('',#9984);
#1944=PLANE('',#9985);
#1945=PLANE('',#9986);
#1946=PLANE('',#9987);
#1947=PLANE('',#9988);
#1948=PLANE('',#9989);
#1949=PLANE('',#9990);
#1950=PLANE('',#9991);
#1951=PLANE('',#9993);
#1952=PLANE('',#9995);
#1953=PLANE('',#9996);
#1954=PLANE('',#9997);
#1955=PLANE('',#9998);
#1956=PLANE('',#9999);
#1957=PLANE('',#10002);
#1958=PLANE('',#10003);
#1959=PLANE('',#10004);
#1960=PLANE('',#10005);
#1961=PLANE('',#10006);
#1962=PLANE('',#10007);
#1963=PLANE('',#10009);
#1964=PLANE('',#10023);
#1965=PLANE('',#10037);
#1966=PLANE('',#10038);
#1967=PLANE('',#10039);
#1968=PLANE('',#10040);
#1969=PLANE('',#10041);
#1970=PLANE('',#10042);
#1971=PLANE('',#10043);
#1972=PLANE('',#10044);
#1973=PLANE('',#10045);
#1974=PLANE('',#10046);
#1975=PLANE('',#10047);
#1976=PLANE('',#10048);
#1977=PLANE('',#10049);
#1978=PLANE('',#10050);
#1979=PLANE('',#10051);
#1980=PLANE('',#10052);
#1981=PLANE('',#10053);
#1982=PLANE('',#10054);
#1983=PLANE('',#10055);
#1984=PLANE('',#10063);
#1985=PLANE('',#10101);
#1986=PLANE('',#10102);
#1987=PLANE('',#10103);
#1988=PLANE('',#10104);
#1989=PLANE('',#10105);
#1990=PLANE('',#10106);
#1991=PLANE('',#10107);
#1992=PLANE('',#10108);
#1993=PLANE('',#10109);
#1994=PLANE('',#10110);
#1995=PLANE('',#10111);
#1996=PLANE('',#10112);
#1997=PLANE('',#10113);
#1998=PLANE('',#10114);
#1999=PLANE('',#10115);
#2000=PLANE('',#10116);
#2001=PLANE('',#10117);
#2002=PLANE('',#10118);
#2003=PLANE('',#10119);
#2004=PLANE('',#10120);
#2005=PLANE('',#10121);
#2006=PLANE('',#10122);
#2007=PLANE('',#10123);
#2008=PLANE('',#10124);
#2009=PLANE('',#10125);
#2010=PLANE('',#10126);
#2011=PLANE('',#10127);
#2012=PLANE('',#10128);
#2013=PLANE('',#10129);
#2014=PLANE('',#10130);
#2015=PLANE('',#10131);
#2016=PLANE('',#10132);
#2017=PLANE('',#10133);
#2018=PLANE('',#10134);
#2019=PLANE('',#10135);
#2020=PLANE('',#10136);
#2021=PLANE('',#10137);
#2022=PLANE('',#10138);
#2023=PLANE('',#10139);
#2024=PLANE('',#10140);
#2025=PLANE('',#10141);
#2026=PLANE('',#10142);
#2027=PLANE('',#10143);
#2028=PLANE('',#10144);
#2029=PLANE('',#10146);
#2030=PLANE('',#10150);
#2031=PLANE('',#10154);
#2032=PLANE('',#10172);
#2033=PLANE('',#10175);
#2034=PLANE('',#10177);
#2035=PLANE('',#10197);
#2036=PLANE('',#10198);
#2037=PLANE('',#10199);
#2038=PLANE('',#10200);
#2039=PLANE('',#10201);
#2040=PLANE('',#10202);
#2041=PLANE('',#10203);
#2042=PLANE('',#10221);
#2043=PLANE('',#10222);
#2044=PLANE('',#10223);
#2045=PLANE('',#10224);
#2046=PLANE('',#10225);
#2047=PLANE('',#10226);
#2048=PLANE('',#10227);
#2049=PLANE('',#10228);
#2050=PLANE('',#10229);
#2051=PLANE('',#10230);
#2052=PLANE('',#10231);
#2053=PLANE('',#10232);
#2054=PLANE('',#10234);
#2055=PLANE('',#10236);
#2056=PLANE('',#10241);
#2057=PLANE('',#10245);
#2058=PLANE('',#10249);
#2059=PLANE('',#10267);
#2060=PLANE('',#10270);
#2061=PLANE('',#10272);
#2062=PLANE('',#10292);
#2063=PLANE('',#10293);
#2064=PLANE('',#10294);
#2065=PLANE('',#10295);
#2066=PLANE('',#10296);
#2067=PLANE('',#10297);
#2068=PLANE('',#10298);
#2069=PLANE('',#10316);
#2070=PLANE('',#10317);
#2071=PLANE('',#10318);
#2072=PLANE('',#10319);
#2073=PLANE('',#10320);
#2074=PLANE('',#10321);
#2075=PLANE('',#10322);
#2076=PLANE('',#10323);
#2077=PLANE('',#10324);
#2078=PLANE('',#10325);
#2079=PLANE('',#10326);
#2080=PLANE('',#10327);
#2081=PLANE('',#10329);
#2082=PLANE('',#10331);
#2083=PLANE('',#10366);
#2084=PLANE('',#10367);
#2085=PLANE('',#10368);
#2086=PLANE('',#10369);
#2087=PLANE('',#10370);
#2088=PLANE('',#10371);
#2089=PLANE('',#10372);
#2090=PLANE('',#10373);
#2091=PLANE('',#10374);
#2092=PLANE('',#10375);
#2093=PLANE('',#10376);
#2094=PLANE('',#10377);
#2095=PLANE('',#10378);
#2096=PLANE('',#10379);
#2097=PLANE('',#10380);
#2098=PLANE('',#10381);
#2099=PLANE('',#10382);
#2100=PLANE('',#10383);
#2101=PLANE('',#10384);
#2102=PLANE('',#10385);
#2103=PLANE('',#10386);
#2104=PLANE('',#10387);
#2105=PLANE('',#10388);
#2106=PLANE('',#10389);
#2107=PLANE('',#10390);
#2108=PLANE('',#10391);
#2109=PLANE('',#10392);
#2110=PLANE('',#10393);
#2111=PLANE('',#10394);
#2112=PLANE('',#10395);
#2113=PLANE('',#10396);
#2114=PLANE('',#10397);
#2115=PLANE('',#10398);
#2116=PLANE('',#10399);
#2117=PLANE('',#10400);
#2118=PLANE('',#10401);
#2119=PLANE('',#10402);
#2120=PLANE('',#10403);
#2121=PLANE('',#10404);
#2122=PLANE('',#10405);
#2123=PLANE('',#10406);
#2124=PLANE('',#10407);
#2125=PLANE('',#10408);
#2126=PLANE('',#10409);
#2127=PLANE('',#10411);
#2128=PLANE('',#10415);
#2129=PLANE('',#10419);
#2130=PLANE('',#10437);
#2131=PLANE('',#10440);
#2132=PLANE('',#10442);
#2133=PLANE('',#10462);
#2134=PLANE('',#10463);
#2135=PLANE('',#10464);
#2136=PLANE('',#10465);
#2137=PLANE('',#10466);
#2138=PLANE('',#10467);
#2139=PLANE('',#10468);
#2140=PLANE('',#10486);
#2141=PLANE('',#10487);
#2142=PLANE('',#10488);
#2143=PLANE('',#10489);
#2144=PLANE('',#10490);
#2145=PLANE('',#10491);
#2146=PLANE('',#10492);
#2147=PLANE('',#10493);
#2148=PLANE('',#10494);
#2149=PLANE('',#10495);
#2150=PLANE('',#10496);
#2151=PLANE('',#10497);
#2152=PLANE('',#10499);
#2153=PLANE('',#10501);
#2154=PLANE('',#10536);
#2155=PLANE('',#10537);
#2156=PLANE('',#10538);
#2157=PLANE('',#10539);
#2158=PLANE('',#10540);
#2159=PLANE('',#10541);
#2160=PLANE('',#10542);
#2161=PLANE('',#10543);
#2162=PLANE('',#10544);
#2163=PLANE('',#10545);
#2164=PLANE('',#10546);
#2165=PLANE('',#10547);
#2166=PLANE('',#10548);
#2167=PLANE('',#10549);
#2168=PLANE('',#10550);
#2169=PLANE('',#10551);
#2170=PLANE('',#10552);
#2171=PLANE('',#10553);
#2172=PLANE('',#10554);
#2173=PLANE('',#10555);
#2174=PLANE('',#10556);
#2175=PLANE('',#10557);
#2176=PLANE('',#10558);
#2177=PLANE('',#10559);
#2178=PLANE('',#10560);
#2179=PLANE('',#10561);
#2180=PLANE('',#10562);
#2181=PLANE('',#10563);
#2182=PLANE('',#10564);
#2183=PLANE('',#10565);
#2184=PLANE('',#10566);
#2185=PLANE('',#10567);
#2186=PLANE('',#10568);
#2187=PLANE('',#10569);
#2188=PLANE('',#10570);
#2189=PLANE('',#10571);
#2190=PLANE('',#10572);
#2191=PLANE('',#10573);
#2192=PLANE('',#10574);
#2193=PLANE('',#10575);
#2194=PLANE('',#10576);
#2195=PLANE('',#10577);
#2196=PLANE('',#10578);
#2197=PLANE('',#10579);
#2198=PLANE('',#10581);
#2199=PLANE('',#10582);
#2200=PLANE('',#10583);
#2201=PLANE('',#10584);
#2202=PLANE('',#10585);
#2203=PLANE('',#10590);
#2204=PLANE('',#10601);
#2205=PLANE('',#10612);
#2206=PLANE('',#10615);
#2207=PLANE('',#10618);
#2208=PLANE('',#10623);
#2209=PLANE('',#10626);
#2210=PLANE('',#10627);
#2211=PLANE('',#10630);
#2212=PLANE('',#10633);
#2213=PLANE('',#10636);
#2214=PLANE('',#10646);
#2215=PLANE('',#10649);
#2216=PLANE('',#10651);
#2217=PLANE('',#10668);
#2218=PLANE('',#10673);
#2219=PLANE('',#10675);
#2220=PLANE('',#10677);
#2221=PLANE('',#10681);
#2222=PLANE('',#10684);
#2223=PLANE('',#10687);
#2224=PLANE('',#10697);
#2225=PLANE('',#10700);
#2226=PLANE('',#10701);
#2227=ORIENTED_EDGE('',*,*,#4805,.F.);
#2228=ORIENTED_EDGE('',*,*,#4806,.F.);
#2229=ORIENTED_EDGE('',*,*,#4807,.T.);
#2230=ORIENTED_EDGE('',*,*,#4808,.F.);
#2231=ORIENTED_EDGE('',*,*,#4809,.F.);
#2232=ORIENTED_EDGE('',*,*,#4809,.T.);
#2233=ORIENTED_EDGE('',*,*,#4805,.T.);
#2234=ORIENTED_EDGE('',*,*,#4806,.T.);
#2235=ORIENTED_EDGE('',*,*,#4808,.T.);
#2236=ORIENTED_EDGE('',*,*,#4810,.T.);
#2237=ORIENTED_EDGE('',*,*,#4807,.F.);
#2238=ORIENTED_EDGE('',*,*,#4811,.T.);
#2239=ORIENTED_EDGE('',*,*,#4810,.F.);
#2240=ORIENTED_EDGE('',*,*,#4812,.T.);
#2241=ORIENTED_EDGE('',*,*,#4811,.F.);
#2242=ORIENTED_EDGE('',*,*,#4812,.F.);
#2243=ORIENTED_EDGE('',*,*,#4813,.T.);
#2244=ORIENTED_EDGE('',*,*,#4814,.T.);
#2245=ORIENTED_EDGE('',*,*,#4815,.F.);
#2246=ORIENTED_EDGE('',*,*,#4816,.T.);
#2247=ORIENTED_EDGE('',*,*,#4817,.T.);
#2248=ORIENTED_EDGE('',*,*,#4817,.F.);
#2249=ORIENTED_EDGE('',*,*,#4813,.F.);
#2250=ORIENTED_EDGE('',*,*,#4814,.F.);
#2251=ORIENTED_EDGE('',*,*,#4816,.F.);
#2252=ORIENTED_EDGE('',*,*,#4818,.F.);
#2253=ORIENTED_EDGE('',*,*,#4815,.T.);
#2254=ORIENTED_EDGE('',*,*,#4819,.F.);
#2255=ORIENTED_EDGE('',*,*,#4818,.T.);
#2256=ORIENTED_EDGE('',*,*,#4820,.F.);
#2257=ORIENTED_EDGE('',*,*,#4819,.T.);
#2258=ORIENTED_EDGE('',*,*,#4820,.T.);
#2259=ORIENTED_EDGE('',*,*,#4821,.F.);
#2260=ORIENTED_EDGE('',*,*,#4822,.F.);
#2261=ORIENTED_EDGE('',*,*,#4823,.T.);
#2262=ORIENTED_EDGE('',*,*,#4824,.F.);
#2263=ORIENTED_EDGE('',*,*,#4825,.F.);
#2264=ORIENTED_EDGE('',*,*,#4825,.T.);
#2265=ORIENTED_EDGE('',*,*,#4821,.T.);
#2266=ORIENTED_EDGE('',*,*,#4822,.T.);
#2267=ORIENTED_EDGE('',*,*,#4824,.T.);
#2268=ORIENTED_EDGE('',*,*,#4826,.T.);
#2269=ORIENTED_EDGE('',*,*,#4823,.F.);
#2270=ORIENTED_EDGE('',*,*,#4827,.T.);
#2271=ORIENTED_EDGE('',*,*,#4826,.F.);
#2272=ORIENTED_EDGE('',*,*,#4828,.T.);
#2273=ORIENTED_EDGE('',*,*,#4827,.F.);
#2274=ORIENTED_EDGE('',*,*,#4828,.F.);
#2275=ORIENTED_EDGE('',*,*,#4829,.T.);
#2276=ORIENTED_EDGE('',*,*,#4830,.T.);
#2277=ORIENTED_EDGE('',*,*,#4831,.T.);
#2278=ORIENTED_EDGE('',*,*,#4832,.F.);
#2279=ORIENTED_EDGE('',*,*,#4833,.F.);
#2280=ORIENTED_EDGE('',*,*,#4834,.T.);
#2281=ORIENTED_EDGE('',*,*,#4835,.F.);
#2282=ORIENTED_EDGE('',*,*,#4836,.F.);
#2283=ORIENTED_EDGE('',*,*,#4837,.F.);
#2284=ORIENTED_EDGE('',*,*,#4838,.T.);
#2285=ORIENTED_EDGE('',*,*,#4839,.T.);
#2286=ORIENTED_EDGE('',*,*,#4840,.F.);
#2287=ORIENTED_EDGE('',*,*,#4841,.F.);
#2288=ORIENTED_EDGE('',*,*,#4842,.T.);
#2289=ORIENTED_EDGE('',*,*,#4843,.F.);
#2290=ORIENTED_EDGE('',*,*,#4844,.F.);
#2291=ORIENTED_EDGE('',*,*,#4845,.T.);
#2292=ORIENTED_EDGE('',*,*,#4846,.F.);
#2293=ORIENTED_EDGE('',*,*,#4847,.T.);
#2294=ORIENTED_EDGE('',*,*,#4848,.T.);
#2295=ORIENTED_EDGE('',*,*,#4849,.F.);
#2296=ORIENTED_EDGE('',*,*,#4850,.T.);
#2297=ORIENTED_EDGE('',*,*,#4851,.T.);
#2298=ORIENTED_EDGE('',*,*,#4852,.F.);
#2299=ORIENTED_EDGE('',*,*,#4853,.T.);
#2300=ORIENTED_EDGE('',*,*,#4854,.T.);
#2301=ORIENTED_EDGE('',*,*,#4855,.T.);
#2302=ORIENTED_EDGE('',*,*,#4856,.T.);
#2303=ORIENTED_EDGE('',*,*,#4857,.F.);
#2304=ORIENTED_EDGE('',*,*,#4858,.F.);
#2305=ORIENTED_EDGE('',*,*,#4859,.T.);
#2306=ORIENTED_EDGE('',*,*,#4860,.F.);
#2307=ORIENTED_EDGE('',*,*,#4861,.T.);
#2308=ORIENTED_EDGE('',*,*,#4862,.T.);
#2309=ORIENTED_EDGE('',*,*,#4863,.T.);
#2310=ORIENTED_EDGE('',*,*,#4864,.T.);
#2311=ORIENTED_EDGE('',*,*,#4865,.T.);
#2312=ORIENTED_EDGE('',*,*,#4866,.F.);
#2313=ORIENTED_EDGE('',*,*,#4867,.T.);
#2314=ORIENTED_EDGE('',*,*,#4868,.F.);
#2315=ORIENTED_EDGE('',*,*,#4869,.T.);
#2316=ORIENTED_EDGE('',*,*,#4831,.F.);
#2317=ORIENTED_EDGE('',*,*,#4870,.T.);
#2318=ORIENTED_EDGE('',*,*,#4841,.T.);
#2319=ORIENTED_EDGE('',*,*,#4871,.F.);
#2320=ORIENTED_EDGE('',*,*,#4872,.F.);
#2321=ORIENTED_EDGE('',*,*,#4873,.F.);
#2322=ORIENTED_EDGE('',*,*,#4874,.T.);
#2323=ORIENTED_EDGE('',*,*,#4875,.T.);
#2324=ORIENTED_EDGE('',*,*,#4876,.T.);
#2325=ORIENTED_EDGE('',*,*,#4877,.T.);
#2326=ORIENTED_EDGE('',*,*,#4878,.F.);
#2327=ORIENTED_EDGE('',*,*,#4879,.F.);
#2328=ORIENTED_EDGE('',*,*,#4880,.F.);
#2329=ORIENTED_EDGE('',*,*,#4881,.T.);
#2330=ORIENTED_EDGE('',*,*,#4835,.T.);
#2331=ORIENTED_EDGE('',*,*,#4882,.T.);
#2332=ORIENTED_EDGE('',*,*,#4883,.T.);
#2333=ORIENTED_EDGE('',*,*,#4845,.F.);
#2334=ORIENTED_EDGE('',*,*,#4884,.F.);
#2335=ORIENTED_EDGE('',*,*,#4833,.T.);
#2336=ORIENTED_EDGE('',*,*,#4885,.F.);
#2337=ORIENTED_EDGE('',*,*,#4886,.F.);
#2338=ORIENTED_EDGE('',*,*,#4887,.F.);
#2339=ORIENTED_EDGE('',*,*,#4888,.F.);
#2340=ORIENTED_EDGE('',*,*,#4889,.T.);
#2341=ORIENTED_EDGE('',*,*,#4890,.T.);
#2342=ORIENTED_EDGE('',*,*,#4891,.T.);
#2343=ORIENTED_EDGE('',*,*,#4847,.F.);
#2344=ORIENTED_EDGE('',*,*,#4892,.F.);
#2345=ORIENTED_EDGE('',*,*,#4893,.F.);
#2346=ORIENTED_EDGE('',*,*,#4894,.F.);
#2347=ORIENTED_EDGE('',*,*,#4895,.T.);
#2348=ORIENTED_EDGE('',*,*,#4896,.T.);
#2349=ORIENTED_EDGE('',*,*,#4897,.T.);
#2350=ORIENTED_EDGE('',*,*,#4898,.T.);
#2351=ORIENTED_EDGE('',*,*,#4899,.F.);
#2352=ORIENTED_EDGE('',*,*,#4900,.F.);
#2353=ORIENTED_EDGE('',*,*,#4901,.T.);
#2354=ORIENTED_EDGE('',*,*,#4902,.T.);
#2355=ORIENTED_EDGE('',*,*,#4903,.T.);
#2356=ORIENTED_EDGE('',*,*,#4904,.T.);
#2357=ORIENTED_EDGE('',*,*,#4905,.F.);
#2358=ORIENTED_EDGE('',*,*,#4906,.T.);
#2359=ORIENTED_EDGE('',*,*,#4907,.F.);
#2360=ORIENTED_EDGE('',*,*,#4908,.T.);
#2361=ORIENTED_EDGE('',*,*,#4909,.T.);
#2362=ORIENTED_EDGE('',*,*,#4910,.T.);
#2363=ORIENTED_EDGE('',*,*,#4911,.T.);
#2364=ORIENTED_EDGE('',*,*,#4912,.T.);
#2365=ORIENTED_EDGE('',*,*,#4913,.T.);
#2366=ORIENTED_EDGE('',*,*,#4914,.F.);
#2367=ORIENTED_EDGE('',*,*,#4915,.F.);
#2368=ORIENTED_EDGE('',*,*,#4916,.T.);
#2369=ORIENTED_EDGE('',*,*,#4917,.F.);
#2370=ORIENTED_EDGE('',*,*,#4918,.T.);
#2371=ORIENTED_EDGE('',*,*,#4893,.T.);
#2372=ORIENTED_EDGE('',*,*,#4914,.T.);
#2373=ORIENTED_EDGE('',*,*,#4873,.T.);
#2374=ORIENTED_EDGE('',*,*,#4919,.F.);
#2375=ORIENTED_EDGE('',*,*,#4889,.F.);
#2376=ORIENTED_EDGE('',*,*,#4920,.T.);
#2377=ORIENTED_EDGE('',*,*,#4872,.T.);
#2378=ORIENTED_EDGE('',*,*,#4921,.F.);
#2379=ORIENTED_EDGE('',*,*,#4890,.F.);
#2380=ORIENTED_EDGE('',*,*,#4919,.T.);
#2381=ORIENTED_EDGE('',*,*,#4871,.T.);
#2382=ORIENTED_EDGE('',*,*,#4848,.F.);
#2383=ORIENTED_EDGE('',*,*,#4891,.F.);
#2384=ORIENTED_EDGE('',*,*,#4921,.T.);
#2385=ORIENTED_EDGE('',*,*,#4877,.F.);
#2386=ORIENTED_EDGE('',*,*,#4922,.F.);
#2387=ORIENTED_EDGE('',*,*,#4885,.T.);
#2388=ORIENTED_EDGE('',*,*,#4832,.T.);
#2389=ORIENTED_EDGE('',*,*,#4876,.F.);
#2390=ORIENTED_EDGE('',*,*,#4923,.F.);
#2391=ORIENTED_EDGE('',*,*,#4886,.T.);
#2392=ORIENTED_EDGE('',*,*,#4922,.T.);
#2393=ORIENTED_EDGE('',*,*,#4875,.F.);
#2394=ORIENTED_EDGE('',*,*,#4924,.F.);
#2395=ORIENTED_EDGE('',*,*,#4887,.T.);
#2396=ORIENTED_EDGE('',*,*,#4923,.T.);
#2397=ORIENTED_EDGE('',*,*,#4874,.F.);
#2398=ORIENTED_EDGE('',*,*,#4920,.F.);
#2399=ORIENTED_EDGE('',*,*,#4888,.T.);
#2400=ORIENTED_EDGE('',*,*,#4924,.T.);
#2401=ORIENTED_EDGE('',*,*,#4857,.T.);
#2402=ORIENTED_EDGE('',*,*,#4913,.F.);
#2403=ORIENTED_EDGE('',*,*,#4911,.F.);
#2404=ORIENTED_EDGE('',*,*,#4925,.T.);
#2405=ORIENTED_EDGE('',*,*,#4858,.T.);
#2406=ORIENTED_EDGE('',*,*,#4926,.T.);
#2407=ORIENTED_EDGE('',*,*,#4860,.T.);
#2408=ORIENTED_EDGE('',*,*,#4927,.T.);
#2409=ORIENTED_EDGE('',*,*,#4909,.F.);
#2410=ORIENTED_EDGE('',*,*,#4928,.T.);
#2411=ORIENTED_EDGE('',*,*,#4907,.T.);
#2412=ORIENTED_EDGE('',*,*,#4929,.T.);
#2413=ORIENTED_EDGE('',*,*,#4862,.F.);
#2414=ORIENTED_EDGE('',*,*,#4930,.T.);
#2415=ORIENTED_EDGE('',*,*,#4864,.F.);
#2416=ORIENTED_EDGE('',*,*,#4931,.T.);
#2417=ORIENTED_EDGE('',*,*,#4905,.T.);
#2418=ORIENTED_EDGE('',*,*,#4932,.T.);
#2419=ORIENTED_EDGE('',*,*,#4917,.T.);
#2420=ORIENTED_EDGE('',*,*,#4933,.T.);
#2421=ORIENTED_EDGE('',*,*,#4853,.F.);
#2422=ORIENTED_EDGE('',*,*,#4934,.T.);
#2423=ORIENTED_EDGE('',*,*,#4855,.F.);
#2424=ORIENTED_EDGE('',*,*,#4935,.T.);
#2425=ORIENTED_EDGE('',*,*,#4915,.T.);
#2426=ORIENTED_EDGE('',*,*,#4936,.T.);
#2427=ORIENTED_EDGE('',*,*,#4868,.T.);
#2428=ORIENTED_EDGE('',*,*,#4937,.T.);
#2429=ORIENTED_EDGE('',*,*,#4901,.F.);
#2430=ORIENTED_EDGE('',*,*,#4938,.T.);
#2431=ORIENTED_EDGE('',*,*,#4903,.F.);
#2432=ORIENTED_EDGE('',*,*,#4939,.T.);
#2433=ORIENTED_EDGE('',*,*,#4866,.T.);
#2434=ORIENTED_EDGE('',*,*,#4940,.T.);
#2435=ORIENTED_EDGE('',*,*,#4906,.F.);
#2436=ORIENTED_EDGE('',*,*,#4931,.F.);
#2437=ORIENTED_EDGE('',*,*,#4863,.F.);
#2438=ORIENTED_EDGE('',*,*,#4929,.F.);
#2439=ORIENTED_EDGE('',*,*,#4908,.F.);
#2440=ORIENTED_EDGE('',*,*,#4930,.F.);
#2441=ORIENTED_EDGE('',*,*,#4865,.F.);
#2442=ORIENTED_EDGE('',*,*,#4932,.F.);
#2443=ORIENTED_EDGE('',*,*,#4910,.F.);
#2444=ORIENTED_EDGE('',*,*,#4927,.F.);
#2445=ORIENTED_EDGE('',*,*,#4859,.F.);
#2446=ORIENTED_EDGE('',*,*,#4925,.F.);
#2447=ORIENTED_EDGE('',*,*,#4912,.F.);
#2448=ORIENTED_EDGE('',*,*,#4926,.F.);
#2449=ORIENTED_EDGE('',*,*,#4861,.F.);
#2450=ORIENTED_EDGE('',*,*,#4928,.F.);
#2451=ORIENTED_EDGE('',*,*,#4916,.F.);
#2452=ORIENTED_EDGE('',*,*,#4935,.F.);
#2453=ORIENTED_EDGE('',*,*,#4854,.F.);
#2454=ORIENTED_EDGE('',*,*,#4933,.F.);
#2455=ORIENTED_EDGE('',*,*,#4918,.F.);
#2456=ORIENTED_EDGE('',*,*,#4934,.F.);
#2457=ORIENTED_EDGE('',*,*,#4856,.F.);
#2458=ORIENTED_EDGE('',*,*,#4936,.F.);
#2459=ORIENTED_EDGE('',*,*,#4902,.F.);
#2460=ORIENTED_EDGE('',*,*,#4937,.F.);
#2461=ORIENTED_EDGE('',*,*,#4867,.F.);
#2462=ORIENTED_EDGE('',*,*,#4939,.F.);
#2463=ORIENTED_EDGE('',*,*,#4904,.F.);
#2464=ORIENTED_EDGE('',*,*,#4940,.F.);
#2465=ORIENTED_EDGE('',*,*,#4869,.F.);
#2466=ORIENTED_EDGE('',*,*,#4938,.F.);
#2467=ORIENTED_EDGE('',*,*,#4895,.F.);
#2468=ORIENTED_EDGE('',*,*,#4941,.F.);
#2469=ORIENTED_EDGE('',*,*,#4942,.T.);
#2470=ORIENTED_EDGE('',*,*,#4943,.T.);
#2471=ORIENTED_EDGE('',*,*,#4894,.T.);
#2472=ORIENTED_EDGE('',*,*,#4944,.F.);
#2473=ORIENTED_EDGE('',*,*,#4945,.F.);
#2474=ORIENTED_EDGE('',*,*,#4941,.T.);
#2475=ORIENTED_EDGE('',*,*,#4900,.T.);
#2476=ORIENTED_EDGE('',*,*,#4946,.F.);
#2477=ORIENTED_EDGE('',*,*,#4947,.F.);
#2478=ORIENTED_EDGE('',*,*,#4944,.T.);
#2479=ORIENTED_EDGE('',*,*,#4899,.T.);
#2480=ORIENTED_EDGE('',*,*,#4948,.F.);
#2481=ORIENTED_EDGE('',*,*,#4949,.F.);
#2482=ORIENTED_EDGE('',*,*,#4946,.T.);
#2483=ORIENTED_EDGE('',*,*,#4898,.F.);
#2484=ORIENTED_EDGE('',*,*,#4950,.F.);
#2485=ORIENTED_EDGE('',*,*,#4951,.T.);
#2486=ORIENTED_EDGE('',*,*,#4948,.T.);
#2487=ORIENTED_EDGE('',*,*,#4897,.F.);
#2488=ORIENTED_EDGE('',*,*,#4952,.F.);
#2489=ORIENTED_EDGE('',*,*,#4953,.T.);
#2490=ORIENTED_EDGE('',*,*,#4950,.T.);
#2491=ORIENTED_EDGE('',*,*,#4896,.F.);
#2492=ORIENTED_EDGE('',*,*,#4943,.F.);
#2493=ORIENTED_EDGE('',*,*,#4954,.T.);
#2494=ORIENTED_EDGE('',*,*,#4952,.T.);
#2495=ORIENTED_EDGE('',*,*,#4942,.F.);
#2496=ORIENTED_EDGE('',*,*,#4945,.T.);
#2497=ORIENTED_EDGE('',*,*,#4947,.T.);
#2498=ORIENTED_EDGE('',*,*,#4949,.T.);
#2499=ORIENTED_EDGE('',*,*,#4951,.F.);
#2500=ORIENTED_EDGE('',*,*,#4953,.F.);
#2501=ORIENTED_EDGE('',*,*,#4954,.F.);
#2502=ORIENTED_EDGE('',*,*,#4884,.T.);
#2503=ORIENTED_EDGE('',*,*,#4955,.F.);
#2504=ORIENTED_EDGE('',*,*,#4882,.F.);
#2505=ORIENTED_EDGE('',*,*,#4834,.F.);
#2506=ORIENTED_EDGE('',*,*,#4846,.T.);
#2507=ORIENTED_EDGE('',*,*,#4883,.F.);
#2508=ORIENTED_EDGE('',*,*,#4955,.T.);
#2509=ORIENTED_EDGE('',*,*,#4892,.T.);
#2510=ORIENTED_EDGE('',*,*,#4956,.F.);
#2511=ORIENTED_EDGE('',*,*,#4836,.T.);
#2512=ORIENTED_EDGE('',*,*,#4881,.F.);
#2513=ORIENTED_EDGE('',*,*,#4957,.F.);
#2514=ORIENTED_EDGE('',*,*,#4844,.T.);
#2515=ORIENTED_EDGE('',*,*,#4958,.T.);
#2516=ORIENTED_EDGE('',*,*,#4957,.T.);
#2517=ORIENTED_EDGE('',*,*,#4880,.T.);
#2518=ORIENTED_EDGE('',*,*,#4959,.T.);
#2519=ORIENTED_EDGE('',*,*,#4960,.T.);
#2520=ORIENTED_EDGE('',*,*,#4843,.T.);
#2521=ORIENTED_EDGE('',*,*,#4961,.T.);
#2522=ORIENTED_EDGE('',*,*,#4829,.F.);
#2523=ORIENTED_EDGE('',*,*,#4956,.T.);
#2524=ORIENTED_EDGE('',*,*,#4958,.F.);
#2525=ORIENTED_EDGE('',*,*,#4830,.F.);
#2526=ORIENTED_EDGE('',*,*,#4961,.F.);
#2527=ORIENTED_EDGE('',*,*,#4842,.F.);
#2528=ORIENTED_EDGE('',*,*,#4870,.F.);
#2529=ORIENTED_EDGE('',*,*,#4962,.T.);
#2530=ORIENTED_EDGE('',*,*,#4849,.T.);
#2531=ORIENTED_EDGE('',*,*,#4963,.F.);
#2532=ORIENTED_EDGE('',*,*,#4838,.F.);
#2533=ORIENTED_EDGE('',*,*,#4963,.T.);
#2534=ORIENTED_EDGE('',*,*,#4852,.T.);
#2535=ORIENTED_EDGE('',*,*,#4964,.F.);
#2536=ORIENTED_EDGE('',*,*,#4839,.F.);
#2537=ORIENTED_EDGE('',*,*,#4840,.T.);
#2538=ORIENTED_EDGE('',*,*,#4964,.T.);
#2539=ORIENTED_EDGE('',*,*,#4851,.F.);
#2540=ORIENTED_EDGE('',*,*,#4965,.F.);
#2541=ORIENTED_EDGE('',*,*,#4837,.T.);
#2542=ORIENTED_EDGE('',*,*,#4965,.T.);
#2543=ORIENTED_EDGE('',*,*,#4850,.F.);
#2544=ORIENTED_EDGE('',*,*,#4962,.F.);
#2545=ORIENTED_EDGE('',*,*,#4879,.T.);
#2546=ORIENTED_EDGE('',*,*,#4960,.F.);
#2547=ORIENTED_EDGE('',*,*,#4959,.F.);
#2548=ORIENTED_EDGE('',*,*,#4878,.T.);
#2549=ORIENTED_EDGE('',*,*,#4966,.T.);
#2550=ORIENTED_EDGE('',*,*,#4967,.T.);
#2551=ORIENTED_EDGE('',*,*,#4968,.F.);
#2552=ORIENTED_EDGE('',*,*,#4969,.T.);
#2553=ORIENTED_EDGE('',*,*,#4970,.T.);
#2554=ORIENTED_EDGE('',*,*,#4970,.F.);
#2555=ORIENTED_EDGE('',*,*,#4966,.F.);
#2556=ORIENTED_EDGE('',*,*,#4967,.F.);
#2557=ORIENTED_EDGE('',*,*,#4969,.F.);
#2558=ORIENTED_EDGE('',*,*,#4971,.F.);
#2559=ORIENTED_EDGE('',*,*,#4968,.T.);
#2560=ORIENTED_EDGE('',*,*,#4972,.F.);
#2561=ORIENTED_EDGE('',*,*,#4971,.T.);
#2562=ORIENTED_EDGE('',*,*,#4973,.F.);
#2563=ORIENTED_EDGE('',*,*,#4972,.T.);
#2564=ORIENTED_EDGE('',*,*,#4973,.T.);
#2565=ORIENTED_EDGE('',*,*,#4974,.F.);
#2566=ORIENTED_EDGE('',*,*,#4975,.F.);
#2567=ORIENTED_EDGE('',*,*,#4976,.T.);
#2568=ORIENTED_EDGE('',*,*,#4977,.F.);
#2569=ORIENTED_EDGE('',*,*,#4978,.F.);
#2570=ORIENTED_EDGE('',*,*,#4979,.T.);
#2571=ORIENTED_EDGE('',*,*,#4980,.F.);
#2572=ORIENTED_EDGE('',*,*,#4981,.T.);
#2573=ORIENTED_EDGE('',*,*,#4982,.F.);
#2574=ORIENTED_EDGE('',*,*,#4983,.T.);
#2575=ORIENTED_EDGE('',*,*,#4984,.F.);
#2576=ORIENTED_EDGE('',*,*,#4985,.F.);
#2577=ORIENTED_EDGE('',*,*,#4986,.T.);
#2578=ORIENTED_EDGE('',*,*,#4987,.T.);
#2579=ORIENTED_EDGE('',*,*,#4988,.F.);
#2580=ORIENTED_EDGE('',*,*,#4989,.T.);
#2581=ORIENTED_EDGE('',*,*,#4990,.T.);
#2582=ORIENTED_EDGE('',*,*,#4991,.F.);
#2583=ORIENTED_EDGE('',*,*,#4992,.T.);
#2584=ORIENTED_EDGE('',*,*,#4993,.T.);
#2585=ORIENTED_EDGE('',*,*,#4994,.T.);
#2586=ORIENTED_EDGE('',*,*,#4995,.T.);
#2587=ORIENTED_EDGE('',*,*,#4996,.T.);
#2588=ORIENTED_EDGE('',*,*,#4997,.T.);
#2589=ORIENTED_EDGE('',*,*,#4998,.T.);
#2590=ORIENTED_EDGE('',*,*,#4999,.T.);
#2591=ORIENTED_EDGE('',*,*,#5000,.T.);
#2592=ORIENTED_EDGE('',*,*,#5001,.F.);
#2593=ORIENTED_EDGE('',*,*,#5002,.F.);
#2594=ORIENTED_EDGE('',*,*,#5003,.T.);
#2595=ORIENTED_EDGE('',*,*,#5004,.F.);
#2596=ORIENTED_EDGE('',*,*,#5005,.F.);
#2597=ORIENTED_EDGE('',*,*,#5006,.T.);
#2598=ORIENTED_EDGE('',*,*,#5007,.F.);
#2599=ORIENTED_EDGE('',*,*,#5008,.T.);
#2600=ORIENTED_EDGE('',*,*,#5009,.T.);
#2601=ORIENTED_EDGE('',*,*,#5009,.F.);
#2602=ORIENTED_EDGE('',*,*,#4984,.T.);
#2603=ORIENTED_EDGE('',*,*,#4982,.T.);
#2604=ORIENTED_EDGE('',*,*,#4983,.F.);
#2605=ORIENTED_EDGE('',*,*,#4994,.F.);
#2606=ORIENTED_EDGE('',*,*,#5010,.F.);
#2607=ORIENTED_EDGE('',*,*,#5011,.F.);
#2608=ORIENTED_EDGE('',*,*,#4993,.F.);
#2609=ORIENTED_EDGE('',*,*,#5012,.F.);
#2610=ORIENTED_EDGE('',*,*,#5010,.T.);
#2611=ORIENTED_EDGE('',*,*,#4995,.F.);
#2612=ORIENTED_EDGE('',*,*,#5011,.T.);
#2613=ORIENTED_EDGE('',*,*,#5013,.T.);
#2614=ORIENTED_EDGE('',*,*,#4996,.F.);
#2615=ORIENTED_EDGE('',*,*,#5013,.F.);
#2616=ORIENTED_EDGE('',*,*,#5014,.T.);
#2617=ORIENTED_EDGE('',*,*,#4987,.F.);
#2618=ORIENTED_EDGE('',*,*,#5015,.T.);
#2619=ORIENTED_EDGE('',*,*,#5016,.T.);
#2620=ORIENTED_EDGE('',*,*,#5017,.T.);
#2621=ORIENTED_EDGE('',*,*,#5016,.F.);
#2622=ORIENTED_EDGE('',*,*,#5018,.T.);
#2623=ORIENTED_EDGE('',*,*,#5019,.T.);
#2624=ORIENTED_EDGE('',*,*,#4986,.F.);
#2625=ORIENTED_EDGE('',*,*,#5020,.F.);
#2626=ORIENTED_EDGE('',*,*,#5021,.F.);
#2627=ORIENTED_EDGE('',*,*,#5015,.F.);
#2628=ORIENTED_EDGE('',*,*,#5022,.F.);
#2629=ORIENTED_EDGE('',*,*,#5021,.T.);
#2630=ORIENTED_EDGE('',*,*,#5023,.F.);
#2631=ORIENTED_EDGE('',*,*,#4998,.F.);
#2632=ORIENTED_EDGE('',*,*,#5024,.T.);
#2633=ORIENTED_EDGE('',*,*,#5025,.F.);
#2634=ORIENTED_EDGE('',*,*,#5026,.T.);
#2635=ORIENTED_EDGE('',*,*,#5027,.F.);
#2636=ORIENTED_EDGE('',*,*,#5028,.T.);
#2637=ORIENTED_EDGE('',*,*,#5029,.T.);
#2638=ORIENTED_EDGE('',*,*,#4999,.F.);
#2639=ORIENTED_EDGE('',*,*,#5029,.F.);
#2640=ORIENTED_EDGE('',*,*,#5030,.T.);
#2641=ORIENTED_EDGE('',*,*,#5031,.T.);
#2642=ORIENTED_EDGE('',*,*,#5000,.F.);
#2643=ORIENTED_EDGE('',*,*,#5031,.F.);
#2644=ORIENTED_EDGE('',*,*,#5032,.T.);
#2645=ORIENTED_EDGE('',*,*,#5033,.F.);
#2646=ORIENTED_EDGE('',*,*,#5034,.T.);
#2647=ORIENTED_EDGE('',*,*,#5035,.T.);
#2648=ORIENTED_EDGE('',*,*,#5022,.T.);
#2649=ORIENTED_EDGE('',*,*,#5036,.F.);
#2650=ORIENTED_EDGE('',*,*,#5025,.T.);
#2651=ORIENTED_EDGE('',*,*,#5037,.T.);
#2652=ORIENTED_EDGE('',*,*,#5035,.F.);
#2653=ORIENTED_EDGE('',*,*,#5038,.T.);
#2654=ORIENTED_EDGE('',*,*,#5039,.F.);
#2655=ORIENTED_EDGE('',*,*,#5033,.T.);
#2656=ORIENTED_EDGE('',*,*,#5040,.T.);
#2657=ORIENTED_EDGE('',*,*,#5027,.T.);
#2658=ORIENTED_EDGE('',*,*,#5030,.F.);
#2659=ORIENTED_EDGE('',*,*,#5028,.F.);
#2660=ORIENTED_EDGE('',*,*,#5040,.F.);
#2661=ORIENTED_EDGE('',*,*,#5032,.F.);
#2662=ORIENTED_EDGE('',*,*,#5034,.F.);
#2663=ORIENTED_EDGE('',*,*,#5039,.T.);
#2664=ORIENTED_EDGE('',*,*,#5026,.F.);
#2665=ORIENTED_EDGE('',*,*,#5038,.F.);
#2666=ORIENTED_EDGE('',*,*,#4992,.F.);
#2667=ORIENTED_EDGE('',*,*,#5041,.T.);
#2668=ORIENTED_EDGE('',*,*,#5042,.F.);
#2669=ORIENTED_EDGE('',*,*,#5043,.T.);
#2670=ORIENTED_EDGE('',*,*,#5044,.F.);
#2671=ORIENTED_EDGE('',*,*,#5045,.T.);
#2672=ORIENTED_EDGE('',*,*,#5046,.T.);
#2673=ORIENTED_EDGE('',*,*,#5012,.T.);
#2674=ORIENTED_EDGE('',*,*,#5047,.T.);
#2675=ORIENTED_EDGE('',*,*,#5048,.T.);
#2676=ORIENTED_EDGE('',*,*,#5046,.F.);
#2677=ORIENTED_EDGE('',*,*,#5049,.T.);
#2678=ORIENTED_EDGE('',*,*,#4990,.F.);
#2679=ORIENTED_EDGE('',*,*,#5050,.T.);
#2680=ORIENTED_EDGE('',*,*,#5047,.F.);
#2681=ORIENTED_EDGE('',*,*,#5051,.T.);
#2682=ORIENTED_EDGE('',*,*,#5052,.F.);
#2683=ORIENTED_EDGE('',*,*,#5053,.T.);
#2684=ORIENTED_EDGE('',*,*,#5054,.T.);
#2685=ORIENTED_EDGE('',*,*,#5055,.T.);
#2686=ORIENTED_EDGE('',*,*,#5056,.T.);
#2687=ORIENTED_EDGE('',*,*,#5042,.T.);
#2688=ORIENTED_EDGE('',*,*,#5057,.T.);
#2689=ORIENTED_EDGE('',*,*,#5054,.F.);
#2690=ORIENTED_EDGE('',*,*,#5058,.F.);
#2691=ORIENTED_EDGE('',*,*,#5052,.T.);
#2692=ORIENTED_EDGE('',*,*,#5059,.T.);
#2693=ORIENTED_EDGE('',*,*,#5044,.T.);
#2694=ORIENTED_EDGE('',*,*,#5049,.F.);
#2695=ORIENTED_EDGE('',*,*,#5045,.F.);
#2696=ORIENTED_EDGE('',*,*,#5059,.F.);
#2697=ORIENTED_EDGE('',*,*,#5051,.F.);
#2698=ORIENTED_EDGE('',*,*,#5053,.F.);
#2699=ORIENTED_EDGE('',*,*,#5058,.T.);
#2700=ORIENTED_EDGE('',*,*,#5043,.F.);
#2701=ORIENTED_EDGE('',*,*,#5056,.F.);
#2702=ORIENTED_EDGE('',*,*,#5060,.T.);
#2703=ORIENTED_EDGE('',*,*,#5061,.T.);
#2704=ORIENTED_EDGE('',*,*,#5062,.T.);
#2705=ORIENTED_EDGE('',*,*,#5063,.F.);
#2706=ORIENTED_EDGE('',*,*,#5064,.T.);
#2707=ORIENTED_EDGE('',*,*,#5065,.T.);
#2708=ORIENTED_EDGE('',*,*,#5066,.T.);
#2709=ORIENTED_EDGE('',*,*,#5067,.T.);
#2710=ORIENTED_EDGE('',*,*,#5063,.T.);
#2711=ORIENTED_EDGE('',*,*,#5068,.F.);
#2712=ORIENTED_EDGE('',*,*,#5066,.F.);
#2713=ORIENTED_EDGE('',*,*,#5069,.F.);
#2714=ORIENTED_EDGE('',*,*,#5037,.F.);
#2715=ORIENTED_EDGE('',*,*,#5070,.F.);
#2716=ORIENTED_EDGE('',*,*,#5061,.F.);
#2717=ORIENTED_EDGE('',*,*,#5071,.T.);
#2718=ORIENTED_EDGE('',*,*,#5048,.F.);
#2719=ORIENTED_EDGE('',*,*,#5072,.F.);
#2720=ORIENTED_EDGE('',*,*,#5064,.F.);
#2721=ORIENTED_EDGE('',*,*,#5073,.T.);
#2722=ORIENTED_EDGE('',*,*,#4989,.F.);
#2723=ORIENTED_EDGE('',*,*,#5074,.T.);
#2724=ORIENTED_EDGE('',*,*,#5018,.F.);
#2725=ORIENTED_EDGE('',*,*,#5071,.F.);
#2726=ORIENTED_EDGE('',*,*,#5060,.F.);
#2727=ORIENTED_EDGE('',*,*,#5069,.T.);
#2728=ORIENTED_EDGE('',*,*,#5065,.F.);
#2729=ORIENTED_EDGE('',*,*,#5072,.T.);
#2730=ORIENTED_EDGE('',*,*,#5050,.F.);
#2731=ORIENTED_EDGE('',*,*,#4997,.F.);
#2732=ORIENTED_EDGE('',*,*,#5014,.F.);
#2733=ORIENTED_EDGE('',*,*,#5073,.F.);
#2734=ORIENTED_EDGE('',*,*,#5067,.F.);
#2735=ORIENTED_EDGE('',*,*,#5068,.T.);
#2736=ORIENTED_EDGE('',*,*,#5062,.F.);
#2737=ORIENTED_EDGE('',*,*,#5070,.T.);
#2738=ORIENTED_EDGE('',*,*,#5024,.F.);
#2739=ORIENTED_EDGE('',*,*,#5074,.F.);
#2740=ORIENTED_EDGE('',*,*,#4988,.T.);
#2741=ORIENTED_EDGE('',*,*,#5017,.F.);
#2742=ORIENTED_EDGE('',*,*,#5019,.F.);
#2743=ORIENTED_EDGE('',*,*,#5020,.T.);
#2744=ORIENTED_EDGE('',*,*,#4985,.T.);
#2745=ORIENTED_EDGE('',*,*,#5036,.T.);
#2746=ORIENTED_EDGE('',*,*,#5023,.T.);
#2747=ORIENTED_EDGE('',*,*,#5041,.F.);
#2748=ORIENTED_EDGE('',*,*,#4991,.T.);
#2749=ORIENTED_EDGE('',*,*,#5055,.F.);
#2750=ORIENTED_EDGE('',*,*,#5057,.F.);
#2751=ORIENTED_EDGE('',*,*,#5003,.F.);
#2752=ORIENTED_EDGE('',*,*,#5075,.F.);
#2753=ORIENTED_EDGE('',*,*,#5076,.F.);
#2754=ORIENTED_EDGE('',*,*,#5077,.F.);
#2755=ORIENTED_EDGE('',*,*,#5005,.T.);
#2756=ORIENTED_EDGE('',*,*,#5078,.F.);
#2757=ORIENTED_EDGE('',*,*,#5006,.F.);
#2758=ORIENTED_EDGE('',*,*,#5077,.T.);
#2759=ORIENTED_EDGE('',*,*,#5079,.T.);
#2760=ORIENTED_EDGE('',*,*,#5078,.T.);
#2761=ORIENTED_EDGE('',*,*,#5004,.T.);
#2762=ORIENTED_EDGE('',*,*,#5076,.T.);
#2763=ORIENTED_EDGE('',*,*,#5080,.T.);
#2764=ORIENTED_EDGE('',*,*,#5001,.T.);
#2765=ORIENTED_EDGE('',*,*,#5081,.T.);
#2766=ORIENTED_EDGE('',*,*,#5008,.F.);
#2767=ORIENTED_EDGE('',*,*,#5082,.T.);
#2768=ORIENTED_EDGE('',*,*,#5081,.F.);
#2769=ORIENTED_EDGE('',*,*,#5082,.F.);
#2770=ORIENTED_EDGE('',*,*,#5007,.T.);
#2771=ORIENTED_EDGE('',*,*,#5079,.F.);
#2772=ORIENTED_EDGE('',*,*,#5075,.T.);
#2773=ORIENTED_EDGE('',*,*,#5002,.T.);
#2774=ORIENTED_EDGE('',*,*,#5080,.F.);
#2775=ORIENTED_EDGE('',*,*,#5083,.T.);
#2776=ORIENTED_EDGE('',*,*,#4975,.T.);
#2777=ORIENTED_EDGE('',*,*,#5084,.F.);
#2778=ORIENTED_EDGE('',*,*,#5084,.T.);
#2779=ORIENTED_EDGE('',*,*,#4974,.T.);
#2780=ORIENTED_EDGE('',*,*,#5085,.T.);
#2781=ORIENTED_EDGE('',*,*,#5086,.T.);
#2782=ORIENTED_EDGE('',*,*,#4980,.T.);
#2783=ORIENTED_EDGE('',*,*,#5087,.F.);
#2784=ORIENTED_EDGE('',*,*,#5088,.F.);
#2785=ORIENTED_EDGE('',*,*,#4978,.T.);
#2786=ORIENTED_EDGE('',*,*,#5089,.F.);
#2787=ORIENTED_EDGE('',*,*,#5089,.T.);
#2788=ORIENTED_EDGE('',*,*,#4977,.T.);
#2789=ORIENTED_EDGE('',*,*,#5090,.T.);
#2790=ORIENTED_EDGE('',*,*,#4981,.F.);
#2791=ORIENTED_EDGE('',*,*,#5086,.F.);
#2792=ORIENTED_EDGE('',*,*,#5085,.F.);
#2793=ORIENTED_EDGE('',*,*,#4979,.F.);
#2794=ORIENTED_EDGE('',*,*,#5088,.T.);
#2795=ORIENTED_EDGE('',*,*,#5087,.T.);
#2796=ORIENTED_EDGE('',*,*,#4976,.F.);
#2797=ORIENTED_EDGE('',*,*,#5083,.F.);
#2798=ORIENTED_EDGE('',*,*,#5090,.F.);
#2799=ORIENTED_EDGE('',*,*,#5091,.F.);
#2800=ORIENTED_EDGE('',*,*,#5092,.F.);
#2801=ORIENTED_EDGE('',*,*,#5093,.F.);
#2802=ORIENTED_EDGE('',*,*,#5094,.T.);
#2803=ORIENTED_EDGE('',*,*,#5095,.T.);
#2804=ORIENTED_EDGE('',*,*,#5096,.T.);
#2805=ORIENTED_EDGE('',*,*,#5097,.F.);
#2806=ORIENTED_EDGE('',*,*,#5098,.F.);
#2807=ORIENTED_EDGE('',*,*,#5093,.T.);
#2808=ORIENTED_EDGE('',*,*,#5099,.T.);
#2809=ORIENTED_EDGE('',*,*,#5100,.F.);
#2810=ORIENTED_EDGE('',*,*,#5101,.F.);
#2811=ORIENTED_EDGE('',*,*,#5097,.T.);
#2812=ORIENTED_EDGE('',*,*,#5102,.F.);
#2813=ORIENTED_EDGE('',*,*,#5095,.F.);
#2814=ORIENTED_EDGE('',*,*,#5103,.T.);
#2815=ORIENTED_EDGE('',*,*,#5100,.T.);
#2816=ORIENTED_EDGE('',*,*,#5094,.F.);
#2817=ORIENTED_EDGE('',*,*,#5098,.T.);
#2818=ORIENTED_EDGE('',*,*,#5101,.T.);
#2819=ORIENTED_EDGE('',*,*,#5103,.F.);
#2820=ORIENTED_EDGE('',*,*,#5092,.T.);
#2821=ORIENTED_EDGE('',*,*,#5102,.T.);
#2822=ORIENTED_EDGE('',*,*,#5099,.F.);
#2823=ORIENTED_EDGE('',*,*,#5096,.F.);
#2824=ORIENTED_EDGE('',*,*,#5104,.F.);
#2825=ORIENTED_EDGE('',*,*,#5091,.T.);
#2826=ORIENTED_EDGE('',*,*,#5104,.T.);
#2827=ORIENTED_EDGE('',*,*,#5105,.F.);
#2828=ORIENTED_EDGE('',*,*,#5106,.F.);
#2829=ORIENTED_EDGE('',*,*,#5107,.T.);
#2830=ORIENTED_EDGE('',*,*,#5108,.T.);
#2831=ORIENTED_EDGE('',*,*,#5109,.T.);
#2832=ORIENTED_EDGE('',*,*,#5110,.F.);
#2833=ORIENTED_EDGE('',*,*,#5111,.F.);
#2834=ORIENTED_EDGE('',*,*,#5106,.T.);
#2835=ORIENTED_EDGE('',*,*,#5112,.T.);
#2836=ORIENTED_EDGE('',*,*,#5113,.F.);
#2837=ORIENTED_EDGE('',*,*,#5114,.F.);
#2838=ORIENTED_EDGE('',*,*,#5110,.T.);
#2839=ORIENTED_EDGE('',*,*,#5115,.F.);
#2840=ORIENTED_EDGE('',*,*,#5108,.F.);
#2841=ORIENTED_EDGE('',*,*,#5116,.T.);
#2842=ORIENTED_EDGE('',*,*,#5113,.T.);
#2843=ORIENTED_EDGE('',*,*,#5107,.F.);
#2844=ORIENTED_EDGE('',*,*,#5111,.T.);
#2845=ORIENTED_EDGE('',*,*,#5114,.T.);
#2846=ORIENTED_EDGE('',*,*,#5116,.F.);
#2847=ORIENTED_EDGE('',*,*,#5105,.T.);
#2848=ORIENTED_EDGE('',*,*,#5115,.T.);
#2849=ORIENTED_EDGE('',*,*,#5112,.F.);
#2850=ORIENTED_EDGE('',*,*,#5109,.F.);
#2851=ORIENTED_EDGE('',*,*,#5117,.T.);
#2852=ORIENTED_EDGE('',*,*,#5118,.T.);
#2853=ORIENTED_EDGE('',*,*,#5119,.F.);
#2854=ORIENTED_EDGE('',*,*,#5120,.F.);
#2855=ORIENTED_EDGE('',*,*,#5121,.F.);
#2856=ORIENTED_EDGE('',*,*,#5122,.T.);
#2857=ORIENTED_EDGE('',*,*,#5123,.T.);
#2858=ORIENTED_EDGE('',*,*,#5124,.F.);
#2859=ORIENTED_EDGE('',*,*,#5125,.F.);
#2860=ORIENTED_EDGE('',*,*,#5126,.T.);
#2861=ORIENTED_EDGE('',*,*,#5127,.T.);
#2862=ORIENTED_EDGE('',*,*,#5128,.T.);
#2863=ORIENTED_EDGE('',*,*,#5129,.T.);
#2864=ORIENTED_EDGE('',*,*,#5130,.F.);
#2865=ORIENTED_EDGE('',*,*,#5131,.T.);
#2866=ORIENTED_EDGE('',*,*,#5132,.F.);
#2867=ORIENTED_EDGE('',*,*,#5133,.T.);
#2868=ORIENTED_EDGE('',*,*,#5134,.T.);
#2869=ORIENTED_EDGE('',*,*,#5135,.F.);
#2870=ORIENTED_EDGE('',*,*,#5136,.F.);
#2871=ORIENTED_EDGE('',*,*,#5137,.F.);
#2872=ORIENTED_EDGE('',*,*,#5138,.T.);
#2873=ORIENTED_EDGE('',*,*,#5139,.F.);
#2874=ORIENTED_EDGE('',*,*,#5140,.T.);
#2875=ORIENTED_EDGE('',*,*,#5141,.T.);
#2876=ORIENTED_EDGE('',*,*,#5142,.T.);
#2877=ORIENTED_EDGE('',*,*,#5143,.T.);
#2878=ORIENTED_EDGE('',*,*,#5144,.F.);
#2879=ORIENTED_EDGE('',*,*,#5145,.F.);
#2880=ORIENTED_EDGE('',*,*,#5146,.F.);
#2881=ORIENTED_EDGE('',*,*,#5147,.F.);
#2882=ORIENTED_EDGE('',*,*,#5148,.F.);
#2883=ORIENTED_EDGE('',*,*,#5149,.T.);
#2884=ORIENTED_EDGE('',*,*,#5150,.T.);
#2885=ORIENTED_EDGE('',*,*,#5151,.T.);
#2886=ORIENTED_EDGE('',*,*,#5152,.T.);
#2887=ORIENTED_EDGE('',*,*,#5153,.T.);
#2888=ORIENTED_EDGE('',*,*,#5154,.T.);
#2889=ORIENTED_EDGE('',*,*,#5155,.F.);
#2890=ORIENTED_EDGE('',*,*,#5156,.T.);
#2891=ORIENTED_EDGE('',*,*,#5157,.T.);
#2892=ORIENTED_EDGE('',*,*,#5158,.T.);
#2893=ORIENTED_EDGE('',*,*,#5159,.F.);
#2894=ORIENTED_EDGE('',*,*,#5160,.F.);
#2895=ORIENTED_EDGE('',*,*,#5161,.T.);
#2896=ORIENTED_EDGE('',*,*,#5162,.F.);
#2897=ORIENTED_EDGE('',*,*,#5163,.T.);
#2898=ORIENTED_EDGE('',*,*,#5164,.F.);
#2899=ORIENTED_EDGE('',*,*,#5165,.F.);
#2900=ORIENTED_EDGE('',*,*,#5166,.F.);
#2901=ORIENTED_EDGE('',*,*,#5167,.F.);
#2902=ORIENTED_EDGE('',*,*,#5168,.T.);
#2903=ORIENTED_EDGE('',*,*,#5169,.T.);
#2904=ORIENTED_EDGE('',*,*,#5170,.F.);
#2905=ORIENTED_EDGE('',*,*,#5171,.F.);
#2906=ORIENTED_EDGE('',*,*,#5172,.T.);
#2907=ORIENTED_EDGE('',*,*,#5173,.F.);
#2908=ORIENTED_EDGE('',*,*,#5174,.F.);
#2909=ORIENTED_EDGE('',*,*,#5175,.F.);
#2910=ORIENTED_EDGE('',*,*,#5176,.F.);
#2911=ORIENTED_EDGE('',*,*,#5177,.T.);
#2912=ORIENTED_EDGE('',*,*,#5178,.T.);
#2913=ORIENTED_EDGE('',*,*,#5179,.T.);
#2914=ORIENTED_EDGE('',*,*,#5180,.T.);
#2915=ORIENTED_EDGE('',*,*,#5181,.F.);
#2916=ORIENTED_EDGE('',*,*,#5182,.F.);
#2917=ORIENTED_EDGE('',*,*,#5153,.F.);
#2918=ORIENTED_EDGE('',*,*,#5183,.F.);
#2919=ORIENTED_EDGE('',*,*,#5120,.T.);
#2920=ORIENTED_EDGE('',*,*,#5184,.T.);
#2921=ORIENTED_EDGE('',*,*,#5172,.F.);
#2922=ORIENTED_EDGE('',*,*,#5185,.F.);
#2923=ORIENTED_EDGE('',*,*,#5121,.T.);
#2924=ORIENTED_EDGE('',*,*,#5183,.T.);
#2925=ORIENTED_EDGE('',*,*,#5171,.T.);
#2926=ORIENTED_EDGE('',*,*,#5186,.F.);
#2927=ORIENTED_EDGE('',*,*,#5122,.F.);
#2928=ORIENTED_EDGE('',*,*,#5185,.T.);
#2929=ORIENTED_EDGE('',*,*,#5170,.T.);
#2930=ORIENTED_EDGE('',*,*,#5187,.F.);
#2931=ORIENTED_EDGE('',*,*,#5123,.F.);
#2932=ORIENTED_EDGE('',*,*,#5186,.T.);
#2933=ORIENTED_EDGE('',*,*,#5169,.F.);
#2934=ORIENTED_EDGE('',*,*,#5188,.F.);
#2935=ORIENTED_EDGE('',*,*,#5124,.T.);
#2936=ORIENTED_EDGE('',*,*,#5187,.T.);
#2937=ORIENTED_EDGE('',*,*,#5168,.F.);
#2938=ORIENTED_EDGE('',*,*,#5189,.F.);
#2939=ORIENTED_EDGE('',*,*,#5125,.T.);
#2940=ORIENTED_EDGE('',*,*,#5188,.T.);
#2941=ORIENTED_EDGE('',*,*,#5167,.T.);
#2942=ORIENTED_EDGE('',*,*,#5190,.F.);
#2943=ORIENTED_EDGE('',*,*,#5126,.F.);
#2944=ORIENTED_EDGE('',*,*,#5189,.T.);
#2945=ORIENTED_EDGE('',*,*,#5166,.T.);
#2946=ORIENTED_EDGE('',*,*,#5191,.F.);
#2947=ORIENTED_EDGE('',*,*,#5127,.F.);
#2948=ORIENTED_EDGE('',*,*,#5190,.T.);
#2949=ORIENTED_EDGE('',*,*,#5165,.T.);
#2950=ORIENTED_EDGE('',*,*,#5192,.F.);
#2951=ORIENTED_EDGE('',*,*,#5128,.F.);
#2952=ORIENTED_EDGE('',*,*,#5191,.T.);
#2953=ORIENTED_EDGE('',*,*,#5164,.T.);
#2954=ORIENTED_EDGE('',*,*,#5193,.F.);
#2955=ORIENTED_EDGE('',*,*,#5129,.F.);
#2956=ORIENTED_EDGE('',*,*,#5192,.T.);
#2957=ORIENTED_EDGE('',*,*,#5163,.F.);
#2958=ORIENTED_EDGE('',*,*,#5194,.F.);
#2959=ORIENTED_EDGE('',*,*,#5130,.T.);
#2960=ORIENTED_EDGE('',*,*,#5193,.T.);
#2961=ORIENTED_EDGE('',*,*,#5162,.T.);
#2962=ORIENTED_EDGE('',*,*,#5195,.F.);
#2963=ORIENTED_EDGE('',*,*,#5131,.F.);
#2964=ORIENTED_EDGE('',*,*,#5194,.T.);
#2965=ORIENTED_EDGE('',*,*,#5161,.F.);
#2966=ORIENTED_EDGE('',*,*,#5196,.F.);
#2967=ORIENTED_EDGE('',*,*,#5132,.T.);
#2968=ORIENTED_EDGE('',*,*,#5195,.T.);
#2969=ORIENTED_EDGE('',*,*,#5160,.T.);
#2970=ORIENTED_EDGE('',*,*,#5197,.F.);
#2971=ORIENTED_EDGE('',*,*,#5133,.F.);
#2972=ORIENTED_EDGE('',*,*,#5196,.T.);
#2973=ORIENTED_EDGE('',*,*,#5159,.T.);
#2974=ORIENTED_EDGE('',*,*,#5198,.F.);
#2975=ORIENTED_EDGE('',*,*,#5134,.F.);
#2976=ORIENTED_EDGE('',*,*,#5197,.T.);
#2977=ORIENTED_EDGE('',*,*,#5158,.F.);
#2978=ORIENTED_EDGE('',*,*,#5199,.F.);
#2979=ORIENTED_EDGE('',*,*,#5135,.T.);
#2980=ORIENTED_EDGE('',*,*,#5198,.T.);
#2981=ORIENTED_EDGE('',*,*,#5157,.F.);
#2982=ORIENTED_EDGE('',*,*,#5200,.F.);
#2983=ORIENTED_EDGE('',*,*,#5136,.T.);
#2984=ORIENTED_EDGE('',*,*,#5199,.T.);
#2985=ORIENTED_EDGE('',*,*,#5156,.F.);
#2986=ORIENTED_EDGE('',*,*,#5201,.F.);
#2987=ORIENTED_EDGE('',*,*,#5137,.T.);
#2988=ORIENTED_EDGE('',*,*,#5200,.T.);
#2989=ORIENTED_EDGE('',*,*,#5155,.T.);
#2990=ORIENTED_EDGE('',*,*,#5202,.F.);
#2991=ORIENTED_EDGE('',*,*,#5138,.F.);
#2992=ORIENTED_EDGE('',*,*,#5201,.T.);
#2993=ORIENTED_EDGE('',*,*,#5146,.T.);
#2994=ORIENTED_EDGE('',*,*,#5179,.F.);
#2995=ORIENTED_EDGE('',*,*,#5145,.T.);
#2996=ORIENTED_EDGE('',*,*,#5178,.F.);
#2997=ORIENTED_EDGE('',*,*,#5144,.T.);
#2998=ORIENTED_EDGE('',*,*,#5177,.F.);
#2999=ORIENTED_EDGE('',*,*,#5143,.F.);
#3000=ORIENTED_EDGE('',*,*,#5176,.T.);
#3001=ORIENTED_EDGE('',*,*,#5142,.F.);
#3002=ORIENTED_EDGE('',*,*,#5175,.T.);
#3003=ORIENTED_EDGE('',*,*,#5141,.F.);
#3004=ORIENTED_EDGE('',*,*,#5174,.T.);
#3005=ORIENTED_EDGE('',*,*,#5140,.F.);
#3006=ORIENTED_EDGE('',*,*,#5173,.T.);
#3007=ORIENTED_EDGE('',*,*,#5154,.F.);
#3008=ORIENTED_EDGE('',*,*,#5184,.F.);
#3009=ORIENTED_EDGE('',*,*,#5139,.T.);
#3010=ORIENTED_EDGE('',*,*,#5202,.T.);
#3011=ORIENTED_EDGE('',*,*,#5147,.T.);
#3012=ORIENTED_EDGE('',*,*,#5180,.F.);
#3013=ORIENTED_EDGE('',*,*,#5119,.T.);
#3014=ORIENTED_EDGE('',*,*,#5152,.F.);
#3015=ORIENTED_EDGE('',*,*,#5118,.F.);
#3016=ORIENTED_EDGE('',*,*,#5181,.T.);
#3017=ORIENTED_EDGE('',*,*,#5148,.T.);
#3018=ORIENTED_EDGE('',*,*,#5151,.F.);
#3019=ORIENTED_EDGE('',*,*,#5149,.F.);
#3020=ORIENTED_EDGE('',*,*,#5182,.T.);
#3021=ORIENTED_EDGE('',*,*,#5117,.F.);
#3022=ORIENTED_EDGE('',*,*,#5150,.F.);
#3023=ORIENTED_EDGE('',*,*,#5203,.F.);
#3024=ORIENTED_EDGE('',*,*,#5204,.F.);
#3025=ORIENTED_EDGE('',*,*,#5205,.T.);
#3026=ORIENTED_EDGE('',*,*,#5206,.F.);
#3027=ORIENTED_EDGE('',*,*,#5207,.F.);
#3028=ORIENTED_EDGE('',*,*,#5208,.T.);
#3029=ORIENTED_EDGE('',*,*,#5209,.F.);
#3030=ORIENTED_EDGE('',*,*,#5210,.T.);
#3031=ORIENTED_EDGE('',*,*,#5211,.F.);
#3032=ORIENTED_EDGE('',*,*,#5212,.T.);
#3033=ORIENTED_EDGE('',*,*,#5213,.F.);
#3034=ORIENTED_EDGE('',*,*,#5214,.F.);
#3035=ORIENTED_EDGE('',*,*,#5215,.T.);
#3036=ORIENTED_EDGE('',*,*,#5216,.T.);
#3037=ORIENTED_EDGE('',*,*,#5217,.F.);
#3038=ORIENTED_EDGE('',*,*,#5218,.T.);
#3039=ORIENTED_EDGE('',*,*,#5219,.T.);
#3040=ORIENTED_EDGE('',*,*,#5220,.F.);
#3041=ORIENTED_EDGE('',*,*,#5221,.T.);
#3042=ORIENTED_EDGE('',*,*,#5222,.T.);
#3043=ORIENTED_EDGE('',*,*,#5223,.T.);
#3044=ORIENTED_EDGE('',*,*,#5224,.T.);
#3045=ORIENTED_EDGE('',*,*,#5225,.T.);
#3046=ORIENTED_EDGE('',*,*,#5226,.T.);
#3047=ORIENTED_EDGE('',*,*,#5227,.T.);
#3048=ORIENTED_EDGE('',*,*,#5228,.T.);
#3049=ORIENTED_EDGE('',*,*,#5229,.T.);
#3050=ORIENTED_EDGE('',*,*,#5230,.F.);
#3051=ORIENTED_EDGE('',*,*,#5231,.F.);
#3052=ORIENTED_EDGE('',*,*,#5232,.T.);
#3053=ORIENTED_EDGE('',*,*,#5233,.F.);
#3054=ORIENTED_EDGE('',*,*,#5234,.F.);
#3055=ORIENTED_EDGE('',*,*,#5235,.T.);
#3056=ORIENTED_EDGE('',*,*,#5236,.F.);
#3057=ORIENTED_EDGE('',*,*,#5237,.T.);
#3058=ORIENTED_EDGE('',*,*,#5238,.T.);
#3059=ORIENTED_EDGE('',*,*,#5238,.F.);
#3060=ORIENTED_EDGE('',*,*,#5213,.T.);
#3061=ORIENTED_EDGE('',*,*,#5211,.T.);
#3062=ORIENTED_EDGE('',*,*,#5212,.F.);
#3063=ORIENTED_EDGE('',*,*,#5223,.F.);
#3064=ORIENTED_EDGE('',*,*,#5239,.F.);
#3065=ORIENTED_EDGE('',*,*,#5240,.F.);
#3066=ORIENTED_EDGE('',*,*,#5222,.F.);
#3067=ORIENTED_EDGE('',*,*,#5241,.F.);
#3068=ORIENTED_EDGE('',*,*,#5239,.T.);
#3069=ORIENTED_EDGE('',*,*,#5224,.F.);
#3070=ORIENTED_EDGE('',*,*,#5240,.T.);
#3071=ORIENTED_EDGE('',*,*,#5242,.T.);
#3072=ORIENTED_EDGE('',*,*,#5225,.F.);
#3073=ORIENTED_EDGE('',*,*,#5242,.F.);
#3074=ORIENTED_EDGE('',*,*,#5243,.T.);
#3075=ORIENTED_EDGE('',*,*,#5216,.F.);
#3076=ORIENTED_EDGE('',*,*,#5244,.T.);
#3077=ORIENTED_EDGE('',*,*,#5245,.T.);
#3078=ORIENTED_EDGE('',*,*,#5246,.T.);
#3079=ORIENTED_EDGE('',*,*,#5245,.F.);
#3080=ORIENTED_EDGE('',*,*,#5247,.T.);
#3081=ORIENTED_EDGE('',*,*,#5248,.T.);
#3082=ORIENTED_EDGE('',*,*,#5215,.F.);
#3083=ORIENTED_EDGE('',*,*,#5249,.F.);
#3084=ORIENTED_EDGE('',*,*,#5250,.F.);
#3085=ORIENTED_EDGE('',*,*,#5244,.F.);
#3086=ORIENTED_EDGE('',*,*,#5251,.F.);
#3087=ORIENTED_EDGE('',*,*,#5250,.T.);
#3088=ORIENTED_EDGE('',*,*,#5252,.F.);
#3089=ORIENTED_EDGE('',*,*,#5227,.F.);
#3090=ORIENTED_EDGE('',*,*,#5253,.T.);
#3091=ORIENTED_EDGE('',*,*,#5254,.F.);
#3092=ORIENTED_EDGE('',*,*,#5255,.T.);
#3093=ORIENTED_EDGE('',*,*,#5256,.F.);
#3094=ORIENTED_EDGE('',*,*,#5257,.T.);
#3095=ORIENTED_EDGE('',*,*,#5258,.T.);
#3096=ORIENTED_EDGE('',*,*,#5228,.F.);
#3097=ORIENTED_EDGE('',*,*,#5258,.F.);
#3098=ORIENTED_EDGE('',*,*,#5259,.T.);
#3099=ORIENTED_EDGE('',*,*,#5260,.T.);
#3100=ORIENTED_EDGE('',*,*,#5229,.F.);
#3101=ORIENTED_EDGE('',*,*,#5260,.F.);
#3102=ORIENTED_EDGE('',*,*,#5261,.T.);
#3103=ORIENTED_EDGE('',*,*,#5262,.F.);
#3104=ORIENTED_EDGE('',*,*,#5263,.T.);
#3105=ORIENTED_EDGE('',*,*,#5264,.T.);
#3106=ORIENTED_EDGE('',*,*,#5251,.T.);
#3107=ORIENTED_EDGE('',*,*,#5265,.F.);
#3108=ORIENTED_EDGE('',*,*,#5254,.T.);
#3109=ORIENTED_EDGE('',*,*,#5266,.T.);
#3110=ORIENTED_EDGE('',*,*,#5264,.F.);
#3111=ORIENTED_EDGE('',*,*,#5267,.T.);
#3112=ORIENTED_EDGE('',*,*,#5268,.F.);
#3113=ORIENTED_EDGE('',*,*,#5262,.T.);
#3114=ORIENTED_EDGE('',*,*,#5269,.T.);
#3115=ORIENTED_EDGE('',*,*,#5256,.T.);
#3116=ORIENTED_EDGE('',*,*,#5259,.F.);
#3117=ORIENTED_EDGE('',*,*,#5257,.F.);
#3118=ORIENTED_EDGE('',*,*,#5269,.F.);
#3119=ORIENTED_EDGE('',*,*,#5261,.F.);
#3120=ORIENTED_EDGE('',*,*,#5263,.F.);
#3121=ORIENTED_EDGE('',*,*,#5268,.T.);
#3122=ORIENTED_EDGE('',*,*,#5255,.F.);
#3123=ORIENTED_EDGE('',*,*,#5267,.F.);
#3124=ORIENTED_EDGE('',*,*,#5221,.F.);
#3125=ORIENTED_EDGE('',*,*,#5270,.T.);
#3126=ORIENTED_EDGE('',*,*,#5271,.F.);
#3127=ORIENTED_EDGE('',*,*,#5272,.T.);
#3128=ORIENTED_EDGE('',*,*,#5273,.F.);
#3129=ORIENTED_EDGE('',*,*,#5274,.T.);
#3130=ORIENTED_EDGE('',*,*,#5275,.T.);
#3131=ORIENTED_EDGE('',*,*,#5241,.T.);
#3132=ORIENTED_EDGE('',*,*,#5276,.T.);
#3133=ORIENTED_EDGE('',*,*,#5277,.T.);
#3134=ORIENTED_EDGE('',*,*,#5275,.F.);
#3135=ORIENTED_EDGE('',*,*,#5278,.T.);
#3136=ORIENTED_EDGE('',*,*,#5219,.F.);
#3137=ORIENTED_EDGE('',*,*,#5279,.T.);
#3138=ORIENTED_EDGE('',*,*,#5276,.F.);
#3139=ORIENTED_EDGE('',*,*,#5280,.T.);
#3140=ORIENTED_EDGE('',*,*,#5281,.F.);
#3141=ORIENTED_EDGE('',*,*,#5282,.T.);
#3142=ORIENTED_EDGE('',*,*,#5283,.T.);
#3143=ORIENTED_EDGE('',*,*,#5284,.T.);
#3144=ORIENTED_EDGE('',*,*,#5285,.T.);
#3145=ORIENTED_EDGE('',*,*,#5271,.T.);
#3146=ORIENTED_EDGE('',*,*,#5286,.T.);
#3147=ORIENTED_EDGE('',*,*,#5283,.F.);
#3148=ORIENTED_EDGE('',*,*,#5287,.F.);
#3149=ORIENTED_EDGE('',*,*,#5281,.T.);
#3150=ORIENTED_EDGE('',*,*,#5288,.T.);
#3151=ORIENTED_EDGE('',*,*,#5273,.T.);
#3152=ORIENTED_EDGE('',*,*,#5278,.F.);
#3153=ORIENTED_EDGE('',*,*,#5274,.F.);
#3154=ORIENTED_EDGE('',*,*,#5288,.F.);
#3155=ORIENTED_EDGE('',*,*,#5280,.F.);
#3156=ORIENTED_EDGE('',*,*,#5282,.F.);
#3157=ORIENTED_EDGE('',*,*,#5287,.T.);
#3158=ORIENTED_EDGE('',*,*,#5272,.F.);
#3159=ORIENTED_EDGE('',*,*,#5285,.F.);
#3160=ORIENTED_EDGE('',*,*,#5289,.T.);
#3161=ORIENTED_EDGE('',*,*,#5290,.T.);
#3162=ORIENTED_EDGE('',*,*,#5291,.T.);
#3163=ORIENTED_EDGE('',*,*,#5292,.F.);
#3164=ORIENTED_EDGE('',*,*,#5293,.T.);
#3165=ORIENTED_EDGE('',*,*,#5294,.T.);
#3166=ORIENTED_EDGE('',*,*,#5295,.T.);
#3167=ORIENTED_EDGE('',*,*,#5296,.T.);
#3168=ORIENTED_EDGE('',*,*,#5292,.T.);
#3169=ORIENTED_EDGE('',*,*,#5297,.F.);
#3170=ORIENTED_EDGE('',*,*,#5295,.F.);
#3171=ORIENTED_EDGE('',*,*,#5298,.F.);
#3172=ORIENTED_EDGE('',*,*,#5266,.F.);
#3173=ORIENTED_EDGE('',*,*,#5299,.F.);
#3174=ORIENTED_EDGE('',*,*,#5290,.F.);
#3175=ORIENTED_EDGE('',*,*,#5300,.T.);
#3176=ORIENTED_EDGE('',*,*,#5277,.F.);
#3177=ORIENTED_EDGE('',*,*,#5301,.F.);
#3178=ORIENTED_EDGE('',*,*,#5293,.F.);
#3179=ORIENTED_EDGE('',*,*,#5302,.T.);
#3180=ORIENTED_EDGE('',*,*,#5218,.F.);
#3181=ORIENTED_EDGE('',*,*,#5303,.T.);
#3182=ORIENTED_EDGE('',*,*,#5247,.F.);
#3183=ORIENTED_EDGE('',*,*,#5300,.F.);
#3184=ORIENTED_EDGE('',*,*,#5289,.F.);
#3185=ORIENTED_EDGE('',*,*,#5298,.T.);
#3186=ORIENTED_EDGE('',*,*,#5294,.F.);
#3187=ORIENTED_EDGE('',*,*,#5301,.T.);
#3188=ORIENTED_EDGE('',*,*,#5279,.F.);
#3189=ORIENTED_EDGE('',*,*,#5226,.F.);
#3190=ORIENTED_EDGE('',*,*,#5243,.F.);
#3191=ORIENTED_EDGE('',*,*,#5302,.F.);
#3192=ORIENTED_EDGE('',*,*,#5296,.F.);
#3193=ORIENTED_EDGE('',*,*,#5297,.T.);
#3194=ORIENTED_EDGE('',*,*,#5291,.F.);
#3195=ORIENTED_EDGE('',*,*,#5299,.T.);
#3196=ORIENTED_EDGE('',*,*,#5253,.F.);
#3197=ORIENTED_EDGE('',*,*,#5303,.F.);
#3198=ORIENTED_EDGE('',*,*,#5217,.T.);
#3199=ORIENTED_EDGE('',*,*,#5246,.F.);
#3200=ORIENTED_EDGE('',*,*,#5248,.F.);
#3201=ORIENTED_EDGE('',*,*,#5249,.T.);
#3202=ORIENTED_EDGE('',*,*,#5214,.T.);
#3203=ORIENTED_EDGE('',*,*,#5265,.T.);
#3204=ORIENTED_EDGE('',*,*,#5252,.T.);
#3205=ORIENTED_EDGE('',*,*,#5270,.F.);
#3206=ORIENTED_EDGE('',*,*,#5220,.T.);
#3207=ORIENTED_EDGE('',*,*,#5284,.F.);
#3208=ORIENTED_EDGE('',*,*,#5286,.F.);
#3209=ORIENTED_EDGE('',*,*,#5232,.F.);
#3210=ORIENTED_EDGE('',*,*,#5304,.F.);
#3211=ORIENTED_EDGE('',*,*,#5305,.F.);
#3212=ORIENTED_EDGE('',*,*,#5306,.F.);
#3213=ORIENTED_EDGE('',*,*,#5234,.T.);
#3214=ORIENTED_EDGE('',*,*,#5307,.F.);
#3215=ORIENTED_EDGE('',*,*,#5235,.F.);
#3216=ORIENTED_EDGE('',*,*,#5306,.T.);
#3217=ORIENTED_EDGE('',*,*,#5308,.T.);
#3218=ORIENTED_EDGE('',*,*,#5307,.T.);
#3219=ORIENTED_EDGE('',*,*,#5233,.T.);
#3220=ORIENTED_EDGE('',*,*,#5305,.T.);
#3221=ORIENTED_EDGE('',*,*,#5309,.T.);
#3222=ORIENTED_EDGE('',*,*,#5230,.T.);
#3223=ORIENTED_EDGE('',*,*,#5310,.T.);
#3224=ORIENTED_EDGE('',*,*,#5237,.F.);
#3225=ORIENTED_EDGE('',*,*,#5311,.T.);
#3226=ORIENTED_EDGE('',*,*,#5310,.F.);
#3227=ORIENTED_EDGE('',*,*,#5311,.F.);
#3228=ORIENTED_EDGE('',*,*,#5236,.T.);
#3229=ORIENTED_EDGE('',*,*,#5308,.F.);
#3230=ORIENTED_EDGE('',*,*,#5304,.T.);
#3231=ORIENTED_EDGE('',*,*,#5231,.T.);
#3232=ORIENTED_EDGE('',*,*,#5309,.F.);
#3233=ORIENTED_EDGE('',*,*,#5312,.T.);
#3234=ORIENTED_EDGE('',*,*,#5204,.T.);
#3235=ORIENTED_EDGE('',*,*,#5313,.F.);
#3236=ORIENTED_EDGE('',*,*,#5313,.T.);
#3237=ORIENTED_EDGE('',*,*,#5203,.T.);
#3238=ORIENTED_EDGE('',*,*,#5314,.T.);
#3239=ORIENTED_EDGE('',*,*,#5315,.T.);
#3240=ORIENTED_EDGE('',*,*,#5209,.T.);
#3241=ORIENTED_EDGE('',*,*,#5316,.F.);
#3242=ORIENTED_EDGE('',*,*,#5317,.F.);
#3243=ORIENTED_EDGE('',*,*,#5207,.T.);
#3244=ORIENTED_EDGE('',*,*,#5318,.F.);
#3245=ORIENTED_EDGE('',*,*,#5318,.T.);
#3246=ORIENTED_EDGE('',*,*,#5206,.T.);
#3247=ORIENTED_EDGE('',*,*,#5319,.T.);
#3248=ORIENTED_EDGE('',*,*,#5210,.F.);
#3249=ORIENTED_EDGE('',*,*,#5315,.F.);
#3250=ORIENTED_EDGE('',*,*,#5314,.F.);
#3251=ORIENTED_EDGE('',*,*,#5208,.F.);
#3252=ORIENTED_EDGE('',*,*,#5317,.T.);
#3253=ORIENTED_EDGE('',*,*,#5316,.T.);
#3254=ORIENTED_EDGE('',*,*,#5205,.F.);
#3255=ORIENTED_EDGE('',*,*,#5312,.F.);
#3256=ORIENTED_EDGE('',*,*,#5319,.F.);
#3257=ORIENTED_EDGE('',*,*,#5320,.T.);
#3258=ORIENTED_EDGE('',*,*,#5321,.T.);
#3259=ORIENTED_EDGE('',*,*,#5322,.T.);
#3260=ORIENTED_EDGE('',*,*,#5323,.F.);
#3261=ORIENTED_EDGE('',*,*,#5324,.F.);
#3262=ORIENTED_EDGE('',*,*,#5325,.T.);
#3263=ORIENTED_EDGE('',*,*,#5326,.F.);
#3264=ORIENTED_EDGE('',*,*,#5327,.F.);
#3265=ORIENTED_EDGE('',*,*,#5328,.F.);
#3266=ORIENTED_EDGE('',*,*,#5329,.T.);
#3267=ORIENTED_EDGE('',*,*,#5330,.T.);
#3268=ORIENTED_EDGE('',*,*,#5331,.F.);
#3269=ORIENTED_EDGE('',*,*,#5332,.F.);
#3270=ORIENTED_EDGE('',*,*,#5333,.T.);
#3271=ORIENTED_EDGE('',*,*,#5334,.F.);
#3272=ORIENTED_EDGE('',*,*,#5335,.F.);
#3273=ORIENTED_EDGE('',*,*,#5336,.T.);
#3274=ORIENTED_EDGE('',*,*,#5337,.F.);
#3275=ORIENTED_EDGE('',*,*,#5338,.T.);
#3276=ORIENTED_EDGE('',*,*,#5339,.T.);
#3277=ORIENTED_EDGE('',*,*,#5340,.F.);
#3278=ORIENTED_EDGE('',*,*,#5341,.T.);
#3279=ORIENTED_EDGE('',*,*,#5342,.T.);
#3280=ORIENTED_EDGE('',*,*,#5343,.F.);
#3281=ORIENTED_EDGE('',*,*,#5344,.T.);
#3282=ORIENTED_EDGE('',*,*,#5345,.T.);
#3283=ORIENTED_EDGE('',*,*,#5346,.T.);
#3284=ORIENTED_EDGE('',*,*,#5347,.T.);
#3285=ORIENTED_EDGE('',*,*,#5348,.F.);
#3286=ORIENTED_EDGE('',*,*,#5349,.F.);
#3287=ORIENTED_EDGE('',*,*,#5350,.T.);
#3288=ORIENTED_EDGE('',*,*,#5351,.F.);
#3289=ORIENTED_EDGE('',*,*,#5352,.T.);
#3290=ORIENTED_EDGE('',*,*,#5353,.T.);
#3291=ORIENTED_EDGE('',*,*,#5354,.T.);
#3292=ORIENTED_EDGE('',*,*,#5355,.T.);
#3293=ORIENTED_EDGE('',*,*,#5356,.T.);
#3294=ORIENTED_EDGE('',*,*,#5357,.F.);
#3295=ORIENTED_EDGE('',*,*,#5358,.T.);
#3296=ORIENTED_EDGE('',*,*,#5359,.F.);
#3297=ORIENTED_EDGE('',*,*,#5360,.T.);
#3298=ORIENTED_EDGE('',*,*,#5322,.F.);
#3299=ORIENTED_EDGE('',*,*,#5361,.T.);
#3300=ORIENTED_EDGE('',*,*,#5332,.T.);
#3301=ORIENTED_EDGE('',*,*,#5362,.F.);
#3302=ORIENTED_EDGE('',*,*,#5363,.F.);
#3303=ORIENTED_EDGE('',*,*,#5364,.F.);
#3304=ORIENTED_EDGE('',*,*,#5365,.T.);
#3305=ORIENTED_EDGE('',*,*,#5366,.T.);
#3306=ORIENTED_EDGE('',*,*,#5367,.T.);
#3307=ORIENTED_EDGE('',*,*,#5368,.T.);
#3308=ORIENTED_EDGE('',*,*,#5369,.F.);
#3309=ORIENTED_EDGE('',*,*,#5370,.F.);
#3310=ORIENTED_EDGE('',*,*,#5371,.F.);
#3311=ORIENTED_EDGE('',*,*,#5372,.T.);
#3312=ORIENTED_EDGE('',*,*,#5326,.T.);
#3313=ORIENTED_EDGE('',*,*,#5373,.T.);
#3314=ORIENTED_EDGE('',*,*,#5374,.T.);
#3315=ORIENTED_EDGE('',*,*,#5336,.F.);
#3316=ORIENTED_EDGE('',*,*,#5375,.F.);
#3317=ORIENTED_EDGE('',*,*,#5324,.T.);
#3318=ORIENTED_EDGE('',*,*,#5376,.F.);
#3319=ORIENTED_EDGE('',*,*,#5377,.F.);
#3320=ORIENTED_EDGE('',*,*,#5378,.F.);
#3321=ORIENTED_EDGE('',*,*,#5379,.F.);
#3322=ORIENTED_EDGE('',*,*,#5380,.T.);
#3323=ORIENTED_EDGE('',*,*,#5381,.T.);
#3324=ORIENTED_EDGE('',*,*,#5382,.T.);
#3325=ORIENTED_EDGE('',*,*,#5338,.F.);
#3326=ORIENTED_EDGE('',*,*,#5383,.F.);
#3327=ORIENTED_EDGE('',*,*,#5384,.F.);
#3328=ORIENTED_EDGE('',*,*,#5385,.F.);
#3329=ORIENTED_EDGE('',*,*,#5386,.T.);
#3330=ORIENTED_EDGE('',*,*,#5387,.T.);
#3331=ORIENTED_EDGE('',*,*,#5388,.T.);
#3332=ORIENTED_EDGE('',*,*,#5389,.T.);
#3333=ORIENTED_EDGE('',*,*,#5390,.F.);
#3334=ORIENTED_EDGE('',*,*,#5391,.F.);
#3335=ORIENTED_EDGE('',*,*,#5392,.T.);
#3336=ORIENTED_EDGE('',*,*,#5393,.T.);
#3337=ORIENTED_EDGE('',*,*,#5394,.T.);
#3338=ORIENTED_EDGE('',*,*,#5395,.T.);
#3339=ORIENTED_EDGE('',*,*,#5396,.F.);
#3340=ORIENTED_EDGE('',*,*,#5397,.T.);
#3341=ORIENTED_EDGE('',*,*,#5398,.F.);
#3342=ORIENTED_EDGE('',*,*,#5399,.T.);
#3343=ORIENTED_EDGE('',*,*,#5400,.T.);
#3344=ORIENTED_EDGE('',*,*,#5401,.T.);
#3345=ORIENTED_EDGE('',*,*,#5402,.T.);
#3346=ORIENTED_EDGE('',*,*,#5403,.T.);
#3347=ORIENTED_EDGE('',*,*,#5404,.T.);
#3348=ORIENTED_EDGE('',*,*,#5405,.F.);
#3349=ORIENTED_EDGE('',*,*,#5406,.F.);
#3350=ORIENTED_EDGE('',*,*,#5407,.T.);
#3351=ORIENTED_EDGE('',*,*,#5408,.F.);
#3352=ORIENTED_EDGE('',*,*,#5409,.T.);
#3353=ORIENTED_EDGE('',*,*,#5384,.T.);
#3354=ORIENTED_EDGE('',*,*,#5405,.T.);
#3355=ORIENTED_EDGE('',*,*,#5364,.T.);
#3356=ORIENTED_EDGE('',*,*,#5410,.F.);
#3357=ORIENTED_EDGE('',*,*,#5380,.F.);
#3358=ORIENTED_EDGE('',*,*,#5411,.T.);
#3359=ORIENTED_EDGE('',*,*,#5363,.T.);
#3360=ORIENTED_EDGE('',*,*,#5412,.F.);
#3361=ORIENTED_EDGE('',*,*,#5381,.F.);
#3362=ORIENTED_EDGE('',*,*,#5410,.T.);
#3363=ORIENTED_EDGE('',*,*,#5362,.T.);
#3364=ORIENTED_EDGE('',*,*,#5339,.F.);
#3365=ORIENTED_EDGE('',*,*,#5382,.F.);
#3366=ORIENTED_EDGE('',*,*,#5412,.T.);
#3367=ORIENTED_EDGE('',*,*,#5368,.F.);
#3368=ORIENTED_EDGE('',*,*,#5413,.F.);
#3369=ORIENTED_EDGE('',*,*,#5376,.T.);
#3370=ORIENTED_EDGE('',*,*,#5323,.T.);
#3371=ORIENTED_EDGE('',*,*,#5367,.F.);
#3372=ORIENTED_EDGE('',*,*,#5414,.F.);
#3373=ORIENTED_EDGE('',*,*,#5377,.T.);
#3374=ORIENTED_EDGE('',*,*,#5413,.T.);
#3375=ORIENTED_EDGE('',*,*,#5366,.F.);
#3376=ORIENTED_EDGE('',*,*,#5415,.F.);
#3377=ORIENTED_EDGE('',*,*,#5378,.T.);
#3378=ORIENTED_EDGE('',*,*,#5414,.T.);
#3379=ORIENTED_EDGE('',*,*,#5365,.F.);
#3380=ORIENTED_EDGE('',*,*,#5411,.F.);
#3381=ORIENTED_EDGE('',*,*,#5379,.T.);
#3382=ORIENTED_EDGE('',*,*,#5415,.T.);
#3383=ORIENTED_EDGE('',*,*,#5348,.T.);
#3384=ORIENTED_EDGE('',*,*,#5404,.F.);
#3385=ORIENTED_EDGE('',*,*,#5402,.F.);
#3386=ORIENTED_EDGE('',*,*,#5416,.T.);
#3387=ORIENTED_EDGE('',*,*,#5349,.T.);
#3388=ORIENTED_EDGE('',*,*,#5417,.T.);
#3389=ORIENTED_EDGE('',*,*,#5351,.T.);
#3390=ORIENTED_EDGE('',*,*,#5418,.T.);
#3391=ORIENTED_EDGE('',*,*,#5400,.F.);
#3392=ORIENTED_EDGE('',*,*,#5419,.T.);
#3393=ORIENTED_EDGE('',*,*,#5398,.T.);
#3394=ORIENTED_EDGE('',*,*,#5420,.T.);
#3395=ORIENTED_EDGE('',*,*,#5353,.F.);
#3396=ORIENTED_EDGE('',*,*,#5421,.T.);
#3397=ORIENTED_EDGE('',*,*,#5355,.F.);
#3398=ORIENTED_EDGE('',*,*,#5422,.T.);
#3399=ORIENTED_EDGE('',*,*,#5396,.T.);
#3400=ORIENTED_EDGE('',*,*,#5423,.T.);
#3401=ORIENTED_EDGE('',*,*,#5408,.T.);
#3402=ORIENTED_EDGE('',*,*,#5424,.T.);
#3403=ORIENTED_EDGE('',*,*,#5344,.F.);
#3404=ORIENTED_EDGE('',*,*,#5425,.T.);
#3405=ORIENTED_EDGE('',*,*,#5346,.F.);
#3406=ORIENTED_EDGE('',*,*,#5426,.T.);
#3407=ORIENTED_EDGE('',*,*,#5406,.T.);
#3408=ORIENTED_EDGE('',*,*,#5427,.T.);
#3409=ORIENTED_EDGE('',*,*,#5359,.T.);
#3410=ORIENTED_EDGE('',*,*,#5428,.T.);
#3411=ORIENTED_EDGE('',*,*,#5392,.F.);
#3412=ORIENTED_EDGE('',*,*,#5429,.T.);
#3413=ORIENTED_EDGE('',*,*,#5394,.F.);
#3414=ORIENTED_EDGE('',*,*,#5430,.T.);
#3415=ORIENTED_EDGE('',*,*,#5357,.T.);
#3416=ORIENTED_EDGE('',*,*,#5431,.T.);
#3417=ORIENTED_EDGE('',*,*,#5397,.F.);
#3418=ORIENTED_EDGE('',*,*,#5422,.F.);
#3419=ORIENTED_EDGE('',*,*,#5354,.F.);
#3420=ORIENTED_EDGE('',*,*,#5420,.F.);
#3421=ORIENTED_EDGE('',*,*,#5399,.F.);
#3422=ORIENTED_EDGE('',*,*,#5421,.F.);
#3423=ORIENTED_EDGE('',*,*,#5356,.F.);
#3424=ORIENTED_EDGE('',*,*,#5423,.F.);
#3425=ORIENTED_EDGE('',*,*,#5401,.F.);
#3426=ORIENTED_EDGE('',*,*,#5418,.F.);
#3427=ORIENTED_EDGE('',*,*,#5350,.F.);
#3428=ORIENTED_EDGE('',*,*,#5416,.F.);
#3429=ORIENTED_EDGE('',*,*,#5403,.F.);
#3430=ORIENTED_EDGE('',*,*,#5417,.F.);
#3431=ORIENTED_EDGE('',*,*,#5352,.F.);
#3432=ORIENTED_EDGE('',*,*,#5419,.F.);
#3433=ORIENTED_EDGE('',*,*,#5407,.F.);
#3434=ORIENTED_EDGE('',*,*,#5426,.F.);
#3435=ORIENTED_EDGE('',*,*,#5345,.F.);
#3436=ORIENTED_EDGE('',*,*,#5424,.F.);
#3437=ORIENTED_EDGE('',*,*,#5409,.F.);
#3438=ORIENTED_EDGE('',*,*,#5425,.F.);
#3439=ORIENTED_EDGE('',*,*,#5347,.F.);
#3440=ORIENTED_EDGE('',*,*,#5427,.F.);
#3441=ORIENTED_EDGE('',*,*,#5393,.F.);
#3442=ORIENTED_EDGE('',*,*,#5428,.F.);
#3443=ORIENTED_EDGE('',*,*,#5358,.F.);
#3444=ORIENTED_EDGE('',*,*,#5430,.F.);
#3445=ORIENTED_EDGE('',*,*,#5395,.F.);
#3446=ORIENTED_EDGE('',*,*,#5431,.F.);
#3447=ORIENTED_EDGE('',*,*,#5360,.F.);
#3448=ORIENTED_EDGE('',*,*,#5429,.F.);
#3449=ORIENTED_EDGE('',*,*,#5386,.F.);
#3450=ORIENTED_EDGE('',*,*,#5432,.F.);
#3451=ORIENTED_EDGE('',*,*,#5433,.T.);
#3452=ORIENTED_EDGE('',*,*,#5434,.T.);
#3453=ORIENTED_EDGE('',*,*,#5385,.T.);
#3454=ORIENTED_EDGE('',*,*,#5435,.F.);
#3455=ORIENTED_EDGE('',*,*,#5436,.F.);
#3456=ORIENTED_EDGE('',*,*,#5432,.T.);
#3457=ORIENTED_EDGE('',*,*,#5391,.T.);
#3458=ORIENTED_EDGE('',*,*,#5437,.F.);
#3459=ORIENTED_EDGE('',*,*,#5438,.F.);
#3460=ORIENTED_EDGE('',*,*,#5435,.T.);
#3461=ORIENTED_EDGE('',*,*,#5390,.T.);
#3462=ORIENTED_EDGE('',*,*,#5439,.F.);
#3463=ORIENTED_EDGE('',*,*,#5440,.F.);
#3464=ORIENTED_EDGE('',*,*,#5437,.T.);
#3465=ORIENTED_EDGE('',*,*,#5389,.F.);
#3466=ORIENTED_EDGE('',*,*,#5441,.F.);
#3467=ORIENTED_EDGE('',*,*,#5442,.T.);
#3468=ORIENTED_EDGE('',*,*,#5439,.T.);
#3469=ORIENTED_EDGE('',*,*,#5388,.F.);
#3470=ORIENTED_EDGE('',*,*,#5443,.F.);
#3471=ORIENTED_EDGE('',*,*,#5444,.T.);
#3472=ORIENTED_EDGE('',*,*,#5441,.T.);
#3473=ORIENTED_EDGE('',*,*,#5387,.F.);
#3474=ORIENTED_EDGE('',*,*,#5434,.F.);
#3475=ORIENTED_EDGE('',*,*,#5445,.T.);
#3476=ORIENTED_EDGE('',*,*,#5443,.T.);
#3477=ORIENTED_EDGE('',*,*,#5433,.F.);
#3478=ORIENTED_EDGE('',*,*,#5436,.T.);
#3479=ORIENTED_EDGE('',*,*,#5438,.T.);
#3480=ORIENTED_EDGE('',*,*,#5440,.T.);
#3481=ORIENTED_EDGE('',*,*,#5442,.F.);
#3482=ORIENTED_EDGE('',*,*,#5444,.F.);
#3483=ORIENTED_EDGE('',*,*,#5445,.F.);
#3484=ORIENTED_EDGE('',*,*,#5375,.T.);
#3485=ORIENTED_EDGE('',*,*,#5446,.F.);
#3486=ORIENTED_EDGE('',*,*,#5373,.F.);
#3487=ORIENTED_EDGE('',*,*,#5325,.F.);
#3488=ORIENTED_EDGE('',*,*,#5337,.T.);
#3489=ORIENTED_EDGE('',*,*,#5374,.F.);
#3490=ORIENTED_EDGE('',*,*,#5446,.T.);
#3491=ORIENTED_EDGE('',*,*,#5383,.T.);
#3492=ORIENTED_EDGE('',*,*,#5447,.F.);
#3493=ORIENTED_EDGE('',*,*,#5327,.T.);
#3494=ORIENTED_EDGE('',*,*,#5372,.F.);
#3495=ORIENTED_EDGE('',*,*,#5448,.F.);
#3496=ORIENTED_EDGE('',*,*,#5335,.T.);
#3497=ORIENTED_EDGE('',*,*,#5449,.T.);
#3498=ORIENTED_EDGE('',*,*,#5448,.T.);
#3499=ORIENTED_EDGE('',*,*,#5371,.T.);
#3500=ORIENTED_EDGE('',*,*,#5450,.T.);
#3501=ORIENTED_EDGE('',*,*,#5451,.T.);
#3502=ORIENTED_EDGE('',*,*,#5334,.T.);
#3503=ORIENTED_EDGE('',*,*,#5452,.T.);
#3504=ORIENTED_EDGE('',*,*,#5320,.F.);
#3505=ORIENTED_EDGE('',*,*,#5447,.T.);
#3506=ORIENTED_EDGE('',*,*,#5449,.F.);
#3507=ORIENTED_EDGE('',*,*,#5321,.F.);
#3508=ORIENTED_EDGE('',*,*,#5452,.F.);
#3509=ORIENTED_EDGE('',*,*,#5333,.F.);
#3510=ORIENTED_EDGE('',*,*,#5361,.F.);
#3511=ORIENTED_EDGE('',*,*,#5453,.T.);
#3512=ORIENTED_EDGE('',*,*,#5340,.T.);
#3513=ORIENTED_EDGE('',*,*,#5454,.F.);
#3514=ORIENTED_EDGE('',*,*,#5329,.F.);
#3515=ORIENTED_EDGE('',*,*,#5454,.T.);
#3516=ORIENTED_EDGE('',*,*,#5343,.T.);
#3517=ORIENTED_EDGE('',*,*,#5455,.F.);
#3518=ORIENTED_EDGE('',*,*,#5330,.F.);
#3519=ORIENTED_EDGE('',*,*,#5331,.T.);
#3520=ORIENTED_EDGE('',*,*,#5455,.T.);
#3521=ORIENTED_EDGE('',*,*,#5342,.F.);
#3522=ORIENTED_EDGE('',*,*,#5456,.F.);
#3523=ORIENTED_EDGE('',*,*,#5328,.T.);
#3524=ORIENTED_EDGE('',*,*,#5456,.T.);
#3525=ORIENTED_EDGE('',*,*,#5341,.F.);
#3526=ORIENTED_EDGE('',*,*,#5453,.F.);
#3527=ORIENTED_EDGE('',*,*,#5370,.T.);
#3528=ORIENTED_EDGE('',*,*,#5451,.F.);
#3529=ORIENTED_EDGE('',*,*,#5450,.F.);
#3530=ORIENTED_EDGE('',*,*,#5369,.T.);
#3531=ORIENTED_EDGE('',*,*,#5457,.F.);
#3532=ORIENTED_EDGE('',*,*,#5458,.T.);
#3533=ORIENTED_EDGE('',*,*,#5459,.T.);
#3534=ORIENTED_EDGE('',*,*,#5460,.F.);
#3535=ORIENTED_EDGE('',*,*,#5461,.T.);
#3536=ORIENTED_EDGE('',*,*,#5462,.T.);
#3537=ORIENTED_EDGE('',*,*,#5463,.F.);
#3538=ORIENTED_EDGE('',*,*,#5464,.F.);
#3539=ORIENTED_EDGE('',*,*,#5465,.T.);
#3540=ORIENTED_EDGE('',*,*,#5466,.T.);
#3541=ORIENTED_EDGE('',*,*,#5467,.F.);
#3542=ORIENTED_EDGE('',*,*,#5468,.F.);
#3543=ORIENTED_EDGE('',*,*,#5469,.T.);
#3544=ORIENTED_EDGE('',*,*,#5470,.F.);
#3545=ORIENTED_EDGE('',*,*,#5471,.F.);
#3546=ORIENTED_EDGE('',*,*,#5472,.T.);
#3547=ORIENTED_EDGE('',*,*,#5473,.F.);
#3548=ORIENTED_EDGE('',*,*,#5474,.T.);
#3549=ORIENTED_EDGE('',*,*,#5475,.T.);
#3550=ORIENTED_EDGE('',*,*,#5476,.F.);
#3551=ORIENTED_EDGE('',*,*,#5477,.T.);
#3552=ORIENTED_EDGE('',*,*,#5478,.T.);
#3553=ORIENTED_EDGE('',*,*,#5479,.F.);
#3554=ORIENTED_EDGE('',*,*,#5480,.F.);
#3555=ORIENTED_EDGE('',*,*,#5481,.F.);
#3556=ORIENTED_EDGE('',*,*,#5482,.F.);
#3557=ORIENTED_EDGE('',*,*,#5483,.F.);
#3558=ORIENTED_EDGE('',*,*,#5484,.F.);
#3559=ORIENTED_EDGE('',*,*,#5485,.T.);
#3560=ORIENTED_EDGE('',*,*,#5486,.T.);
#3561=ORIENTED_EDGE('',*,*,#5487,.F.);
#3562=ORIENTED_EDGE('',*,*,#5488,.T.);
#3563=ORIENTED_EDGE('',*,*,#5489,.F.);
#3564=ORIENTED_EDGE('',*,*,#5490,.F.);
#3565=ORIENTED_EDGE('',*,*,#5491,.F.);
#3566=ORIENTED_EDGE('',*,*,#5492,.F.);
#3567=ORIENTED_EDGE('',*,*,#5493,.F.);
#3568=ORIENTED_EDGE('',*,*,#5494,.T.);
#3569=ORIENTED_EDGE('',*,*,#5495,.F.);
#3570=ORIENTED_EDGE('',*,*,#5496,.T.);
#3571=ORIENTED_EDGE('',*,*,#5497,.F.);
#3572=ORIENTED_EDGE('',*,*,#5463,.T.);
#3573=ORIENTED_EDGE('',*,*,#5498,.F.);
#3574=ORIENTED_EDGE('',*,*,#5499,.F.);
#3575=ORIENTED_EDGE('',*,*,#5500,.F.);
#3576=ORIENTED_EDGE('',*,*,#5501,.F.);
#3577=ORIENTED_EDGE('',*,*,#5502,.T.);
#3578=ORIENTED_EDGE('',*,*,#5503,.T.);
#3579=ORIENTED_EDGE('',*,*,#5504,.T.);
#3580=ORIENTED_EDGE('',*,*,#5469,.F.);
#3581=ORIENTED_EDGE('',*,*,#5505,.F.);
#3582=ORIENTED_EDGE('',*,*,#5506,.T.);
#3583=ORIENTED_EDGE('',*,*,#5507,.T.);
#3584=ORIENTED_EDGE('',*,*,#5508,.T.);
#3585=ORIENTED_EDGE('',*,*,#5473,.T.);
#3586=ORIENTED_EDGE('',*,*,#5509,.F.);
#3587=ORIENTED_EDGE('',*,*,#5510,.F.);
#3588=ORIENTED_EDGE('',*,*,#5459,.F.);
#3589=ORIENTED_EDGE('',*,*,#5511,.F.);
#3590=ORIENTED_EDGE('',*,*,#5512,.T.);
#3591=ORIENTED_EDGE('',*,*,#5513,.T.);
#3592=ORIENTED_EDGE('',*,*,#5471,.T.);
#3593=ORIENTED_EDGE('',*,*,#5514,.F.);
#3594=ORIENTED_EDGE('',*,*,#5515,.F.);
#3595=ORIENTED_EDGE('',*,*,#5516,.F.);
#3596=ORIENTED_EDGE('',*,*,#5517,.T.);
#3597=ORIENTED_EDGE('',*,*,#5518,.T.);
#3598=ORIENTED_EDGE('',*,*,#5519,.T.);
#3599=ORIENTED_EDGE('',*,*,#5520,.T.);
#3600=ORIENTED_EDGE('',*,*,#5461,.F.);
#3601=ORIENTED_EDGE('',*,*,#5521,.T.);
#3602=ORIENTED_EDGE('',*,*,#5522,.T.);
#3603=ORIENTED_EDGE('',*,*,#5523,.T.);
#3604=ORIENTED_EDGE('',*,*,#5524,.T.);
#3605=ORIENTED_EDGE('',*,*,#5525,.F.);
#3606=ORIENTED_EDGE('',*,*,#5526,.F.);
#3607=ORIENTED_EDGE('',*,*,#5527,.F.);
#3608=ORIENTED_EDGE('',*,*,#5528,.F.);
#3609=ORIENTED_EDGE('',*,*,#5529,.F.);
#3610=ORIENTED_EDGE('',*,*,#5530,.F.);
#3611=ORIENTED_EDGE('',*,*,#5531,.F.);
#3612=ORIENTED_EDGE('',*,*,#5532,.F.);
#3613=ORIENTED_EDGE('',*,*,#5533,.T.);
#3614=ORIENTED_EDGE('',*,*,#5534,.F.);
#3615=ORIENTED_EDGE('',*,*,#5535,.T.);
#3616=ORIENTED_EDGE('',*,*,#5536,.F.);
#3617=ORIENTED_EDGE('',*,*,#5537,.F.);
#3618=ORIENTED_EDGE('',*,*,#5538,.F.);
#3619=ORIENTED_EDGE('',*,*,#5539,.F.);
#3620=ORIENTED_EDGE('',*,*,#5540,.F.);
#3621=ORIENTED_EDGE('',*,*,#5541,.F.);
#3622=ORIENTED_EDGE('',*,*,#5542,.T.);
#3623=ORIENTED_EDGE('',*,*,#5543,.T.);
#3624=ORIENTED_EDGE('',*,*,#5544,.F.);
#3625=ORIENTED_EDGE('',*,*,#5545,.T.);
#3626=ORIENTED_EDGE('',*,*,#5546,.F.);
#3627=ORIENTED_EDGE('',*,*,#5521,.F.);
#3628=ORIENTED_EDGE('',*,*,#5542,.F.);
#3629=ORIENTED_EDGE('',*,*,#5502,.F.);
#3630=ORIENTED_EDGE('',*,*,#5547,.F.);
#3631=ORIENTED_EDGE('',*,*,#5516,.T.);
#3632=ORIENTED_EDGE('',*,*,#5548,.T.);
#3633=ORIENTED_EDGE('',*,*,#5503,.F.);
#3634=ORIENTED_EDGE('',*,*,#5548,.F.);
#3635=ORIENTED_EDGE('',*,*,#5515,.T.);
#3636=ORIENTED_EDGE('',*,*,#5549,.T.);
#3637=ORIENTED_EDGE('',*,*,#5504,.F.);
#3638=ORIENTED_EDGE('',*,*,#5549,.F.);
#3639=ORIENTED_EDGE('',*,*,#5514,.T.);
#3640=ORIENTED_EDGE('',*,*,#5470,.T.);
#3641=ORIENTED_EDGE('',*,*,#5498,.T.);
#3642=ORIENTED_EDGE('',*,*,#5462,.F.);
#3643=ORIENTED_EDGE('',*,*,#5520,.F.);
#3644=ORIENTED_EDGE('',*,*,#5550,.T.);
#3645=ORIENTED_EDGE('',*,*,#5499,.T.);
#3646=ORIENTED_EDGE('',*,*,#5550,.F.);
#3647=ORIENTED_EDGE('',*,*,#5519,.F.);
#3648=ORIENTED_EDGE('',*,*,#5551,.T.);
#3649=ORIENTED_EDGE('',*,*,#5500,.T.);
#3650=ORIENTED_EDGE('',*,*,#5551,.F.);
#3651=ORIENTED_EDGE('',*,*,#5518,.F.);
#3652=ORIENTED_EDGE('',*,*,#5552,.T.);
#3653=ORIENTED_EDGE('',*,*,#5501,.T.);
#3654=ORIENTED_EDGE('',*,*,#5552,.F.);
#3655=ORIENTED_EDGE('',*,*,#5517,.F.);
#3656=ORIENTED_EDGE('',*,*,#5547,.T.);
#3657=ORIENTED_EDGE('',*,*,#5485,.F.);
#3658=ORIENTED_EDGE('',*,*,#5541,.T.);
#3659=ORIENTED_EDGE('',*,*,#5539,.T.);
#3660=ORIENTED_EDGE('',*,*,#5553,.F.);
#3661=ORIENTED_EDGE('',*,*,#5486,.F.);
#3662=ORIENTED_EDGE('',*,*,#5554,.F.);
#3663=ORIENTED_EDGE('',*,*,#5488,.F.);
#3664=ORIENTED_EDGE('',*,*,#5555,.F.);
#3665=ORIENTED_EDGE('',*,*,#5537,.T.);
#3666=ORIENTED_EDGE('',*,*,#5556,.F.);
#3667=ORIENTED_EDGE('',*,*,#5535,.F.);
#3668=ORIENTED_EDGE('',*,*,#5557,.F.);
#3669=ORIENTED_EDGE('',*,*,#5490,.T.);
#3670=ORIENTED_EDGE('',*,*,#5558,.F.);
#3671=ORIENTED_EDGE('',*,*,#5492,.T.);
#3672=ORIENTED_EDGE('',*,*,#5559,.F.);
#3673=ORIENTED_EDGE('',*,*,#5533,.F.);
#3674=ORIENTED_EDGE('',*,*,#5560,.F.);
#3675=ORIENTED_EDGE('',*,*,#5545,.F.);
#3676=ORIENTED_EDGE('',*,*,#5561,.F.);
#3677=ORIENTED_EDGE('',*,*,#5481,.T.);
#3678=ORIENTED_EDGE('',*,*,#5562,.F.);
#3679=ORIENTED_EDGE('',*,*,#5483,.T.);
#3680=ORIENTED_EDGE('',*,*,#5563,.F.);
#3681=ORIENTED_EDGE('',*,*,#5543,.F.);
#3682=ORIENTED_EDGE('',*,*,#5564,.F.);
#3683=ORIENTED_EDGE('',*,*,#5496,.F.);
#3684=ORIENTED_EDGE('',*,*,#5565,.F.);
#3685=ORIENTED_EDGE('',*,*,#5529,.T.);
#3686=ORIENTED_EDGE('',*,*,#5566,.F.);
#3687=ORIENTED_EDGE('',*,*,#5531,.T.);
#3688=ORIENTED_EDGE('',*,*,#5567,.F.);
#3689=ORIENTED_EDGE('',*,*,#5494,.F.);
#3690=ORIENTED_EDGE('',*,*,#5568,.F.);
#3691=ORIENTED_EDGE('',*,*,#5536,.T.);
#3692=ORIENTED_EDGE('',*,*,#5558,.T.);
#3693=ORIENTED_EDGE('',*,*,#5493,.T.);
#3694=ORIENTED_EDGE('',*,*,#5560,.T.);
#3695=ORIENTED_EDGE('',*,*,#5534,.T.);
#3696=ORIENTED_EDGE('',*,*,#5559,.T.);
#3697=ORIENTED_EDGE('',*,*,#5491,.T.);
#3698=ORIENTED_EDGE('',*,*,#5557,.T.);
#3699=ORIENTED_EDGE('',*,*,#5540,.T.);
#3700=ORIENTED_EDGE('',*,*,#5554,.T.);
#3701=ORIENTED_EDGE('',*,*,#5489,.T.);
#3702=ORIENTED_EDGE('',*,*,#5556,.T.);
#3703=ORIENTED_EDGE('',*,*,#5538,.T.);
#3704=ORIENTED_EDGE('',*,*,#5555,.T.);
#3705=ORIENTED_EDGE('',*,*,#5487,.T.);
#3706=ORIENTED_EDGE('',*,*,#5553,.T.);
#3707=ORIENTED_EDGE('',*,*,#5546,.T.);
#3708=ORIENTED_EDGE('',*,*,#5562,.T.);
#3709=ORIENTED_EDGE('',*,*,#5484,.T.);
#3710=ORIENTED_EDGE('',*,*,#5564,.T.);
#3711=ORIENTED_EDGE('',*,*,#5544,.T.);
#3712=ORIENTED_EDGE('',*,*,#5563,.T.);
#3713=ORIENTED_EDGE('',*,*,#5482,.T.);
#3714=ORIENTED_EDGE('',*,*,#5561,.T.);
#3715=ORIENTED_EDGE('',*,*,#5532,.T.);
#3716=ORIENTED_EDGE('',*,*,#5568,.T.);
#3717=ORIENTED_EDGE('',*,*,#5497,.T.);
#3718=ORIENTED_EDGE('',*,*,#5566,.T.);
#3719=ORIENTED_EDGE('',*,*,#5530,.T.);
#3720=ORIENTED_EDGE('',*,*,#5565,.T.);
#3721=ORIENTED_EDGE('',*,*,#5495,.T.);
#3722=ORIENTED_EDGE('',*,*,#5567,.T.);
#3723=ORIENTED_EDGE('',*,*,#5528,.T.);
#3724=ORIENTED_EDGE('',*,*,#5569,.F.);
#3725=ORIENTED_EDGE('',*,*,#5570,.F.);
#3726=ORIENTED_EDGE('',*,*,#5571,.T.);
#3727=ORIENTED_EDGE('',*,*,#5522,.F.);
#3728=ORIENTED_EDGE('',*,*,#5571,.F.);
#3729=ORIENTED_EDGE('',*,*,#5572,.T.);
#3730=ORIENTED_EDGE('',*,*,#5573,.T.);
#3731=ORIENTED_EDGE('',*,*,#5523,.F.);
#3732=ORIENTED_EDGE('',*,*,#5573,.F.);
#3733=ORIENTED_EDGE('',*,*,#5574,.T.);
#3734=ORIENTED_EDGE('',*,*,#5575,.T.);
#3735=ORIENTED_EDGE('',*,*,#5524,.F.);
#3736=ORIENTED_EDGE('',*,*,#5575,.F.);
#3737=ORIENTED_EDGE('',*,*,#5576,.T.);
#3738=ORIENTED_EDGE('',*,*,#5577,.T.);
#3739=ORIENTED_EDGE('',*,*,#5525,.T.);
#3740=ORIENTED_EDGE('',*,*,#5577,.F.);
#3741=ORIENTED_EDGE('',*,*,#5578,.F.);
#3742=ORIENTED_EDGE('',*,*,#5579,.T.);
#3743=ORIENTED_EDGE('',*,*,#5526,.T.);
#3744=ORIENTED_EDGE('',*,*,#5579,.F.);
#3745=ORIENTED_EDGE('',*,*,#5580,.F.);
#3746=ORIENTED_EDGE('',*,*,#5581,.T.);
#3747=ORIENTED_EDGE('',*,*,#5527,.T.);
#3748=ORIENTED_EDGE('',*,*,#5581,.F.);
#3749=ORIENTED_EDGE('',*,*,#5582,.F.);
#3750=ORIENTED_EDGE('',*,*,#5569,.T.);
#3751=ORIENTED_EDGE('',*,*,#5570,.T.);
#3752=ORIENTED_EDGE('',*,*,#5582,.T.);
#3753=ORIENTED_EDGE('',*,*,#5580,.T.);
#3754=ORIENTED_EDGE('',*,*,#5578,.T.);
#3755=ORIENTED_EDGE('',*,*,#5576,.F.);
#3756=ORIENTED_EDGE('',*,*,#5574,.F.);
#3757=ORIENTED_EDGE('',*,*,#5572,.F.);
#3758=ORIENTED_EDGE('',*,*,#5512,.F.);
#3759=ORIENTED_EDGE('',*,*,#5460,.T.);
#3760=ORIENTED_EDGE('',*,*,#5510,.T.);
#3761=ORIENTED_EDGE('',*,*,#5583,.T.);
#3762=ORIENTED_EDGE('',*,*,#5472,.F.);
#3763=ORIENTED_EDGE('',*,*,#5513,.F.);
#3764=ORIENTED_EDGE('',*,*,#5583,.F.);
#3765=ORIENTED_EDGE('',*,*,#5509,.T.);
#3766=ORIENTED_EDGE('',*,*,#5584,.T.);
#3767=ORIENTED_EDGE('',*,*,#5585,.T.);
#3768=ORIENTED_EDGE('',*,*,#5511,.T.);
#3769=ORIENTED_EDGE('',*,*,#5458,.F.);
#3770=ORIENTED_EDGE('',*,*,#5474,.F.);
#3771=ORIENTED_EDGE('',*,*,#5508,.F.);
#3772=ORIENTED_EDGE('',*,*,#5585,.F.);
#3773=ORIENTED_EDGE('',*,*,#5586,.F.);
#3774=ORIENTED_EDGE('',*,*,#5587,.F.);
#3775=ORIENTED_EDGE('',*,*,#5588,.F.);
#3776=ORIENTED_EDGE('',*,*,#5475,.F.);
#3777=ORIENTED_EDGE('',*,*,#5586,.T.);
#3778=ORIENTED_EDGE('',*,*,#5584,.F.);
#3779=ORIENTED_EDGE('',*,*,#5457,.T.);
#3780=ORIENTED_EDGE('',*,*,#5589,.F.);
#3781=ORIENTED_EDGE('',*,*,#5464,.T.);
#3782=ORIENTED_EDGE('',*,*,#5505,.T.);
#3783=ORIENTED_EDGE('',*,*,#5476,.T.);
#3784=ORIENTED_EDGE('',*,*,#5589,.T.);
#3785=ORIENTED_EDGE('',*,*,#5590,.F.);
#3786=ORIENTED_EDGE('',*,*,#5468,.T.);
#3787=ORIENTED_EDGE('',*,*,#5591,.T.);
#3788=ORIENTED_EDGE('',*,*,#5477,.F.);
#3789=ORIENTED_EDGE('',*,*,#5591,.F.);
#3790=ORIENTED_EDGE('',*,*,#5467,.T.);
#3791=ORIENTED_EDGE('',*,*,#5592,.T.);
#3792=ORIENTED_EDGE('',*,*,#5478,.F.);
#3793=ORIENTED_EDGE('',*,*,#5466,.F.);
#3794=ORIENTED_EDGE('',*,*,#5593,.T.);
#3795=ORIENTED_EDGE('',*,*,#5479,.T.);
#3796=ORIENTED_EDGE('',*,*,#5592,.F.);
#3797=ORIENTED_EDGE('',*,*,#5465,.F.);
#3798=ORIENTED_EDGE('',*,*,#5590,.T.);
#3799=ORIENTED_EDGE('',*,*,#5480,.T.);
#3800=ORIENTED_EDGE('',*,*,#5593,.F.);
#3801=ORIENTED_EDGE('',*,*,#5507,.F.);
#3802=ORIENTED_EDGE('',*,*,#5588,.T.);
#3803=ORIENTED_EDGE('',*,*,#5587,.T.);
#3804=ORIENTED_EDGE('',*,*,#5506,.F.);
#3805=ORIENTED_EDGE('',*,*,#5594,.T.);
#3806=ORIENTED_EDGE('',*,*,#5595,.F.);
#3807=ORIENTED_EDGE('',*,*,#5596,.T.);
#3808=ORIENTED_EDGE('',*,*,#5597,.F.);
#3809=ORIENTED_EDGE('',*,*,#5598,.T.);
#3810=ORIENTED_EDGE('',*,*,#5599,.T.);
#3811=ORIENTED_EDGE('',*,*,#5600,.F.);
#3812=ORIENTED_EDGE('',*,*,#5601,.T.);
#3813=ORIENTED_EDGE('',*,*,#5602,.T.);
#3814=ORIENTED_EDGE('',*,*,#5603,.F.);
#3815=ORIENTED_EDGE('',*,*,#5604,.T.);
#3816=ORIENTED_EDGE('',*,*,#5605,.T.);
#3817=ORIENTED_EDGE('',*,*,#5606,.F.);
#3818=ORIENTED_EDGE('',*,*,#5607,.F.);
#3819=ORIENTED_EDGE('',*,*,#5608,.F.);
#3820=ORIENTED_EDGE('',*,*,#5609,.F.);
#3821=ORIENTED_EDGE('',*,*,#5610,.F.);
#3822=ORIENTED_EDGE('',*,*,#5611,.F.);
#3823=ORIENTED_EDGE('',*,*,#5612,.F.);
#3824=ORIENTED_EDGE('',*,*,#5613,.F.);
#3825=ORIENTED_EDGE('',*,*,#5614,.F.);
#3826=ORIENTED_EDGE('',*,*,#5615,.T.);
#3827=ORIENTED_EDGE('',*,*,#5616,.F.);
#3828=ORIENTED_EDGE('',*,*,#5617,.F.);
#3829=ORIENTED_EDGE('',*,*,#5618,.T.);
#3830=ORIENTED_EDGE('',*,*,#5619,.F.);
#3831=ORIENTED_EDGE('',*,*,#5620,.F.);
#3832=ORIENTED_EDGE('',*,*,#5621,.T.);
#3833=ORIENTED_EDGE('',*,*,#5622,.F.);
#3834=ORIENTED_EDGE('',*,*,#5623,.T.);
#3835=ORIENTED_EDGE('',*,*,#5624,.F.);
#3836=ORIENTED_EDGE('',*,*,#5625,.T.);
#3837=ORIENTED_EDGE('',*,*,#5626,.T.);
#3838=ORIENTED_EDGE('',*,*,#5627,.F.);
#3839=ORIENTED_EDGE('',*,*,#5628,.T.);
#3840=ORIENTED_EDGE('',*,*,#5629,.F.);
#3841=ORIENTED_EDGE('',*,*,#5629,.T.);
#3842=ORIENTED_EDGE('',*,*,#5604,.F.);
#3843=ORIENTED_EDGE('',*,*,#5602,.F.);
#3844=ORIENTED_EDGE('',*,*,#5603,.T.);
#3845=ORIENTED_EDGE('',*,*,#5612,.T.);
#3846=ORIENTED_EDGE('',*,*,#5630,.T.);
#3847=ORIENTED_EDGE('',*,*,#5631,.T.);
#3848=ORIENTED_EDGE('',*,*,#5613,.T.);
#3849=ORIENTED_EDGE('',*,*,#5631,.F.);
#3850=ORIENTED_EDGE('',*,*,#5632,.T.);
#3851=ORIENTED_EDGE('',*,*,#5611,.T.);
#3852=ORIENTED_EDGE('',*,*,#5633,.F.);
#3853=ORIENTED_EDGE('',*,*,#5630,.F.);
#3854=ORIENTED_EDGE('',*,*,#5610,.T.);
#3855=ORIENTED_EDGE('',*,*,#5634,.F.);
#3856=ORIENTED_EDGE('',*,*,#5633,.T.);
#3857=ORIENTED_EDGE('',*,*,#5619,.T.);
#3858=ORIENTED_EDGE('',*,*,#5635,.F.);
#3859=ORIENTED_EDGE('',*,*,#5636,.F.);
#3860=ORIENTED_EDGE('',*,*,#5637,.F.);
#3861=ORIENTED_EDGE('',*,*,#5636,.T.);
#3862=ORIENTED_EDGE('',*,*,#5638,.F.);
#3863=ORIENTED_EDGE('',*,*,#5639,.F.);
#3864=ORIENTED_EDGE('',*,*,#5620,.T.);
#3865=ORIENTED_EDGE('',*,*,#5637,.T.);
#3866=ORIENTED_EDGE('',*,*,#5640,.T.);
#3867=ORIENTED_EDGE('',*,*,#5641,.T.);
#3868=ORIENTED_EDGE('',*,*,#5642,.T.);
#3869=ORIENTED_EDGE('',*,*,#5643,.T.);
#3870=ORIENTED_EDGE('',*,*,#5640,.F.);
#3871=ORIENTED_EDGE('',*,*,#5608,.T.);
#3872=ORIENTED_EDGE('',*,*,#5644,.F.);
#3873=ORIENTED_EDGE('',*,*,#5645,.F.);
#3874=ORIENTED_EDGE('',*,*,#5646,.T.);
#3875=ORIENTED_EDGE('',*,*,#5647,.F.);
#3876=ORIENTED_EDGE('',*,*,#5648,.T.);
#3877=ORIENTED_EDGE('',*,*,#5649,.F.);
#3878=ORIENTED_EDGE('',*,*,#5607,.T.);
#3879=ORIENTED_EDGE('',*,*,#5650,.F.);
#3880=ORIENTED_EDGE('',*,*,#5651,.F.);
#3881=ORIENTED_EDGE('',*,*,#5644,.T.);
#3882=ORIENTED_EDGE('',*,*,#5606,.T.);
#3883=ORIENTED_EDGE('',*,*,#5652,.T.);
#3884=ORIENTED_EDGE('',*,*,#5642,.F.);
#3885=ORIENTED_EDGE('',*,*,#5653,.F.);
#3886=ORIENTED_EDGE('',*,*,#5654,.F.);
#3887=ORIENTED_EDGE('',*,*,#5655,.T.);
#3888=ORIENTED_EDGE('',*,*,#5656,.F.);
#3889=ORIENTED_EDGE('',*,*,#5650,.T.);
#3890=ORIENTED_EDGE('',*,*,#5648,.F.);
#3891=ORIENTED_EDGE('',*,*,#5657,.F.);
#3892=ORIENTED_EDGE('',*,*,#5653,.T.);
#3893=ORIENTED_EDGE('',*,*,#5658,.F.);
#3894=ORIENTED_EDGE('',*,*,#5659,.T.);
#3895=ORIENTED_EDGE('',*,*,#5646,.F.);
#3896=ORIENTED_EDGE('',*,*,#5660,.F.);
#3897=ORIENTED_EDGE('',*,*,#5655,.F.);
#3898=ORIENTED_EDGE('',*,*,#5651,.T.);
#3899=ORIENTED_EDGE('',*,*,#5656,.T.);
#3900=ORIENTED_EDGE('',*,*,#5660,.T.);
#3901=ORIENTED_EDGE('',*,*,#5645,.T.);
#3902=ORIENTED_EDGE('',*,*,#5654,.T.);
#3903=ORIENTED_EDGE('',*,*,#5657,.T.);
#3904=ORIENTED_EDGE('',*,*,#5647,.T.);
#3905=ORIENTED_EDGE('',*,*,#5659,.F.);
#3906=ORIENTED_EDGE('',*,*,#5614,.T.);
#3907=ORIENTED_EDGE('',*,*,#5632,.F.);
#3908=ORIENTED_EDGE('',*,*,#5661,.F.);
#3909=ORIENTED_EDGE('',*,*,#5662,.F.);
#3910=ORIENTED_EDGE('',*,*,#5663,.T.);
#3911=ORIENTED_EDGE('',*,*,#5664,.F.);
#3912=ORIENTED_EDGE('',*,*,#5665,.T.);
#3913=ORIENTED_EDGE('',*,*,#5666,.F.);
#3914=ORIENTED_EDGE('',*,*,#5667,.F.);
#3915=ORIENTED_EDGE('',*,*,#5668,.F.);
#3916=ORIENTED_EDGE('',*,*,#5661,.T.);
#3917=ORIENTED_EDGE('',*,*,#5669,.F.);
#3918=ORIENTED_EDGE('',*,*,#5616,.T.);
#3919=ORIENTED_EDGE('',*,*,#5670,.F.);
#3920=ORIENTED_EDGE('',*,*,#5671,.F.);
#3921=ORIENTED_EDGE('',*,*,#5672,.F.);
#3922=ORIENTED_EDGE('',*,*,#5673,.T.);
#3923=ORIENTED_EDGE('',*,*,#5674,.F.);
#3924=ORIENTED_EDGE('',*,*,#5667,.T.);
#3925=ORIENTED_EDGE('',*,*,#5675,.F.);
#3926=ORIENTED_EDGE('',*,*,#5676,.F.);
#3927=ORIENTED_EDGE('',*,*,#5671,.T.);
#3928=ORIENTED_EDGE('',*,*,#5677,.F.);
#3929=ORIENTED_EDGE('',*,*,#5665,.F.);
#3930=ORIENTED_EDGE('',*,*,#5678,.T.);
#3931=ORIENTED_EDGE('',*,*,#5663,.F.);
#3932=ORIENTED_EDGE('',*,*,#5679,.F.);
#3933=ORIENTED_EDGE('',*,*,#5673,.F.);
#3934=ORIENTED_EDGE('',*,*,#5668,.T.);
#3935=ORIENTED_EDGE('',*,*,#5674,.T.);
#3936=ORIENTED_EDGE('',*,*,#5679,.T.);
#3937=ORIENTED_EDGE('',*,*,#5662,.T.);
#3938=ORIENTED_EDGE('',*,*,#5672,.T.);
#3939=ORIENTED_EDGE('',*,*,#5676,.T.);
#3940=ORIENTED_EDGE('',*,*,#5664,.T.);
#3941=ORIENTED_EDGE('',*,*,#5678,.F.);
#3942=ORIENTED_EDGE('',*,*,#5680,.F.);
#3943=ORIENTED_EDGE('',*,*,#5681,.T.);
#3944=ORIENTED_EDGE('',*,*,#5682,.F.);
#3945=ORIENTED_EDGE('',*,*,#5683,.F.);
#3946=ORIENTED_EDGE('',*,*,#5684,.F.);
#3947=ORIENTED_EDGE('',*,*,#5685,.F.);
#3948=ORIENTED_EDGE('',*,*,#5686,.F.);
#3949=ORIENTED_EDGE('',*,*,#5687,.F.);
#3950=ORIENTED_EDGE('',*,*,#5681,.F.);
#3951=ORIENTED_EDGE('',*,*,#5688,.T.);
#3952=ORIENTED_EDGE('',*,*,#5686,.T.);
#3953=ORIENTED_EDGE('',*,*,#5689,.T.);
#3954=ORIENTED_EDGE('',*,*,#5658,.T.);
#3955=ORIENTED_EDGE('',*,*,#5690,.F.);
#3956=ORIENTED_EDGE('',*,*,#5683,.T.);
#3957=ORIENTED_EDGE('',*,*,#5691,.T.);
#3958=ORIENTED_EDGE('',*,*,#5669,.T.);
#3959=ORIENTED_EDGE('',*,*,#5692,.F.);
#3960=ORIENTED_EDGE('',*,*,#5684,.T.);
#3961=ORIENTED_EDGE('',*,*,#5693,.T.);
#3962=ORIENTED_EDGE('',*,*,#5617,.T.);
#3963=ORIENTED_EDGE('',*,*,#5675,.T.);
#3964=ORIENTED_EDGE('',*,*,#5693,.F.);
#3965=ORIENTED_EDGE('',*,*,#5687,.T.);
#3966=ORIENTED_EDGE('',*,*,#5688,.F.);
#3967=ORIENTED_EDGE('',*,*,#5680,.T.);
#3968=ORIENTED_EDGE('',*,*,#5690,.T.);
#3969=ORIENTED_EDGE('',*,*,#5639,.T.);
#3970=ORIENTED_EDGE('',*,*,#5694,.F.);
#3971=ORIENTED_EDGE('',*,*,#5609,.T.);
#3972=ORIENTED_EDGE('',*,*,#5649,.T.);
#3973=ORIENTED_EDGE('',*,*,#5691,.F.);
#3974=ORIENTED_EDGE('',*,*,#5682,.T.);
#3975=ORIENTED_EDGE('',*,*,#5689,.F.);
#3976=ORIENTED_EDGE('',*,*,#5685,.T.);
#3977=ORIENTED_EDGE('',*,*,#5692,.T.);
#3978=ORIENTED_EDGE('',*,*,#5634,.T.);
#3979=ORIENTED_EDGE('',*,*,#5694,.T.);
#3980=ORIENTED_EDGE('',*,*,#5638,.T.);
#3981=ORIENTED_EDGE('',*,*,#5635,.T.);
#3982=ORIENTED_EDGE('',*,*,#5618,.F.);
#3983=ORIENTED_EDGE('',*,*,#5641,.F.);
#3984=ORIENTED_EDGE('',*,*,#5643,.F.);
#3985=ORIENTED_EDGE('',*,*,#5652,.F.);
#3986=ORIENTED_EDGE('',*,*,#5605,.F.);
#3987=ORIENTED_EDGE('',*,*,#5666,.T.);
#3988=ORIENTED_EDGE('',*,*,#5677,.T.);
#3989=ORIENTED_EDGE('',*,*,#5670,.T.);
#3990=ORIENTED_EDGE('',*,*,#5615,.F.);
#3991=ORIENTED_EDGE('',*,*,#5627,.T.);
#3992=ORIENTED_EDGE('',*,*,#5695,.T.);
#3993=ORIENTED_EDGE('',*,*,#5696,.T.);
#3994=ORIENTED_EDGE('',*,*,#5697,.T.);
#3995=ORIENTED_EDGE('',*,*,#5698,.T.);
#3996=ORIENTED_EDGE('',*,*,#5625,.F.);
#3997=ORIENTED_EDGE('',*,*,#5624,.T.);
#3998=ORIENTED_EDGE('',*,*,#5699,.F.);
#3999=ORIENTED_EDGE('',*,*,#5697,.F.);
#4000=ORIENTED_EDGE('',*,*,#5698,.F.);
#4001=ORIENTED_EDGE('',*,*,#5695,.F.);
#4002=ORIENTED_EDGE('',*,*,#5626,.F.);
#4003=ORIENTED_EDGE('',*,*,#5700,.F.);
#4004=ORIENTED_EDGE('',*,*,#5701,.F.);
#4005=ORIENTED_EDGE('',*,*,#5621,.F.);
#4006=ORIENTED_EDGE('',*,*,#5622,.T.);
#4007=ORIENTED_EDGE('',*,*,#5701,.T.);
#4008=ORIENTED_EDGE('',*,*,#5702,.F.);
#4009=ORIENTED_EDGE('',*,*,#5702,.T.);
#4010=ORIENTED_EDGE('',*,*,#5699,.T.);
#4011=ORIENTED_EDGE('',*,*,#5623,.F.);
#4012=ORIENTED_EDGE('',*,*,#5696,.F.);
#4013=ORIENTED_EDGE('',*,*,#5700,.T.);
#4014=ORIENTED_EDGE('',*,*,#5628,.F.);
#4015=ORIENTED_EDGE('',*,*,#5703,.F.);
#4016=ORIENTED_EDGE('',*,*,#5704,.T.);
#4017=ORIENTED_EDGE('',*,*,#5601,.F.);
#4018=ORIENTED_EDGE('',*,*,#5704,.F.);
#4019=ORIENTED_EDGE('',*,*,#5705,.F.);
#4020=ORIENTED_EDGE('',*,*,#5594,.F.);
#4021=ORIENTED_EDGE('',*,*,#5706,.F.);
#4022=ORIENTED_EDGE('',*,*,#5707,.T.);
#4023=ORIENTED_EDGE('',*,*,#5596,.F.);
#4024=ORIENTED_EDGE('',*,*,#5708,.T.);
#4025=ORIENTED_EDGE('',*,*,#5709,.T.);
#4026=ORIENTED_EDGE('',*,*,#5598,.F.);
#4027=ORIENTED_EDGE('',*,*,#5709,.F.);
#4028=ORIENTED_EDGE('',*,*,#5710,.F.);
#4029=ORIENTED_EDGE('',*,*,#5599,.F.);
#4030=ORIENTED_EDGE('',*,*,#5595,.T.);
#4031=ORIENTED_EDGE('',*,*,#5705,.T.);
#4032=ORIENTED_EDGE('',*,*,#5706,.T.);
#4033=ORIENTED_EDGE('',*,*,#5597,.T.);
#4034=ORIENTED_EDGE('',*,*,#5707,.F.);
#4035=ORIENTED_EDGE('',*,*,#5708,.F.);
#4036=ORIENTED_EDGE('',*,*,#5600,.T.);
#4037=ORIENTED_EDGE('',*,*,#5710,.T.);
#4038=ORIENTED_EDGE('',*,*,#5703,.T.);
#4039=ORIENTED_EDGE('',*,*,#5711,.F.);
#4040=ORIENTED_EDGE('',*,*,#5712,.T.);
#4041=ORIENTED_EDGE('',*,*,#5713,.T.);
#4042=ORIENTED_EDGE('',*,*,#5714,.F.);
#4043=ORIENTED_EDGE('',*,*,#5715,.T.);
#4044=ORIENTED_EDGE('',*,*,#5716,.T.);
#4045=ORIENTED_EDGE('',*,*,#5717,.F.);
#4046=ORIENTED_EDGE('',*,*,#5718,.F.);
#4047=ORIENTED_EDGE('',*,*,#5719,.T.);
#4048=ORIENTED_EDGE('',*,*,#5720,.T.);
#4049=ORIENTED_EDGE('',*,*,#5721,.F.);
#4050=ORIENTED_EDGE('',*,*,#5722,.F.);
#4051=ORIENTED_EDGE('',*,*,#5723,.T.);
#4052=ORIENTED_EDGE('',*,*,#5724,.F.);
#4053=ORIENTED_EDGE('',*,*,#5725,.F.);
#4054=ORIENTED_EDGE('',*,*,#5726,.T.);
#4055=ORIENTED_EDGE('',*,*,#5727,.F.);
#4056=ORIENTED_EDGE('',*,*,#5728,.T.);
#4057=ORIENTED_EDGE('',*,*,#5729,.T.);
#4058=ORIENTED_EDGE('',*,*,#5730,.F.);
#4059=ORIENTED_EDGE('',*,*,#5731,.T.);
#4060=ORIENTED_EDGE('',*,*,#5732,.T.);
#4061=ORIENTED_EDGE('',*,*,#5733,.F.);
#4062=ORIENTED_EDGE('',*,*,#5734,.F.);
#4063=ORIENTED_EDGE('',*,*,#5735,.F.);
#4064=ORIENTED_EDGE('',*,*,#5736,.F.);
#4065=ORIENTED_EDGE('',*,*,#5737,.F.);
#4066=ORIENTED_EDGE('',*,*,#5738,.F.);
#4067=ORIENTED_EDGE('',*,*,#5739,.T.);
#4068=ORIENTED_EDGE('',*,*,#5740,.T.);
#4069=ORIENTED_EDGE('',*,*,#5741,.F.);
#4070=ORIENTED_EDGE('',*,*,#5742,.T.);
#4071=ORIENTED_EDGE('',*,*,#5743,.F.);
#4072=ORIENTED_EDGE('',*,*,#5744,.F.);
#4073=ORIENTED_EDGE('',*,*,#5745,.F.);
#4074=ORIENTED_EDGE('',*,*,#5746,.F.);
#4075=ORIENTED_EDGE('',*,*,#5747,.F.);
#4076=ORIENTED_EDGE('',*,*,#5748,.T.);
#4077=ORIENTED_EDGE('',*,*,#5749,.F.);
#4078=ORIENTED_EDGE('',*,*,#5750,.T.);
#4079=ORIENTED_EDGE('',*,*,#5751,.F.);
#4080=ORIENTED_EDGE('',*,*,#5717,.T.);
#4081=ORIENTED_EDGE('',*,*,#5752,.F.);
#4082=ORIENTED_EDGE('',*,*,#5753,.F.);
#4083=ORIENTED_EDGE('',*,*,#5754,.F.);
#4084=ORIENTED_EDGE('',*,*,#5755,.F.);
#4085=ORIENTED_EDGE('',*,*,#5756,.T.);
#4086=ORIENTED_EDGE('',*,*,#5757,.T.);
#4087=ORIENTED_EDGE('',*,*,#5758,.T.);
#4088=ORIENTED_EDGE('',*,*,#5723,.F.);
#4089=ORIENTED_EDGE('',*,*,#5759,.F.);
#4090=ORIENTED_EDGE('',*,*,#5760,.T.);
#4091=ORIENTED_EDGE('',*,*,#5761,.T.);
#4092=ORIENTED_EDGE('',*,*,#5762,.T.);
#4093=ORIENTED_EDGE('',*,*,#5727,.T.);
#4094=ORIENTED_EDGE('',*,*,#5763,.F.);
#4095=ORIENTED_EDGE('',*,*,#5764,.F.);
#4096=ORIENTED_EDGE('',*,*,#5713,.F.);
#4097=ORIENTED_EDGE('',*,*,#5765,.F.);
#4098=ORIENTED_EDGE('',*,*,#5766,.T.);
#4099=ORIENTED_EDGE('',*,*,#5767,.T.);
#4100=ORIENTED_EDGE('',*,*,#5725,.T.);
#4101=ORIENTED_EDGE('',*,*,#5768,.F.);
#4102=ORIENTED_EDGE('',*,*,#5769,.F.);
#4103=ORIENTED_EDGE('',*,*,#5770,.F.);
#4104=ORIENTED_EDGE('',*,*,#5771,.T.);
#4105=ORIENTED_EDGE('',*,*,#5772,.T.);
#4106=ORIENTED_EDGE('',*,*,#5773,.T.);
#4107=ORIENTED_EDGE('',*,*,#5774,.T.);
#4108=ORIENTED_EDGE('',*,*,#5715,.F.);
#4109=ORIENTED_EDGE('',*,*,#5775,.T.);
#4110=ORIENTED_EDGE('',*,*,#5776,.T.);
#4111=ORIENTED_EDGE('',*,*,#5777,.T.);
#4112=ORIENTED_EDGE('',*,*,#5778,.T.);
#4113=ORIENTED_EDGE('',*,*,#5779,.F.);
#4114=ORIENTED_EDGE('',*,*,#5780,.F.);
#4115=ORIENTED_EDGE('',*,*,#5781,.F.);
#4116=ORIENTED_EDGE('',*,*,#5782,.F.);
#4117=ORIENTED_EDGE('',*,*,#5783,.F.);
#4118=ORIENTED_EDGE('',*,*,#5784,.F.);
#4119=ORIENTED_EDGE('',*,*,#5785,.F.);
#4120=ORIENTED_EDGE('',*,*,#5786,.F.);
#4121=ORIENTED_EDGE('',*,*,#5787,.T.);
#4122=ORIENTED_EDGE('',*,*,#5788,.F.);
#4123=ORIENTED_EDGE('',*,*,#5789,.T.);
#4124=ORIENTED_EDGE('',*,*,#5790,.F.);
#4125=ORIENTED_EDGE('',*,*,#5791,.F.);
#4126=ORIENTED_EDGE('',*,*,#5792,.F.);
#4127=ORIENTED_EDGE('',*,*,#5793,.F.);
#4128=ORIENTED_EDGE('',*,*,#5794,.F.);
#4129=ORIENTED_EDGE('',*,*,#5795,.F.);
#4130=ORIENTED_EDGE('',*,*,#5796,.T.);
#4131=ORIENTED_EDGE('',*,*,#5797,.T.);
#4132=ORIENTED_EDGE('',*,*,#5798,.F.);
#4133=ORIENTED_EDGE('',*,*,#5799,.T.);
#4134=ORIENTED_EDGE('',*,*,#5800,.F.);
#4135=ORIENTED_EDGE('',*,*,#5775,.F.);
#4136=ORIENTED_EDGE('',*,*,#5796,.F.);
#4137=ORIENTED_EDGE('',*,*,#5756,.F.);
#4138=ORIENTED_EDGE('',*,*,#5801,.F.);
#4139=ORIENTED_EDGE('',*,*,#5770,.T.);
#4140=ORIENTED_EDGE('',*,*,#5802,.T.);
#4141=ORIENTED_EDGE('',*,*,#5757,.F.);
#4142=ORIENTED_EDGE('',*,*,#5802,.F.);
#4143=ORIENTED_EDGE('',*,*,#5769,.T.);
#4144=ORIENTED_EDGE('',*,*,#5803,.T.);
#4145=ORIENTED_EDGE('',*,*,#5758,.F.);
#4146=ORIENTED_EDGE('',*,*,#5803,.F.);
#4147=ORIENTED_EDGE('',*,*,#5768,.T.);
#4148=ORIENTED_EDGE('',*,*,#5724,.T.);
#4149=ORIENTED_EDGE('',*,*,#5752,.T.);
#4150=ORIENTED_EDGE('',*,*,#5716,.F.);
#4151=ORIENTED_EDGE('',*,*,#5774,.F.);
#4152=ORIENTED_EDGE('',*,*,#5804,.T.);
#4153=ORIENTED_EDGE('',*,*,#5753,.T.);
#4154=ORIENTED_EDGE('',*,*,#5804,.F.);
#4155=ORIENTED_EDGE('',*,*,#5773,.F.);
#4156=ORIENTED_EDGE('',*,*,#5805,.T.);
#4157=ORIENTED_EDGE('',*,*,#5754,.T.);
#4158=ORIENTED_EDGE('',*,*,#5805,.F.);
#4159=ORIENTED_EDGE('',*,*,#5772,.F.);
#4160=ORIENTED_EDGE('',*,*,#5806,.T.);
#4161=ORIENTED_EDGE('',*,*,#5755,.T.);
#4162=ORIENTED_EDGE('',*,*,#5806,.F.);
#4163=ORIENTED_EDGE('',*,*,#5771,.F.);
#4164=ORIENTED_EDGE('',*,*,#5801,.T.);
#4165=ORIENTED_EDGE('',*,*,#5739,.F.);
#4166=ORIENTED_EDGE('',*,*,#5795,.T.);
#4167=ORIENTED_EDGE('',*,*,#5793,.T.);
#4168=ORIENTED_EDGE('',*,*,#5807,.F.);
#4169=ORIENTED_EDGE('',*,*,#5740,.F.);
#4170=ORIENTED_EDGE('',*,*,#5808,.F.);
#4171=ORIENTED_EDGE('',*,*,#5742,.F.);
#4172=ORIENTED_EDGE('',*,*,#5809,.F.);
#4173=ORIENTED_EDGE('',*,*,#5791,.T.);
#4174=ORIENTED_EDGE('',*,*,#5810,.F.);
#4175=ORIENTED_EDGE('',*,*,#5789,.F.);
#4176=ORIENTED_EDGE('',*,*,#5811,.F.);
#4177=ORIENTED_EDGE('',*,*,#5744,.T.);
#4178=ORIENTED_EDGE('',*,*,#5812,.F.);
#4179=ORIENTED_EDGE('',*,*,#5746,.T.);
#4180=ORIENTED_EDGE('',*,*,#5813,.F.);
#4181=ORIENTED_EDGE('',*,*,#5787,.F.);
#4182=ORIENTED_EDGE('',*,*,#5814,.F.);
#4183=ORIENTED_EDGE('',*,*,#5799,.F.);
#4184=ORIENTED_EDGE('',*,*,#5815,.F.);
#4185=ORIENTED_EDGE('',*,*,#5735,.T.);
#4186=ORIENTED_EDGE('',*,*,#5816,.F.);
#4187=ORIENTED_EDGE('',*,*,#5737,.T.);
#4188=ORIENTED_EDGE('',*,*,#5817,.F.);
#4189=ORIENTED_EDGE('',*,*,#5797,.F.);
#4190=ORIENTED_EDGE('',*,*,#5818,.F.);
#4191=ORIENTED_EDGE('',*,*,#5750,.F.);
#4192=ORIENTED_EDGE('',*,*,#5819,.F.);
#4193=ORIENTED_EDGE('',*,*,#5783,.T.);
#4194=ORIENTED_EDGE('',*,*,#5820,.F.);
#4195=ORIENTED_EDGE('',*,*,#5785,.T.);
#4196=ORIENTED_EDGE('',*,*,#5821,.F.);
#4197=ORIENTED_EDGE('',*,*,#5748,.F.);
#4198=ORIENTED_EDGE('',*,*,#5822,.F.);
#4199=ORIENTED_EDGE('',*,*,#5790,.T.);
#4200=ORIENTED_EDGE('',*,*,#5812,.T.);
#4201=ORIENTED_EDGE('',*,*,#5747,.T.);
#4202=ORIENTED_EDGE('',*,*,#5814,.T.);
#4203=ORIENTED_EDGE('',*,*,#5788,.T.);
#4204=ORIENTED_EDGE('',*,*,#5813,.T.);
#4205=ORIENTED_EDGE('',*,*,#5745,.T.);
#4206=ORIENTED_EDGE('',*,*,#5811,.T.);
#4207=ORIENTED_EDGE('',*,*,#5794,.T.);
#4208=ORIENTED_EDGE('',*,*,#5808,.T.);
#4209=ORIENTED_EDGE('',*,*,#5743,.T.);
#4210=ORIENTED_EDGE('',*,*,#5810,.T.);
#4211=ORIENTED_EDGE('',*,*,#5792,.T.);
#4212=ORIENTED_EDGE('',*,*,#5809,.T.);
#4213=ORIENTED_EDGE('',*,*,#5741,.T.);
#4214=ORIENTED_EDGE('',*,*,#5807,.T.);
#4215=ORIENTED_EDGE('',*,*,#5800,.T.);
#4216=ORIENTED_EDGE('',*,*,#5816,.T.);
#4217=ORIENTED_EDGE('',*,*,#5738,.T.);
#4218=ORIENTED_EDGE('',*,*,#5818,.T.);
#4219=ORIENTED_EDGE('',*,*,#5798,.T.);
#4220=ORIENTED_EDGE('',*,*,#5817,.T.);
#4221=ORIENTED_EDGE('',*,*,#5736,.T.);
#4222=ORIENTED_EDGE('',*,*,#5815,.T.);
#4223=ORIENTED_EDGE('',*,*,#5786,.T.);
#4224=ORIENTED_EDGE('',*,*,#5822,.T.);
#4225=ORIENTED_EDGE('',*,*,#5751,.T.);
#4226=ORIENTED_EDGE('',*,*,#5820,.T.);
#4227=ORIENTED_EDGE('',*,*,#5784,.T.);
#4228=ORIENTED_EDGE('',*,*,#5819,.T.);
#4229=ORIENTED_EDGE('',*,*,#5749,.T.);
#4230=ORIENTED_EDGE('',*,*,#5821,.T.);
#4231=ORIENTED_EDGE('',*,*,#5782,.T.);
#4232=ORIENTED_EDGE('',*,*,#5823,.F.);
#4233=ORIENTED_EDGE('',*,*,#5824,.F.);
#4234=ORIENTED_EDGE('',*,*,#5825,.T.);
#4235=ORIENTED_EDGE('',*,*,#5776,.F.);
#4236=ORIENTED_EDGE('',*,*,#5825,.F.);
#4237=ORIENTED_EDGE('',*,*,#5826,.T.);
#4238=ORIENTED_EDGE('',*,*,#5827,.T.);
#4239=ORIENTED_EDGE('',*,*,#5777,.F.);
#4240=ORIENTED_EDGE('',*,*,#5827,.F.);
#4241=ORIENTED_EDGE('',*,*,#5828,.T.);
#4242=ORIENTED_EDGE('',*,*,#5829,.T.);
#4243=ORIENTED_EDGE('',*,*,#5778,.F.);
#4244=ORIENTED_EDGE('',*,*,#5829,.F.);
#4245=ORIENTED_EDGE('',*,*,#5830,.T.);
#4246=ORIENTED_EDGE('',*,*,#5831,.T.);
#4247=ORIENTED_EDGE('',*,*,#5779,.T.);
#4248=ORIENTED_EDGE('',*,*,#5831,.F.);
#4249=ORIENTED_EDGE('',*,*,#5832,.F.);
#4250=ORIENTED_EDGE('',*,*,#5833,.T.);
#4251=ORIENTED_EDGE('',*,*,#5780,.T.);
#4252=ORIENTED_EDGE('',*,*,#5833,.F.);
#4253=ORIENTED_EDGE('',*,*,#5834,.F.);
#4254=ORIENTED_EDGE('',*,*,#5835,.T.);
#4255=ORIENTED_EDGE('',*,*,#5781,.T.);
#4256=ORIENTED_EDGE('',*,*,#5835,.F.);
#4257=ORIENTED_EDGE('',*,*,#5836,.F.);
#4258=ORIENTED_EDGE('',*,*,#5823,.T.);
#4259=ORIENTED_EDGE('',*,*,#5824,.T.);
#4260=ORIENTED_EDGE('',*,*,#5836,.T.);
#4261=ORIENTED_EDGE('',*,*,#5834,.T.);
#4262=ORIENTED_EDGE('',*,*,#5832,.T.);
#4263=ORIENTED_EDGE('',*,*,#5830,.F.);
#4264=ORIENTED_EDGE('',*,*,#5828,.F.);
#4265=ORIENTED_EDGE('',*,*,#5826,.F.);
#4266=ORIENTED_EDGE('',*,*,#5766,.F.);
#4267=ORIENTED_EDGE('',*,*,#5714,.T.);
#4268=ORIENTED_EDGE('',*,*,#5764,.T.);
#4269=ORIENTED_EDGE('',*,*,#5837,.T.);
#4270=ORIENTED_EDGE('',*,*,#5726,.F.);
#4271=ORIENTED_EDGE('',*,*,#5767,.F.);
#4272=ORIENTED_EDGE('',*,*,#5837,.F.);
#4273=ORIENTED_EDGE('',*,*,#5763,.T.);
#4274=ORIENTED_EDGE('',*,*,#5838,.T.);
#4275=ORIENTED_EDGE('',*,*,#5839,.T.);
#4276=ORIENTED_EDGE('',*,*,#5765,.T.);
#4277=ORIENTED_EDGE('',*,*,#5712,.F.);
#4278=ORIENTED_EDGE('',*,*,#5728,.F.);
#4279=ORIENTED_EDGE('',*,*,#5762,.F.);
#4280=ORIENTED_EDGE('',*,*,#5839,.F.);
#4281=ORIENTED_EDGE('',*,*,#5840,.F.);
#4282=ORIENTED_EDGE('',*,*,#5841,.F.);
#4283=ORIENTED_EDGE('',*,*,#5842,.F.);
#4284=ORIENTED_EDGE('',*,*,#5729,.F.);
#4285=ORIENTED_EDGE('',*,*,#5840,.T.);
#4286=ORIENTED_EDGE('',*,*,#5838,.F.);
#4287=ORIENTED_EDGE('',*,*,#5711,.T.);
#4288=ORIENTED_EDGE('',*,*,#5843,.F.);
#4289=ORIENTED_EDGE('',*,*,#5718,.T.);
#4290=ORIENTED_EDGE('',*,*,#5759,.T.);
#4291=ORIENTED_EDGE('',*,*,#5730,.T.);
#4292=ORIENTED_EDGE('',*,*,#5843,.T.);
#4293=ORIENTED_EDGE('',*,*,#5844,.F.);
#4294=ORIENTED_EDGE('',*,*,#5722,.T.);
#4295=ORIENTED_EDGE('',*,*,#5845,.T.);
#4296=ORIENTED_EDGE('',*,*,#5731,.F.);
#4297=ORIENTED_EDGE('',*,*,#5845,.F.);
#4298=ORIENTED_EDGE('',*,*,#5721,.T.);
#4299=ORIENTED_EDGE('',*,*,#5846,.T.);
#4300=ORIENTED_EDGE('',*,*,#5732,.F.);
#4301=ORIENTED_EDGE('',*,*,#5720,.F.);
#4302=ORIENTED_EDGE('',*,*,#5847,.T.);
#4303=ORIENTED_EDGE('',*,*,#5733,.T.);
#4304=ORIENTED_EDGE('',*,*,#5846,.F.);
#4305=ORIENTED_EDGE('',*,*,#5719,.F.);
#4306=ORIENTED_EDGE('',*,*,#5844,.T.);
#4307=ORIENTED_EDGE('',*,*,#5734,.T.);
#4308=ORIENTED_EDGE('',*,*,#5847,.F.);
#4309=ORIENTED_EDGE('',*,*,#5761,.F.);
#4310=ORIENTED_EDGE('',*,*,#5842,.T.);
#4311=ORIENTED_EDGE('',*,*,#5841,.T.);
#4312=ORIENTED_EDGE('',*,*,#5760,.F.);
#4313=ORIENTED_EDGE('',*,*,#5848,.T.);
#4314=ORIENTED_EDGE('',*,*,#5849,.F.);
#4315=ORIENTED_EDGE('',*,*,#5850,.T.);
#4316=ORIENTED_EDGE('',*,*,#5851,.F.);
#4317=ORIENTED_EDGE('',*,*,#5852,.T.);
#4318=ORIENTED_EDGE('',*,*,#5853,.T.);
#4319=ORIENTED_EDGE('',*,*,#5854,.F.);
#4320=ORIENTED_EDGE('',*,*,#5855,.T.);
#4321=ORIENTED_EDGE('',*,*,#5856,.T.);
#4322=ORIENTED_EDGE('',*,*,#5857,.F.);
#4323=ORIENTED_EDGE('',*,*,#5858,.T.);
#4324=ORIENTED_EDGE('',*,*,#5859,.T.);
#4325=ORIENTED_EDGE('',*,*,#5860,.F.);
#4326=ORIENTED_EDGE('',*,*,#5861,.F.);
#4327=ORIENTED_EDGE('',*,*,#5862,.F.);
#4328=ORIENTED_EDGE('',*,*,#5863,.F.);
#4329=ORIENTED_EDGE('',*,*,#5864,.F.);
#4330=ORIENTED_EDGE('',*,*,#5865,.F.);
#4331=ORIENTED_EDGE('',*,*,#5866,.F.);
#4332=ORIENTED_EDGE('',*,*,#5867,.F.);
#4333=ORIENTED_EDGE('',*,*,#5868,.F.);
#4334=ORIENTED_EDGE('',*,*,#5869,.T.);
#4335=ORIENTED_EDGE('',*,*,#5870,.F.);
#4336=ORIENTED_EDGE('',*,*,#5871,.F.);
#4337=ORIENTED_EDGE('',*,*,#5872,.T.);
#4338=ORIENTED_EDGE('',*,*,#5873,.F.);
#4339=ORIENTED_EDGE('',*,*,#5874,.F.);
#4340=ORIENTED_EDGE('',*,*,#5875,.T.);
#4341=ORIENTED_EDGE('',*,*,#5876,.F.);
#4342=ORIENTED_EDGE('',*,*,#5877,.T.);
#4343=ORIENTED_EDGE('',*,*,#5878,.F.);
#4344=ORIENTED_EDGE('',*,*,#5879,.T.);
#4345=ORIENTED_EDGE('',*,*,#5880,.T.);
#4346=ORIENTED_EDGE('',*,*,#5881,.F.);
#4347=ORIENTED_EDGE('',*,*,#5882,.T.);
#4348=ORIENTED_EDGE('',*,*,#5883,.F.);
#4349=ORIENTED_EDGE('',*,*,#5883,.T.);
#4350=ORIENTED_EDGE('',*,*,#5858,.F.);
#4351=ORIENTED_EDGE('',*,*,#5856,.F.);
#4352=ORIENTED_EDGE('',*,*,#5857,.T.);
#4353=ORIENTED_EDGE('',*,*,#5866,.T.);
#4354=ORIENTED_EDGE('',*,*,#5884,.T.);
#4355=ORIENTED_EDGE('',*,*,#5885,.T.);
#4356=ORIENTED_EDGE('',*,*,#5867,.T.);
#4357=ORIENTED_EDGE('',*,*,#5885,.F.);
#4358=ORIENTED_EDGE('',*,*,#5886,.T.);
#4359=ORIENTED_EDGE('',*,*,#5865,.T.);
#4360=ORIENTED_EDGE('',*,*,#5887,.F.);
#4361=ORIENTED_EDGE('',*,*,#5884,.F.);
#4362=ORIENTED_EDGE('',*,*,#5864,.T.);
#4363=ORIENTED_EDGE('',*,*,#5888,.F.);
#4364=ORIENTED_EDGE('',*,*,#5887,.T.);
#4365=ORIENTED_EDGE('',*,*,#5873,.T.);
#4366=ORIENTED_EDGE('',*,*,#5889,.F.);
#4367=ORIENTED_EDGE('',*,*,#5890,.F.);
#4368=ORIENTED_EDGE('',*,*,#5891,.F.);
#4369=ORIENTED_EDGE('',*,*,#5890,.T.);
#4370=ORIENTED_EDGE('',*,*,#5892,.F.);
#4371=ORIENTED_EDGE('',*,*,#5893,.F.);
#4372=ORIENTED_EDGE('',*,*,#5874,.T.);
#4373=ORIENTED_EDGE('',*,*,#5891,.T.);
#4374=ORIENTED_EDGE('',*,*,#5894,.T.);
#4375=ORIENTED_EDGE('',*,*,#5895,.T.);
#4376=ORIENTED_EDGE('',*,*,#5896,.T.);
#4377=ORIENTED_EDGE('',*,*,#5897,.T.);
#4378=ORIENTED_EDGE('',*,*,#5894,.F.);
#4379=ORIENTED_EDGE('',*,*,#5862,.T.);
#4380=ORIENTED_EDGE('',*,*,#5898,.F.);
#4381=ORIENTED_EDGE('',*,*,#5899,.F.);
#4382=ORIENTED_EDGE('',*,*,#5900,.T.);
#4383=ORIENTED_EDGE('',*,*,#5901,.F.);
#4384=ORIENTED_EDGE('',*,*,#5902,.T.);
#4385=ORIENTED_EDGE('',*,*,#5903,.F.);
#4386=ORIENTED_EDGE('',*,*,#5861,.T.);
#4387=ORIENTED_EDGE('',*,*,#5904,.F.);
#4388=ORIENTED_EDGE('',*,*,#5905,.F.);
#4389=ORIENTED_EDGE('',*,*,#5898,.T.);
#4390=ORIENTED_EDGE('',*,*,#5860,.T.);
#4391=ORIENTED_EDGE('',*,*,#5906,.T.);
#4392=ORIENTED_EDGE('',*,*,#5896,.F.);
#4393=ORIENTED_EDGE('',*,*,#5907,.F.);
#4394=ORIENTED_EDGE('',*,*,#5908,.F.);
#4395=ORIENTED_EDGE('',*,*,#5909,.T.);
#4396=ORIENTED_EDGE('',*,*,#5910,.F.);
#4397=ORIENTED_EDGE('',*,*,#5904,.T.);
#4398=ORIENTED_EDGE('',*,*,#5902,.F.);
#4399=ORIENTED_EDGE('',*,*,#5911,.F.);
#4400=ORIENTED_EDGE('',*,*,#5907,.T.);
#4401=ORIENTED_EDGE('',*,*,#5912,.F.);
#4402=ORIENTED_EDGE('',*,*,#5913,.T.);
#4403=ORIENTED_EDGE('',*,*,#5900,.F.);
#4404=ORIENTED_EDGE('',*,*,#5914,.F.);
#4405=ORIENTED_EDGE('',*,*,#5909,.F.);
#4406=ORIENTED_EDGE('',*,*,#5905,.T.);
#4407=ORIENTED_EDGE('',*,*,#5910,.T.);
#4408=ORIENTED_EDGE('',*,*,#5914,.T.);
#4409=ORIENTED_EDGE('',*,*,#5899,.T.);
#4410=ORIENTED_EDGE('',*,*,#5908,.T.);
#4411=ORIENTED_EDGE('',*,*,#5911,.T.);
#4412=ORIENTED_EDGE('',*,*,#5901,.T.);
#4413=ORIENTED_EDGE('',*,*,#5913,.F.);
#4414=ORIENTED_EDGE('',*,*,#5868,.T.);
#4415=ORIENTED_EDGE('',*,*,#5886,.F.);
#4416=ORIENTED_EDGE('',*,*,#5915,.F.);
#4417=ORIENTED_EDGE('',*,*,#5916,.F.);
#4418=ORIENTED_EDGE('',*,*,#5917,.T.);
#4419=ORIENTED_EDGE('',*,*,#5918,.F.);
#4420=ORIENTED_EDGE('',*,*,#5919,.T.);
#4421=ORIENTED_EDGE('',*,*,#5920,.F.);
#4422=ORIENTED_EDGE('',*,*,#5921,.F.);
#4423=ORIENTED_EDGE('',*,*,#5922,.F.);
#4424=ORIENTED_EDGE('',*,*,#5915,.T.);
#4425=ORIENTED_EDGE('',*,*,#5923,.F.);
#4426=ORIENTED_EDGE('',*,*,#5870,.T.);
#4427=ORIENTED_EDGE('',*,*,#5924,.F.);
#4428=ORIENTED_EDGE('',*,*,#5925,.F.);
#4429=ORIENTED_EDGE('',*,*,#5926,.F.);
#4430=ORIENTED_EDGE('',*,*,#5927,.T.);
#4431=ORIENTED_EDGE('',*,*,#5928,.F.);
#4432=ORIENTED_EDGE('',*,*,#5921,.T.);
#4433=ORIENTED_EDGE('',*,*,#5929,.F.);
#4434=ORIENTED_EDGE('',*,*,#5930,.F.);
#4435=ORIENTED_EDGE('',*,*,#5925,.T.);
#4436=ORIENTED_EDGE('',*,*,#5931,.F.);
#4437=ORIENTED_EDGE('',*,*,#5919,.F.);
#4438=ORIENTED_EDGE('',*,*,#5932,.T.);
#4439=ORIENTED_EDGE('',*,*,#5917,.F.);
#4440=ORIENTED_EDGE('',*,*,#5933,.F.);
#4441=ORIENTED_EDGE('',*,*,#5927,.F.);
#4442=ORIENTED_EDGE('',*,*,#5922,.T.);
#4443=ORIENTED_EDGE('',*,*,#5928,.T.);
#4444=ORIENTED_EDGE('',*,*,#5933,.T.);
#4445=ORIENTED_EDGE('',*,*,#5916,.T.);
#4446=ORIENTED_EDGE('',*,*,#5926,.T.);
#4447=ORIENTED_EDGE('',*,*,#5930,.T.);
#4448=ORIENTED_EDGE('',*,*,#5918,.T.);
#4449=ORIENTED_EDGE('',*,*,#5932,.F.);
#4450=ORIENTED_EDGE('',*,*,#5934,.F.);
#4451=ORIENTED_EDGE('',*,*,#5935,.T.);
#4452=ORIENTED_EDGE('',*,*,#5936,.F.);
#4453=ORIENTED_EDGE('',*,*,#5937,.F.);
#4454=ORIENTED_EDGE('',*,*,#5938,.F.);
#4455=ORIENTED_EDGE('',*,*,#5939,.F.);
#4456=ORIENTED_EDGE('',*,*,#5940,.F.);
#4457=ORIENTED_EDGE('',*,*,#5941,.F.);
#4458=ORIENTED_EDGE('',*,*,#5935,.F.);
#4459=ORIENTED_EDGE('',*,*,#5942,.T.);
#4460=ORIENTED_EDGE('',*,*,#5940,.T.);
#4461=ORIENTED_EDGE('',*,*,#5943,.T.);
#4462=ORIENTED_EDGE('',*,*,#5912,.T.);
#4463=ORIENTED_EDGE('',*,*,#5944,.F.);
#4464=ORIENTED_EDGE('',*,*,#5937,.T.);
#4465=ORIENTED_EDGE('',*,*,#5945,.T.);
#4466=ORIENTED_EDGE('',*,*,#5923,.T.);
#4467=ORIENTED_EDGE('',*,*,#5946,.F.);
#4468=ORIENTED_EDGE('',*,*,#5938,.T.);
#4469=ORIENTED_EDGE('',*,*,#5947,.T.);
#4470=ORIENTED_EDGE('',*,*,#5871,.T.);
#4471=ORIENTED_EDGE('',*,*,#5929,.T.);
#4472=ORIENTED_EDGE('',*,*,#5947,.F.);
#4473=ORIENTED_EDGE('',*,*,#5941,.T.);
#4474=ORIENTED_EDGE('',*,*,#5942,.F.);
#4475=ORIENTED_EDGE('',*,*,#5934,.T.);
#4476=ORIENTED_EDGE('',*,*,#5944,.T.);
#4477=ORIENTED_EDGE('',*,*,#5893,.T.);
#4478=ORIENTED_EDGE('',*,*,#5948,.F.);
#4479=ORIENTED_EDGE('',*,*,#5863,.T.);
#4480=ORIENTED_EDGE('',*,*,#5903,.T.);
#4481=ORIENTED_EDGE('',*,*,#5945,.F.);
#4482=ORIENTED_EDGE('',*,*,#5936,.T.);
#4483=ORIENTED_EDGE('',*,*,#5943,.F.);
#4484=ORIENTED_EDGE('',*,*,#5939,.T.);
#4485=ORIENTED_EDGE('',*,*,#5946,.T.);
#4486=ORIENTED_EDGE('',*,*,#5888,.T.);
#4487=ORIENTED_EDGE('',*,*,#5948,.T.);
#4488=ORIENTED_EDGE('',*,*,#5892,.T.);
#4489=ORIENTED_EDGE('',*,*,#5889,.T.);
#4490=ORIENTED_EDGE('',*,*,#5872,.F.);
#4491=ORIENTED_EDGE('',*,*,#5895,.F.);
#4492=ORIENTED_EDGE('',*,*,#5897,.F.);
#4493=ORIENTED_EDGE('',*,*,#5906,.F.);
#4494=ORIENTED_EDGE('',*,*,#5859,.F.);
#4495=ORIENTED_EDGE('',*,*,#5920,.T.);
#4496=ORIENTED_EDGE('',*,*,#5931,.T.);
#4497=ORIENTED_EDGE('',*,*,#5924,.T.);
#4498=ORIENTED_EDGE('',*,*,#5869,.F.);
#4499=ORIENTED_EDGE('',*,*,#5881,.T.);
#4500=ORIENTED_EDGE('',*,*,#5949,.T.);
#4501=ORIENTED_EDGE('',*,*,#5950,.T.);
#4502=ORIENTED_EDGE('',*,*,#5951,.T.);
#4503=ORIENTED_EDGE('',*,*,#5952,.T.);
#4504=ORIENTED_EDGE('',*,*,#5879,.F.);
#4505=ORIENTED_EDGE('',*,*,#5878,.T.);
#4506=ORIENTED_EDGE('',*,*,#5953,.F.);
#4507=ORIENTED_EDGE('',*,*,#5951,.F.);
#4508=ORIENTED_EDGE('',*,*,#5952,.F.);
#4509=ORIENTED_EDGE('',*,*,#5949,.F.);
#4510=ORIENTED_EDGE('',*,*,#5880,.F.);
#4511=ORIENTED_EDGE('',*,*,#5954,.F.);
#4512=ORIENTED_EDGE('',*,*,#5955,.F.);
#4513=ORIENTED_EDGE('',*,*,#5875,.F.);
#4514=ORIENTED_EDGE('',*,*,#5876,.T.);
#4515=ORIENTED_EDGE('',*,*,#5955,.T.);
#4516=ORIENTED_EDGE('',*,*,#5956,.F.);
#4517=ORIENTED_EDGE('',*,*,#5956,.T.);
#4518=ORIENTED_EDGE('',*,*,#5953,.T.);
#4519=ORIENTED_EDGE('',*,*,#5877,.F.);
#4520=ORIENTED_EDGE('',*,*,#5950,.F.);
#4521=ORIENTED_EDGE('',*,*,#5954,.T.);
#4522=ORIENTED_EDGE('',*,*,#5882,.F.);
#4523=ORIENTED_EDGE('',*,*,#5957,.F.);
#4524=ORIENTED_EDGE('',*,*,#5958,.T.);
#4525=ORIENTED_EDGE('',*,*,#5855,.F.);
#4526=ORIENTED_EDGE('',*,*,#5958,.F.);
#4527=ORIENTED_EDGE('',*,*,#5959,.F.);
#4528=ORIENTED_EDGE('',*,*,#5848,.F.);
#4529=ORIENTED_EDGE('',*,*,#5960,.F.);
#4530=ORIENTED_EDGE('',*,*,#5961,.T.);
#4531=ORIENTED_EDGE('',*,*,#5850,.F.);
#4532=ORIENTED_EDGE('',*,*,#5962,.T.);
#4533=ORIENTED_EDGE('',*,*,#5963,.T.);
#4534=ORIENTED_EDGE('',*,*,#5852,.F.);
#4535=ORIENTED_EDGE('',*,*,#5963,.F.);
#4536=ORIENTED_EDGE('',*,*,#5964,.F.);
#4537=ORIENTED_EDGE('',*,*,#5853,.F.);
#4538=ORIENTED_EDGE('',*,*,#5849,.T.);
#4539=ORIENTED_EDGE('',*,*,#5959,.T.);
#4540=ORIENTED_EDGE('',*,*,#5960,.T.);
#4541=ORIENTED_EDGE('',*,*,#5851,.T.);
#4542=ORIENTED_EDGE('',*,*,#5961,.F.);
#4543=ORIENTED_EDGE('',*,*,#5962,.F.);
#4544=ORIENTED_EDGE('',*,*,#5854,.T.);
#4545=ORIENTED_EDGE('',*,*,#5964,.T.);
#4546=ORIENTED_EDGE('',*,*,#5957,.T.);
#4547=ORIENTED_EDGE('',*,*,#5965,.T.);
#4548=ORIENTED_EDGE('',*,*,#5966,.T.);
#4549=ORIENTED_EDGE('',*,*,#5967,.F.);
#4550=ORIENTED_EDGE('',*,*,#5968,.T.);
#4551=ORIENTED_EDGE('',*,*,#5969,.F.);
#4552=ORIENTED_EDGE('',*,*,#5970,.T.);
#4553=ORIENTED_EDGE('',*,*,#5971,.T.);
#4554=ORIENTED_EDGE('',*,*,#5972,.T.);
#4555=ORIENTED_EDGE('',*,*,#5973,.T.);
#4556=ORIENTED_EDGE('',*,*,#5974,.T.);
#4557=ORIENTED_EDGE('',*,*,#5975,.F.);
#4558=ORIENTED_EDGE('',*,*,#5976,.T.);
#4559=ORIENTED_EDGE('',*,*,#5977,.F.);
#4560=ORIENTED_EDGE('',*,*,#5978,.T.);
#4561=ORIENTED_EDGE('',*,*,#5979,.T.);
#4562=ORIENTED_EDGE('',*,*,#5980,.T.);
#4563=ORIENTED_EDGE('',*,*,#5979,.F.);
#4564=ORIENTED_EDGE('',*,*,#5981,.T.);
#4565=ORIENTED_EDGE('',*,*,#5965,.F.);
#4566=ORIENTED_EDGE('',*,*,#5982,.T.);
#4567=ORIENTED_EDGE('',*,*,#5969,.T.);
#4568=ORIENTED_EDGE('',*,*,#5983,.T.);
#4569=ORIENTED_EDGE('',*,*,#5975,.T.);
#4570=ORIENTED_EDGE('',*,*,#5984,.T.);
#4571=ORIENTED_EDGE('',*,*,#5967,.T.);
#4572=ORIENTED_EDGE('',*,*,#5985,.T.);
#4573=ORIENTED_EDGE('',*,*,#5977,.T.);
#4574=ORIENTED_EDGE('',*,*,#5986,.T.);
#4575=ORIENTED_EDGE('',*,*,#5971,.F.);
#4576=ORIENTED_EDGE('',*,*,#5987,.T.);
#4577=ORIENTED_EDGE('',*,*,#5981,.F.);
#4578=ORIENTED_EDGE('',*,*,#5978,.F.);
#4579=ORIENTED_EDGE('',*,*,#5985,.F.);
#4580=ORIENTED_EDGE('',*,*,#5966,.F.);
#4581=ORIENTED_EDGE('',*,*,#5982,.F.);
#4582=ORIENTED_EDGE('',*,*,#5968,.F.);
#4583=ORIENTED_EDGE('',*,*,#5987,.F.);
#4584=ORIENTED_EDGE('',*,*,#5970,.F.);
#4585=ORIENTED_EDGE('',*,*,#5983,.F.);
#4586=ORIENTED_EDGE('',*,*,#5972,.F.);
#4587=ORIENTED_EDGE('',*,*,#5988,.F.);
#4588=ORIENTED_EDGE('',*,*,#5976,.F.);
#4589=ORIENTED_EDGE('',*,*,#5988,.T.);
#4590=ORIENTED_EDGE('',*,*,#5986,.F.);
#4591=ORIENTED_EDGE('',*,*,#5989,.F.);
#4592=ORIENTED_EDGE('',*,*,#5973,.F.);
#4593=ORIENTED_EDGE('',*,*,#5984,.F.);
#4594=ORIENTED_EDGE('',*,*,#5974,.F.);
#4595=ORIENTED_EDGE('',*,*,#5989,.T.);
#4596=ORIENTED_EDGE('',*,*,#5980,.F.);
#4597=ORIENTED_EDGE('',*,*,#5990,.T.);
#4598=ORIENTED_EDGE('',*,*,#5991,.F.);
#4599=ORIENTED_EDGE('',*,*,#5992,.F.);
#4600=ORIENTED_EDGE('',*,*,#5993,.F.);
#4601=ORIENTED_EDGE('',*,*,#5994,.T.);
#4602=ORIENTED_EDGE('',*,*,#5995,.F.);
#4603=ORIENTED_EDGE('',*,*,#5996,.F.);
#4604=ORIENTED_EDGE('',*,*,#5997,.T.);
#4605=ORIENTED_EDGE('',*,*,#5998,.T.);
#4606=ORIENTED_EDGE('',*,*,#5999,.T.);
#4607=ORIENTED_EDGE('',*,*,#6000,.T.);
#4608=ORIENTED_EDGE('',*,*,#6001,.T.);
#4609=ORIENTED_EDGE('',*,*,#6002,.F.);
#4610=ORIENTED_EDGE('',*,*,#6003,.T.);
#4611=ORIENTED_EDGE('',*,*,#6004,.F.);
#4612=ORIENTED_EDGE('',*,*,#6005,.F.);
#4613=ORIENTED_EDGE('',*,*,#6006,.F.);
#4614=ORIENTED_EDGE('',*,*,#6007,.T.);
#4615=ORIENTED_EDGE('',*,*,#6008,.F.);
#4616=ORIENTED_EDGE('',*,*,#6009,.T.);
#4617=ORIENTED_EDGE('',*,*,#6010,.F.);
#4618=ORIENTED_EDGE('',*,*,#6011,.F.);
#4619=ORIENTED_EDGE('',*,*,#6012,.T.);
#4620=ORIENTED_EDGE('',*,*,#6013,.T.);
#4621=ORIENTED_EDGE('',*,*,#6014,.T.);
#4622=ORIENTED_EDGE('',*,*,#6015,.T.);
#4623=ORIENTED_EDGE('',*,*,#6016,.F.);
#4624=ORIENTED_EDGE('',*,*,#6017,.F.);
#4625=ORIENTED_EDGE('',*,*,#5993,.T.);
#4626=ORIENTED_EDGE('',*,*,#6018,.T.);
#4627=ORIENTED_EDGE('',*,*,#6019,.T.);
#4628=ORIENTED_EDGE('',*,*,#6020,.F.);
#4629=ORIENTED_EDGE('',*,*,#5994,.F.);
#4630=ORIENTED_EDGE('',*,*,#6017,.T.);
#4631=ORIENTED_EDGE('',*,*,#6021,.F.);
#4632=ORIENTED_EDGE('',*,*,#6022,.F.);
#4633=ORIENTED_EDGE('',*,*,#5995,.T.);
#4634=ORIENTED_EDGE('',*,*,#6020,.T.);
#4635=ORIENTED_EDGE('',*,*,#6023,.F.);
#4636=ORIENTED_EDGE('',*,*,#6024,.F.);
#4637=ORIENTED_EDGE('',*,*,#5996,.T.);
#4638=ORIENTED_EDGE('',*,*,#6022,.T.);
#4639=ORIENTED_EDGE('',*,*,#6025,.T.);
#4640=ORIENTED_EDGE('',*,*,#6026,.F.);
#4641=ORIENTED_EDGE('',*,*,#5997,.F.);
#4642=ORIENTED_EDGE('',*,*,#6024,.T.);
#4643=ORIENTED_EDGE('',*,*,#6027,.T.);
#4644=ORIENTED_EDGE('',*,*,#6028,.F.);
#4645=ORIENTED_EDGE('',*,*,#5998,.F.);
#4646=ORIENTED_EDGE('',*,*,#6026,.T.);
#4647=ORIENTED_EDGE('',*,*,#6029,.T.);
#4648=ORIENTED_EDGE('',*,*,#6030,.F.);
#4649=ORIENTED_EDGE('',*,*,#5999,.F.);
#4650=ORIENTED_EDGE('',*,*,#6028,.T.);
#4651=ORIENTED_EDGE('',*,*,#6031,.T.);
#4652=ORIENTED_EDGE('',*,*,#6032,.F.);
#4653=ORIENTED_EDGE('',*,*,#6000,.F.);
#4654=ORIENTED_EDGE('',*,*,#6030,.T.);
#4655=ORIENTED_EDGE('',*,*,#6033,.T.);
#4656=ORIENTED_EDGE('',*,*,#6034,.F.);
#4657=ORIENTED_EDGE('',*,*,#6001,.F.);
#4658=ORIENTED_EDGE('',*,*,#6032,.T.);
#4659=ORIENTED_EDGE('',*,*,#6035,.F.);
#4660=ORIENTED_EDGE('',*,*,#6036,.F.);
#4661=ORIENTED_EDGE('',*,*,#6002,.T.);
#4662=ORIENTED_EDGE('',*,*,#6034,.T.);
#4663=ORIENTED_EDGE('',*,*,#6037,.T.);
#4664=ORIENTED_EDGE('',*,*,#6038,.F.);
#4665=ORIENTED_EDGE('',*,*,#6003,.F.);
#4666=ORIENTED_EDGE('',*,*,#6036,.T.);
#4667=ORIENTED_EDGE('',*,*,#6039,.F.);
#4668=ORIENTED_EDGE('',*,*,#6040,.F.);
#4669=ORIENTED_EDGE('',*,*,#6004,.T.);
#4670=ORIENTED_EDGE('',*,*,#6038,.T.);
#4671=ORIENTED_EDGE('',*,*,#6041,.F.);
#4672=ORIENTED_EDGE('',*,*,#6042,.F.);
#4673=ORIENTED_EDGE('',*,*,#6005,.T.);
#4674=ORIENTED_EDGE('',*,*,#6040,.T.);
#4675=ORIENTED_EDGE('',*,*,#6043,.F.);
#4676=ORIENTED_EDGE('',*,*,#6044,.F.);
#4677=ORIENTED_EDGE('',*,*,#6006,.T.);
#4678=ORIENTED_EDGE('',*,*,#6042,.T.);
#4679=ORIENTED_EDGE('',*,*,#6045,.T.);
#4680=ORIENTED_EDGE('',*,*,#6046,.F.);
#4681=ORIENTED_EDGE('',*,*,#6007,.F.);
#4682=ORIENTED_EDGE('',*,*,#6044,.T.);
#4683=ORIENTED_EDGE('',*,*,#6047,.T.);
#4684=ORIENTED_EDGE('',*,*,#6048,.F.);
#4685=ORIENTED_EDGE('',*,*,#6014,.F.);
#4686=ORIENTED_EDGE('',*,*,#6049,.T.);
#4687=ORIENTED_EDGE('',*,*,#6011,.T.);
#4688=ORIENTED_EDGE('',*,*,#6050,.F.);
#4689=ORIENTED_EDGE('',*,*,#6051,.F.);
#4690=ORIENTED_EDGE('',*,*,#6018,.F.);
#4691=ORIENTED_EDGE('',*,*,#6008,.T.);
#4692=ORIENTED_EDGE('',*,*,#6046,.T.);
#4693=ORIENTED_EDGE('',*,*,#6012,.F.);
#4694=ORIENTED_EDGE('',*,*,#6052,.T.);
#4695=ORIENTED_EDGE('',*,*,#6053,.F.);
#4696=ORIENTED_EDGE('',*,*,#6047,.F.);
#4697=ORIENTED_EDGE('',*,*,#6016,.T.);
#4698=ORIENTED_EDGE('',*,*,#6051,.T.);
#4699=ORIENTED_EDGE('',*,*,#6045,.F.);
#4700=ORIENTED_EDGE('',*,*,#6043,.T.);
#4701=ORIENTED_EDGE('',*,*,#6041,.T.);
#4702=ORIENTED_EDGE('',*,*,#6039,.T.);
#4703=ORIENTED_EDGE('',*,*,#6037,.F.);
#4704=ORIENTED_EDGE('',*,*,#6035,.T.);
#4705=ORIENTED_EDGE('',*,*,#6033,.F.);
#4706=ORIENTED_EDGE('',*,*,#6031,.F.);
#4707=ORIENTED_EDGE('',*,*,#6029,.F.);
#4708=ORIENTED_EDGE('',*,*,#6027,.F.);
#4709=ORIENTED_EDGE('',*,*,#6025,.F.);
#4710=ORIENTED_EDGE('',*,*,#6023,.T.);
#4711=ORIENTED_EDGE('',*,*,#6021,.T.);
#4712=ORIENTED_EDGE('',*,*,#6019,.F.);
#4713=ORIENTED_EDGE('',*,*,#6050,.T.);
#4714=ORIENTED_EDGE('',*,*,#6049,.F.);
#4715=ORIENTED_EDGE('',*,*,#6048,.T.);
#4716=ORIENTED_EDGE('',*,*,#6052,.F.);
#4717=ORIENTED_EDGE('',*,*,#6054,.T.);
#4718=ORIENTED_EDGE('',*,*,#6015,.F.);
#4719=ORIENTED_EDGE('',*,*,#6055,.F.);
#4720=ORIENTED_EDGE('',*,*,#5992,.T.);
#4721=ORIENTED_EDGE('',*,*,#6056,.T.);
#4722=ORIENTED_EDGE('',*,*,#6013,.F.);
#4723=ORIENTED_EDGE('',*,*,#6057,.F.);
#4724=ORIENTED_EDGE('',*,*,#5991,.T.);
#4725=ORIENTED_EDGE('',*,*,#6058,.F.);
#4726=ORIENTED_EDGE('',*,*,#6053,.T.);
#4727=ORIENTED_EDGE('',*,*,#6059,.T.);
#4728=ORIENTED_EDGE('',*,*,#5990,.F.);
#4729=ORIENTED_EDGE('',*,*,#6060,.F.);
#4730=ORIENTED_EDGE('',*,*,#6010,.T.);
#4731=ORIENTED_EDGE('',*,*,#6061,.T.);
#4732=ORIENTED_EDGE('',*,*,#6009,.F.);
#4733=ORIENTED_EDGE('',*,*,#6057,.T.);
#4734=ORIENTED_EDGE('',*,*,#6059,.F.);
#4735=ORIENTED_EDGE('',*,*,#6061,.F.);
#4736=ORIENTED_EDGE('',*,*,#6062,.F.);
#4737=ORIENTED_EDGE('',*,*,#6063,.T.);
#4738=ORIENTED_EDGE('',*,*,#6064,.T.);
#4739=ORIENTED_EDGE('',*,*,#6065,.T.);
#4740=ORIENTED_EDGE('',*,*,#6066,.F.);
#4741=ORIENTED_EDGE('',*,*,#6067,.F.);
#4742=ORIENTED_EDGE('',*,*,#6068,.T.);
#4743=ORIENTED_EDGE('',*,*,#6069,.F.);
#4744=ORIENTED_EDGE('',*,*,#6055,.T.);
#4745=ORIENTED_EDGE('',*,*,#6054,.F.);
#4746=ORIENTED_EDGE('',*,*,#6070,.F.);
#4747=ORIENTED_EDGE('',*,*,#6071,.T.);
#4748=ORIENTED_EDGE('',*,*,#6058,.T.);
#4749=ORIENTED_EDGE('',*,*,#6072,.T.);
#4750=ORIENTED_EDGE('',*,*,#6060,.T.);
#4751=ORIENTED_EDGE('',*,*,#6062,.T.);
#4752=ORIENTED_EDGE('',*,*,#6073,.F.);
#4753=ORIENTED_EDGE('',*,*,#6074,.F.);
#4754=ORIENTED_EDGE('',*,*,#6075,.T.);
#4755=ORIENTED_EDGE('',*,*,#6069,.T.);
#4756=ORIENTED_EDGE('',*,*,#6076,.F.);
#4757=ORIENTED_EDGE('',*,*,#6077,.F.);
#4758=ORIENTED_EDGE('',*,*,#6073,.T.);
#4759=ORIENTED_EDGE('',*,*,#6068,.F.);
#4760=ORIENTED_EDGE('',*,*,#6078,.F.);
#4761=ORIENTED_EDGE('',*,*,#6079,.T.);
#4762=ORIENTED_EDGE('',*,*,#6076,.T.);
#4763=ORIENTED_EDGE('',*,*,#6067,.T.);
#4764=ORIENTED_EDGE('',*,*,#6080,.F.);
#4765=ORIENTED_EDGE('',*,*,#6081,.F.);
#4766=ORIENTED_EDGE('',*,*,#6078,.T.);
#4767=ORIENTED_EDGE('',*,*,#6066,.T.);
#4768=ORIENTED_EDGE('',*,*,#6082,.F.);
#4769=ORIENTED_EDGE('',*,*,#6083,.F.);
#4770=ORIENTED_EDGE('',*,*,#6080,.T.);
#4771=ORIENTED_EDGE('',*,*,#6065,.F.);
#4772=ORIENTED_EDGE('',*,*,#6084,.F.);
#4773=ORIENTED_EDGE('',*,*,#6085,.T.);
#4774=ORIENTED_EDGE('',*,*,#6082,.T.);
#4775=ORIENTED_EDGE('',*,*,#6064,.F.);
#4776=ORIENTED_EDGE('',*,*,#6086,.F.);
#4777=ORIENTED_EDGE('',*,*,#6087,.T.);
#4778=ORIENTED_EDGE('',*,*,#6084,.T.);
#4779=ORIENTED_EDGE('',*,*,#6088,.F.);
#4780=ORIENTED_EDGE('',*,*,#6070,.T.);
#4781=ORIENTED_EDGE('',*,*,#6089,.T.);
#4782=ORIENTED_EDGE('',*,*,#6071,.F.);
#4783=ORIENTED_EDGE('',*,*,#6090,.F.);
#4784=ORIENTED_EDGE('',*,*,#6091,.T.);
#4785=ORIENTED_EDGE('',*,*,#6063,.F.);
#4786=ORIENTED_EDGE('',*,*,#6075,.F.);
#4787=ORIENTED_EDGE('',*,*,#6092,.T.);
#4788=ORIENTED_EDGE('',*,*,#6086,.T.);
#4789=ORIENTED_EDGE('',*,*,#6093,.T.);
#4790=ORIENTED_EDGE('',*,*,#6072,.F.);
#4791=ORIENTED_EDGE('',*,*,#6074,.T.);
#4792=ORIENTED_EDGE('',*,*,#6077,.T.);
#4793=ORIENTED_EDGE('',*,*,#6079,.F.);
#4794=ORIENTED_EDGE('',*,*,#6081,.T.);
#4795=ORIENTED_EDGE('',*,*,#6083,.T.);
#4796=ORIENTED_EDGE('',*,*,#6085,.F.);
#4797=ORIENTED_EDGE('',*,*,#6087,.F.);
#4798=ORIENTED_EDGE('',*,*,#6092,.F.);
#4799=ORIENTED_EDGE('',*,*,#6090,.T.);
#4800=ORIENTED_EDGE('',*,*,#6089,.F.);
#4801=ORIENTED_EDGE('',*,*,#6088,.T.);
#4802=ORIENTED_EDGE('',*,*,#6093,.F.);
#4803=ORIENTED_EDGE('',*,*,#6056,.F.);
#4804=ORIENTED_EDGE('',*,*,#6091,.F.);
#4805=EDGE_CURVE('',#6094,#6094,#6970,.T.);
#4806=EDGE_CURVE('',#6095,#6095,#6971,.F.);
#4807=EDGE_CURVE('',#6096,#6096,#6972,.T.);
#4808=EDGE_CURVE('',#6097,#6097,#6973,.T.);
#4809=EDGE_CURVE('',#6098,#6098,#6974,.F.);
#4810=EDGE_CURVE('',#6099,#6099,#6975,.T.);
#4811=EDGE_CURVE('',#6100,#6100,#6976,.T.);
#4812=EDGE_CURVE('',#6101,#6101,#6977,.T.);
#4813=EDGE_CURVE('',#6102,#6102,#6978,.T.);
#4814=EDGE_CURVE('',#6103,#6103,#6979,.F.);
#4815=EDGE_CURVE('',#6104,#6104,#6980,.T.);
#4816=EDGE_CURVE('',#6105,#6105,#6981,.T.);
#4817=EDGE_CURVE('',#6106,#6106,#6982,.F.);
#4818=EDGE_CURVE('',#6107,#6107,#6983,.T.);
#4819=EDGE_CURVE('',#6108,#6108,#6984,.T.);
#4820=EDGE_CURVE('',#6109,#6109,#6985,.T.);
#4821=EDGE_CURVE('',#6110,#6110,#6986,.T.);
#4822=EDGE_CURVE('',#6111,#6111,#6987,.F.);
#4823=EDGE_CURVE('',#6112,#6112,#6988,.T.);
#4824=EDGE_CURVE('',#6113,#6113,#6989,.T.);
#4825=EDGE_CURVE('',#6114,#6114,#6990,.F.);
#4826=EDGE_CURVE('',#6115,#6115,#6991,.T.);
#4827=EDGE_CURVE('',#6116,#6116,#6992,.T.);
#4828=EDGE_CURVE('',#6117,#6117,#6993,.T.);
#4829=EDGE_CURVE('',#6118,#6119,#1725,.T.);
#4830=EDGE_CURVE('',#6119,#6120,#6994,.F.);
#4831=EDGE_CURVE('',#6120,#6121,#135,.T.);
#4832=EDGE_CURVE('',#6122,#6121,#136,.T.);
#4833=EDGE_CURVE('',#6123,#6122,#137,.T.);
#4834=EDGE_CURVE('',#6123,#6124,#138,.T.);
#4835=EDGE_CURVE('',#6125,#6124,#139,.T.);
#4836=EDGE_CURVE('',#6118,#6125,#140,.T.);
#4837=EDGE_CURVE('',#6126,#6127,#6995,.F.);
#4838=EDGE_CURVE('',#6126,#6128,#141,.T.);
#4839=EDGE_CURVE('',#6128,#6129,#6996,.T.);
#4840=EDGE_CURVE('',#6127,#6129,#142,.T.);
#4841=EDGE_CURVE('',#6130,#6131,#143,.T.);
#4842=EDGE_CURVE('',#6130,#6132,#6997,.T.);
#4843=EDGE_CURVE('',#6133,#6132,#1726,.T.);
#4844=EDGE_CURVE('',#6134,#6133,#144,.T.);
#4845=EDGE_CURVE('',#6134,#6135,#145,.T.);
#4846=EDGE_CURVE('',#6136,#6135,#146,.T.);
#4847=EDGE_CURVE('',#6136,#6137,#147,.T.);
#4848=EDGE_CURVE('',#6137,#6131,#148,.T.);
#4849=EDGE_CURVE('',#6138,#6139,#149,.T.);
#4850=EDGE_CURVE('',#6138,#6140,#6998,.T.);
#4851=EDGE_CURVE('',#6140,#6141,#150,.T.);
#4852=EDGE_CURVE('',#6139,#6141,#6999,.T.);
#4853=EDGE_CURVE('',#6142,#6143,#7000,.T.);
#4854=EDGE_CURVE('',#6143,#6144,#7001,.F.);
#4855=EDGE_CURVE('',#6144,#6145,#7002,.T.);
#4856=EDGE_CURVE('',#6145,#6142,#7003,.F.);
#4857=EDGE_CURVE('',#6146,#6146,#7004,.T.);
#4858=EDGE_CURVE('',#6147,#6148,#7005,.T.);
#4859=EDGE_CURVE('',#6147,#6149,#7006,.F.);
#4860=EDGE_CURVE('',#6150,#6149,#7007,.T.);
#4861=EDGE_CURVE('',#6150,#6148,#7008,.F.);
#4862=EDGE_CURVE('',#6151,#6152,#7009,.T.);
#4863=EDGE_CURVE('',#6152,#6153,#7010,.F.);
#4864=EDGE_CURVE('',#6153,#6154,#7011,.T.);
#4865=EDGE_CURVE('',#6154,#6151,#7012,.F.);
#4866=EDGE_CURVE('',#6155,#6156,#7013,.T.);
#4867=EDGE_CURVE('',#6155,#6157,#7014,.F.);
#4868=EDGE_CURVE('',#6158,#6157,#7015,.T.);
#4869=EDGE_CURVE('',#6158,#6156,#7016,.F.);
#4870=EDGE_CURVE('',#6120,#6130,#151,.T.);
#4871=EDGE_CURVE('',#6159,#6131,#152,.T.);
#4872=EDGE_CURVE('',#6160,#6159,#153,.T.);
#4873=EDGE_CURVE('',#6161,#6160,#154,.T.);
#4874=EDGE_CURVE('',#6161,#6162,#155,.T.);
#4875=EDGE_CURVE('',#6162,#6163,#156,.T.);
#4876=EDGE_CURVE('',#6163,#6164,#157,.T.);
#4877=EDGE_CURVE('',#6164,#6121,#158,.T.);
#4878=EDGE_CURVE('',#6165,#6165,#7017,.T.);
#4879=EDGE_CURVE('',#6166,#6166,#7018,.T.);
#4880=EDGE_CURVE('',#6167,#6134,#159,.T.);
#4881=EDGE_CURVE('',#6167,#6125,#160,.T.);
#4882=EDGE_CURVE('',#6124,#6168,#161,.T.);
#4883=EDGE_CURVE('',#6168,#6135,#162,.T.);
#4884=EDGE_CURVE('',#6123,#6169,#163,.T.);
#4885=EDGE_CURVE('',#6170,#6122,#164,.T.);
#4886=EDGE_CURVE('',#6171,#6170,#165,.T.);
#4887=EDGE_CURVE('',#6172,#6171,#166,.T.);
#4888=EDGE_CURVE('',#6173,#6172,#167,.T.);
#4889=EDGE_CURVE('',#6173,#6174,#168,.T.);
#4890=EDGE_CURVE('',#6174,#6175,#169,.T.);
#4891=EDGE_CURVE('',#6175,#6137,#170,.T.);
#4892=EDGE_CURVE('',#6169,#6136,#171,.T.);
#4893=EDGE_CURVE('',#6176,#6176,#7019,.T.);
#4894=EDGE_CURVE('',#6177,#6178,#172,.T.);
#4895=EDGE_CURVE('',#6177,#6179,#173,.T.);
#4896=EDGE_CURVE('',#6179,#6180,#174,.T.);
#4897=EDGE_CURVE('',#6180,#6181,#175,.T.);
#4898=EDGE_CURVE('',#6181,#6182,#176,.T.);
#4899=EDGE_CURVE('',#6183,#6182,#177,.T.);
#4900=EDGE_CURVE('',#6178,#6183,#178,.T.);
#4901=EDGE_CURVE('',#6184,#6185,#7020,.T.);
#4902=EDGE_CURVE('',#6185,#6186,#7021,.F.);
#4903=EDGE_CURVE('',#6186,#6187,#7022,.T.);
#4904=EDGE_CURVE('',#6187,#6184,#7023,.F.);
#4905=EDGE_CURVE('',#6188,#6189,#7024,.F.);
#4906=EDGE_CURVE('',#6188,#6190,#7025,.F.);
#4907=EDGE_CURVE('',#6191,#6190,#7026,.F.);
#4908=EDGE_CURVE('',#6191,#6189,#7027,.F.);
#4909=EDGE_CURVE('',#6192,#6193,#7028,.T.);
#4910=EDGE_CURVE('',#6193,#6194,#7029,.F.);
#4911=EDGE_CURVE('',#6194,#6195,#7030,.T.);
#4912=EDGE_CURVE('',#6195,#6192,#7031,.F.);
#4913=EDGE_CURVE('',#6196,#6196,#7032,.T.);
#4914=EDGE_CURVE('',#6197,#6197,#7033,.T.);
#4915=EDGE_CURVE('',#6198,#6199,#7034,.F.);
#4916=EDGE_CURVE('',#6198,#6200,#7035,.F.);
#4917=EDGE_CURVE('',#6201,#6200,#7036,.F.);
#4918=EDGE_CURVE('',#6201,#6199,#7037,.F.);
#4919=EDGE_CURVE('',#6174,#6160,#179,.T.);
#4920=EDGE_CURVE('',#6173,#6161,#180,.T.);
#4921=EDGE_CURVE('',#6175,#6159,#181,.T.);
#4922=EDGE_CURVE('',#6170,#6164,#182,.T.);
#4923=EDGE_CURVE('',#6171,#6163,#183,.T.);
#4924=EDGE_CURVE('',#6172,#6162,#184,.T.);
#4925=EDGE_CURVE('',#6194,#6147,#185,.T.);
#4926=EDGE_CURVE('',#6148,#6195,#186,.F.);
#4927=EDGE_CURVE('',#6149,#6193,#187,.F.);
#4928=EDGE_CURVE('',#6192,#6150,#188,.T.);
#4929=EDGE_CURVE('',#6190,#6152,#189,.T.);
#4930=EDGE_CURVE('',#6151,#6191,#190,.F.);
#4931=EDGE_CURVE('',#6153,#6188,#191,.F.);
#4932=EDGE_CURVE('',#6189,#6154,#192,.T.);
#4933=EDGE_CURVE('',#6200,#6143,#193,.T.);
#4934=EDGE_CURVE('',#6142,#6201,#194,.F.);
#4935=EDGE_CURVE('',#6144,#6198,#195,.F.);
#4936=EDGE_CURVE('',#6199,#6145,#196,.T.);
#4937=EDGE_CURVE('',#6157,#6185,#197,.F.);
#4938=EDGE_CURVE('',#6184,#6158,#198,.T.);
#4939=EDGE_CURVE('',#6186,#6155,#199,.T.);
#4940=EDGE_CURVE('',#6156,#6187,#200,.F.);
#4941=EDGE_CURVE('',#6202,#6177,#201,.T.);
#4942=EDGE_CURVE('',#6202,#6203,#202,.T.);
#4943=EDGE_CURVE('',#6203,#6179,#203,.T.);
#4944=EDGE_CURVE('',#6204,#6178,#204,.T.);
#4945=EDGE_CURVE('',#6202,#6204,#205,.T.);
#4946=EDGE_CURVE('',#6205,#6183,#206,.T.);
#4947=EDGE_CURVE('',#6204,#6205,#207,.T.);
#4948=EDGE_CURVE('',#6206,#6182,#208,.T.);
#4949=EDGE_CURVE('',#6205,#6206,#209,.T.);
#4950=EDGE_CURVE('',#6207,#6181,#210,.T.);
#4951=EDGE_CURVE('',#6207,#6206,#211,.T.);
#4952=EDGE_CURVE('',#6208,#6180,#212,.T.);
#4953=EDGE_CURVE('',#6208,#6207,#213,.T.);
#4954=EDGE_CURVE('',#6203,#6208,#214,.T.);
#4955=EDGE_CURVE('',#6168,#6169,#215,.T.);
#4956=EDGE_CURVE('',#6118,#6209,#1727,.T.);
#4957=EDGE_CURVE('',#6209,#6167,#216,.T.);
#4958=EDGE_CURVE('',#6133,#6209,#1728,.T.);
#4959=EDGE_CURVE('',#6210,#6210,#1729,.T.);
#4960=EDGE_CURVE('',#6211,#6211,#1730,.T.);
#4961=EDGE_CURVE('',#6132,#6119,#217,.F.);
#4962=EDGE_CURVE('',#6126,#6138,#218,.T.);
#4963=EDGE_CURVE('',#6128,#6139,#219,.T.);
#4964=EDGE_CURVE('',#6129,#6141,#220,.T.);
#4965=EDGE_CURVE('',#6127,#6140,#221,.T.);
#4966=EDGE_CURVE('',#6212,#6212,#7038,.T.);
#4967=EDGE_CURVE('',#6213,#6213,#7039,.F.);
#4968=EDGE_CURVE('',#6214,#6214,#7040,.T.);
#4969=EDGE_CURVE('',#6215,#6215,#7041,.T.);
#4970=EDGE_CURVE('',#6216,#6216,#7042,.F.);
#4971=EDGE_CURVE('',#6217,#6217,#7043,.T.);
#4972=EDGE_CURVE('',#6218,#6218,#7044,.T.);
#4973=EDGE_CURVE('',#6219,#6219,#7045,.T.);
#4974=EDGE_CURVE('',#6220,#6221,#10,.T.);
#4975=EDGE_CURVE('',#6222,#6220,#11,.T.);
#4976=EDGE_CURVE('',#6222,#6223,#222,.T.);
#4977=EDGE_CURVE('',#6224,#6223,#12,.T.);
#4978=EDGE_CURVE('',#6225,#6224,#13,.T.);
#4979=EDGE_CURVE('',#6225,#6226,#223,.F.);
#4980=EDGE_CURVE('',#6227,#6226,#14,.T.);
#4981=EDGE_CURVE('',#6227,#6221,#224,.T.);
#4982=EDGE_CURVE('',#6228,#6228,#7046,.T.);
#4983=EDGE_CURVE('',#6229,#6229,#7047,.T.);
#4984=EDGE_CURVE('',#6230,#6230,#7048,.T.);
#4985=EDGE_CURVE('',#6231,#6232,#225,.F.);
#4986=EDGE_CURVE('',#6231,#6233,#15,.T.);
#4987=EDGE_CURVE('',#6233,#6234,#16,.T.);
#4988=EDGE_CURVE('',#6235,#6234,#226,.T.);
#4989=EDGE_CURVE('',#6235,#6236,#17,.T.);
#4990=EDGE_CURVE('',#6236,#6237,#18,.T.);
#4991=EDGE_CURVE('',#6238,#6237,#227,.T.);
#4992=EDGE_CURVE('',#6238,#6239,#19,.T.);
#4993=EDGE_CURVE('',#6239,#6240,#20,.T.);
#4994=EDGE_CURVE('',#6240,#6241,#21,.T.);
#4995=EDGE_CURVE('',#6241,#6242,#22,.T.);
#4996=EDGE_CURVE('',#6242,#6243,#23,.T.);
#4997=EDGE_CURVE('',#6243,#6244,#24,.T.);
#4998=EDGE_CURVE('',#6244,#6245,#25,.T.);
#4999=EDGE_CURVE('',#6245,#6246,#26,.T.);
#5000=EDGE_CURVE('',#6246,#6232,#27,.T.);
#5001=EDGE_CURVE('',#6247,#6248,#28,.T.);
#5002=EDGE_CURVE('',#6249,#6247,#29,.T.);
#5003=EDGE_CURVE('',#6249,#6250,#228,.F.);
#5004=EDGE_CURVE('',#6251,#6250,#30,.T.);
#5005=EDGE_CURVE('',#6252,#6251,#31,.T.);
#5006=EDGE_CURVE('',#6252,#6253,#229,.T.);
#5007=EDGE_CURVE('',#6254,#6253,#32,.T.);
#5008=EDGE_CURVE('',#6254,#6248,#230,.F.);
#5009=EDGE_CURVE('',#6255,#6255,#7049,.T.);
#5010=EDGE_CURVE('',#6256,#6240,#231,.T.);
#5011=EDGE_CURVE('',#6241,#6256,#232,.T.);
#5012=EDGE_CURVE('',#6256,#6239,#233,.T.);
#5013=EDGE_CURVE('',#6256,#6242,#234,.T.);
#5014=EDGE_CURVE('',#6256,#6243,#235,.T.);
#5015=EDGE_CURVE('',#6233,#6257,#236,.T.);
#5016=EDGE_CURVE('',#6257,#6258,#237,.T.);
#5017=EDGE_CURVE('',#6258,#6234,#238,.T.);
#5018=EDGE_CURVE('',#6257,#6259,#239,.T.);
#5019=EDGE_CURVE('',#6259,#6258,#240,.T.);
#5020=EDGE_CURVE('',#6260,#6231,#241,.T.);
#5021=EDGE_CURVE('',#6257,#6260,#242,.T.);
#5022=EDGE_CURVE('',#6257,#6261,#243,.T.);
#5023=EDGE_CURVE('',#6261,#6260,#244,.T.);
#5024=EDGE_CURVE('',#6244,#6262,#245,.T.);
#5025=EDGE_CURVE('',#6263,#6262,#246,.T.);
#5026=EDGE_CURVE('',#6263,#6264,#247,.T.);
#5027=EDGE_CURVE('',#6265,#6264,#1731,.T.);
#5028=EDGE_CURVE('',#6265,#6266,#1732,.T.);
#5029=EDGE_CURVE('',#6266,#6245,#248,.T.);
#5030=EDGE_CURVE('',#6266,#6267,#1733,.T.);
#5031=EDGE_CURVE('',#6267,#6246,#249,.T.);
#5032=EDGE_CURVE('',#6267,#6268,#1734,.T.);
#5033=EDGE_CURVE('',#6269,#6268,#1735,.T.);
#5034=EDGE_CURVE('',#6269,#6270,#250,.T.);
#5035=EDGE_CURVE('',#6270,#6257,#251,.T.);
#5036=EDGE_CURVE('',#6232,#6261,#252,.T.);
#5037=EDGE_CURVE('',#6262,#6257,#253,.T.);
#5038=EDGE_CURVE('',#6270,#6263,#254,.T.);
#5039=EDGE_CURVE('',#6269,#6264,#255,.T.);
#5040=EDGE_CURVE('',#6268,#6265,#256,.T.);
#5041=EDGE_CURVE('',#6238,#6271,#257,.T.);
#5042=EDGE_CURVE('',#6272,#6271,#258,.T.);
#5043=EDGE_CURVE('',#6272,#6273,#259,.T.);
#5044=EDGE_CURVE('',#6274,#6273,#1736,.T.);
#5045=EDGE_CURVE('',#6274,#6275,#1737,.T.);
#5046=EDGE_CURVE('',#6275,#6256,#260,.T.);
#5047=EDGE_CURVE('',#6276,#6277,#261,.T.);
#5048=EDGE_CURVE('',#6277,#6256,#262,.T.);
#5049=EDGE_CURVE('',#6275,#6276,#1738,.T.);
#5050=EDGE_CURVE('',#6236,#6277,#263,.T.);
#5051=EDGE_CURVE('',#6276,#6278,#1739,.T.);
#5052=EDGE_CURVE('',#6279,#6278,#1740,.T.);
#5053=EDGE_CURVE('',#6279,#6280,#264,.T.);
#5054=EDGE_CURVE('',#6280,#6281,#265,.T.);
#5055=EDGE_CURVE('',#6281,#6237,#266,.T.);
#5056=EDGE_CURVE('',#6280,#6272,#267,.T.);
#5057=EDGE_CURVE('',#6271,#6281,#268,.T.);
#5058=EDGE_CURVE('',#6279,#6273,#269,.T.);
#5059=EDGE_CURVE('',#6278,#6274,#270,.T.);
#5060=EDGE_CURVE('',#6282,#6283,#271,.T.);
#5061=EDGE_CURVE('',#6283,#6284,#272,.T.);
#5062=EDGE_CURVE('',#6284,#6285,#273,.T.);
#5063=EDGE_CURVE('',#6282,#6285,#274,.T.);
#5064=EDGE_CURVE('',#6286,#6287,#1741,.T.);
#5065=EDGE_CURVE('',#6287,#6288,#1742,.T.);
#5066=EDGE_CURVE('',#6288,#6289,#275,.T.);
#5067=EDGE_CURVE('',#6289,#6286,#1743,.T.);
#5068=EDGE_CURVE('',#6289,#6285,#1744,.T.);
#5069=EDGE_CURVE('',#6282,#6288,#1745,.T.);
#5070=EDGE_CURVE('',#6284,#6262,#276,.T.);
#5071=EDGE_CURVE('',#6283,#6257,#277,.T.);
#5072=EDGE_CURVE('',#6287,#6277,#278,.T.);
#5073=EDGE_CURVE('',#6286,#6256,#279,.T.);
#5074=EDGE_CURVE('',#6235,#6259,#280,.T.);
#5075=EDGE_CURVE('',#6290,#6249,#281,.T.);
#5076=EDGE_CURVE('',#6250,#6290,#282,.T.);
#5077=EDGE_CURVE('',#6252,#6290,#283,.T.);
#5078=EDGE_CURVE('',#6290,#6251,#284,.T.);
#5079=EDGE_CURVE('',#6290,#6253,#285,.T.);
#5080=EDGE_CURVE('',#6290,#6247,#286,.T.);
#5081=EDGE_CURVE('',#6248,#6290,#287,.T.);
#5082=EDGE_CURVE('',#6254,#6290,#288,.T.);
#5083=EDGE_CURVE('',#6291,#6222,#289,.T.);
#5084=EDGE_CURVE('',#6291,#6220,#290,.T.);
#5085=EDGE_CURVE('',#6221,#6291,#291,.T.);
#5086=EDGE_CURVE('',#6291,#6227,#292,.T.);
#5087=EDGE_CURVE('',#6291,#6226,#293,.T.);
#5088=EDGE_CURVE('',#6225,#6291,#294,.T.);
#5089=EDGE_CURVE('',#6291,#6224,#295,.T.);
#5090=EDGE_CURVE('',#6223,#6291,#296,.T.);
#5091=EDGE_CURVE('',#6292,#6292,#7050,.T.);
#5092=EDGE_CURVE('',#6293,#6294,#297,.T.);
#5093=EDGE_CURVE('',#6295,#6293,#298,.T.);
#5094=EDGE_CURVE('',#6295,#6296,#299,.T.);
#5095=EDGE_CURVE('',#6296,#6294,#300,.T.);
#5096=EDGE_CURVE('',#6293,#6297,#301,.T.);
#5097=EDGE_CURVE('',#6298,#6297,#302,.T.);
#5098=EDGE_CURVE('',#6295,#6298,#303,.T.);
#5099=EDGE_CURVE('',#6297,#6299,#304,.T.);
#5100=EDGE_CURVE('',#6300,#6299,#305,.T.);
#5101=EDGE_CURVE('',#6298,#6300,#306,.T.);
#5102=EDGE_CURVE('',#6294,#6299,#307,.T.);
#5103=EDGE_CURVE('',#6296,#6300,#308,.T.);
#5104=EDGE_CURVE('',#6301,#6301,#7051,.F.);
#5105=EDGE_CURVE('',#6302,#6303,#309,.T.);
#5106=EDGE_CURVE('',#6304,#6302,#310,.T.);
#5107=EDGE_CURVE('',#6304,#6305,#311,.T.);
#5108=EDGE_CURVE('',#6305,#6303,#312,.T.);
#5109=EDGE_CURVE('',#6302,#6306,#313,.T.);
#5110=EDGE_CURVE('',#6307,#6306,#314,.T.);
#5111=EDGE_CURVE('',#6304,#6307,#315,.T.);
#5112=EDGE_CURVE('',#6306,#6308,#316,.T.);
#5113=EDGE_CURVE('',#6309,#6308,#317,.T.);
#5114=EDGE_CURVE('',#6307,#6309,#318,.T.);
#5115=EDGE_CURVE('',#6303,#6308,#319,.T.);
#5116=EDGE_CURVE('',#6305,#6309,#320,.T.);
#5117=EDGE_CURVE('',#6310,#6310,#7052,.F.);
#5118=EDGE_CURVE('',#6311,#6311,#7053,.T.);
#5119=EDGE_CURVE('',#6312,#6312,#7054,.T.);
#5120=EDGE_CURVE('',#6313,#6314,#321,.T.);
#5121=EDGE_CURVE('',#6315,#6313,#322,.T.);
#5122=EDGE_CURVE('',#6315,#6316,#323,.T.);
#5123=EDGE_CURVE('',#6316,#6317,#324,.T.);
#5124=EDGE_CURVE('',#6318,#6317,#325,.T.);
#5125=EDGE_CURVE('',#6319,#6318,#326,.T.);
#5126=EDGE_CURVE('',#6319,#6320,#327,.T.);
#5127=EDGE_CURVE('',#6320,#6321,#328,.T.);
#5128=EDGE_CURVE('',#6321,#6322,#329,.T.);
#5129=EDGE_CURVE('',#6322,#6323,#330,.T.);
#5130=EDGE_CURVE('',#6324,#6323,#331,.T.);
#5131=EDGE_CURVE('',#6324,#6325,#332,.T.);
#5132=EDGE_CURVE('',#6326,#6325,#333,.T.);
#5133=EDGE_CURVE('',#6326,#6327,#334,.T.);
#5134=EDGE_CURVE('',#6327,#6328,#335,.T.);
#5135=EDGE_CURVE('',#6329,#6328,#336,.T.);
#5136=EDGE_CURVE('',#6330,#6329,#337,.T.);
#5137=EDGE_CURVE('',#6331,#6330,#338,.T.);
#5138=EDGE_CURVE('',#6331,#6332,#339,.T.);
#5139=EDGE_CURVE('',#6314,#6332,#340,.T.);
#5140=EDGE_CURVE('',#6333,#6333,#7055,.T.);
#5141=EDGE_CURVE('',#6334,#6334,#7056,.T.);
#5142=EDGE_CURVE('',#6335,#6335,#7057,.T.);
#5143=EDGE_CURVE('',#6336,#6336,#7058,.T.);
#5144=EDGE_CURVE('',#6337,#6337,#7059,.T.);
#5145=EDGE_CURVE('',#6338,#6338,#7060,.T.);
#5146=EDGE_CURVE('',#6339,#6339,#7061,.T.);
#5147=EDGE_CURVE('',#6340,#6340,#7062,.T.);
#5148=EDGE_CURVE('',#6341,#6341,#7063,.T.);
#5149=EDGE_CURVE('',#6342,#6342,#7064,.T.);
#5150=EDGE_CURVE('',#6343,#6343,#7065,.T.);
#5151=EDGE_CURVE('',#6344,#6344,#7066,.T.);
#5152=EDGE_CURVE('',#6345,#6345,#7067,.T.);
#5153=EDGE_CURVE('',#6346,#6347,#341,.T.);
#5154=EDGE_CURVE('',#6347,#6348,#342,.T.);
#5155=EDGE_CURVE('',#6349,#6348,#343,.T.);
#5156=EDGE_CURVE('',#6349,#6350,#344,.T.);
#5157=EDGE_CURVE('',#6350,#6351,#345,.T.);
#5158=EDGE_CURVE('',#6351,#6352,#346,.T.);
#5159=EDGE_CURVE('',#6353,#6352,#347,.T.);
#5160=EDGE_CURVE('',#6354,#6353,#348,.T.);
#5161=EDGE_CURVE('',#6354,#6355,#349,.T.);
#5162=EDGE_CURVE('',#6356,#6355,#350,.T.);
#5163=EDGE_CURVE('',#6356,#6357,#351,.T.);
#5164=EDGE_CURVE('',#6358,#6357,#352,.T.);
#5165=EDGE_CURVE('',#6359,#6358,#353,.T.);
#5166=EDGE_CURVE('',#6360,#6359,#354,.T.);
#5167=EDGE_CURVE('',#6361,#6360,#355,.T.);
#5168=EDGE_CURVE('',#6361,#6362,#356,.T.);
#5169=EDGE_CURVE('',#6362,#6363,#357,.T.);
#5170=EDGE_CURVE('',#6364,#6363,#358,.T.);
#5171=EDGE_CURVE('',#6365,#6364,#359,.T.);
#5172=EDGE_CURVE('',#6365,#6346,#360,.T.);
#5173=EDGE_CURVE('',#6366,#6366,#7068,.T.);
#5174=EDGE_CURVE('',#6367,#6367,#7069,.T.);
#5175=EDGE_CURVE('',#6368,#6368,#7070,.T.);
#5176=EDGE_CURVE('',#6369,#6369,#7071,.T.);
#5177=EDGE_CURVE('',#6370,#6370,#7072,.T.);
#5178=EDGE_CURVE('',#6371,#6371,#7073,.T.);
#5179=EDGE_CURVE('',#6372,#6372,#7074,.T.);
#5180=EDGE_CURVE('',#6373,#6373,#7075,.T.);
#5181=EDGE_CURVE('',#6374,#6374,#7076,.F.);
#5182=EDGE_CURVE('',#6375,#6375,#7077,.F.);
#5183=EDGE_CURVE('',#6313,#6346,#361,.T.);
#5184=EDGE_CURVE('',#6314,#6347,#362,.T.);
#5185=EDGE_CURVE('',#6315,#6365,#363,.T.);
#5186=EDGE_CURVE('',#6316,#6364,#364,.T.);
#5187=EDGE_CURVE('',#6317,#6363,#365,.T.);
#5188=EDGE_CURVE('',#6318,#6362,#366,.T.);
#5189=EDGE_CURVE('',#6319,#6361,#367,.T.);
#5190=EDGE_CURVE('',#6320,#6360,#368,.T.);
#5191=EDGE_CURVE('',#6321,#6359,#369,.T.);
#5192=EDGE_CURVE('',#6322,#6358,#370,.T.);
#5193=EDGE_CURVE('',#6323,#6357,#371,.T.);
#5194=EDGE_CURVE('',#6324,#6356,#372,.T.);
#5195=EDGE_CURVE('',#6325,#6355,#373,.T.);
#5196=EDGE_CURVE('',#6326,#6354,#374,.T.);
#5197=EDGE_CURVE('',#6327,#6353,#375,.T.);
#5198=EDGE_CURVE('',#6328,#6352,#376,.T.);
#5199=EDGE_CURVE('',#6329,#6351,#377,.T.);
#5200=EDGE_CURVE('',#6330,#6350,#378,.T.);
#5201=EDGE_CURVE('',#6331,#6349,#379,.T.);
#5202=EDGE_CURVE('',#6332,#6348,#380,.T.);
#5203=EDGE_CURVE('',#6376,#6377,#33,.T.);
#5204=EDGE_CURVE('',#6378,#6376,#34,.T.);
#5205=EDGE_CURVE('',#6378,#6379,#381,.T.);
#5206=EDGE_CURVE('',#6380,#6379,#35,.T.);
#5207=EDGE_CURVE('',#6381,#6380,#36,.T.);
#5208=EDGE_CURVE('',#6381,#6382,#382,.F.);
#5209=EDGE_CURVE('',#6383,#6382,#37,.T.);
#5210=EDGE_CURVE('',#6383,#6377,#383,.T.);
#5211=EDGE_CURVE('',#6384,#6384,#7078,.T.);
#5212=EDGE_CURVE('',#6385,#6385,#7079,.T.);
#5213=EDGE_CURVE('',#6386,#6386,#7080,.T.);
#5214=EDGE_CURVE('',#6387,#6388,#384,.F.);
#5215=EDGE_CURVE('',#6387,#6389,#38,.T.);
#5216=EDGE_CURVE('',#6389,#6390,#39,.T.);
#5217=EDGE_CURVE('',#6391,#6390,#385,.T.);
#5218=EDGE_CURVE('',#6391,#6392,#40,.T.);
#5219=EDGE_CURVE('',#6392,#6393,#41,.T.);
#5220=EDGE_CURVE('',#6394,#6393,#386,.T.);
#5221=EDGE_CURVE('',#6394,#6395,#42,.T.);
#5222=EDGE_CURVE('',#6395,#6396,#43,.T.);
#5223=EDGE_CURVE('',#6396,#6397,#44,.T.);
#5224=EDGE_CURVE('',#6397,#6398,#45,.T.);
#5225=EDGE_CURVE('',#6398,#6399,#46,.T.);
#5226=EDGE_CURVE('',#6399,#6400,#47,.T.);
#5227=EDGE_CURVE('',#6400,#6401,#48,.T.);
#5228=EDGE_CURVE('',#6401,#6402,#49,.T.);
#5229=EDGE_CURVE('',#6402,#6388,#50,.T.);
#5230=EDGE_CURVE('',#6403,#6404,#51,.T.);
#5231=EDGE_CURVE('',#6405,#6403,#52,.T.);
#5232=EDGE_CURVE('',#6405,#6406,#387,.F.);
#5233=EDGE_CURVE('',#6407,#6406,#53,.T.);
#5234=EDGE_CURVE('',#6408,#6407,#54,.T.);
#5235=EDGE_CURVE('',#6408,#6409,#388,.T.);
#5236=EDGE_CURVE('',#6410,#6409,#55,.T.);
#5237=EDGE_CURVE('',#6410,#6404,#389,.F.);
#5238=EDGE_CURVE('',#6411,#6411,#7081,.T.);
#5239=EDGE_CURVE('',#6412,#6396,#390,.T.);
#5240=EDGE_CURVE('',#6397,#6412,#391,.T.);
#5241=EDGE_CURVE('',#6412,#6395,#392,.T.);
#5242=EDGE_CURVE('',#6412,#6398,#393,.T.);
#5243=EDGE_CURVE('',#6412,#6399,#394,.T.);
#5244=EDGE_CURVE('',#6389,#6413,#395,.T.);
#5245=EDGE_CURVE('',#6413,#6414,#396,.T.);
#5246=EDGE_CURVE('',#6414,#6390,#397,.T.);
#5247=EDGE_CURVE('',#6413,#6415,#398,.T.);
#5248=EDGE_CURVE('',#6415,#6414,#399,.T.);
#5249=EDGE_CURVE('',#6416,#6387,#400,.T.);
#5250=EDGE_CURVE('',#6413,#6416,#401,.T.);
#5251=EDGE_CURVE('',#6413,#6417,#402,.T.);
#5252=EDGE_CURVE('',#6417,#6416,#403,.T.);
#5253=EDGE_CURVE('',#6400,#6418,#404,.T.);
#5254=EDGE_CURVE('',#6419,#6418,#405,.T.);
#5255=EDGE_CURVE('',#6419,#6420,#406,.T.);
#5256=EDGE_CURVE('',#6421,#6420,#1746,.T.);
#5257=EDGE_CURVE('',#6421,#6422,#1747,.T.);
#5258=EDGE_CURVE('',#6422,#6401,#407,.T.);
#5259=EDGE_CURVE('',#6422,#6423,#1748,.T.);
#5260=EDGE_CURVE('',#6423,#6402,#408,.T.);
#5261=EDGE_CURVE('',#6423,#6424,#1749,.T.);
#5262=EDGE_CURVE('',#6425,#6424,#1750,.T.);
#5263=EDGE_CURVE('',#6425,#6426,#409,.T.);
#5264=EDGE_CURVE('',#6426,#6413,#410,.T.);
#5265=EDGE_CURVE('',#6388,#6417,#411,.T.);
#5266=EDGE_CURVE('',#6418,#6413,#412,.T.);
#5267=EDGE_CURVE('',#6426,#6419,#413,.T.);
#5268=EDGE_CURVE('',#6425,#6420,#414,.T.);
#5269=EDGE_CURVE('',#6424,#6421,#415,.T.);
#5270=EDGE_CURVE('',#6394,#6427,#416,.T.);
#5271=EDGE_CURVE('',#6428,#6427,#417,.T.);
#5272=EDGE_CURVE('',#6428,#6429,#418,.T.);
#5273=EDGE_CURVE('',#6430,#6429,#1751,.T.);
#5274=EDGE_CURVE('',#6430,#6431,#1752,.T.);
#5275=EDGE_CURVE('',#6431,#6412,#419,.T.);
#5276=EDGE_CURVE('',#6432,#6433,#420,.T.);
#5277=EDGE_CURVE('',#6433,#6412,#421,.T.);
#5278=EDGE_CURVE('',#6431,#6432,#1753,.T.);
#5279=EDGE_CURVE('',#6392,#6433,#422,.T.);
#5280=EDGE_CURVE('',#6432,#6434,#1754,.T.);
#5281=EDGE_CURVE('',#6435,#6434,#1755,.T.);
#5282=EDGE_CURVE('',#6435,#6436,#423,.T.);
#5283=EDGE_CURVE('',#6436,#6437,#424,.T.);
#5284=EDGE_CURVE('',#6437,#6393,#425,.T.);
#5285=EDGE_CURVE('',#6436,#6428,#426,.T.);
#5286=EDGE_CURVE('',#6427,#6437,#427,.T.);
#5287=EDGE_CURVE('',#6435,#6429,#428,.T.);
#5288=EDGE_CURVE('',#6434,#6430,#429,.T.);
#5289=EDGE_CURVE('',#6438,#6439,#430,.T.);
#5290=EDGE_CURVE('',#6439,#6440,#431,.T.);
#5291=EDGE_CURVE('',#6440,#6441,#432,.T.);
#5292=EDGE_CURVE('',#6438,#6441,#433,.T.);
#5293=EDGE_CURVE('',#6442,#6443,#1756,.T.);
#5294=EDGE_CURVE('',#6443,#6444,#1757,.T.);
#5295=EDGE_CURVE('',#6444,#6445,#434,.T.);
#5296=EDGE_CURVE('',#6445,#6442,#1758,.T.);
#5297=EDGE_CURVE('',#6445,#6441,#1759,.T.);
#5298=EDGE_CURVE('',#6438,#6444,#1760,.T.);
#5299=EDGE_CURVE('',#6440,#6418,#435,.T.);
#5300=EDGE_CURVE('',#6439,#6413,#436,.T.);
#5301=EDGE_CURVE('',#6443,#6433,#437,.T.);
#5302=EDGE_CURVE('',#6442,#6412,#438,.T.);
#5303=EDGE_CURVE('',#6391,#6415,#439,.T.);
#5304=EDGE_CURVE('',#6446,#6405,#440,.T.);
#5305=EDGE_CURVE('',#6406,#6446,#441,.T.);
#5306=EDGE_CURVE('',#6408,#6446,#442,.T.);
#5307=EDGE_CURVE('',#6446,#6407,#443,.T.);
#5308=EDGE_CURVE('',#6446,#6409,#444,.T.);
#5309=EDGE_CURVE('',#6446,#6403,#445,.T.);
#5310=EDGE_CURVE('',#6404,#6446,#446,.T.);
#5311=EDGE_CURVE('',#6410,#6446,#447,.T.);
#5312=EDGE_CURVE('',#6447,#6378,#448,.T.);
#5313=EDGE_CURVE('',#6447,#6376,#449,.T.);
#5314=EDGE_CURVE('',#6377,#6447,#450,.T.);
#5315=EDGE_CURVE('',#6447,#6383,#451,.T.);
#5316=EDGE_CURVE('',#6447,#6382,#452,.T.);
#5317=EDGE_CURVE('',#6381,#6447,#453,.T.);
#5318=EDGE_CURVE('',#6447,#6380,#454,.T.);
#5319=EDGE_CURVE('',#6379,#6447,#455,.T.);
#5320=EDGE_CURVE('',#6448,#6449,#1761,.T.);
#5321=EDGE_CURVE('',#6449,#6450,#7082,.F.);
#5322=EDGE_CURVE('',#6450,#6451,#456,.T.);
#5323=EDGE_CURVE('',#6452,#6451,#457,.T.);
#5324=EDGE_CURVE('',#6453,#6452,#458,.T.);
#5325=EDGE_CURVE('',#6453,#6454,#459,.T.);
#5326=EDGE_CURVE('',#6455,#6454,#460,.T.);
#5327=EDGE_CURVE('',#6448,#6455,#461,.T.);
#5328=EDGE_CURVE('',#6456,#6457,#7083,.F.);
#5329=EDGE_CURVE('',#6456,#6458,#462,.T.);
#5330=EDGE_CURVE('',#6458,#6459,#7084,.T.);
#5331=EDGE_CURVE('',#6457,#6459,#463,.T.);
#5332=EDGE_CURVE('',#6460,#6461,#464,.T.);
#5333=EDGE_CURVE('',#6460,#6462,#7085,.T.);
#5334=EDGE_CURVE('',#6463,#6462,#1762,.T.);
#5335=EDGE_CURVE('',#6464,#6463,#465,.T.);
#5336=EDGE_CURVE('',#6464,#6465,#466,.T.);
#5337=EDGE_CURVE('',#6466,#6465,#467,.T.);
#5338=EDGE_CURVE('',#6466,#6467,#468,.T.);
#5339=EDGE_CURVE('',#6467,#6461,#469,.T.);
#5340=EDGE_CURVE('',#6468,#6469,#470,.T.);
#5341=EDGE_CURVE('',#6468,#6470,#7086,.T.);
#5342=EDGE_CURVE('',#6470,#6471,#471,.T.);
#5343=EDGE_CURVE('',#6469,#6471,#7087,.T.);
#5344=EDGE_CURVE('',#6472,#6473,#7088,.T.);
#5345=EDGE_CURVE('',#6473,#6474,#7089,.F.);
#5346=EDGE_CURVE('',#6474,#6475,#7090,.T.);
#5347=EDGE_CURVE('',#6475,#6472,#7091,.F.);
#5348=EDGE_CURVE('',#6476,#6476,#7092,.T.);
#5349=EDGE_CURVE('',#6477,#6478,#7093,.T.);
#5350=EDGE_CURVE('',#6477,#6479,#7094,.F.);
#5351=EDGE_CURVE('',#6480,#6479,#7095,.T.);
#5352=EDGE_CURVE('',#6480,#6478,#7096,.F.);
#5353=EDGE_CURVE('',#6481,#6482,#7097,.T.);
#5354=EDGE_CURVE('',#6482,#6483,#7098,.F.);
#5355=EDGE_CURVE('',#6483,#6484,#7099,.T.);
#5356=EDGE_CURVE('',#6484,#6481,#7100,.F.);
#5357=EDGE_CURVE('',#6485,#6486,#7101,.T.);
#5358=EDGE_CURVE('',#6485,#6487,#7102,.F.);
#5359=EDGE_CURVE('',#6488,#6487,#7103,.T.);
#5360=EDGE_CURVE('',#6488,#6486,#7104,.F.);
#5361=EDGE_CURVE('',#6450,#6460,#472,.T.);
#5362=EDGE_CURVE('',#6489,#6461,#473,.T.);
#5363=EDGE_CURVE('',#6490,#6489,#474,.T.);
#5364=EDGE_CURVE('',#6491,#6490,#475,.T.);
#5365=EDGE_CURVE('',#6491,#6492,#476,.T.);
#5366=EDGE_CURVE('',#6492,#6493,#477,.T.);
#5367=EDGE_CURVE('',#6493,#6494,#478,.T.);
#5368=EDGE_CURVE('',#6494,#6451,#479,.T.);
#5369=EDGE_CURVE('',#6495,#6495,#7105,.T.);
#5370=EDGE_CURVE('',#6496,#6496,#7106,.T.);
#5371=EDGE_CURVE('',#6497,#6464,#480,.T.);
#5372=EDGE_CURVE('',#6497,#6455,#481,.T.);
#5373=EDGE_CURVE('',#6454,#6498,#482,.T.);
#5374=EDGE_CURVE('',#6498,#6465,#483,.T.);
#5375=EDGE_CURVE('',#6453,#6499,#484,.T.);
#5376=EDGE_CURVE('',#6500,#6452,#485,.T.);
#5377=EDGE_CURVE('',#6501,#6500,#486,.T.);
#5378=EDGE_CURVE('',#6502,#6501,#487,.T.);
#5379=EDGE_CURVE('',#6503,#6502,#488,.T.);
#5380=EDGE_CURVE('',#6503,#6504,#489,.T.);
#5381=EDGE_CURVE('',#6504,#6505,#490,.T.);
#5382=EDGE_CURVE('',#6505,#6467,#491,.T.);
#5383=EDGE_CURVE('',#6499,#6466,#492,.T.);
#5384=EDGE_CURVE('',#6506,#6506,#7107,.T.);
#5385=EDGE_CURVE('',#6507,#6508,#493,.T.);
#5386=EDGE_CURVE('',#6507,#6509,#494,.T.);
#5387=EDGE_CURVE('',#6509,#6510,#495,.T.);
#5388=EDGE_CURVE('',#6510,#6511,#496,.T.);
#5389=EDGE_CURVE('',#6511,#6512,#497,.T.);
#5390=EDGE_CURVE('',#6513,#6512,#498,.T.);
#5391=EDGE_CURVE('',#6508,#6513,#499,.T.);
#5392=EDGE_CURVE('',#6514,#6515,#7108,.T.);
#5393=EDGE_CURVE('',#6515,#6516,#7109,.F.);
#5394=EDGE_CURVE('',#6516,#6517,#7110,.T.);
#5395=EDGE_CURVE('',#6517,#6514,#7111,.F.);
#5396=EDGE_CURVE('',#6518,#6519,#7112,.F.);
#5397=EDGE_CURVE('',#6518,#6520,#7113,.F.);
#5398=EDGE_CURVE('',#6521,#6520,#7114,.F.);
#5399=EDGE_CURVE('',#6521,#6519,#7115,.F.);
#5400=EDGE_CURVE('',#6522,#6523,#7116,.T.);
#5401=EDGE_CURVE('',#6523,#6524,#7117,.F.);
#5402=EDGE_CURVE('',#6524,#6525,#7118,.T.);
#5403=EDGE_CURVE('',#6525,#6522,#7119,.F.);
#5404=EDGE_CURVE('',#6526,#6526,#7120,.T.);
#5405=EDGE_CURVE('',#6527,#6527,#7121,.T.);
#5406=EDGE_CURVE('',#6528,#6529,#7122,.F.);
#5407=EDGE_CURVE('',#6528,#6530,#7123,.F.);
#5408=EDGE_CURVE('',#6531,#6530,#7124,.F.);
#5409=EDGE_CURVE('',#6531,#6529,#7125,.F.);
#5410=EDGE_CURVE('',#6504,#6490,#500,.T.);
#5411=EDGE_CURVE('',#6503,#6491,#501,.T.);
#5412=EDGE_CURVE('',#6505,#6489,#502,.T.);
#5413=EDGE_CURVE('',#6500,#6494,#503,.T.);
#5414=EDGE_CURVE('',#6501,#6493,#504,.T.);
#5415=EDGE_CURVE('',#6502,#6492,#505,.T.);
#5416=EDGE_CURVE('',#6524,#6477,#506,.T.);
#5417=EDGE_CURVE('',#6478,#6525,#507,.F.);
#5418=EDGE_CURVE('',#6479,#6523,#508,.F.);
#5419=EDGE_CURVE('',#6522,#6480,#509,.T.);
#5420=EDGE_CURVE('',#6520,#6482,#510,.T.);
#5421=EDGE_CURVE('',#6481,#6521,#511,.F.);
#5422=EDGE_CURVE('',#6483,#6518,#512,.F.);
#5423=EDGE_CURVE('',#6519,#6484,#513,.T.);
#5424=EDGE_CURVE('',#6530,#6473,#514,.T.);
#5425=EDGE_CURVE('',#6472,#6531,#515,.F.);
#5426=EDGE_CURVE('',#6474,#6528,#516,.F.);
#5427=EDGE_CURVE('',#6529,#6475,#517,.T.);
#5428=EDGE_CURVE('',#6487,#6515,#518,.F.);
#5429=EDGE_CURVE('',#6514,#6488,#519,.T.);
#5430=EDGE_CURVE('',#6516,#6485,#520,.T.);
#5431=EDGE_CURVE('',#6486,#6517,#521,.F.);
#5432=EDGE_CURVE('',#6532,#6507,#522,.T.);
#5433=EDGE_CURVE('',#6532,#6533,#523,.T.);
#5434=EDGE_CURVE('',#6533,#6509,#524,.T.);
#5435=EDGE_CURVE('',#6534,#6508,#525,.T.);
#5436=EDGE_CURVE('',#6532,#6534,#526,.T.);
#5437=EDGE_CURVE('',#6535,#6513,#527,.T.);
#5438=EDGE_CURVE('',#6534,#6535,#528,.T.);
#5439=EDGE_CURVE('',#6536,#6512,#529,.T.);
#5440=EDGE_CURVE('',#6535,#6536,#530,.T.);
#5441=EDGE_CURVE('',#6537,#6511,#531,.T.);
#5442=EDGE_CURVE('',#6537,#6536,#532,.T.);
#5443=EDGE_CURVE('',#6538,#6510,#533,.T.);
#5444=EDGE_CURVE('',#6538,#6537,#534,.T.);
#5445=EDGE_CURVE('',#6533,#6538,#535,.T.);
#5446=EDGE_CURVE('',#6498,#6499,#536,.T.);
#5447=EDGE_CURVE('',#6448,#6539,#1763,.T.);
#5448=EDGE_CURVE('',#6539,#6497,#537,.T.);
#5449=EDGE_CURVE('',#6463,#6539,#1764,.T.);
#5450=EDGE_CURVE('',#6540,#6540,#1765,.T.);
#5451=EDGE_CURVE('',#6541,#6541,#1766,.T.);
#5452=EDGE_CURVE('',#6462,#6449,#538,.F.);
#5453=EDGE_CURVE('',#6456,#6468,#539,.T.);
#5454=EDGE_CURVE('',#6458,#6469,#540,.T.);
#5455=EDGE_CURVE('',#6459,#6471,#541,.T.);
#5456=EDGE_CURVE('',#6457,#6470,#542,.T.);
#5457=EDGE_CURVE('',#6542,#6543,#1767,.T.);
#5458=EDGE_CURVE('',#6542,#6544,#543,.T.);
#5459=EDGE_CURVE('',#6544,#6545,#544,.T.);
#5460=EDGE_CURVE('',#6546,#6545,#545,.T.);
#5461=EDGE_CURVE('',#6546,#6547,#546,.T.);
#5462=EDGE_CURVE('',#6547,#6548,#547,.T.);
#5463=EDGE_CURVE('',#6549,#6548,#548,.T.);
#5464=EDGE_CURVE('',#6543,#6549,#7126,.F.);
#5465=EDGE_CURVE('',#6550,#6551,#7127,.F.);
#5466=EDGE_CURVE('',#6551,#6552,#549,.T.);
#5467=EDGE_CURVE('',#6553,#6552,#7128,.T.);
#5468=EDGE_CURVE('',#6550,#6553,#550,.T.);
#5469=EDGE_CURVE('',#6554,#6555,#551,.T.);
#5470=EDGE_CURVE('',#6556,#6555,#552,.T.);
#5471=EDGE_CURVE('',#6557,#6556,#553,.T.);
#5472=EDGE_CURVE('',#6557,#6558,#554,.T.);
#5473=EDGE_CURVE('',#6559,#6558,#555,.T.);
#5474=EDGE_CURVE('',#6559,#6560,#556,.T.);
#5475=EDGE_CURVE('',#6560,#6561,#1768,.T.);
#5476=EDGE_CURVE('',#6554,#6561,#7129,.T.);
#5477=EDGE_CURVE('',#6562,#6563,#557,.T.);
#5478=EDGE_CURVE('',#6563,#6564,#7130,.T.);
#5479=EDGE_CURVE('',#6565,#6564,#558,.T.);
#5480=EDGE_CURVE('',#6562,#6565,#7131,.T.);
#5481=EDGE_CURVE('',#6566,#6567,#7132,.T.);
#5482=EDGE_CURVE('',#6568,#6566,#7133,.F.);
#5483=EDGE_CURVE('',#6569,#6568,#7134,.T.);
#5484=EDGE_CURVE('',#6567,#6569,#7135,.F.);
#5485=EDGE_CURVE('',#6570,#6570,#7136,.T.);
#5486=EDGE_CURVE('',#6571,#6572,#7137,.T.);
#5487=EDGE_CURVE('',#6573,#6572,#7138,.F.);
#5488=EDGE_CURVE('',#6573,#6574,#7139,.T.);
#5489=EDGE_CURVE('',#6571,#6574,#7140,.F.);
#5490=EDGE_CURVE('',#6575,#6576,#7141,.T.);
#5491=EDGE_CURVE('',#6577,#6575,#7142,.F.);
#5492=EDGE_CURVE('',#6578,#6577,#7143,.T.);
#5493=EDGE_CURVE('',#6576,#6578,#7144,.F.);
#5494=EDGE_CURVE('',#6579,#6580,#7145,.T.);
#5495=EDGE_CURVE('',#6581,#6580,#7146,.F.);
#5496=EDGE_CURVE('',#6581,#6582,#7147,.T.);
#5497=EDGE_CURVE('',#6579,#6582,#7148,.F.);
#5498=EDGE_CURVE('',#6583,#6548,#559,.T.);
#5499=EDGE_CURVE('',#6584,#6583,#560,.T.);
#5500=EDGE_CURVE('',#6585,#6584,#561,.T.);
#5501=EDGE_CURVE('',#6586,#6585,#562,.T.);
#5502=EDGE_CURVE('',#6586,#6587,#563,.T.);
#5503=EDGE_CURVE('',#6587,#6588,#564,.T.);
#5504=EDGE_CURVE('',#6588,#6555,#565,.T.);
#5505=EDGE_CURVE('',#6549,#6554,#566,.T.);
#5506=EDGE_CURVE('',#6589,#6589,#7149,.T.);
#5507=EDGE_CURVE('',#6590,#6590,#7150,.T.);
#5508=EDGE_CURVE('',#6591,#6559,#567,.T.);
#5509=EDGE_CURVE('',#6592,#6558,#568,.T.);
#5510=EDGE_CURVE('',#6545,#6592,#569,.T.);
#5511=EDGE_CURVE('',#6591,#6544,#570,.T.);
#5512=EDGE_CURVE('',#6546,#6593,#571,.T.);
#5513=EDGE_CURVE('',#6593,#6557,#572,.T.);
#5514=EDGE_CURVE('',#6594,#6556,#573,.T.);
#5515=EDGE_CURVE('',#6595,#6594,#574,.T.);
#5516=EDGE_CURVE('',#6596,#6595,#575,.T.);
#5517=EDGE_CURVE('',#6596,#6597,#576,.T.);
#5518=EDGE_CURVE('',#6597,#6598,#577,.T.);
#5519=EDGE_CURVE('',#6598,#6599,#578,.T.);
#5520=EDGE_CURVE('',#6599,#6547,#579,.T.);
#5521=EDGE_CURVE('',#6600,#6600,#7151,.T.);
#5522=EDGE_CURVE('',#6601,#6602,#580,.T.);
#5523=EDGE_CURVE('',#6602,#6603,#581,.T.);
#5524=EDGE_CURVE('',#6603,#6604,#582,.T.);
#5525=EDGE_CURVE('',#6605,#6604,#583,.T.);
#5526=EDGE_CURVE('',#6606,#6605,#584,.T.);
#5527=EDGE_CURVE('',#6607,#6606,#585,.T.);
#5528=EDGE_CURVE('',#6601,#6607,#586,.T.);
#5529=EDGE_CURVE('',#6608,#6609,#7152,.T.);
#5530=EDGE_CURVE('',#6610,#6608,#7153,.F.);
#5531=EDGE_CURVE('',#6611,#6610,#7154,.T.);
#5532=EDGE_CURVE('',#6609,#6611,#7155,.F.);
#5533=EDGE_CURVE('',#6612,#6613,#7156,.F.);
#5534=EDGE_CURVE('',#6614,#6613,#7157,.F.);
#5535=EDGE_CURVE('',#6614,#6615,#7158,.F.);
#5536=EDGE_CURVE('',#6612,#6615,#7159,.F.);
#5537=EDGE_CURVE('',#6616,#6617,#7160,.T.);
#5538=EDGE_CURVE('',#6618,#6616,#7161,.F.);
#5539=EDGE_CURVE('',#6619,#6618,#7162,.T.);
#5540=EDGE_CURVE('',#6617,#6619,#7163,.F.);
#5541=EDGE_CURVE('',#6620,#6620,#7164,.T.);
#5542=EDGE_CURVE('',#6621,#6621,#7165,.T.);
#5543=EDGE_CURVE('',#6622,#6623,#7166,.F.);
#5544=EDGE_CURVE('',#6624,#6623,#7167,.F.);
#5545=EDGE_CURVE('',#6624,#6625,#7168,.F.);
#5546=EDGE_CURVE('',#6622,#6625,#7169,.F.);
#5547=EDGE_CURVE('',#6596,#6586,#587,.T.);
#5548=EDGE_CURVE('',#6595,#6587,#588,.T.);
#5549=EDGE_CURVE('',#6594,#6588,#589,.T.);
#5550=EDGE_CURVE('',#6599,#6583,#590,.T.);
#5551=EDGE_CURVE('',#6598,#6584,#591,.T.);
#5552=EDGE_CURVE('',#6597,#6585,#592,.T.);
#5553=EDGE_CURVE('',#6572,#6618,#593,.F.);
#5554=EDGE_CURVE('',#6619,#6571,#594,.T.);
#5555=EDGE_CURVE('',#6616,#6573,#595,.T.);
#5556=EDGE_CURVE('',#6574,#6617,#596,.F.);
#5557=EDGE_CURVE('',#6575,#6614,#597,.F.);
#5558=EDGE_CURVE('',#6615,#6576,#598,.T.);
#5559=EDGE_CURVE('',#6613,#6577,#599,.T.);
#5560=EDGE_CURVE('',#6578,#6612,#600,.F.);
#5561=EDGE_CURVE('',#6566,#6624,#601,.F.);
#5562=EDGE_CURVE('',#6625,#6567,#602,.T.);
#5563=EDGE_CURVE('',#6623,#6568,#603,.T.);
#5564=EDGE_CURVE('',#6569,#6622,#604,.F.);
#5565=EDGE_CURVE('',#6608,#6581,#605,.T.);
#5566=EDGE_CURVE('',#6582,#6609,#606,.F.);
#5567=EDGE_CURVE('',#6580,#6610,#607,.F.);
#5568=EDGE_CURVE('',#6611,#6579,#608,.T.);
#5569=EDGE_CURVE('',#6626,#6607,#609,.T.);
#5570=EDGE_CURVE('',#6627,#6626,#610,.T.);
#5571=EDGE_CURVE('',#6627,#6601,#611,.T.);
#5572=EDGE_CURVE('',#6627,#6628,#612,.T.);
#5573=EDGE_CURVE('',#6628,#6602,#613,.T.);
#5574=EDGE_CURVE('',#6628,#6629,#614,.T.);
#5575=EDGE_CURVE('',#6629,#6603,#615,.T.);
#5576=EDGE_CURVE('',#6629,#6630,#616,.T.);
#5577=EDGE_CURVE('',#6630,#6604,#617,.T.);
#5578=EDGE_CURVE('',#6631,#6630,#618,.T.);
#5579=EDGE_CURVE('',#6631,#6605,#619,.T.);
#5580=EDGE_CURVE('',#6632,#6631,#620,.T.);
#5581=EDGE_CURVE('',#6632,#6606,#621,.T.);
#5582=EDGE_CURVE('',#6626,#6632,#622,.T.);
#5583=EDGE_CURVE('',#6592,#6593,#623,.T.);
#5584=EDGE_CURVE('',#6542,#6633,#1769,.T.);
#5585=EDGE_CURVE('',#6633,#6591,#624,.T.);
#5586=EDGE_CURVE('',#6560,#6633,#1770,.T.);
#5587=EDGE_CURVE('',#6634,#6634,#1771,.T.);
#5588=EDGE_CURVE('',#6635,#6635,#1772,.T.);
#5589=EDGE_CURVE('',#6561,#6543,#625,.F.);
#5590=EDGE_CURVE('',#6550,#6562,#626,.T.);
#5591=EDGE_CURVE('',#6553,#6563,#627,.T.);
#5592=EDGE_CURVE('',#6552,#6564,#628,.T.);
#5593=EDGE_CURVE('',#6551,#6565,#629,.T.);
#5594=EDGE_CURVE('',#6636,#6637,#56,.T.);
#5595=EDGE_CURVE('',#6638,#6637,#630,.T.);
#5596=EDGE_CURVE('',#6638,#6639,#57,.T.);
#5597=EDGE_CURVE('',#6640,#6639,#631,.F.);
#5598=EDGE_CURVE('',#6640,#6641,#58,.T.);
#5599=EDGE_CURVE('',#6641,#6642,#59,.T.);
#5600=EDGE_CURVE('',#6643,#6642,#632,.T.);
#5601=EDGE_CURVE('',#6643,#6636,#60,.T.);
#5602=EDGE_CURVE('',#6644,#6644,#7170,.T.);
#5603=EDGE_CURVE('',#6645,#6645,#7171,.T.);
#5604=EDGE_CURVE('',#6646,#6646,#7172,.T.);
#5605=EDGE_CURVE('',#6647,#6648,#633,.F.);
#5606=EDGE_CURVE('',#6649,#6648,#61,.T.);
#5607=EDGE_CURVE('',#6650,#6649,#62,.T.);
#5608=EDGE_CURVE('',#6651,#6650,#63,.T.);
#5609=EDGE_CURVE('',#6652,#6651,#64,.T.);
#5610=EDGE_CURVE('',#6653,#6652,#65,.T.);
#5611=EDGE_CURVE('',#6654,#6653,#66,.T.);
#5612=EDGE_CURVE('',#6655,#6654,#67,.T.);
#5613=EDGE_CURVE('',#6656,#6655,#68,.T.);
#5614=EDGE_CURVE('',#6657,#6656,#69,.T.);
#5615=EDGE_CURVE('',#6657,#6658,#634,.T.);
#5616=EDGE_CURVE('',#6659,#6658,#70,.T.);
#5617=EDGE_CURVE('',#6660,#6659,#71,.T.);
#5618=EDGE_CURVE('',#6660,#6661,#635,.T.);
#5619=EDGE_CURVE('',#6662,#6661,#72,.T.);
#5620=EDGE_CURVE('',#6647,#6662,#73,.T.);
#5621=EDGE_CURVE('',#6663,#6664,#74,.T.);
#5622=EDGE_CURVE('',#6665,#6664,#636,.F.);
#5623=EDGE_CURVE('',#6665,#6666,#75,.T.);
#5624=EDGE_CURVE('',#6667,#6666,#637,.T.);
#5625=EDGE_CURVE('',#6667,#6668,#76,.T.);
#5626=EDGE_CURVE('',#6668,#6669,#77,.T.);
#5627=EDGE_CURVE('',#6670,#6669,#638,.F.);
#5628=EDGE_CURVE('',#6670,#6663,#78,.T.);
#5629=EDGE_CURVE('',#6671,#6671,#7173,.T.);
#5630=EDGE_CURVE('',#6654,#6672,#639,.T.);
#5631=EDGE_CURVE('',#6672,#6655,#640,.T.);
#5632=EDGE_CURVE('',#6672,#6656,#641,.T.);
#5633=EDGE_CURVE('',#6672,#6653,#642,.T.);
#5634=EDGE_CURVE('',#6672,#6652,#643,.T.);
#5635=EDGE_CURVE('',#6673,#6661,#644,.T.);
#5636=EDGE_CURVE('',#6674,#6673,#645,.T.);
#5637=EDGE_CURVE('',#6662,#6674,#646,.T.);
#5638=EDGE_CURVE('',#6675,#6673,#647,.T.);
#5639=EDGE_CURVE('',#6674,#6675,#648,.T.);
#5640=EDGE_CURVE('',#6674,#6676,#649,.T.);
#5641=EDGE_CURVE('',#6676,#6647,#650,.T.);
#5642=EDGE_CURVE('',#6674,#6677,#651,.T.);
#5643=EDGE_CURVE('',#6677,#6676,#652,.T.);
#5644=EDGE_CURVE('',#6678,#6650,#653,.T.);
#5645=EDGE_CURVE('',#6679,#6678,#1773,.T.);
#5646=EDGE_CURVE('',#6679,#6680,#1774,.T.);
#5647=EDGE_CURVE('',#6681,#6680,#654,.T.);
#5648=EDGE_CURVE('',#6681,#6682,#655,.T.);
#5649=EDGE_CURVE('',#6651,#6682,#656,.T.);
#5650=EDGE_CURVE('',#6683,#6649,#657,.T.);
#5651=EDGE_CURVE('',#6678,#6683,#1775,.T.);
#5652=EDGE_CURVE('',#6648,#6677,#658,.T.);
#5653=EDGE_CURVE('',#6684,#6674,#659,.T.);
#5654=EDGE_CURVE('',#6685,#6684,#660,.T.);
#5655=EDGE_CURVE('',#6685,#6686,#1776,.T.);
#5656=EDGE_CURVE('',#6683,#6686,#1777,.T.);
#5657=EDGE_CURVE('',#6684,#6681,#661,.T.);
#5658=EDGE_CURVE('',#6682,#6674,#662,.T.);
#5659=EDGE_CURVE('',#6685,#6680,#663,.T.);
#5660=EDGE_CURVE('',#6686,#6679,#664,.T.);
#5661=EDGE_CURVE('',#6687,#6672,#665,.T.);
#5662=EDGE_CURVE('',#6688,#6687,#1778,.T.);
#5663=EDGE_CURVE('',#6688,#6689,#1779,.T.);
#5664=EDGE_CURVE('',#6690,#6689,#666,.T.);
#5665=EDGE_CURVE('',#6690,#6691,#667,.T.);
#5666=EDGE_CURVE('',#6657,#6691,#668,.T.);
#5667=EDGE_CURVE('',#6692,#6693,#669,.T.);
#5668=EDGE_CURVE('',#6687,#6692,#1780,.T.);
#5669=EDGE_CURVE('',#6693,#6672,#670,.T.);
#5670=EDGE_CURVE('',#6694,#6658,#671,.T.);
#5671=EDGE_CURVE('',#6695,#6694,#672,.T.);
#5672=EDGE_CURVE('',#6696,#6695,#673,.T.);
#5673=EDGE_CURVE('',#6696,#6697,#1781,.T.);
#5674=EDGE_CURVE('',#6692,#6697,#1782,.T.);
#5675=EDGE_CURVE('',#6659,#6693,#674,.T.);
#5676=EDGE_CURVE('',#6695,#6690,#675,.T.);
#5677=EDGE_CURVE('',#6691,#6694,#676,.T.);
#5678=EDGE_CURVE('',#6696,#6689,#677,.T.);
#5679=EDGE_CURVE('',#6697,#6688,#678,.T.);
#5680=EDGE_CURVE('',#6698,#6699,#679,.T.);
#5681=EDGE_CURVE('',#6698,#6700,#680,.T.);
#5682=EDGE_CURVE('',#6701,#6700,#681,.T.);
#5683=EDGE_CURVE('',#6699,#6701,#682,.T.);
#5684=EDGE_CURVE('',#6702,#6703,#1783,.T.);
#5685=EDGE_CURVE('',#6704,#6702,#1784,.T.);
#5686=EDGE_CURVE('',#6705,#6704,#683,.T.);
#5687=EDGE_CURVE('',#6703,#6705,#1785,.T.);
#5688=EDGE_CURVE('',#6698,#6705,#1786,.T.);
#5689=EDGE_CURVE('',#6704,#6700,#1787,.T.);
#5690=EDGE_CURVE('',#6699,#6674,#684,.T.);
#5691=EDGE_CURVE('',#6701,#6682,#685,.T.);
#5692=EDGE_CURVE('',#6702,#6672,#686,.T.);
#5693=EDGE_CURVE('',#6703,#6693,#687,.T.);
#5694=EDGE_CURVE('',#6660,#6675,#688,.T.);
#5695=EDGE_CURVE('',#6669,#6706,#689,.T.);
#5696=EDGE_CURVE('',#6706,#6670,#690,.T.);
#5697=EDGE_CURVE('',#6667,#6706,#691,.T.);
#5698=EDGE_CURVE('',#6706,#6668,#692,.T.);
#5699=EDGE_CURVE('',#6706,#6666,#693,.T.);
#5700=EDGE_CURVE('',#6706,#6663,#694,.T.);
#5701=EDGE_CURVE('',#6664,#6706,#695,.T.);
#5702=EDGE_CURVE('',#6665,#6706,#696,.T.);
#5703=EDGE_CURVE('',#6707,#6643,#697,.T.);
#5704=EDGE_CURVE('',#6707,#6636,#698,.T.);
#5705=EDGE_CURVE('',#6637,#6707,#699,.T.);
#5706=EDGE_CURVE('',#6707,#6638,#700,.T.);
#5707=EDGE_CURVE('',#6707,#6639,#701,.T.);
#5708=EDGE_CURVE('',#6640,#6707,#702,.T.);
#5709=EDGE_CURVE('',#6707,#6641,#703,.T.);
#5710=EDGE_CURVE('',#6642,#6707,#704,.T.);
#5711=EDGE_CURVE('',#6708,#6709,#1788,.T.);
#5712=EDGE_CURVE('',#6708,#6710,#705,.T.);
#5713=EDGE_CURVE('',#6710,#6711,#706,.T.);
#5714=EDGE_CURVE('',#6712,#6711,#707,.T.);
#5715=EDGE_CURVE('',#6712,#6713,#708,.T.);
#5716=EDGE_CURVE('',#6713,#6714,#709,.T.);
#5717=EDGE_CURVE('',#6715,#6714,#710,.T.);
#5718=EDGE_CURVE('',#6709,#6715,#7174,.F.);
#5719=EDGE_CURVE('',#6716,#6717,#7175,.F.);
#5720=EDGE_CURVE('',#6717,#6718,#711,.T.);
#5721=EDGE_CURVE('',#6719,#6718,#7176,.T.);
#5722=EDGE_CURVE('',#6716,#6719,#712,.T.);
#5723=EDGE_CURVE('',#6720,#6721,#713,.T.);
#5724=EDGE_CURVE('',#6722,#6721,#714,.T.);
#5725=EDGE_CURVE('',#6723,#6722,#715,.T.);
#5726=EDGE_CURVE('',#6723,#6724,#716,.T.);
#5727=EDGE_CURVE('',#6725,#6724,#717,.T.);
#5728=EDGE_CURVE('',#6725,#6726,#718,.T.);
#5729=EDGE_CURVE('',#6726,#6727,#1789,.T.);
#5730=EDGE_CURVE('',#6720,#6727,#7177,.T.);
#5731=EDGE_CURVE('',#6728,#6729,#719,.T.);
#5732=EDGE_CURVE('',#6729,#6730,#7178,.T.);
#5733=EDGE_CURVE('',#6731,#6730,#720,.T.);
#5734=EDGE_CURVE('',#6728,#6731,#7179,.T.);
#5735=EDGE_CURVE('',#6732,#6733,#7180,.T.);
#5736=EDGE_CURVE('',#6734,#6732,#7181,.F.);
#5737=EDGE_CURVE('',#6735,#6734,#7182,.T.);
#5738=EDGE_CURVE('',#6733,#6735,#7183,.F.);
#5739=EDGE_CURVE('',#6736,#6736,#7184,.T.);
#5740=EDGE_CURVE('',#6737,#6738,#7185,.T.);
#5741=EDGE_CURVE('',#6739,#6738,#7186,.F.);
#5742=EDGE_CURVE('',#6739,#6740,#7187,.T.);
#5743=EDGE_CURVE('',#6737,#6740,#7188,.F.);
#5744=EDGE_CURVE('',#6741,#6742,#7189,.T.);
#5745=EDGE_CURVE('',#6743,#6741,#7190,.F.);
#5746=EDGE_CURVE('',#6744,#6743,#7191,.T.);
#5747=EDGE_CURVE('',#6742,#6744,#7192,.F.);
#5748=EDGE_CURVE('',#6745,#6746,#7193,.T.);
#5749=EDGE_CURVE('',#6747,#6746,#7194,.F.);
#5750=EDGE_CURVE('',#6747,#6748,#7195,.T.);
#5751=EDGE_CURVE('',#6745,#6748,#7196,.F.);
#5752=EDGE_CURVE('',#6749,#6714,#721,.T.);
#5753=EDGE_CURVE('',#6750,#6749,#722,.T.);
#5754=EDGE_CURVE('',#6751,#6750,#723,.T.);
#5755=EDGE_CURVE('',#6752,#6751,#724,.T.);
#5756=EDGE_CURVE('',#6752,#6753,#725,.T.);
#5757=EDGE_CURVE('',#6753,#6754,#726,.T.);
#5758=EDGE_CURVE('',#6754,#6721,#727,.T.);
#5759=EDGE_CURVE('',#6715,#6720,#728,.T.);
#5760=EDGE_CURVE('',#6755,#6755,#7197,.T.);
#5761=EDGE_CURVE('',#6756,#6756,#7198,.T.);
#5762=EDGE_CURVE('',#6757,#6725,#729,.T.);
#5763=EDGE_CURVE('',#6758,#6724,#730,.T.);
#5764=EDGE_CURVE('',#6711,#6758,#731,.T.);
#5765=EDGE_CURVE('',#6757,#6710,#732,.T.);
#5766=EDGE_CURVE('',#6712,#6759,#733,.T.);
#5767=EDGE_CURVE('',#6759,#6723,#734,.T.);
#5768=EDGE_CURVE('',#6760,#6722,#735,.T.);
#5769=EDGE_CURVE('',#6761,#6760,#736,.T.);
#5770=EDGE_CURVE('',#6762,#6761,#737,.T.);
#5771=EDGE_CURVE('',#6762,#6763,#738,.T.);
#5772=EDGE_CURVE('',#6763,#6764,#739,.T.);
#5773=EDGE_CURVE('',#6764,#6765,#740,.T.);
#5774=EDGE_CURVE('',#6765,#6713,#741,.T.);
#5775=EDGE_CURVE('',#6766,#6766,#7199,.T.);
#5776=EDGE_CURVE('',#6767,#6768,#742,.T.);
#5777=EDGE_CURVE('',#6768,#6769,#743,.T.);
#5778=EDGE_CURVE('',#6769,#6770,#744,.T.);
#5779=EDGE_CURVE('',#6771,#6770,#745,.T.);
#5780=EDGE_CURVE('',#6772,#6771,#746,.T.);
#5781=EDGE_CURVE('',#6773,#6772,#747,.T.);
#5782=EDGE_CURVE('',#6767,#6773,#748,.T.);
#5783=EDGE_CURVE('',#6774,#6775,#7200,.T.);
#5784=EDGE_CURVE('',#6776,#6774,#7201,.F.);
#5785=EDGE_CURVE('',#6777,#6776,#7202,.T.);
#5786=EDGE_CURVE('',#6775,#6777,#7203,.F.);
#5787=EDGE_CURVE('',#6778,#6779,#7204,.F.);
#5788=EDGE_CURVE('',#6780,#6779,#7205,.F.);
#5789=EDGE_CURVE('',#6780,#6781,#7206,.F.);
#5790=EDGE_CURVE('',#6778,#6781,#7207,.F.);
#5791=EDGE_CURVE('',#6782,#6783,#7208,.T.);
#5792=EDGE_CURVE('',#6784,#6782,#7209,.F.);
#5793=EDGE_CURVE('',#6785,#6784,#7210,.T.);
#5794=EDGE_CURVE('',#6783,#6785,#7211,.F.);
#5795=EDGE_CURVE('',#6786,#6786,#7212,.T.);
#5796=EDGE_CURVE('',#6787,#6787,#7213,.T.);
#5797=EDGE_CURVE('',#6788,#6789,#7214,.F.);
#5798=EDGE_CURVE('',#6790,#6789,#7215,.F.);
#5799=EDGE_CURVE('',#6790,#6791,#7216,.F.);
#5800=EDGE_CURVE('',#6788,#6791,#7217,.F.);
#5801=EDGE_CURVE('',#6762,#6752,#749,.T.);
#5802=EDGE_CURVE('',#6761,#6753,#750,.T.);
#5803=EDGE_CURVE('',#6760,#6754,#751,.T.);
#5804=EDGE_CURVE('',#6765,#6749,#752,.T.);
#5805=EDGE_CURVE('',#6764,#6750,#753,.T.);
#5806=EDGE_CURVE('',#6763,#6751,#754,.T.);
#5807=EDGE_CURVE('',#6738,#6784,#755,.F.);
#5808=EDGE_CURVE('',#6785,#6737,#756,.T.);
#5809=EDGE_CURVE('',#6782,#6739,#757,.T.);
#5810=EDGE_CURVE('',#6740,#6783,#758,.F.);
#5811=EDGE_CURVE('',#6741,#6780,#759,.F.);
#5812=EDGE_CURVE('',#6781,#6742,#760,.T.);
#5813=EDGE_CURVE('',#6779,#6743,#761,.T.);
#5814=EDGE_CURVE('',#6744,#6778,#762,.F.);
#5815=EDGE_CURVE('',#6732,#6790,#763,.F.);
#5816=EDGE_CURVE('',#6791,#6733,#764,.T.);
#5817=EDGE_CURVE('',#6789,#6734,#765,.T.);
#5818=EDGE_CURVE('',#6735,#6788,#766,.F.);
#5819=EDGE_CURVE('',#6774,#6747,#767,.T.);
#5820=EDGE_CURVE('',#6748,#6775,#768,.F.);
#5821=EDGE_CURVE('',#6746,#6776,#769,.F.);
#5822=EDGE_CURVE('',#6777,#6745,#770,.T.);
#5823=EDGE_CURVE('',#6792,#6773,#771,.T.);
#5824=EDGE_CURVE('',#6793,#6792,#772,.T.);
#5825=EDGE_CURVE('',#6793,#6767,#773,.T.);
#5826=EDGE_CURVE('',#6793,#6794,#774,.T.);
#5827=EDGE_CURVE('',#6794,#6768,#775,.T.);
#5828=EDGE_CURVE('',#6794,#6795,#776,.T.);
#5829=EDGE_CURVE('',#6795,#6769,#777,.T.);
#5830=EDGE_CURVE('',#6795,#6796,#778,.T.);
#5831=EDGE_CURVE('',#6796,#6770,#779,.T.);
#5832=EDGE_CURVE('',#6797,#6796,#780,.T.);
#5833=EDGE_CURVE('',#6797,#6771,#781,.T.);
#5834=EDGE_CURVE('',#6798,#6797,#782,.T.);
#5835=EDGE_CURVE('',#6798,#6772,#783,.T.);
#5836=EDGE_CURVE('',#6792,#6798,#784,.T.);
#5837=EDGE_CURVE('',#6758,#6759,#785,.T.);
#5838=EDGE_CURVE('',#6708,#6799,#1790,.T.);
#5839=EDGE_CURVE('',#6799,#6757,#786,.T.);
#5840=EDGE_CURVE('',#6726,#6799,#1791,.T.);
#5841=EDGE_CURVE('',#6800,#6800,#1792,.T.);
#5842=EDGE_CURVE('',#6801,#6801,#1793,.T.);
#5843=EDGE_CURVE('',#6727,#6709,#787,.F.);
#5844=EDGE_CURVE('',#6716,#6728,#788,.T.);
#5845=EDGE_CURVE('',#6719,#6729,#789,.T.);
#5846=EDGE_CURVE('',#6718,#6730,#790,.T.);
#5847=EDGE_CURVE('',#6717,#6731,#791,.T.);
#5848=EDGE_CURVE('',#6802,#6803,#79,.T.);
#5849=EDGE_CURVE('',#6804,#6803,#792,.T.);
#5850=EDGE_CURVE('',#6804,#6805,#80,.T.);
#5851=EDGE_CURVE('',#6806,#6805,#793,.F.);
#5852=EDGE_CURVE('',#6806,#6807,#81,.T.);
#5853=EDGE_CURVE('',#6807,#6808,#82,.T.);
#5854=EDGE_CURVE('',#6809,#6808,#794,.T.);
#5855=EDGE_CURVE('',#6809,#6802,#83,.T.);
#5856=EDGE_CURVE('',#6810,#6810,#7218,.T.);
#5857=EDGE_CURVE('',#6811,#6811,#7219,.T.);
#5858=EDGE_CURVE('',#6812,#6812,#7220,.T.);
#5859=EDGE_CURVE('',#6813,#6814,#795,.F.);
#5860=EDGE_CURVE('',#6815,#6814,#84,.T.);
#5861=EDGE_CURVE('',#6816,#6815,#85,.T.);
#5862=EDGE_CURVE('',#6817,#6816,#86,.T.);
#5863=EDGE_CURVE('',#6818,#6817,#87,.T.);
#5864=EDGE_CURVE('',#6819,#6818,#88,.T.);
#5865=EDGE_CURVE('',#6820,#6819,#89,.T.);
#5866=EDGE_CURVE('',#6821,#6820,#90,.T.);
#5867=EDGE_CURVE('',#6822,#6821,#91,.T.);
#5868=EDGE_CURVE('',#6823,#6822,#92,.T.);
#5869=EDGE_CURVE('',#6823,#6824,#796,.T.);
#5870=EDGE_CURVE('',#6825,#6824,#93,.T.);
#5871=EDGE_CURVE('',#6826,#6825,#94,.T.);
#5872=EDGE_CURVE('',#6826,#6827,#797,.T.);
#5873=EDGE_CURVE('',#6828,#6827,#95,.T.);
#5874=EDGE_CURVE('',#6813,#6828,#96,.T.);
#5875=EDGE_CURVE('',#6829,#6830,#97,.T.);
#5876=EDGE_CURVE('',#6831,#6830,#798,.F.);
#5877=EDGE_CURVE('',#6831,#6832,#98,.T.);
#5878=EDGE_CURVE('',#6833,#6832,#799,.T.);
#5879=EDGE_CURVE('',#6833,#6834,#99,.T.);
#5880=EDGE_CURVE('',#6834,#6835,#100,.T.);
#5881=EDGE_CURVE('',#6836,#6835,#800,.F.);
#5882=EDGE_CURVE('',#6836,#6829,#101,.T.);
#5883=EDGE_CURVE('',#6837,#6837,#7221,.T.);
#5884=EDGE_CURVE('',#6820,#6838,#801,.T.);
#5885=EDGE_CURVE('',#6838,#6821,#802,.T.);
#5886=EDGE_CURVE('',#6838,#6822,#803,.T.);
#5887=EDGE_CURVE('',#6838,#6819,#804,.T.);
#5888=EDGE_CURVE('',#6838,#6818,#805,.T.);
#5889=EDGE_CURVE('',#6839,#6827,#806,.T.);
#5890=EDGE_CURVE('',#6840,#6839,#807,.T.);
#5891=EDGE_CURVE('',#6828,#6840,#808,.T.);
#5892=EDGE_CURVE('',#6841,#6839,#809,.T.);
#5893=EDGE_CURVE('',#6840,#6841,#810,.T.);
#5894=EDGE_CURVE('',#6840,#6842,#811,.T.);
#5895=EDGE_CURVE('',#6842,#6813,#812,.T.);
#5896=EDGE_CURVE('',#6840,#6843,#813,.T.);
#5897=EDGE_CURVE('',#6843,#6842,#814,.T.);
#5898=EDGE_CURVE('',#6844,#6816,#815,.T.);
#5899=EDGE_CURVE('',#6845,#6844,#1794,.T.);
#5900=EDGE_CURVE('',#6845,#6846,#1795,.T.);
#5901=EDGE_CURVE('',#6847,#6846,#816,.T.);
#5902=EDGE_CURVE('',#6847,#6848,#817,.T.);
#5903=EDGE_CURVE('',#6817,#6848,#818,.T.);
#5904=EDGE_CURVE('',#6849,#6815,#819,.T.);
#5905=EDGE_CURVE('',#6844,#6849,#1796,.T.);
#5906=EDGE_CURVE('',#6814,#6843,#820,.T.);
#5907=EDGE_CURVE('',#6850,#6840,#821,.T.);
#5908=EDGE_CURVE('',#6851,#6850,#822,.T.);
#5909=EDGE_CURVE('',#6851,#6852,#1797,.T.);
#5910=EDGE_CURVE('',#6849,#6852,#1798,.T.);
#5911=EDGE_CURVE('',#6850,#6847,#823,.T.);
#5912=EDGE_CURVE('',#6848,#6840,#824,.T.);
#5913=EDGE_CURVE('',#6851,#6846,#825,.T.);
#5914=EDGE_CURVE('',#6852,#6845,#826,.T.);
#5915=EDGE_CURVE('',#6853,#6838,#827,.T.);
#5916=EDGE_CURVE('',#6854,#6853,#1799,.T.);
#5917=EDGE_CURVE('',#6854,#6855,#1800,.T.);
#5918=EDGE_CURVE('',#6856,#6855,#828,.T.);
#5919=EDGE_CURVE('',#6856,#6857,#829,.T.);
#5920=EDGE_CURVE('',#6823,#6857,#830,.T.);
#5921=EDGE_CURVE('',#6858,#6859,#831,.T.);
#5922=EDGE_CURVE('',#6853,#6858,#1801,.T.);
#5923=EDGE_CURVE('',#6859,#6838,#832,.T.);
#5924=EDGE_CURVE('',#6860,#6824,#833,.T.);
#5925=EDGE_CURVE('',#6861,#6860,#834,.T.);
#5926=EDGE_CURVE('',#6862,#6861,#835,.T.);
#5927=EDGE_CURVE('',#6862,#6863,#1802,.T.);
#5928=EDGE_CURVE('',#6858,#6863,#1803,.T.);
#5929=EDGE_CURVE('',#6825,#6859,#836,.T.);
#5930=EDGE_CURVE('',#6861,#6856,#837,.T.);
#5931=EDGE_CURVE('',#6857,#6860,#838,.T.);
#5932=EDGE_CURVE('',#6862,#6855,#839,.T.);
#5933=EDGE_CURVE('',#6863,#6854,#840,.T.);
#5934=EDGE_CURVE('',#6864,#6865,#841,.T.);
#5935=EDGE_CURVE('',#6864,#6866,#842,.T.);
#5936=EDGE_CURVE('',#6867,#6866,#843,.T.);
#5937=EDGE_CURVE('',#6865,#6867,#844,.T.);
#5938=EDGE_CURVE('',#6868,#6869,#1804,.T.);
#5939=EDGE_CURVE('',#6870,#6868,#1805,.T.);
#5940=EDGE_CURVE('',#6871,#6870,#845,.T.);
#5941=EDGE_CURVE('',#6869,#6871,#1806,.T.);
#5942=EDGE_CURVE('',#6864,#6871,#1807,.T.);
#5943=EDGE_CURVE('',#6870,#6866,#1808,.T.);
#5944=EDGE_CURVE('',#6865,#6840,#846,.T.);
#5945=EDGE_CURVE('',#6867,#6848,#847,.T.);
#5946=EDGE_CURVE('',#6868,#6838,#848,.T.);
#5947=EDGE_CURVE('',#6869,#6859,#849,.T.);
#5948=EDGE_CURVE('',#6826,#6841,#850,.T.);
#5949=EDGE_CURVE('',#6835,#6872,#851,.T.);
#5950=EDGE_CURVE('',#6872,#6836,#852,.T.);
#5951=EDGE_CURVE('',#6833,#6872,#853,.T.);
#5952=EDGE_CURVE('',#6872,#6834,#854,.T.);
#5953=EDGE_CURVE('',#6872,#6832,#855,.T.);
#5954=EDGE_CURVE('',#6872,#6829,#856,.T.);
#5955=EDGE_CURVE('',#6830,#6872,#857,.T.);
#5956=EDGE_CURVE('',#6831,#6872,#858,.T.);
#5957=EDGE_CURVE('',#6873,#6809,#859,.T.);
#5958=EDGE_CURVE('',#6873,#6802,#860,.T.);
#5959=EDGE_CURVE('',#6803,#6873,#861,.T.);
#5960=EDGE_CURVE('',#6873,#6804,#862,.T.);
#5961=EDGE_CURVE('',#6873,#6805,#863,.T.);
#5962=EDGE_CURVE('',#6806,#6873,#864,.T.);
#5963=EDGE_CURVE('',#6873,#6807,#865,.T.);
#5964=EDGE_CURVE('',#6808,#6873,#866,.T.);
#5965=EDGE_CURVE('',#6874,#6875,#867,.T.);
#5966=EDGE_CURVE('',#6875,#6876,#868,.T.);
#5967=EDGE_CURVE('',#6877,#6876,#869,.T.);
#5968=EDGE_CURVE('',#6877,#6874,#870,.F.);
#5969=EDGE_CURVE('',#6878,#6879,#871,.T.);
#5970=EDGE_CURVE('',#6878,#6880,#872,.T.);
#5971=EDGE_CURVE('',#6880,#6881,#873,.T.);
#5972=EDGE_CURVE('',#6881,#6879,#874,.F.);
#5973=EDGE_CURVE('',#6882,#6883,#875,.T.);
#5974=EDGE_CURVE('',#6883,#6884,#876,.F.);
#5975=EDGE_CURVE('',#6885,#6884,#877,.T.);
#5976=EDGE_CURVE('',#6885,#6882,#878,.T.);
#5977=EDGE_CURVE('',#6886,#6887,#879,.T.);
#5978=EDGE_CURVE('',#6886,#6888,#880,.F.);
#5979=EDGE_CURVE('',#6888,#6889,#881,.T.);
#5980=EDGE_CURVE('',#6889,#6887,#882,.T.);
#5981=EDGE_CURVE('',#6888,#6875,#7222,.T.);
#5982=EDGE_CURVE('',#6874,#6878,#7223,.T.);
#5983=EDGE_CURVE('',#6879,#6885,#7224,.T.);
#5984=EDGE_CURVE('',#6884,#6889,#7225,.T.);
#5985=EDGE_CURVE('',#6876,#6886,#7226,.F.);
#5986=EDGE_CURVE('',#6887,#6881,#883,.F.);
#5987=EDGE_CURVE('',#6880,#6877,#7227,.F.);
#5988=EDGE_CURVE('',#6882,#6881,#102,.T.);
#5989=EDGE_CURVE('',#6883,#6887,#103,.T.);
#5990=EDGE_CURVE('',#6890,#6890,#7228,.T.);
#5991=EDGE_CURVE('',#6891,#6891,#7229,.T.);
#5992=EDGE_CURVE('',#6892,#6892,#7230,.T.);
#5993=EDGE_CURVE('',#6893,#6894,#7231,.T.);
#5994=EDGE_CURVE('',#6893,#6895,#1809,.T.);
#5995=EDGE_CURVE('',#6896,#6895,#884,.T.);
#5996=EDGE_CURVE('',#6897,#6896,#7232,.T.);
#5997=EDGE_CURVE('',#6897,#6898,#885,.T.);
#5998=EDGE_CURVE('',#6898,#6899,#1810,.T.);
#5999=EDGE_CURVE('',#6899,#6900,#886,.T.);
#6000=EDGE_CURVE('',#6900,#6901,#7233,.T.);
#6001=EDGE_CURVE('',#6901,#6902,#887,.T.);
#6002=EDGE_CURVE('',#6903,#6902,#1811,.T.);
#6003=EDGE_CURVE('',#6903,#6904,#7234,.T.);
#6004=EDGE_CURVE('',#6905,#6904,#888,.T.);
#6005=EDGE_CURVE('',#6906,#6905,#7235,.T.);
#6006=EDGE_CURVE('',#6907,#6906,#889,.T.);
#6007=EDGE_CURVE('',#6907,#6908,#7236,.T.);
#6008=EDGE_CURVE('',#6894,#6908,#890,.T.);
#6009=EDGE_CURVE('',#6909,#6909,#7237,.T.);
#6010=EDGE_CURVE('',#6910,#6910,#7238,.T.);
#6011=EDGE_CURVE('',#6911,#6911,#7239,.T.);
#6012=EDGE_CURVE('',#6912,#6912,#7240,.T.);
#6013=EDGE_CURVE('',#6913,#6913,#7241,.T.);
#6014=EDGE_CURVE('',#6914,#6914,#7242,.T.);
#6015=EDGE_CURVE('',#6915,#6915,#7243,.T.);
#6016=EDGE_CURVE('',#6916,#6917,#7244,.T.);
#6017=EDGE_CURVE('',#6893,#6916,#891,.T.);
#6018=EDGE_CURVE('',#6894,#6917,#892,.T.);
#6019=EDGE_CURVE('',#6916,#6918,#1812,.T.);
#6020=EDGE_CURVE('',#6895,#6918,#893,.T.);
#6021=EDGE_CURVE('',#6919,#6918,#894,.T.);
#6022=EDGE_CURVE('',#6896,#6919,#895,.T.);
#6023=EDGE_CURVE('',#6920,#6919,#7245,.T.);
#6024=EDGE_CURVE('',#6897,#6920,#896,.T.);
#6025=EDGE_CURVE('',#6920,#6921,#897,.T.);
#6026=EDGE_CURVE('',#6898,#6921,#898,.T.);
#6027=EDGE_CURVE('',#6921,#6922,#1813,.T.);
#6028=EDGE_CURVE('',#6899,#6922,#899,.T.);
#6029=EDGE_CURVE('',#6922,#6923,#900,.T.);
#6030=EDGE_CURVE('',#6900,#6923,#901,.T.);
#6031=EDGE_CURVE('',#6923,#6924,#7246,.T.);
#6032=EDGE_CURVE('',#6901,#6924,#902,.T.);
#6033=EDGE_CURVE('',#6924,#6925,#903,.T.);
#6034=EDGE_CURVE('',#6902,#6925,#904,.T.);
#6035=EDGE_CURVE('',#6926,#6925,#1814,.T.);
#6036=EDGE_CURVE('',#6903,#6926,#905,.T.);
#6037=EDGE_CURVE('',#6926,#6927,#7247,.T.);
#6038=EDGE_CURVE('',#6904,#6927,#906,.T.);
#6039=EDGE_CURVE('',#6928,#6927,#907,.T.);
#6040=EDGE_CURVE('',#6905,#6928,#908,.T.);
#6041=EDGE_CURVE('',#6929,#6928,#7248,.T.);
#6042=EDGE_CURVE('',#6906,#6929,#909,.T.);
#6043=EDGE_CURVE('',#6930,#6929,#910,.T.);
#6044=EDGE_CURVE('',#6907,#6930,#911,.T.);
#6045=EDGE_CURVE('',#6930,#6931,#7249,.T.);
#6046=EDGE_CURVE('',#6908,#6931,#912,.T.);
#6047=EDGE_CURVE('',#6932,#6932,#7250,.T.);
#6048=EDGE_CURVE('',#6933,#6933,#7251,.T.);
#6049=EDGE_CURVE('',#6934,#6934,#7252,.T.);
#6050=EDGE_CURVE('',#6935,#6935,#7253,.T.);
#6051=EDGE_CURVE('',#6917,#6931,#913,.T.);
#6052=EDGE_CURVE('',#6936,#6936,#7254,.T.);
#6053=EDGE_CURVE('',#6937,#6937,#7255,.T.);
#6054=EDGE_CURVE('',#6938,#6938,#7256,.T.);
#6055=EDGE_CURVE('',#6939,#6939,#7257,.T.);
#6056=EDGE_CURVE('',#6940,#6940,#7258,.T.);
#6057=EDGE_CURVE('',#6941,#6941,#7259,.T.);
#6058=EDGE_CURVE('',#6942,#6942,#7260,.T.);
#6059=EDGE_CURVE('',#6943,#6943,#7261,.T.);
#6060=EDGE_CURVE('',#6944,#6944,#7262,.T.);
#6061=EDGE_CURVE('',#6945,#6945,#7263,.T.);
#6062=EDGE_CURVE('',#6946,#6947,#7264,.T.);
#6063=EDGE_CURVE('',#6946,#6948,#914,.T.);
#6064=EDGE_CURVE('',#6948,#6949,#7265,.T.);
#6065=EDGE_CURVE('',#6949,#6950,#915,.T.);
#6066=EDGE_CURVE('',#6951,#6950,#7266,.T.);
#6067=EDGE_CURVE('',#6952,#6951,#916,.T.);
#6068=EDGE_CURVE('',#6952,#6953,#7267,.T.);
#6069=EDGE_CURVE('',#6947,#6953,#917,.T.);
#6070=EDGE_CURVE('',#6954,#6954,#7268,.T.);
#6071=EDGE_CURVE('',#6955,#6955,#7269,.T.);
#6072=EDGE_CURVE('',#6956,#6956,#7270,.T.);
#6073=EDGE_CURVE('',#6957,#6947,#918,.T.);
#6074=EDGE_CURVE('',#6958,#6957,#7271,.T.);
#6075=EDGE_CURVE('',#6958,#6946,#919,.T.);
#6076=EDGE_CURVE('',#6959,#6953,#920,.T.);
#6077=EDGE_CURVE('',#6957,#6959,#921,.T.);
#6078=EDGE_CURVE('',#6960,#6952,#922,.T.);
#6079=EDGE_CURVE('',#6960,#6959,#7272,.T.);
#6080=EDGE_CURVE('',#6961,#6951,#923,.T.);
#6081=EDGE_CURVE('',#6960,#6961,#924,.T.);
#6082=EDGE_CURVE('',#6962,#6950,#925,.T.);
#6083=EDGE_CURVE('',#6961,#6962,#7273,.T.);
#6084=EDGE_CURVE('',#6963,#6949,#926,.T.);
#6085=EDGE_CURVE('',#6963,#6962,#927,.T.);
#6086=EDGE_CURVE('',#6964,#6948,#928,.T.);
#6087=EDGE_CURVE('',#6964,#6963,#7274,.T.);
#6088=EDGE_CURVE('',#6965,#6965,#7275,.T.);
#6089=EDGE_CURVE('',#6966,#6966,#7276,.T.);
#6090=EDGE_CURVE('',#6967,#6967,#7277,.T.);
#6091=EDGE_CURVE('',#6968,#6968,#7278,.T.);
#6092=EDGE_CURVE('',#6958,#6964,#929,.T.);
#6093=EDGE_CURVE('',#6969,#6969,#7279,.T.);
#6094=VERTEX_POINT('',#13404);
#6095=VERTEX_POINT('',#13406);
#6096=VERTEX_POINT('',#13409);
#6097=VERTEX_POINT('',#13411);
#6098=VERTEX_POINT('',#13414);
#6099=VERTEX_POINT('',#13419);
#6100=VERTEX_POINT('',#13422);
#6101=VERTEX_POINT('',#13425);
#6102=VERTEX_POINT('',#13430);
#6103=VERTEX_POINT('',#13432);
#6104=VERTEX_POINT('',#13435);
#6105=VERTEX_POINT('',#13437);
#6106=VERTEX_POINT('',#13440);
#6107=VERTEX_POINT('',#13445);
#6108=VERTEX_POINT('',#13448);
#6109=VERTEX_POINT('',#13451);
#6110=VERTEX_POINT('',#13456);
#6111=VERTEX_POINT('',#13458);
#6112=VERTEX_POINT('',#13461);
#6113=VERTEX_POINT('',#13463);
#6114=VERTEX_POINT('',#13466);
#6115=VERTEX_POINT('',#13471);
#6116=VERTEX_POINT('',#13474);
#6117=VERTEX_POINT('',#13477);
#6118=VERTEX_POINT('',#13485);
#6119=VERTEX_POINT('',#13486);
#6120=VERTEX_POINT('',#13488);
#6121=VERTEX_POINT('',#13490);
#6122=VERTEX_POINT('',#13492);
#6123=VERTEX_POINT('',#13494);
#6124=VERTEX_POINT('',#13496);
#6125=VERTEX_POINT('',#13498);
#6126=VERTEX_POINT('',#13501);
#6127=VERTEX_POINT('',#13502);
#6128=VERTEX_POINT('',#13504);
#6129=VERTEX_POINT('',#13506);
#6130=VERTEX_POINT('',#13510);
#6131=VERTEX_POINT('',#13511);
#6132=VERTEX_POINT('',#13513);
#6133=VERTEX_POINT('',#13518);
#6134=VERTEX_POINT('',#13520);
#6135=VERTEX_POINT('',#13522);
#6136=VERTEX_POINT('',#13524);
#6137=VERTEX_POINT('',#13526);
#6138=VERTEX_POINT('',#13529);
#6139=VERTEX_POINT('',#13530);
#6140=VERTEX_POINT('',#13532);
#6141=VERTEX_POINT('',#13534);
#6142=VERTEX_POINT('',#13538);
#6143=VERTEX_POINT('',#13539);
#6144=VERTEX_POINT('',#13541);
#6145=VERTEX_POINT('',#13543);
#6146=VERTEX_POINT('',#13546);
#6147=VERTEX_POINT('',#13548);
#6148=VERTEX_POINT('',#13549);
#6149=VERTEX_POINT('',#13551);
#6150=VERTEX_POINT('',#13553);
#6151=VERTEX_POINT('',#13556);
#6152=VERTEX_POINT('',#13557);
#6153=VERTEX_POINT('',#13559);
#6154=VERTEX_POINT('',#13561);
#6155=VERTEX_POINT('',#13564);
#6156=VERTEX_POINT('',#13565);
#6157=VERTEX_POINT('',#13567);
#6158=VERTEX_POINT('',#13569);
#6159=VERTEX_POINT('',#13573);
#6160=VERTEX_POINT('',#13575);
#6161=VERTEX_POINT('',#13577);
#6162=VERTEX_POINT('',#13579);
#6163=VERTEX_POINT('',#13581);
#6164=VERTEX_POINT('',#13583);
#6165=VERTEX_POINT('',#13587);
#6166=VERTEX_POINT('',#13589);
#6167=VERTEX_POINT('',#13591);
#6168=VERTEX_POINT('',#13594);
#6169=VERTEX_POINT('',#13598);
#6170=VERTEX_POINT('',#13600);
#6171=VERTEX_POINT('',#13602);
#6172=VERTEX_POINT('',#13604);
#6173=VERTEX_POINT('',#13606);
#6174=VERTEX_POINT('',#13608);
#6175=VERTEX_POINT('',#13610);
#6176=VERTEX_POINT('',#13614);
#6177=VERTEX_POINT('',#13616);
#6178=VERTEX_POINT('',#13617);
#6179=VERTEX_POINT('',#13619);
#6180=VERTEX_POINT('',#13621);
#6181=VERTEX_POINT('',#13623);
#6182=VERTEX_POINT('',#13625);
#6183=VERTEX_POINT('',#13627);
#6184=VERTEX_POINT('',#13631);
#6185=VERTEX_POINT('',#13632);
#6186=VERTEX_POINT('',#13634);
#6187=VERTEX_POINT('',#13636);
#6188=VERTEX_POINT('',#13639);
#6189=VERTEX_POINT('',#13640);
#6190=VERTEX_POINT('',#13642);
#6191=VERTEX_POINT('',#13644);
#6192=VERTEX_POINT('',#13647);
#6193=VERTEX_POINT('',#13648);
#6194=VERTEX_POINT('',#13650);
#6195=VERTEX_POINT('',#13652);
#6196=VERTEX_POINT('',#13655);
#6197=VERTEX_POINT('',#13657);
#6198=VERTEX_POINT('',#13659);
#6199=VERTEX_POINT('',#13660);
#6200=VERTEX_POINT('',#13662);
#6201=VERTEX_POINT('',#13664);
#6202=VERTEX_POINT('',#13715);
#6203=VERTEX_POINT('',#13717);
#6204=VERTEX_POINT('',#13721);
#6205=VERTEX_POINT('',#13725);
#6206=VERTEX_POINT('',#13729);
#6207=VERTEX_POINT('',#13733);
#6208=VERTEX_POINT('',#13737);
#6209=VERTEX_POINT('',#13750);
#6210=VERTEX_POINT('',#13776);
#6211=VERTEX_POINT('',#13788);
#6212=VERTEX_POINT('',#13804);
#6213=VERTEX_POINT('',#13806);
#6214=VERTEX_POINT('',#13809);
#6215=VERTEX_POINT('',#13811);
#6216=VERTEX_POINT('',#13814);
#6217=VERTEX_POINT('',#13819);
#6218=VERTEX_POINT('',#13822);
#6219=VERTEX_POINT('',#13825);
#6220=VERTEX_POINT('',#13830);
#6221=VERTEX_POINT('',#13831);
#6222=VERTEX_POINT('',#13833);
#6223=VERTEX_POINT('',#13835);
#6224=VERTEX_POINT('',#13837);
#6225=VERTEX_POINT('',#13839);
#6226=VERTEX_POINT('',#13841);
#6227=VERTEX_POINT('',#13843);
#6228=VERTEX_POINT('',#13846);
#6229=VERTEX_POINT('',#13849);
#6230=VERTEX_POINT('',#13851);
#6231=VERTEX_POINT('',#13853);
#6232=VERTEX_POINT('',#13854);
#6233=VERTEX_POINT('',#13856);
#6234=VERTEX_POINT('',#13858);
#6235=VERTEX_POINT('',#13860);
#6236=VERTEX_POINT('',#13862);
#6237=VERTEX_POINT('',#13864);
#6238=VERTEX_POINT('',#13866);
#6239=VERTEX_POINT('',#13868);
#6240=VERTEX_POINT('',#13870);
#6241=VERTEX_POINT('',#13872);
#6242=VERTEX_POINT('',#13874);
#6243=VERTEX_POINT('',#13876);
#6244=VERTEX_POINT('',#13878);
#6245=VERTEX_POINT('',#13880);
#6246=VERTEX_POINT('',#13882);
#6247=VERTEX_POINT('',#13886);
#6248=VERTEX_POINT('',#13887);
#6249=VERTEX_POINT('',#13889);
#6250=VERTEX_POINT('',#13891);
#6251=VERTEX_POINT('',#13893);
#6252=VERTEX_POINT('',#13895);
#6253=VERTEX_POINT('',#13897);
#6254=VERTEX_POINT('',#13899);
#6255=VERTEX_POINT('',#13902);
#6256=VERTEX_POINT('',#13907);
#6257=VERTEX_POINT('',#13917);
#6258=VERTEX_POINT('',#13919);
#6259=VERTEX_POINT('',#13923);
#6260=VERTEX_POINT('',#13927);
#6261=VERTEX_POINT('',#13931);
#6262=VERTEX_POINT('',#13935);
#6263=VERTEX_POINT('',#13937);
#6264=VERTEX_POINT('',#13939);
#6265=VERTEX_POINT('',#13944);
#6266=VERTEX_POINT('',#13949);
#6267=VERTEX_POINT('',#13957);
#6268=VERTEX_POINT('',#13964);
#6269=VERTEX_POINT('',#13970);
#6270=VERTEX_POINT('',#13972);
#6271=VERTEX_POINT('',#13999);
#6272=VERTEX_POINT('',#14001);
#6273=VERTEX_POINT('',#14003);
#6274=VERTEX_POINT('',#14008);
#6275=VERTEX_POINT('',#14013);
#6276=VERTEX_POINT('',#14017);
#6277=VERTEX_POINT('',#14018);
#6278=VERTEX_POINT('',#14031);
#6279=VERTEX_POINT('',#14037);
#6280=VERTEX_POINT('',#14039);
#6281=VERTEX_POINT('',#14041);
#6282=VERTEX_POINT('',#14067);
#6283=VERTEX_POINT('',#14068);
#6284=VERTEX_POINT('',#14070);
#6285=VERTEX_POINT('',#14072);
#6286=VERTEX_POINT('',#14087);
#6287=VERTEX_POINT('',#14088);
#6288=VERTEX_POINT('',#14093);
#6289=VERTEX_POINT('',#14095);
#6290=VERTEX_POINT('',#14131);
#6291=VERTEX_POINT('',#14148);
#6292=VERTEX_POINT('',#14166);
#6293=VERTEX_POINT('',#14168);
#6294=VERTEX_POINT('',#14169);
#6295=VERTEX_POINT('',#14171);
#6296=VERTEX_POINT('',#14173);
#6297=VERTEX_POINT('',#14177);
#6298=VERTEX_POINT('',#14179);
#6299=VERTEX_POINT('',#14183);
#6300=VERTEX_POINT('',#14185);
#6301=VERTEX_POINT('',#14194);
#6302=VERTEX_POINT('',#14197);
#6303=VERTEX_POINT('',#14198);
#6304=VERTEX_POINT('',#14200);
#6305=VERTEX_POINT('',#14202);
#6306=VERTEX_POINT('',#14206);
#6307=VERTEX_POINT('',#14208);
#6308=VERTEX_POINT('',#14212);
#6309=VERTEX_POINT('',#14214);
#6310=VERTEX_POINT('',#14224);
#6311=VERTEX_POINT('',#14226);
#6312=VERTEX_POINT('',#14228);
#6313=VERTEX_POINT('',#14230);
#6314=VERTEX_POINT('',#14231);
#6315=VERTEX_POINT('',#14233);
#6316=VERTEX_POINT('',#14235);
#6317=VERTEX_POINT('',#14237);
#6318=VERTEX_POINT('',#14239);
#6319=VERTEX_POINT('',#14241);
#6320=VERTEX_POINT('',#14243);
#6321=VERTEX_POINT('',#14245);
#6322=VERTEX_POINT('',#14247);
#6323=VERTEX_POINT('',#14249);
#6324=VERTEX_POINT('',#14251);
#6325=VERTEX_POINT('',#14253);
#6326=VERTEX_POINT('',#14255);
#6327=VERTEX_POINT('',#14257);
#6328=VERTEX_POINT('',#14259);
#6329=VERTEX_POINT('',#14261);
#6330=VERTEX_POINT('',#14263);
#6331=VERTEX_POINT('',#14265);
#6332=VERTEX_POINT('',#14267);
#6333=VERTEX_POINT('',#14270);
#6334=VERTEX_POINT('',#14272);
#6335=VERTEX_POINT('',#14274);
#6336=VERTEX_POINT('',#14276);
#6337=VERTEX_POINT('',#14278);
#6338=VERTEX_POINT('',#14280);
#6339=VERTEX_POINT('',#14282);
#6340=VERTEX_POINT('',#14284);
#6341=VERTEX_POINT('',#14286);
#6342=VERTEX_POINT('',#14288);
#6343=VERTEX_POINT('',#14291);
#6344=VERTEX_POINT('',#14293);
#6345=VERTEX_POINT('',#14295);
#6346=VERTEX_POINT('',#14297);
#6347=VERTEX_POINT('',#14298);
#6348=VERTEX_POINT('',#14300);
#6349=VERTEX_POINT('',#14302);
#6350=VERTEX_POINT('',#14304);
#6351=VERTEX_POINT('',#14306);
#6352=VERTEX_POINT('',#14308);
#6353=VERTEX_POINT('',#14310);
#6354=VERTEX_POINT('',#14312);
#6355=VERTEX_POINT('',#14314);
#6356=VERTEX_POINT('',#14316);
#6357=VERTEX_POINT('',#14318);
#6358=VERTEX_POINT('',#14320);
#6359=VERTEX_POINT('',#14322);
#6360=VERTEX_POINT('',#14324);
#6361=VERTEX_POINT('',#14326);
#6362=VERTEX_POINT('',#14328);
#6363=VERTEX_POINT('',#14330);
#6364=VERTEX_POINT('',#14332);
#6365=VERTEX_POINT('',#14334);
#6366=VERTEX_POINT('',#14337);
#6367=VERTEX_POINT('',#14339);
#6368=VERTEX_POINT('',#14341);
#6369=VERTEX_POINT('',#14343);
#6370=VERTEX_POINT('',#14345);
#6371=VERTEX_POINT('',#14347);
#6372=VERTEX_POINT('',#14349);
#6373=VERTEX_POINT('',#14351);
#6374=VERTEX_POINT('',#14353);
#6375=VERTEX_POINT('',#14355);
#6376=VERTEX_POINT('',#14412);
#6377=VERTEX_POINT('',#14413);
#6378=VERTEX_POINT('',#14415);
#6379=VERTEX_POINT('',#14417);
#6380=VERTEX_POINT('',#14419);
#6381=VERTEX_POINT('',#14421);
#6382=VERTEX_POINT('',#14423);
#6383=VERTEX_POINT('',#14425);
#6384=VERTEX_POINT('',#14428);
#6385=VERTEX_POINT('',#14431);
#6386=VERTEX_POINT('',#14433);
#6387=VERTEX_POINT('',#14435);
#6388=VERTEX_POINT('',#14436);
#6389=VERTEX_POINT('',#14438);
#6390=VERTEX_POINT('',#14440);
#6391=VERTEX_POINT('',#14442);
#6392=VERTEX_POINT('',#14444);
#6393=VERTEX_POINT('',#14446);
#6394=VERTEX_POINT('',#14448);
#6395=VERTEX_POINT('',#14450);
#6396=VERTEX_POINT('',#14452);
#6397=VERTEX_POINT('',#14454);
#6398=VERTEX_POINT('',#14456);
#6399=VERTEX_POINT('',#14458);
#6400=VERTEX_POINT('',#14460);
#6401=VERTEX_POINT('',#14462);
#6402=VERTEX_POINT('',#14464);
#6403=VERTEX_POINT('',#14468);
#6404=VERTEX_POINT('',#14469);
#6405=VERTEX_POINT('',#14471);
#6406=VERTEX_POINT('',#14473);
#6407=VERTEX_POINT('',#14475);
#6408=VERTEX_POINT('',#14477);
#6409=VERTEX_POINT('',#14479);
#6410=VERTEX_POINT('',#14481);
#6411=VERTEX_POINT('',#14484);
#6412=VERTEX_POINT('',#14489);
#6413=VERTEX_POINT('',#14499);
#6414=VERTEX_POINT('',#14501);
#6415=VERTEX_POINT('',#14505);
#6416=VERTEX_POINT('',#14509);
#6417=VERTEX_POINT('',#14513);
#6418=VERTEX_POINT('',#14517);
#6419=VERTEX_POINT('',#14519);
#6420=VERTEX_POINT('',#14521);
#6421=VERTEX_POINT('',#14526);
#6422=VERTEX_POINT('',#14531);
#6423=VERTEX_POINT('',#14539);
#6424=VERTEX_POINT('',#14546);
#6425=VERTEX_POINT('',#14552);
#6426=VERTEX_POINT('',#14554);
#6427=VERTEX_POINT('',#14581);
#6428=VERTEX_POINT('',#14583);
#6429=VERTEX_POINT('',#14585);
#6430=VERTEX_POINT('',#14590);
#6431=VERTEX_POINT('',#14595);
#6432=VERTEX_POINT('',#14599);
#6433=VERTEX_POINT('',#14600);
#6434=VERTEX_POINT('',#14613);
#6435=VERTEX_POINT('',#14619);
#6436=VERTEX_POINT('',#14621);
#6437=VERTEX_POINT('',#14623);
#6438=VERTEX_POINT('',#14649);
#6439=VERTEX_POINT('',#14650);
#6440=VERTEX_POINT('',#14652);
#6441=VERTEX_POINT('',#14654);
#6442=VERTEX_POINT('',#14669);
#6443=VERTEX_POINT('',#14670);
#6444=VERTEX_POINT('',#14675);
#6445=VERTEX_POINT('',#14677);
#6446=VERTEX_POINT('',#14713);
#6447=VERTEX_POINT('',#14730);
#6448=VERTEX_POINT('',#14751);
#6449=VERTEX_POINT('',#14752);
#6450=VERTEX_POINT('',#14754);
#6451=VERTEX_POINT('',#14756);
#6452=VERTEX_POINT('',#14758);
#6453=VERTEX_POINT('',#14760);
#6454=VERTEX_POINT('',#14762);
#6455=VERTEX_POINT('',#14764);
#6456=VERTEX_POINT('',#14767);
#6457=VERTEX_POINT('',#14768);
#6458=VERTEX_POINT('',#14770);
#6459=VERTEX_POINT('',#14772);
#6460=VERTEX_POINT('',#14776);
#6461=VERTEX_POINT('',#14777);
#6462=VERTEX_POINT('',#14779);
#6463=VERTEX_POINT('',#14784);
#6464=VERTEX_POINT('',#14786);
#6465=VERTEX_POINT('',#14788);
#6466=VERTEX_POINT('',#14790);
#6467=VERTEX_POINT('',#14792);
#6468=VERTEX_POINT('',#14795);
#6469=VERTEX_POINT('',#14796);
#6470=VERTEX_POINT('',#14798);
#6471=VERTEX_POINT('',#14800);
#6472=VERTEX_POINT('',#14804);
#6473=VERTEX_POINT('',#14805);
#6474=VERTEX_POINT('',#14807);
#6475=VERTEX_POINT('',#14809);
#6476=VERTEX_POINT('',#14812);
#6477=VERTEX_POINT('',#14814);
#6478=VERTEX_POINT('',#14815);
#6479=VERTEX_POINT('',#14817);
#6480=VERTEX_POINT('',#14819);
#6481=VERTEX_POINT('',#14822);
#6482=VERTEX_POINT('',#14823);
#6483=VERTEX_POINT('',#14825);
#6484=VERTEX_POINT('',#14827);
#6485=VERTEX_POINT('',#14830);
#6486=VERTEX_POINT('',#14831);
#6487=VERTEX_POINT('',#14833);
#6488=VERTEX_POINT('',#14835);
#6489=VERTEX_POINT('',#14839);
#6490=VERTEX_POINT('',#14841);
#6491=VERTEX_POINT('',#14843);
#6492=VERTEX_POINT('',#14845);
#6493=VERTEX_POINT('',#14847);
#6494=VERTEX_POINT('',#14849);
#6495=VERTEX_POINT('',#14853);
#6496=VERTEX_POINT('',#14855);
#6497=VERTEX_POINT('',#14857);
#6498=VERTEX_POINT('',#14860);
#6499=VERTEX_POINT('',#14864);
#6500=VERTEX_POINT('',#14866);
#6501=VERTEX_POINT('',#14868);
#6502=VERTEX_POINT('',#14870);
#6503=VERTEX_POINT('',#14872);
#6504=VERTEX_POINT('',#14874);
#6505=VERTEX_POINT('',#14876);
#6506=VERTEX_POINT('',#14880);
#6507=VERTEX_POINT('',#14882);
#6508=VERTEX_POINT('',#14883);
#6509=VERTEX_POINT('',#14885);
#6510=VERTEX_POINT('',#14887);
#6511=VERTEX_POINT('',#14889);
#6512=VERTEX_POINT('',#14891);
#6513=VERTEX_POINT('',#14893);
#6514=VERTEX_POINT('',#14897);
#6515=VERTEX_POINT('',#14898);
#6516=VERTEX_POINT('',#14900);
#6517=VERTEX_POINT('',#14902);
#6518=VERTEX_POINT('',#14905);
#6519=VERTEX_POINT('',#14906);
#6520=VERTEX_POINT('',#14908);
#6521=VERTEX_POINT('',#14910);
#6522=VERTEX_POINT('',#14913);
#6523=VERTEX_POINT('',#14914);
#6524=VERTEX_POINT('',#14916);
#6525=VERTEX_POINT('',#14918);
#6526=VERTEX_POINT('',#14921);
#6527=VERTEX_POINT('',#14923);
#6528=VERTEX_POINT('',#14925);
#6529=VERTEX_POINT('',#14926);
#6530=VERTEX_POINT('',#14928);
#6531=VERTEX_POINT('',#14930);
#6532=VERTEX_POINT('',#14981);
#6533=VERTEX_POINT('',#14983);
#6534=VERTEX_POINT('',#14987);
#6535=VERTEX_POINT('',#14991);
#6536=VERTEX_POINT('',#14995);
#6537=VERTEX_POINT('',#14999);
#6538=VERTEX_POINT('',#15003);
#6539=VERTEX_POINT('',#15016);
#6540=VERTEX_POINT('',#15042);
#6541=VERTEX_POINT('',#15054);
#6542=VERTEX_POINT('',#15073);
#6543=VERTEX_POINT('',#15074);
#6544=VERTEX_POINT('',#15076);
#6545=VERTEX_POINT('',#15078);
#6546=VERTEX_POINT('',#15080);
#6547=VERTEX_POINT('',#15082);
#6548=VERTEX_POINT('',#15084);
#6549=VERTEX_POINT('',#15086);
#6550=VERTEX_POINT('',#15089);
#6551=VERTEX_POINT('',#15090);
#6552=VERTEX_POINT('',#15092);
#6553=VERTEX_POINT('',#15094);
#6554=VERTEX_POINT('',#15098);
#6555=VERTEX_POINT('',#15099);
#6556=VERTEX_POINT('',#15101);
#6557=VERTEX_POINT('',#15103);
#6558=VERTEX_POINT('',#15105);
#6559=VERTEX_POINT('',#15107);
#6560=VERTEX_POINT('',#15109);
#6561=VERTEX_POINT('',#15114);
#6562=VERTEX_POINT('',#15117);
#6563=VERTEX_POINT('',#15118);
#6564=VERTEX_POINT('',#15120);
#6565=VERTEX_POINT('',#15122);
#6566=VERTEX_POINT('',#15126);
#6567=VERTEX_POINT('',#15127);
#6568=VERTEX_POINT('',#15129);
#6569=VERTEX_POINT('',#15131);
#6570=VERTEX_POINT('',#15134);
#6571=VERTEX_POINT('',#15136);
#6572=VERTEX_POINT('',#15137);
#6573=VERTEX_POINT('',#15139);
#6574=VERTEX_POINT('',#15141);
#6575=VERTEX_POINT('',#15144);
#6576=VERTEX_POINT('',#15145);
#6577=VERTEX_POINT('',#15147);
#6578=VERTEX_POINT('',#15149);
#6579=VERTEX_POINT('',#15152);
#6580=VERTEX_POINT('',#15153);
#6581=VERTEX_POINT('',#15155);
#6582=VERTEX_POINT('',#15157);
#6583=VERTEX_POINT('',#15160);
#6584=VERTEX_POINT('',#15162);
#6585=VERTEX_POINT('',#15164);
#6586=VERTEX_POINT('',#15166);
#6587=VERTEX_POINT('',#15168);
#6588=VERTEX_POINT('',#15170);
#6589=VERTEX_POINT('',#15175);
#6590=VERTEX_POINT('',#15177);
#6591=VERTEX_POINT('',#15179);
#6592=VERTEX_POINT('',#15181);
#6593=VERTEX_POINT('',#15186);
#6594=VERTEX_POINT('',#15189);
#6595=VERTEX_POINT('',#15191);
#6596=VERTEX_POINT('',#15193);
#6597=VERTEX_POINT('',#15195);
#6598=VERTEX_POINT('',#15197);
#6599=VERTEX_POINT('',#15199);
#6600=VERTEX_POINT('',#15202);
#6601=VERTEX_POINT('',#15204);
#6602=VERTEX_POINT('',#15205);
#6603=VERTEX_POINT('',#15207);
#6604=VERTEX_POINT('',#15209);
#6605=VERTEX_POINT('',#15211);
#6606=VERTEX_POINT('',#15213);
#6607=VERTEX_POINT('',#15215);
#6608=VERTEX_POINT('',#15219);
#6609=VERTEX_POINT('',#15220);
#6610=VERTEX_POINT('',#15222);
#6611=VERTEX_POINT('',#15224);
#6612=VERTEX_POINT('',#15227);
#6613=VERTEX_POINT('',#15228);
#6614=VERTEX_POINT('',#15230);
#6615=VERTEX_POINT('',#15232);
#6616=VERTEX_POINT('',#15235);
#6617=VERTEX_POINT('',#15236);
#6618=VERTEX_POINT('',#15238);
#6619=VERTEX_POINT('',#15240);
#6620=VERTEX_POINT('',#15243);
#6621=VERTEX_POINT('',#15245);
#6622=VERTEX_POINT('',#15247);
#6623=VERTEX_POINT('',#15248);
#6624=VERTEX_POINT('',#15250);
#6625=VERTEX_POINT('',#15252);
#6626=VERTEX_POINT('',#15303);
#6627=VERTEX_POINT('',#15305);
#6628=VERTEX_POINT('',#15309);
#6629=VERTEX_POINT('',#15313);
#6630=VERTEX_POINT('',#15317);
#6631=VERTEX_POINT('',#15321);
#6632=VERTEX_POINT('',#15325);
#6633=VERTEX_POINT('',#15338);
#6634=VERTEX_POINT('',#15364);
#6635=VERTEX_POINT('',#15376);
#6636=VERTEX_POINT('',#15392);
#6637=VERTEX_POINT('',#15393);
#6638=VERTEX_POINT('',#15395);
#6639=VERTEX_POINT('',#15397);
#6640=VERTEX_POINT('',#15399);
#6641=VERTEX_POINT('',#15401);
#6642=VERTEX_POINT('',#15403);
#6643=VERTEX_POINT('',#15405);
#6644=VERTEX_POINT('',#15408);
#6645=VERTEX_POINT('',#15411);
#6646=VERTEX_POINT('',#15413);
#6647=VERTEX_POINT('',#15415);
#6648=VERTEX_POINT('',#15416);
#6649=VERTEX_POINT('',#15418);
#6650=VERTEX_POINT('',#15420);
#6651=VERTEX_POINT('',#15422);
#6652=VERTEX_POINT('',#15424);
#6653=VERTEX_POINT('',#15426);
#6654=VERTEX_POINT('',#15428);
#6655=VERTEX_POINT('',#15430);
#6656=VERTEX_POINT('',#15432);
#6657=VERTEX_POINT('',#15434);
#6658=VERTEX_POINT('',#15436);
#6659=VERTEX_POINT('',#15438);
#6660=VERTEX_POINT('',#15440);
#6661=VERTEX_POINT('',#15442);
#6662=VERTEX_POINT('',#15444);
#6663=VERTEX_POINT('',#15448);
#6664=VERTEX_POINT('',#15449);
#6665=VERTEX_POINT('',#15451);
#6666=VERTEX_POINT('',#15453);
#6667=VERTEX_POINT('',#15455);
#6668=VERTEX_POINT('',#15457);
#6669=VERTEX_POINT('',#15459);
#6670=VERTEX_POINT('',#15461);
#6671=VERTEX_POINT('',#15464);
#6672=VERTEX_POINT('',#15469);
#6673=VERTEX_POINT('',#15479);
#6674=VERTEX_POINT('',#15481);
#6675=VERTEX_POINT('',#15485);
#6676=VERTEX_POINT('',#15489);
#6677=VERTEX_POINT('',#15493);
#6678=VERTEX_POINT('',#15497);
#6679=VERTEX_POINT('',#15502);
#6680=VERTEX_POINT('',#15507);
#6681=VERTEX_POINT('',#15509);
#6682=VERTEX_POINT('',#15511);
#6683=VERTEX_POINT('',#15515);
#6684=VERTEX_POINT('',#15524);
#6685=VERTEX_POINT('',#15526);
#6686=VERTEX_POINT('',#15532);
#6687=VERTEX_POINT('',#15561);
#6688=VERTEX_POINT('',#15566);
#6689=VERTEX_POINT('',#15571);
#6690=VERTEX_POINT('',#15573);
#6691=VERTEX_POINT('',#15575);
#6692=VERTEX_POINT('',#15579);
#6693=VERTEX_POINT('',#15580);
#6694=VERTEX_POINT('',#15589);
#6695=VERTEX_POINT('',#15591);
#6696=VERTEX_POINT('',#15593);
#6697=VERTEX_POINT('',#15599);
#6698=VERTEX_POINT('',#15629);
#6699=VERTEX_POINT('',#15630);
#6700=VERTEX_POINT('',#15632);
#6701=VERTEX_POINT('',#15634);
#6702=VERTEX_POINT('',#15649);
#6703=VERTEX_POINT('',#15650);
#6704=VERTEX_POINT('',#15655);
#6705=VERTEX_POINT('',#15657);
#6706=VERTEX_POINT('',#15693);
#6707=VERTEX_POINT('',#15710);
#6708=VERTEX_POINT('',#15731);
#6709=VERTEX_POINT('',#15732);
#6710=VERTEX_POINT('',#15734);
#6711=VERTEX_POINT('',#15736);
#6712=VERTEX_POINT('',#15738);
#6713=VERTEX_POINT('',#15740);
#6714=VERTEX_POINT('',#15742);
#6715=VERTEX_POINT('',#15744);
#6716=VERTEX_POINT('',#15747);
#6717=VERTEX_POINT('',#15748);
#6718=VERTEX_POINT('',#15750);
#6719=VERTEX_POINT('',#15752);
#6720=VERTEX_POINT('',#15756);
#6721=VERTEX_POINT('',#15757);
#6722=VERTEX_POINT('',#15759);
#6723=VERTEX_POINT('',#15761);
#6724=VERTEX_POINT('',#15763);
#6725=VERTEX_POINT('',#15765);
#6726=VERTEX_POINT('',#15767);
#6727=VERTEX_POINT('',#15772);
#6728=VERTEX_POINT('',#15775);
#6729=VERTEX_POINT('',#15776);
#6730=VERTEX_POINT('',#15778);
#6731=VERTEX_POINT('',#15780);
#6732=VERTEX_POINT('',#15784);
#6733=VERTEX_POINT('',#15785);
#6734=VERTEX_POINT('',#15787);
#6735=VERTEX_POINT('',#15789);
#6736=VERTEX_POINT('',#15792);
#6737=VERTEX_POINT('',#15794);
#6738=VERTEX_POINT('',#15795);
#6739=VERTEX_POINT('',#15797);
#6740=VERTEX_POINT('',#15799);
#6741=VERTEX_POINT('',#15802);
#6742=VERTEX_POINT('',#15803);
#6743=VERTEX_POINT('',#15805);
#6744=VERTEX_POINT('',#15807);
#6745=VERTEX_POINT('',#15810);
#6746=VERTEX_POINT('',#15811);
#6747=VERTEX_POINT('',#15813);
#6748=VERTEX_POINT('',#15815);
#6749=VERTEX_POINT('',#15818);
#6750=VERTEX_POINT('',#15820);
#6751=VERTEX_POINT('',#15822);
#6752=VERTEX_POINT('',#15824);
#6753=VERTEX_POINT('',#15826);
#6754=VERTEX_POINT('',#15828);
#6755=VERTEX_POINT('',#15833);
#6756=VERTEX_POINT('',#15835);
#6757=VERTEX_POINT('',#15837);
#6758=VERTEX_POINT('',#15839);
#6759=VERTEX_POINT('',#15844);
#6760=VERTEX_POINT('',#15847);
#6761=VERTEX_POINT('',#15849);
#6762=VERTEX_POINT('',#15851);
#6763=VERTEX_POINT('',#15853);
#6764=VERTEX_POINT('',#15855);
#6765=VERTEX_POINT('',#15857);
#6766=VERTEX_POINT('',#15860);
#6767=VERTEX_POINT('',#15862);
#6768=VERTEX_POINT('',#15863);
#6769=VERTEX_POINT('',#15865);
#6770=VERTEX_POINT('',#15867);
#6771=VERTEX_POINT('',#15869);
#6772=VERTEX_POINT('',#15871);
#6773=VERTEX_POINT('',#15873);
#6774=VERTEX_POINT('',#15877);
#6775=VERTEX_POINT('',#15878);
#6776=VERTEX_POINT('',#15880);
#6777=VERTEX_POINT('',#15882);
#6778=VERTEX_POINT('',#15885);
#6779=VERTEX_POINT('',#15886);
#6780=VERTEX_POINT('',#15888);
#6781=VERTEX_POINT('',#15890);
#6782=VERTEX_POINT('',#15893);
#6783=VERTEX_POINT('',#15894);
#6784=VERTEX_POINT('',#15896);
#6785=VERTEX_POINT('',#15898);
#6786=VERTEX_POINT('',#15901);
#6787=VERTEX_POINT('',#15903);
#6788=VERTEX_POINT('',#15905);
#6789=VERTEX_POINT('',#15906);
#6790=VERTEX_POINT('',#15908);
#6791=VERTEX_POINT('',#15910);
#6792=VERTEX_POINT('',#15961);
#6793=VERTEX_POINT('',#15963);
#6794=VERTEX_POINT('',#15967);
#6795=VERTEX_POINT('',#15971);
#6796=VERTEX_POINT('',#15975);
#6797=VERTEX_POINT('',#15979);
#6798=VERTEX_POINT('',#15983);
#6799=VERTEX_POINT('',#15996);
#6800=VERTEX_POINT('',#16022);
#6801=VERTEX_POINT('',#16034);
#6802=VERTEX_POINT('',#16050);
#6803=VERTEX_POINT('',#16051);
#6804=VERTEX_POINT('',#16053);
#6805=VERTEX_POINT('',#16055);
#6806=VERTEX_POINT('',#16057);
#6807=VERTEX_POINT('',#16059);
#6808=VERTEX_POINT('',#16061);
#6809=VERTEX_POINT('',#16063);
#6810=VERTEX_POINT('',#16066);
#6811=VERTEX_POINT('',#16069);
#6812=VERTEX_POINT('',#16071);
#6813=VERTEX_POINT('',#16073);
#6814=VERTEX_POINT('',#16074);
#6815=VERTEX_POINT('',#16076);
#6816=VERTEX_POINT('',#16078);
#6817=VERTEX_POINT('',#16080);
#6818=VERTEX_POINT('',#16082);
#6819=VERTEX_POINT('',#16084);
#6820=VERTEX_POINT('',#16086);
#6821=VERTEX_POINT('',#16088);
#6822=VERTEX_POINT('',#16090);
#6823=VERTEX_POINT('',#16092);
#6824=VERTEX_POINT('',#16094);
#6825=VERTEX_POINT('',#16096);
#6826=VERTEX_POINT('',#16098);
#6827=VERTEX_POINT('',#16100);
#6828=VERTEX_POINT('',#16102);
#6829=VERTEX_POINT('',#16106);
#6830=VERTEX_POINT('',#16107);
#6831=VERTEX_POINT('',#16109);
#6832=VERTEX_POINT('',#16111);
#6833=VERTEX_POINT('',#16113);
#6834=VERTEX_POINT('',#16115);
#6835=VERTEX_POINT('',#16117);
#6836=VERTEX_POINT('',#16119);
#6837=VERTEX_POINT('',#16122);
#6838=VERTEX_POINT('',#16127);
#6839=VERTEX_POINT('',#16137);
#6840=VERTEX_POINT('',#16139);
#6841=VERTEX_POINT('',#16143);
#6842=VERTEX_POINT('',#16147);
#6843=VERTEX_POINT('',#16151);
#6844=VERTEX_POINT('',#16155);
#6845=VERTEX_POINT('',#16160);
#6846=VERTEX_POINT('',#16165);
#6847=VERTEX_POINT('',#16167);
#6848=VERTEX_POINT('',#16169);
#6849=VERTEX_POINT('',#16173);
#6850=VERTEX_POINT('',#16182);
#6851=VERTEX_POINT('',#16184);
#6852=VERTEX_POINT('',#16190);
#6853=VERTEX_POINT('',#16219);
#6854=VERTEX_POINT('',#16224);
#6855=VERTEX_POINT('',#16229);
#6856=VERTEX_POINT('',#16231);
#6857=VERTEX_POINT('',#16233);
#6858=VERTEX_POINT('',#16237);
#6859=VERTEX_POINT('',#16238);
#6860=VERTEX_POINT('',#16247);
#6861=VERTEX_POINT('',#16249);
#6862=VERTEX_POINT('',#16251);
#6863=VERTEX_POINT('',#16257);
#6864=VERTEX_POINT('',#16287);
#6865=VERTEX_POINT('',#16288);
#6866=VERTEX_POINT('',#16290);
#6867=VERTEX_POINT('',#16292);
#6868=VERTEX_POINT('',#16307);
#6869=VERTEX_POINT('',#16308);
#6870=VERTEX_POINT('',#16313);
#6871=VERTEX_POINT('',#16315);
#6872=VERTEX_POINT('',#16351);
#6873=VERTEX_POINT('',#16368);
#6874=VERTEX_POINT('',#16386);
#6875=VERTEX_POINT('',#16387);
#6876=VERTEX_POINT('',#16389);
#6877=VERTEX_POINT('',#16391);
#6878=VERTEX_POINT('',#16395);
#6879=VERTEX_POINT('',#16396);
#6880=VERTEX_POINT('',#16398);
#6881=VERTEX_POINT('',#16400);
#6882=VERTEX_POINT('',#16404);
#6883=VERTEX_POINT('',#16405);
#6884=VERTEX_POINT('',#16407);
#6885=VERTEX_POINT('',#16409);
#6886=VERTEX_POINT('',#16413);
#6887=VERTEX_POINT('',#16414);
#6888=VERTEX_POINT('',#16416);
#6889=VERTEX_POINT('',#16418);
#6890=VERTEX_POINT('',#16439);
#6891=VERTEX_POINT('',#16441);
#6892=VERTEX_POINT('',#16443);
#6893=VERTEX_POINT('',#16445);
#6894=VERTEX_POINT('',#16446);
#6895=VERTEX_POINT('',#16451);
#6896=VERTEX_POINT('',#16453);
#6897=VERTEX_POINT('',#16455);
#6898=VERTEX_POINT('',#16457);
#6899=VERTEX_POINT('',#16463);
#6900=VERTEX_POINT('',#16465);
#6901=VERTEX_POINT('',#16467);
#6902=VERTEX_POINT('',#16469);
#6903=VERTEX_POINT('',#16474);
#6904=VERTEX_POINT('',#16476);
#6905=VERTEX_POINT('',#16478);
#6906=VERTEX_POINT('',#16480);
#6907=VERTEX_POINT('',#16482);
#6908=VERTEX_POINT('',#16484);
#6909=VERTEX_POINT('',#16487);
#6910=VERTEX_POINT('',#16490);
#6911=VERTEX_POINT('',#16492);
#6912=VERTEX_POINT('',#16495);
#6913=VERTEX_POINT('',#16497);
#6914=VERTEX_POINT('',#16500);
#6915=VERTEX_POINT('',#16502);
#6916=VERTEX_POINT('',#16505);
#6917=VERTEX_POINT('',#16506);
#6918=VERTEX_POINT('',#16521);
#6919=VERTEX_POINT('',#16525);
#6920=VERTEX_POINT('',#16529);
#6921=VERTEX_POINT('',#16533);
#6922=VERTEX_POINT('',#16550);
#6923=VERTEX_POINT('',#16554);
#6924=VERTEX_POINT('',#16558);
#6925=VERTEX_POINT('',#16562);
#6926=VERTEX_POINT('',#16576);
#6927=VERTEX_POINT('',#16580);
#6928=VERTEX_POINT('',#16584);
#6929=VERTEX_POINT('',#16588);
#6930=VERTEX_POINT('',#16592);
#6931=VERTEX_POINT('',#16596);
#6932=VERTEX_POINT('',#16600);
#6933=VERTEX_POINT('',#16602);
#6934=VERTEX_POINT('',#16605);
#6935=VERTEX_POINT('',#16608);
#6936=VERTEX_POINT('',#16613);
#6937=VERTEX_POINT('',#16616);
#6938=VERTEX_POINT('',#16620);
#6939=VERTEX_POINT('',#16623);
#6940=VERTEX_POINT('',#16626);
#6941=VERTEX_POINT('',#16629);
#6942=VERTEX_POINT('',#16632);
#6943=VERTEX_POINT('',#16635);
#6944=VERTEX_POINT('',#16638);
#6945=VERTEX_POINT('',#16641);
#6946=VERTEX_POINT('',#16644);
#6947=VERTEX_POINT('',#16645);
#6948=VERTEX_POINT('',#16647);
#6949=VERTEX_POINT('',#16649);
#6950=VERTEX_POINT('',#16651);
#6951=VERTEX_POINT('',#16653);
#6952=VERTEX_POINT('',#16655);
#6953=VERTEX_POINT('',#16657);
#6954=VERTEX_POINT('',#16661);
#6955=VERTEX_POINT('',#16664);
#6956=VERTEX_POINT('',#16667);
#6957=VERTEX_POINT('',#16670);
#6958=VERTEX_POINT('',#16672);
#6959=VERTEX_POINT('',#16676);
#6960=VERTEX_POINT('',#16680);
#6961=VERTEX_POINT('',#16684);
#6962=VERTEX_POINT('',#16688);
#6963=VERTEX_POINT('',#16692);
#6964=VERTEX_POINT('',#16696);
#6965=VERTEX_POINT('',#16700);
#6966=VERTEX_POINT('',#16703);
#6967=VERTEX_POINT('',#16706);
#6968=VERTEX_POINT('',#16708);
#6969=VERTEX_POINT('',#16713);
#6970=CIRCLE('',#9752,0.01375);
#6971=CIRCLE('',#9753,0.01375);
#6972=CIRCLE('',#9755,0.002);
#6973=CIRCLE('',#9756,0.01075);
#6974=CIRCLE('',#9758,0.01075);
#6975=CIRCLE('',#9762,0.002);
#6976=CIRCLE('',#9764,0.0015);
#6977=CIRCLE('',#9766,0.0015);
#6978=CIRCLE('',#9770,0.01375);
#6979=CIRCLE('',#9771,0.01375);
#6980=CIRCLE('',#9773,0.002);
#6981=CIRCLE('',#9774,0.01075);
#6982=CIRCLE('',#9776,0.01075);
#6983=CIRCLE('',#9780,0.002);
#6984=CIRCLE('',#9782,0.0015);
#6985=CIRCLE('',#9784,0.0015);
#6986=CIRCLE('',#9788,0.01375);
#6987=CIRCLE('',#9789,0.01375);
#6988=CIRCLE('',#9791,0.002);
#6989=CIRCLE('',#9792,0.01075);
#6990=CIRCLE('',#9794,0.01075);
#6991=CIRCLE('',#9798,0.002);
#6992=CIRCLE('',#9800,0.0015);
#6993=CIRCLE('',#9802,0.0015);
#6994=CIRCLE('',#9806,0.390514671124226);
#6995=CIRCLE('',#9807,0.0025);
#6996=CIRCLE('',#9808,0.0025);
#6997=CIRCLE('',#9810,0.390514671124226);
#6998=CIRCLE('',#9811,0.0025);
#6999=CIRCLE('',#9812,0.0025);
#7000=CIRCLE('',#9814,0.0016);
#7001=CIRCLE('',#9815,0.018);
#7002=CIRCLE('',#9816,0.0016);
#7003=CIRCLE('',#9817,0.018);
#7004=CIRCLE('',#9818,0.004);
#7005=CIRCLE('',#9819,0.0016);
#7006=CIRCLE('',#9820,0.018);
#7007=CIRCLE('',#9821,0.0016);
#7008=CIRCLE('',#9822,0.018);
#7009=CIRCLE('',#9823,0.0016);
#7010=CIRCLE('',#9824,0.018);
#7011=CIRCLE('',#9825,0.0016);
#7012=CIRCLE('',#9826,0.018);
#7013=CIRCLE('',#9827,0.0016);
#7014=CIRCLE('',#9828,0.018);
#7015=CIRCLE('',#9829,0.0016);
#7016=CIRCLE('',#9830,0.018);
#7017=CIRCLE('',#9832,0.00215);
#7018=CIRCLE('',#9833,0.00215);
#7019=CIRCLE('',#9835,0.016);
#7020=CIRCLE('',#9837,0.0016);
#7021=CIRCLE('',#9838,0.018);
#7022=CIRCLE('',#9839,0.0016);
#7023=CIRCLE('',#9840,0.018);
#7024=CIRCLE('',#9841,0.0016);
#7025=CIRCLE('',#9842,0.018);
#7026=CIRCLE('',#9843,0.0016);
#7027=CIRCLE('',#9844,0.018);
#7028=CIRCLE('',#9845,0.0016);
#7029=CIRCLE('',#9846,0.018);
#7030=CIRCLE('',#9847,0.0016);
#7031=CIRCLE('',#9848,0.018);
#7032=CIRCLE('',#9849,0.004);
#7033=CIRCLE('',#9850,0.016);
#7034=CIRCLE('',#9851,0.0016);
#7035=CIRCLE('',#9852,0.018);
#7036=CIRCLE('',#9853,0.0016);
#7037=CIRCLE('',#9854,0.018);
#7038=CIRCLE('',#9901,0.01375);
#7039=CIRCLE('',#9902,0.01375);
#7040=CIRCLE('',#9904,0.002);
#7041=CIRCLE('',#9905,0.01075);
#7042=CIRCLE('',#9907,0.01075);
#7043=CIRCLE('',#9911,0.002);
#7044=CIRCLE('',#9913,0.0015);
#7045=CIRCLE('',#9915,0.0015);
#7046=CIRCLE('',#9924,0.0015);
#7047=CIRCLE('',#9926,0.004);
#7048=CIRCLE('',#9927,0.004);
#7049=CIRCLE('',#9947,0.0015);
#7050=CIRCLE('',#9994,0.00127706173424113);
#7051=CIRCLE('',#10001,0.00127706173424113);
#7052=CIRCLE('',#10010,0.00533974596215561);
#7053=CIRCLE('',#10011,0.00215);
#7054=CIRCLE('',#10012,0.00215);
#7055=CIRCLE('',#10013,0.00215);
#7056=CIRCLE('',#10014,0.00215);
#7057=CIRCLE('',#10015,0.00215);
#7058=CIRCLE('',#10016,0.00215);
#7059=CIRCLE('',#10017,0.00215);
#7060=CIRCLE('',#10018,0.00214999999999997);
#7061=CIRCLE('',#10019,0.00215);
#7062=CIRCLE('',#10020,0.00215);
#7063=CIRCLE('',#10021,0.00215);
#7064=CIRCLE('',#10022,0.00215);
#7065=CIRCLE('',#10024,0.014);
#7066=CIRCLE('',#10025,0.00215);
#7067=CIRCLE('',#10026,0.00215);
#7068=CIRCLE('',#10027,0.00215);
#7069=CIRCLE('',#10028,0.00215);
#7070=CIRCLE('',#10029,0.00215);
#7071=CIRCLE('',#10030,0.00215);
#7072=CIRCLE('',#10031,0.00215);
#7073=CIRCLE('',#10032,0.00214999999999997);
#7074=CIRCLE('',#10033,0.00215);
#7075=CIRCLE('',#10034,0.00215);
#7076=CIRCLE('',#10035,0.00215);
#7077=CIRCLE('',#10036,0.00215);
#7078=CIRCLE('',#10077,0.0015);
#7079=CIRCLE('',#10079,0.004);
#7080=CIRCLE('',#10080,0.004);
#7081=CIRCLE('',#10100,0.0015);
#7082=CIRCLE('',#10147,0.390514671124226);
#7083=CIRCLE('',#10148,0.0025);
#7084=CIRCLE('',#10149,0.0025);
#7085=CIRCLE('',#10151,0.390514671124226);
#7086=CIRCLE('',#10152,0.0025);
#7087=CIRCLE('',#10153,0.0025);
#7088=CIRCLE('',#10155,0.0016);
#7089=CIRCLE('',#10156,0.018);
#7090=CIRCLE('',#10157,0.0016);
#7091=CIRCLE('',#10158,0.018);
#7092=CIRCLE('',#10159,0.004);
#7093=CIRCLE('',#10160,0.0016);
#7094=CIRCLE('',#10161,0.018);
#7095=CIRCLE('',#10162,0.0016);
#7096=CIRCLE('',#10163,0.018);
#7097=CIRCLE('',#10164,0.0016);
#7098=CIRCLE('',#10165,0.018);
#7099=CIRCLE('',#10166,0.0016);
#7100=CIRCLE('',#10167,0.018);
#7101=CIRCLE('',#10168,0.0016);
#7102=CIRCLE('',#10169,0.018);
#7103=CIRCLE('',#10170,0.0016);
#7104=CIRCLE('',#10171,0.018);
#7105=CIRCLE('',#10173,0.00215);
#7106=CIRCLE('',#10174,0.00215);
#7107=CIRCLE('',#10176,0.016);
#7108=CIRCLE('',#10178,0.0016);
#7109=CIRCLE('',#10179,0.018);
#7110=CIRCLE('',#10180,0.0016);
#7111=CIRCLE('',#10181,0.018);
#7112=CIRCLE('',#10182,0.0016);
#7113=CIRCLE('',#10183,0.018);
#7114=CIRCLE('',#10184,0.0016);
#7115=CIRCLE('',#10185,0.018);
#7116=CIRCLE('',#10186,0.0016);
#7117=CIRCLE('',#10187,0.018);
#7118=CIRCLE('',#10188,0.0016);
#7119=CIRCLE('',#10189,0.018);
#7120=CIRCLE('',#10190,0.004);
#7121=CIRCLE('',#10191,0.016);
#7122=CIRCLE('',#10192,0.0016);
#7123=CIRCLE('',#10193,0.018);
#7124=CIRCLE('',#10194,0.0016);
#7125=CIRCLE('',#10195,0.018);
#7126=CIRCLE('',#10242,0.390514671124226);
#7127=CIRCLE('',#10243,0.0025);
#7128=CIRCLE('',#10244,0.0025);
#7129=CIRCLE('',#10246,0.390514671124226);
#7130=CIRCLE('',#10247,0.0025);
#7131=CIRCLE('',#10248,0.0025);
#7132=CIRCLE('',#10250,0.0016);
#7133=CIRCLE('',#10251,0.018);
#7134=CIRCLE('',#10252,0.0016);
#7135=CIRCLE('',#10253,0.018);
#7136=CIRCLE('',#10254,0.004);
#7137=CIRCLE('',#10255,0.0016);
#7138=CIRCLE('',#10256,0.018);
#7139=CIRCLE('',#10257,0.0016);
#7140=CIRCLE('',#10258,0.018);
#7141=CIRCLE('',#10259,0.0016);
#7142=CIRCLE('',#10260,0.018);
#7143=CIRCLE('',#10261,0.0016);
#7144=CIRCLE('',#10262,0.018);
#7145=CIRCLE('',#10263,0.0016);
#7146=CIRCLE('',#10264,0.018);
#7147=CIRCLE('',#10265,0.0016);
#7148=CIRCLE('',#10266,0.018);
#7149=CIRCLE('',#10268,0.00215);
#7150=CIRCLE('',#10269,0.00215);
#7151=CIRCLE('',#10271,0.016);
#7152=CIRCLE('',#10273,0.0016);
#7153=CIRCLE('',#10274,0.018);
#7154=CIRCLE('',#10275,0.0016);
#7155=CIRCLE('',#10276,0.018);
#7156=CIRCLE('',#10277,0.0016);
#7157=CIRCLE('',#10278,0.018);
#7158=CIRCLE('',#10279,0.0016);
#7159=CIRCLE('',#10280,0.018);
#7160=CIRCLE('',#10281,0.0016);
#7161=CIRCLE('',#10282,0.018);
#7162=CIRCLE('',#10283,0.0016);
#7163=CIRCLE('',#10284,0.018);
#7164=CIRCLE('',#10285,0.004);
#7165=CIRCLE('',#10286,0.016);
#7166=CIRCLE('',#10287,0.0016);
#7167=CIRCLE('',#10288,0.018);
#7168=CIRCLE('',#10289,0.0016);
#7169=CIRCLE('',#10290,0.018);
#7170=CIRCLE('',#10342,0.0015);
#7171=CIRCLE('',#10344,0.004);
#7172=CIRCLE('',#10345,0.004);
#7173=CIRCLE('',#10365,0.0015);
#7174=CIRCLE('',#10412,0.390514671124226);
#7175=CIRCLE('',#10413,0.0025);
#7176=CIRCLE('',#10414,0.0025);
#7177=CIRCLE('',#10416,0.390514671124226);
#7178=CIRCLE('',#10417,0.0025);
#7179=CIRCLE('',#10418,0.0025);
#7180=CIRCLE('',#10420,0.0016);
#7181=CIRCLE('',#10421,0.018);
#7182=CIRCLE('',#10422,0.0016);
#7183=CIRCLE('',#10423,0.018);
#7184=CIRCLE('',#10424,0.004);
#7185=CIRCLE('',#10425,0.0016);
#7186=CIRCLE('',#10426,0.018);
#7187=CIRCLE('',#10427,0.0016);
#7188=CIRCLE('',#10428,0.018);
#7189=CIRCLE('',#10429,0.0016);
#7190=CIRCLE('',#10430,0.018);
#7191=CIRCLE('',#10431,0.0016);
#7192=CIRCLE('',#10432,0.018);
#7193=CIRCLE('',#10433,0.0016);
#7194=CIRCLE('',#10434,0.018);
#7195=CIRCLE('',#10435,0.0016);
#7196=CIRCLE('',#10436,0.018);
#7197=CIRCLE('',#10438,0.00215);
#7198=CIRCLE('',#10439,0.00215);
#7199=CIRCLE('',#10441,0.016);
#7200=CIRCLE('',#10443,0.0016);
#7201=CIRCLE('',#10444,0.018);
#7202=CIRCLE('',#10445,0.0016);
#7203=CIRCLE('',#10446,0.018);
#7204=CIRCLE('',#10447,0.0016);
#7205=CIRCLE('',#10448,0.018);
#7206=CIRCLE('',#10449,0.0016);
#7207=CIRCLE('',#10450,0.018);
#7208=CIRCLE('',#10451,0.0016);
#7209=CIRCLE('',#10452,0.018);
#7210=CIRCLE('',#10453,0.0016);
#7211=CIRCLE('',#10454,0.018);
#7212=CIRCLE('',#10455,0.004);
#7213=CIRCLE('',#10456,0.016);
#7214=CIRCLE('',#10457,0.0016);
#7215=CIRCLE('',#10458,0.018);
#7216=CIRCLE('',#10459,0.0016);
#7217=CIRCLE('',#10460,0.018);
#7218=CIRCLE('',#10512,0.0015);
#7219=CIRCLE('',#10514,0.004);
#7220=CIRCLE('',#10515,0.004);
#7221=CIRCLE('',#10535,0.0015);
#7222=CIRCLE('',#10586,0.01);
#7223=CIRCLE('',#10587,0.01);
#7224=CIRCLE('',#10588,0.01);
#7225=CIRCLE('',#10589,0.01);
#7226=CIRCLE('',#10591,0.01);
#7227=CIRCLE('',#10592,0.01);
#7228=CIRCLE('',#10602,0.004);
#7229=CIRCLE('',#10603,0.004);
#7230=CIRCLE('',#10604,0.004);
#7231=CIRCLE('',#10605,0.00383606144143915);
#7232=CIRCLE('',#10606,0.00203989050351083);
#7233=CIRCLE('',#10607,0.00203989050351083);
#7234=CIRCLE('',#10608,0.00383606144143915);
#7235=CIRCLE('',#10609,0.00383606144143915);
#7236=CIRCLE('',#10610,0.00383606144143915);
#7237=CIRCLE('',#10611,0.004);
#7238=CIRCLE('',#10613,0.0035);
#7239=CIRCLE('',#10614,0.002);
#7240=CIRCLE('',#10616,0.002);
#7241=CIRCLE('',#10617,0.0035);
#7242=CIRCLE('',#10619,0.002);
#7243=CIRCLE('',#10620,0.0035);
#7244=CIRCLE('',#10622,0.00383606144143915);
#7245=CIRCLE('',#10625,0.00203989050351083);
#7246=CIRCLE('',#10629,0.00203989050351083);
#7247=CIRCLE('',#10632,0.00383606144143915);
#7248=CIRCLE('',#10635,0.00383606144143915);
#7249=CIRCLE('',#10638,0.00383606144143915);
#7250=CIRCLE('',#10640,0.002);
#7251=CIRCLE('',#10641,0.002);
#7252=CIRCLE('',#10643,0.002);
#7253=CIRCLE('',#10645,0.002);
#7254=CIRCLE('',#10648,0.002);
#7255=CIRCLE('',#10650,0.0035);
#7256=CIRCLE('',#10653,0.0035);
#7257=CIRCLE('',#10655,0.004);
#7258=CIRCLE('',#10657,0.0035);
#7259=CIRCLE('',#10659,0.004);
#7260=CIRCLE('',#10661,0.0035);
#7261=CIRCLE('',#10663,0.004);
#7262=CIRCLE('',#10665,0.0035);
#7263=CIRCLE('',#10667,0.004);
#7264=CIRCLE('',#10669,0.00253405425703221);
#7265=CIRCLE('',#10670,0.00253405425703221);
#7266=CIRCLE('',#10671,0.00253405425703221);
#7267=CIRCLE('',#10672,0.00253405425703221);
#7268=CIRCLE('',#10674,0.002);
#7269=CIRCLE('',#10676,0.002);
#7270=CIRCLE('',#10678,0.002);
#7271=CIRCLE('',#10680,0.00253405425703221);
#7272=CIRCLE('',#10683,0.00253405425703221);
#7273=CIRCLE('',#10686,0.00253405425703221);
#7274=CIRCLE('',#10689,0.00253405425703221);
#7275=CIRCLE('',#10691,0.002);
#7276=CIRCLE('',#10693,0.002);
#7277=CIRCLE('',#10695,0.002);
#7278=CIRCLE('',#10696,0.002);
#7279=CIRCLE('',#10699,0.002);
#7280=EDGE_LOOP('',(#2227));
#7281=EDGE_LOOP('',(#2228));
#7282=EDGE_LOOP('',(#2229));
#7283=EDGE_LOOP('',(#2230));
#7284=EDGE_LOOP('',(#2231));
#7285=EDGE_LOOP('',(#2232));
#7286=EDGE_LOOP('',(#2233));
#7287=EDGE_LOOP('',(#2234));
#7288=EDGE_LOOP('',(#2235));
#7289=EDGE_LOOP('',(#2236));
#7290=EDGE_LOOP('',(#2237));
#7291=EDGE_LOOP('',(#2238));
#7292=EDGE_LOOP('',(#2239));
#7293=EDGE_LOOP('',(#2240));
#7294=EDGE_LOOP('',(#2241));
#7295=EDGE_LOOP('',(#2242));
#7296=EDGE_LOOP('',(#2243));
#7297=EDGE_LOOP('',(#2244));
#7298=EDGE_LOOP('',(#2245));
#7299=EDGE_LOOP('',(#2246));
#7300=EDGE_LOOP('',(#2247));
#7301=EDGE_LOOP('',(#2248));
#7302=EDGE_LOOP('',(#2249));
#7303=EDGE_LOOP('',(#2250));
#7304=EDGE_LOOP('',(#2251));
#7305=EDGE_LOOP('',(#2252));
#7306=EDGE_LOOP('',(#2253));
#7307=EDGE_LOOP('',(#2254));
#7308=EDGE_LOOP('',(#2255));
#7309=EDGE_LOOP('',(#2256));
#7310=EDGE_LOOP('',(#2257));
#7311=EDGE_LOOP('',(#2258));
#7312=EDGE_LOOP('',(#2259));
#7313=EDGE_LOOP('',(#2260));
#7314=EDGE_LOOP('',(#2261));
#7315=EDGE_LOOP('',(#2262));
#7316=EDGE_LOOP('',(#2263));
#7317=EDGE_LOOP('',(#2264));
#7318=EDGE_LOOP('',(#2265));
#7319=EDGE_LOOP('',(#2266));
#7320=EDGE_LOOP('',(#2267));
#7321=EDGE_LOOP('',(#2268));
#7322=EDGE_LOOP('',(#2269));
#7323=EDGE_LOOP('',(#2270));
#7324=EDGE_LOOP('',(#2271));
#7325=EDGE_LOOP('',(#2272));
#7326=EDGE_LOOP('',(#2273));
#7327=EDGE_LOOP('',(#2274));
#7328=EDGE_LOOP('',(#2275,#2276,#2277,#2278,#2279,#2280,#2281,#2282));
#7329=EDGE_LOOP('',(#2283,#2284,#2285,#2286));
#7330=EDGE_LOOP('',(#2287,#2288,#2289,#2290,#2291,#2292,#2293,#2294));
#7331=EDGE_LOOP('',(#2295,#2296,#2297,#2298));
#7332=EDGE_LOOP('',(#2299,#2300,#2301,#2302));
#7333=EDGE_LOOP('',(#2303));
#7334=EDGE_LOOP('',(#2304,#2305,#2306,#2307));
#7335=EDGE_LOOP('',(#2308,#2309,#2310,#2311));
#7336=EDGE_LOOP('',(#2312,#2313,#2314,#2315));
#7337=EDGE_LOOP('',(#2316,#2317,#2318,#2319,#2320,#2321,#2322,#2323,#2324,#2325));
#7338=EDGE_LOOP('',(#2326));
#7339=EDGE_LOOP('',(#2327));
#7340=EDGE_LOOP('',(#2328,#2329,#2330,#2331,#2332,#2333));
#7341=EDGE_LOOP('',(#2334,#2335,#2336,#2337,#2338,#2339,#2340,#2341,#2342,#2343,#2344));
#7342=EDGE_LOOP('',(#2345));
#7343=EDGE_LOOP('',(#2346,#2347,#2348,#2349,#2350,#2351,#2352));
#7344=EDGE_LOOP('',(#2353,#2354,#2355,#2356));
#7345=EDGE_LOOP('',(#2357,#2358,#2359,#2360));
#7346=EDGE_LOOP('',(#2361,#2362,#2363,#2364));
#7347=EDGE_LOOP('',(#2365));
#7348=EDGE_LOOP('',(#2366));
#7349=EDGE_LOOP('',(#2367,#2368,#2369,#2370));
#7350=EDGE_LOOP('',(#2371));
#7351=EDGE_LOOP('',(#2372));
#7352=EDGE_LOOP('',(#2373,#2374,#2375,#2376));
#7353=EDGE_LOOP('',(#2377,#2378,#2379,#2380));
#7354=EDGE_LOOP('',(#2381,#2382,#2383,#2384));
#7355=EDGE_LOOP('',(#2385,#2386,#2387,#2388));
#7356=EDGE_LOOP('',(#2389,#2390,#2391,#2392));
#7357=EDGE_LOOP('',(#2393,#2394,#2395,#2396));
#7358=EDGE_LOOP('',(#2397,#2398,#2399,#2400));
#7359=EDGE_LOOP('',(#2401));
#7360=EDGE_LOOP('',(#2402));
#7361=EDGE_LOOP('',(#2403,#2404,#2405,#2406));
#7362=EDGE_LOOP('',(#2407,#2408,#2409,#2410));
#7363=EDGE_LOOP('',(#2411,#2412,#2413,#2414));
#7364=EDGE_LOOP('',(#2415,#2416,#2417,#2418));
#7365=EDGE_LOOP('',(#2419,#2420,#2421,#2422));
#7366=EDGE_LOOP('',(#2423,#2424,#2425,#2426));
#7367=EDGE_LOOP('',(#2427,#2428,#2429,#2430));
#7368=EDGE_LOOP('',(#2431,#2432,#2433,#2434));
#7369=EDGE_LOOP('',(#2435,#2436,#2437,#2438));
#7370=EDGE_LOOP('',(#2439,#2440,#2441,#2442));
#7371=EDGE_LOOP('',(#2443,#2444,#2445,#2446));
#7372=EDGE_LOOP('',(#2447,#2448,#2449,#2450));
#7373=EDGE_LOOP('',(#2451,#2452,#2453,#2454));
#7374=EDGE_LOOP('',(#2455,#2456,#2457,#2458));
#7375=EDGE_LOOP('',(#2459,#2460,#2461,#2462));
#7376=EDGE_LOOP('',(#2463,#2464,#2465,#2466));
#7377=EDGE_LOOP('',(#2467,#2468,#2469,#2470));
#7378=EDGE_LOOP('',(#2471,#2472,#2473,#2474));
#7379=EDGE_LOOP('',(#2475,#2476,#2477,#2478));
#7380=EDGE_LOOP('',(#2479,#2480,#2481,#2482));
#7381=EDGE_LOOP('',(#2483,#2484,#2485,#2486));
#7382=EDGE_LOOP('',(#2487,#2488,#2489,#2490));
#7383=EDGE_LOOP('',(#2491,#2492,#2493,#2494));
#7384=EDGE_LOOP('',(#2495,#2496,#2497,#2498,#2499,#2500,#2501));
#7385=EDGE_LOOP('',(#2502,#2503,#2504,#2505));
#7386=EDGE_LOOP('',(#2506,#2507,#2508,#2509));
#7387=EDGE_LOOP('',(#2510,#2511,#2512,#2513));
#7388=EDGE_LOOP('',(#2514,#2515,#2516,#2517));
#7389=EDGE_LOOP('',(#2518));
#7390=EDGE_LOOP('',(#2519));
#7391=EDGE_LOOP('',(#2520,#2521,#2522,#2523,#2524));
#7392=EDGE_LOOP('',(#2525,#2526,#2527,#2528));
#7393=EDGE_LOOP('',(#2529,#2530,#2531,#2532));
#7394=EDGE_LOOP('',(#2533,#2534,#2535,#2536));
#7395=EDGE_LOOP('',(#2537,#2538,#2539,#2540));
#7396=EDGE_LOOP('',(#2541,#2542,#2543,#2544));
#7397=EDGE_LOOP('',(#2545));
#7398=EDGE_LOOP('',(#2546));
#7399=EDGE_LOOP('',(#2547));
#7400=EDGE_LOOP('',(#2548));
#7401=EDGE_LOOP('',(#2549));
#7402=EDGE_LOOP('',(#2550));
#7403=EDGE_LOOP('',(#2551));
#7404=EDGE_LOOP('',(#2552));
#7405=EDGE_LOOP('',(#2553));
#7406=EDGE_LOOP('',(#2554));
#7407=EDGE_LOOP('',(#2555));
#7408=EDGE_LOOP('',(#2556));
#7409=EDGE_LOOP('',(#2557));
#7410=EDGE_LOOP('',(#2558));
#7411=EDGE_LOOP('',(#2559));
#7412=EDGE_LOOP('',(#2560));
#7413=EDGE_LOOP('',(#2561));
#7414=EDGE_LOOP('',(#2562));
#7415=EDGE_LOOP('',(#2563));
#7416=EDGE_LOOP('',(#2564));
#7417=EDGE_LOOP('',(#2565,#2566,#2567,#2568,#2569,#2570,#2571,#2572));
#7418=EDGE_LOOP('',(#2573));
#7419=EDGE_LOOP('',(#2574));
#7420=EDGE_LOOP('',(#2575));
#7421=EDGE_LOOP('',(#2576,#2577,#2578,#2579,#2580,#2581,#2582,#2583,#2584,#2585,#2586,#2587,#2588,#2589,#2590,#2591));
#7422=EDGE_LOOP('',(#2592,#2593,#2594,#2595,#2596,#2597,#2598,#2599));
#7423=EDGE_LOOP('',(#2600));
#7424=EDGE_LOOP('',(#2601));
#7425=EDGE_LOOP('',(#2602));
#7426=EDGE_LOOP('',(#2603));
#7427=EDGE_LOOP('',(#2604));
#7428=EDGE_LOOP('',(#2605,#2606,#2607));
#7429=EDGE_LOOP('',(#2608,#2609,#2610));
#7430=EDGE_LOOP('',(#2611,#2612,#2613));
#7431=EDGE_LOOP('',(#2614,#2615,#2616));
#7432=EDGE_LOOP('',(#2617,#2618,#2619,#2620));
#7433=EDGE_LOOP('',(#2621,#2622,#2623));
#7434=EDGE_LOOP('',(#2624,#2625,#2626,#2627));
#7435=EDGE_LOOP('',(#2628,#2629,#2630));
#7436=EDGE_LOOP('',(#2631,#2632,#2633,#2634,#2635,#2636,#2637));
#7437=EDGE_LOOP('',(#2638,#2639,#2640,#2641));
#7438=EDGE_LOOP('',(#2642,#2643,#2644,#2645,#2646,#2647,#2648,#2649));
#7439=EDGE_LOOP('',(#2650,#2651,#2652,#2653));
#7440=EDGE_LOOP('',(#2654,#2655,#2656,#2657));
#7441=EDGE_LOOP('',(#2658,#2659,#2660,#2661));
#7442=EDGE_LOOP('',(#2662,#2663,#2664,#2665));
#7443=EDGE_LOOP('',(#2666,#2667,#2668,#2669,#2670,#2671,#2672,#2673));
#7444=EDGE_LOOP('',(#2674,#2675,#2676,#2677));
#7445=EDGE_LOOP('',(#2678,#2679,#2680,#2681,#2682,#2683,#2684,#2685));
#7446=EDGE_LOOP('',(#2686,#2687,#2688,#2689));
#7447=EDGE_LOOP('',(#2690,#2691,#2692,#2693));
#7448=EDGE_LOOP('',(#2694,#2695,#2696,#2697));
#7449=EDGE_LOOP('',(#2698,#2699,#2700,#2701));
#7450=EDGE_LOOP('',(#2702,#2703,#2704,#2705));
#7451=EDGE_LOOP('',(#2706,#2707,#2708,#2709));
#7452=EDGE_LOOP('',(#2710,#2711,#2712,#2713));
#7453=EDGE_LOOP('',(#2714,#2715,#2716,#2717));
#7454=EDGE_LOOP('',(#2718,#2719,#2720,#2721));
#7455=EDGE_LOOP('',(#2722,#2723,#2724,#2725,#2726,#2727,#2728,#2729,#2730));
#7456=EDGE_LOOP('',(#2731,#2732,#2733,#2734,#2735,#2736,#2737,#2738));
#7457=EDGE_LOOP('',(#2739,#2740,#2741,#2742));
#7458=EDGE_LOOP('',(#2743,#2744,#2745,#2746));
#7459=EDGE_LOOP('',(#2747,#2748,#2749,#2750));
#7460=EDGE_LOOP('',(#2751,#2752,#2753));
#7461=EDGE_LOOP('',(#2754,#2755,#2756));
#7462=EDGE_LOOP('',(#2757,#2758,#2759));
#7463=EDGE_LOOP('',(#2760,#2761,#2762));
#7464=EDGE_LOOP('',(#2763,#2764,#2765));
#7465=EDGE_LOOP('',(#2766,#2767,#2768));
#7466=EDGE_LOOP('',(#2769,#2770,#2771));
#7467=EDGE_LOOP('',(#2772,#2773,#2774));
#7468=EDGE_LOOP('',(#2775,#2776,#2777));
#7469=EDGE_LOOP('',(#2778,#2779,#2780));
#7470=EDGE_LOOP('',(#2781,#2782,#2783));
#7471=EDGE_LOOP('',(#2784,#2785,#2786));
#7472=EDGE_LOOP('',(#2787,#2788,#2789));
#7473=EDGE_LOOP('',(#2790,#2791,#2792));
#7474=EDGE_LOOP('',(#2793,#2794,#2795));
#7475=EDGE_LOOP('',(#2796,#2797,#2798));
#7476=EDGE_LOOP('',(#2799));
#7477=EDGE_LOOP('',(#2800,#2801,#2802,#2803));
#7478=EDGE_LOOP('',(#2804,#2805,#2806,#2807));
#7479=EDGE_LOOP('',(#2808,#2809,#2810,#2811));
#7480=EDGE_LOOP('',(#2812,#2813,#2814,#2815));
#7481=EDGE_LOOP('',(#2816,#2817,#2818,#2819));
#7482=EDGE_LOOP('',(#2820,#2821,#2822,#2823));
#7483=EDGE_LOOP('',(#2824));
#7484=EDGE_LOOP('',(#2825));
#7485=EDGE_LOOP('',(#2826));
#7486=EDGE_LOOP('',(#2827,#2828,#2829,#2830));
#7487=EDGE_LOOP('',(#2831,#2832,#2833,#2834));
#7488=EDGE_LOOP('',(#2835,#2836,#2837,#2838));
#7489=EDGE_LOOP('',(#2839,#2840,#2841,#2842));
#7490=EDGE_LOOP('',(#2843,#2844,#2845,#2846));
#7491=EDGE_LOOP('',(#2847,#2848,#2849,#2850));
#7492=EDGE_LOOP('',(#2851));
#7493=EDGE_LOOP('',(#2852));
#7494=EDGE_LOOP('',(#2853));
#7495=EDGE_LOOP('',(#2854,#2855,#2856,#2857,#2858,#2859,#2860,#2861,#2862,#2863,#2864,#2865,#2866,#2867,#2868,#2869,#2870,#2871,#2872,#2873));
#7496=EDGE_LOOP('',(#2874));
#7497=EDGE_LOOP('',(#2875));
#7498=EDGE_LOOP('',(#2876));
#7499=EDGE_LOOP('',(#2877));
#7500=EDGE_LOOP('',(#2878));
#7501=EDGE_LOOP('',(#2879));
#7502=EDGE_LOOP('',(#2880));
#7503=EDGE_LOOP('',(#2881));
#7504=EDGE_LOOP('',(#2882));
#7505=EDGE_LOOP('',(#2883));
#7506=EDGE_LOOP('',(#2884));
#7507=EDGE_LOOP('',(#2885));
#7508=EDGE_LOOP('',(#2886));
#7509=EDGE_LOOP('',(#2887,#2888,#2889,#2890,#2891,#2892,#2893,#2894,#2895,#2896,#2897,#2898,#2899,#2900,#2901,#2902,#2903,#2904,#2905,#2906));
#7510=EDGE_LOOP('',(#2907));
#7511=EDGE_LOOP('',(#2908));
#7512=EDGE_LOOP('',(#2909));
#7513=EDGE_LOOP('',(#2910));
#7514=EDGE_LOOP('',(#2911));
#7515=EDGE_LOOP('',(#2912));
#7516=EDGE_LOOP('',(#2913));
#7517=EDGE_LOOP('',(#2914));
#7518=EDGE_LOOP('',(#2915));
#7519=EDGE_LOOP('',(#2916));
#7520=EDGE_LOOP('',(#2917,#2918,#2919,#2920));
#7521=EDGE_LOOP('',(#2921,#2922,#2923,#2924));
#7522=EDGE_LOOP('',(#2925,#2926,#2927,#2928));
#7523=EDGE_LOOP('',(#2929,#2930,#2931,#2932));
#7524=EDGE_LOOP('',(#2933,#2934,#2935,#2936));
#7525=EDGE_LOOP('',(#2937,#2938,#2939,#2940));
#7526=EDGE_LOOP('',(#2941,#2942,#2943,#2944));
#7527=EDGE_LOOP('',(#2945,#2946,#2947,#2948));
#7528=EDGE_LOOP('',(#2949,#2950,#2951,#2952));
#7529=EDGE_LOOP('',(#2953,#2954,#2955,#2956));
#7530=EDGE_LOOP('',(#2957,#2958,#2959,#2960));
#7531=EDGE_LOOP('',(#2961,#2962,#2963,#2964));
#7532=EDGE_LOOP('',(#2965,#2966,#2967,#2968));
#7533=EDGE_LOOP('',(#2969,#2970,#2971,#2972));
#7534=EDGE_LOOP('',(#2973,#2974,#2975,#2976));
#7535=EDGE_LOOP('',(#2977,#2978,#2979,#2980));
#7536=EDGE_LOOP('',(#2981,#2982,#2983,#2984));
#7537=EDGE_LOOP('',(#2985,#2986,#2987,#2988));
#7538=EDGE_LOOP('',(#2989,#2990,#2991,#2992));
#7539=EDGE_LOOP('',(#2993));
#7540=EDGE_LOOP('',(#2994));
#7541=EDGE_LOOP('',(#2995));
#7542=EDGE_LOOP('',(#2996));
#7543=EDGE_LOOP('',(#2997));
#7544=EDGE_LOOP('',(#2998));
#7545=EDGE_LOOP('',(#2999));
#7546=EDGE_LOOP('',(#3000));
#7547=EDGE_LOOP('',(#3001));
#7548=EDGE_LOOP('',(#3002));
#7549=EDGE_LOOP('',(#3003));
#7550=EDGE_LOOP('',(#3004));
#7551=EDGE_LOOP('',(#3005));
#7552=EDGE_LOOP('',(#3006));
#7553=EDGE_LOOP('',(#3007,#3008,#3009,#3010));
#7554=EDGE_LOOP('',(#3011));
#7555=EDGE_LOOP('',(#3012));
#7556=EDGE_LOOP('',(#3013));
#7557=EDGE_LOOP('',(#3014));
#7558=EDGE_LOOP('',(#3015));
#7559=EDGE_LOOP('',(#3016));
#7560=EDGE_LOOP('',(#3017));
#7561=EDGE_LOOP('',(#3018));
#7562=EDGE_LOOP('',(#3019));
#7563=EDGE_LOOP('',(#3020));
#7564=EDGE_LOOP('',(#3021));
#7565=EDGE_LOOP('',(#3022));
#7566=EDGE_LOOP('',(#3023,#3024,#3025,#3026,#3027,#3028,#3029,#3030));
#7567=EDGE_LOOP('',(#3031));
#7568=EDGE_LOOP('',(#3032));
#7569=EDGE_LOOP('',(#3033));
#7570=EDGE_LOOP('',(#3034,#3035,#3036,#3037,#3038,#3039,#3040,#3041,#3042,#3043,#3044,#3045,#3046,#3047,#3048,#3049));
#7571=EDGE_LOOP('',(#3050,#3051,#3052,#3053,#3054,#3055,#3056,#3057));
#7572=EDGE_LOOP('',(#3058));
#7573=EDGE_LOOP('',(#3059));
#7574=EDGE_LOOP('',(#3060));
#7575=EDGE_LOOP('',(#3061));
#7576=EDGE_LOOP('',(#3062));
#7577=EDGE_LOOP('',(#3063,#3064,#3065));
#7578=EDGE_LOOP('',(#3066,#3067,#3068));
#7579=EDGE_LOOP('',(#3069,#3070,#3071));
#7580=EDGE_LOOP('',(#3072,#3073,#3074));
#7581=EDGE_LOOP('',(#3075,#3076,#3077,#3078));
#7582=EDGE_LOOP('',(#3079,#3080,#3081));
#7583=EDGE_LOOP('',(#3082,#3083,#3084,#3085));
#7584=EDGE_LOOP('',(#3086,#3087,#3088));
#7585=EDGE_LOOP('',(#3089,#3090,#3091,#3092,#3093,#3094,#3095));
#7586=EDGE_LOOP('',(#3096,#3097,#3098,#3099));
#7587=EDGE_LOOP('',(#3100,#3101,#3102,#3103,#3104,#3105,#3106,#3107));
#7588=EDGE_LOOP('',(#3108,#3109,#3110,#3111));
#7589=EDGE_LOOP('',(#3112,#3113,#3114,#3115));
#7590=EDGE_LOOP('',(#3116,#3117,#3118,#3119));
#7591=EDGE_LOOP('',(#3120,#3121,#3122,#3123));
#7592=EDGE_LOOP('',(#3124,#3125,#3126,#3127,#3128,#3129,#3130,#3131));
#7593=EDGE_LOOP('',(#3132,#3133,#3134,#3135));
#7594=EDGE_LOOP('',(#3136,#3137,#3138,#3139,#3140,#3141,#3142,#3143));
#7595=EDGE_LOOP('',(#3144,#3145,#3146,#3147));
#7596=EDGE_LOOP('',(#3148,#3149,#3150,#3151));
#7597=EDGE_LOOP('',(#3152,#3153,#3154,#3155));
#7598=EDGE_LOOP('',(#3156,#3157,#3158,#3159));
#7599=EDGE_LOOP('',(#3160,#3161,#3162,#3163));
#7600=EDGE_LOOP('',(#3164,#3165,#3166,#3167));
#7601=EDGE_LOOP('',(#3168,#3169,#3170,#3171));
#7602=EDGE_LOOP('',(#3172,#3173,#3174,#3175));
#7603=EDGE_LOOP('',(#3176,#3177,#3178,#3179));
#7604=EDGE_LOOP('',(#3180,#3181,#3182,#3183,#3184,#3185,#3186,#3187,#3188));
#7605=EDGE_LOOP('',(#3189,#3190,#3191,#3192,#3193,#3194,#3195,#3196));
#7606=EDGE_LOOP('',(#3197,#3198,#3199,#3200));
#7607=EDGE_LOOP('',(#3201,#3202,#3203,#3204));
#7608=EDGE_LOOP('',(#3205,#3206,#3207,#3208));
#7609=EDGE_LOOP('',(#3209,#3210,#3211));
#7610=EDGE_LOOP('',(#3212,#3213,#3214));
#7611=EDGE_LOOP('',(#3215,#3216,#3217));
#7612=EDGE_LOOP('',(#3218,#3219,#3220));
#7613=EDGE_LOOP('',(#3221,#3222,#3223));
#7614=EDGE_LOOP('',(#3224,#3225,#3226));
#7615=EDGE_LOOP('',(#3227,#3228,#3229));
#7616=EDGE_LOOP('',(#3230,#3231,#3232));
#7617=EDGE_LOOP('',(#3233,#3234,#3235));
#7618=EDGE_LOOP('',(#3236,#3237,#3238));
#7619=EDGE_LOOP('',(#3239,#3240,#3241));
#7620=EDGE_LOOP('',(#3242,#3243,#3244));
#7621=EDGE_LOOP('',(#3245,#3246,#3247));
#7622=EDGE_LOOP('',(#3248,#3249,#3250));
#7623=EDGE_LOOP('',(#3251,#3252,#3253));
#7624=EDGE_LOOP('',(#3254,#3255,#3256));
#7625=EDGE_LOOP('',(#3257,#3258,#3259,#3260,#3261,#3262,#3263,#3264));
#7626=EDGE_LOOP('',(#3265,#3266,#3267,#3268));
#7627=EDGE_LOOP('',(#3269,#3270,#3271,#3272,#3273,#3274,#3275,#3276));
#7628=EDGE_LOOP('',(#3277,#3278,#3279,#3280));
#7629=EDGE_LOOP('',(#3281,#3282,#3283,#3284));
#7630=EDGE_LOOP('',(#3285));
#7631=EDGE_LOOP('',(#3286,#3287,#3288,#3289));
#7632=EDGE_LOOP('',(#3290,#3291,#3292,#3293));
#7633=EDGE_LOOP('',(#3294,#3295,#3296,#3297));
#7634=EDGE_LOOP('',(#3298,#3299,#3300,#3301,#3302,#3303,#3304,#3305,#3306,#3307));
#7635=EDGE_LOOP('',(#3308));
#7636=EDGE_LOOP('',(#3309));
#7637=EDGE_LOOP('',(#3310,#3311,#3312,#3313,#3314,#3315));
#7638=EDGE_LOOP('',(#3316,#3317,#3318,#3319,#3320,#3321,#3322,#3323,#3324,#3325,#3326));
#7639=EDGE_LOOP('',(#3327));
#7640=EDGE_LOOP('',(#3328,#3329,#3330,#3331,#3332,#3333,#3334));
#7641=EDGE_LOOP('',(#3335,#3336,#3337,#3338));
#7642=EDGE_LOOP('',(#3339,#3340,#3341,#3342));
#7643=EDGE_LOOP('',(#3343,#3344,#3345,#3346));
#7644=EDGE_LOOP('',(#3347));
#7645=EDGE_LOOP('',(#3348));
#7646=EDGE_LOOP('',(#3349,#3350,#3351,#3352));
#7647=EDGE_LOOP('',(#3353));
#7648=EDGE_LOOP('',(#3354));
#7649=EDGE_LOOP('',(#3355,#3356,#3357,#3358));
#7650=EDGE_LOOP('',(#3359,#3360,#3361,#3362));
#7651=EDGE_LOOP('',(#3363,#3364,#3365,#3366));
#7652=EDGE_LOOP('',(#3367,#3368,#3369,#3370));
#7653=EDGE_LOOP('',(#3371,#3372,#3373,#3374));
#7654=EDGE_LOOP('',(#3375,#3376,#3377,#3378));
#7655=EDGE_LOOP('',(#3379,#3380,#3381,#3382));
#7656=EDGE_LOOP('',(#3383));
#7657=EDGE_LOOP('',(#3384));
#7658=EDGE_LOOP('',(#3385,#3386,#3387,#3388));
#7659=EDGE_LOOP('',(#3389,#3390,#3391,#3392));
#7660=EDGE_LOOP('',(#3393,#3394,#3395,#3396));
#7661=EDGE_LOOP('',(#3397,#3398,#3399,#3400));
#7662=EDGE_LOOP('',(#3401,#3402,#3403,#3404));
#7663=EDGE_LOOP('',(#3405,#3406,#3407,#3408));
#7664=EDGE_LOOP('',(#3409,#3410,#3411,#3412));
#7665=EDGE_LOOP('',(#3413,#3414,#3415,#3416));
#7666=EDGE_LOOP('',(#3417,#3418,#3419,#3420));
#7667=EDGE_LOOP('',(#3421,#3422,#3423,#3424));
#7668=EDGE_LOOP('',(#3425,#3426,#3427,#3428));
#7669=EDGE_LOOP('',(#3429,#3430,#3431,#3432));
#7670=EDGE_LOOP('',(#3433,#3434,#3435,#3436));
#7671=EDGE_LOOP('',(#3437,#3438,#3439,#3440));
#7672=EDGE_LOOP('',(#3441,#3442,#3443,#3444));
#7673=EDGE_LOOP('',(#3445,#3446,#3447,#3448));
#7674=EDGE_LOOP('',(#3449,#3450,#3451,#3452));
#7675=EDGE_LOOP('',(#3453,#3454,#3455,#3456));
#7676=EDGE_LOOP('',(#3457,#3458,#3459,#3460));
#7677=EDGE_LOOP('',(#3461,#3462,#3463,#3464));
#7678=EDGE_LOOP('',(#3465,#3466,#3467,#3468));
#7679=EDGE_LOOP('',(#3469,#3470,#3471,#3472));
#7680=EDGE_LOOP('',(#3473,#3474,#3475,#3476));
#7681=EDGE_LOOP('',(#3477,#3478,#3479,#3480,#3481,#3482,#3483));
#7682=EDGE_LOOP('',(#3484,#3485,#3486,#3487));
#7683=EDGE_LOOP('',(#3488,#3489,#3490,#3491));
#7684=EDGE_LOOP('',(#3492,#3493,#3494,#3495));
#7685=EDGE_LOOP('',(#3496,#3497,#3498,#3499));
#7686=EDGE_LOOP('',(#3500));
#7687=EDGE_LOOP('',(#3501));
#7688=EDGE_LOOP('',(#3502,#3503,#3504,#3505,#3506));
#7689=EDGE_LOOP('',(#3507,#3508,#3509,#3510));
#7690=EDGE_LOOP('',(#3511,#3512,#3513,#3514));
#7691=EDGE_LOOP('',(#3515,#3516,#3517,#3518));
#7692=EDGE_LOOP('',(#3519,#3520,#3521,#3522));
#7693=EDGE_LOOP('',(#3523,#3524,#3525,#3526));
#7694=EDGE_LOOP('',(#3527));
#7695=EDGE_LOOP('',(#3528));
#7696=EDGE_LOOP('',(#3529));
#7697=EDGE_LOOP('',(#3530));
#7698=EDGE_LOOP('',(#3531,#3532,#3533,#3534,#3535,#3536,#3537,#3538));
#7699=EDGE_LOOP('',(#3539,#3540,#3541,#3542));
#7700=EDGE_LOOP('',(#3543,#3544,#3545,#3546,#3547,#3548,#3549,#3550));
#7701=EDGE_LOOP('',(#3551,#3552,#3553,#3554));
#7702=EDGE_LOOP('',(#3555,#3556,#3557,#3558));
#7703=EDGE_LOOP('',(#3559));
#7704=EDGE_LOOP('',(#3560,#3561,#3562,#3563));
#7705=EDGE_LOOP('',(#3564,#3565,#3566,#3567));
#7706=EDGE_LOOP('',(#3568,#3569,#3570,#3571));
#7707=EDGE_LOOP('',(#3572,#3573,#3574,#3575,#3576,#3577,#3578,#3579,#3580,#3581));
#7708=EDGE_LOOP('',(#3582));
#7709=EDGE_LOOP('',(#3583));
#7710=EDGE_LOOP('',(#3584,#3585,#3586,#3587,#3588,#3589));
#7711=EDGE_LOOP('',(#3590,#3591,#3592,#3593,#3594,#3595,#3596,#3597,#3598,#3599,#3600));
#7712=EDGE_LOOP('',(#3601));
#7713=EDGE_LOOP('',(#3602,#3603,#3604,#3605,#3606,#3607,#3608));
#7714=EDGE_LOOP('',(#3609,#3610,#3611,#3612));
#7715=EDGE_LOOP('',(#3613,#3614,#3615,#3616));
#7716=EDGE_LOOP('',(#3617,#3618,#3619,#3620));
#7717=EDGE_LOOP('',(#3621));
#7718=EDGE_LOOP('',(#3622));
#7719=EDGE_LOOP('',(#3623,#3624,#3625,#3626));
#7720=EDGE_LOOP('',(#3627));
#7721=EDGE_LOOP('',(#3628));
#7722=EDGE_LOOP('',(#3629,#3630,#3631,#3632));
#7723=EDGE_LOOP('',(#3633,#3634,#3635,#3636));
#7724=EDGE_LOOP('',(#3637,#3638,#3639,#3640));
#7725=EDGE_LOOP('',(#3641,#3642,#3643,#3644));
#7726=EDGE_LOOP('',(#3645,#3646,#3647,#3648));
#7727=EDGE_LOOP('',(#3649,#3650,#3651,#3652));
#7728=EDGE_LOOP('',(#3653,#3654,#3655,#3656));
#7729=EDGE_LOOP('',(#3657));
#7730=EDGE_LOOP('',(#3658));
#7731=EDGE_LOOP('',(#3659,#3660,#3661,#3662));
#7732=EDGE_LOOP('',(#3663,#3664,#3665,#3666));
#7733=EDGE_LOOP('',(#3667,#3668,#3669,#3670));
#7734=EDGE_LOOP('',(#3671,#3672,#3673,#3674));
#7735=EDGE_LOOP('',(#3675,#3676,#3677,#3678));
#7736=EDGE_LOOP('',(#3679,#3680,#3681,#3682));
#7737=EDGE_LOOP('',(#3683,#3684,#3685,#3686));
#7738=EDGE_LOOP('',(#3687,#3688,#3689,#3690));
#7739=EDGE_LOOP('',(#3691,#3692,#3693,#3694));
#7740=EDGE_LOOP('',(#3695,#3696,#3697,#3698));
#7741=EDGE_LOOP('',(#3699,#3700,#3701,#3702));
#7742=EDGE_LOOP('',(#3703,#3704,#3705,#3706));
#7743=EDGE_LOOP('',(#3707,#3708,#3709,#3710));
#7744=EDGE_LOOP('',(#3711,#3712,#3713,#3714));
#7745=EDGE_LOOP('',(#3715,#3716,#3717,#3718));
#7746=EDGE_LOOP('',(#3719,#3720,#3721,#3722));
#7747=EDGE_LOOP('',(#3723,#3724,#3725,#3726));
#7748=EDGE_LOOP('',(#3727,#3728,#3729,#3730));
#7749=EDGE_LOOP('',(#3731,#3732,#3733,#3734));
#7750=EDGE_LOOP('',(#3735,#3736,#3737,#3738));
#7751=EDGE_LOOP('',(#3739,#3740,#3741,#3742));
#7752=EDGE_LOOP('',(#3743,#3744,#3745,#3746));
#7753=EDGE_LOOP('',(#3747,#3748,#3749,#3750));
#7754=EDGE_LOOP('',(#3751,#3752,#3753,#3754,#3755,#3756,#3757));
#7755=EDGE_LOOP('',(#3758,#3759,#3760,#3761));
#7756=EDGE_LOOP('',(#3762,#3763,#3764,#3765));
#7757=EDGE_LOOP('',(#3766,#3767,#3768,#3769));
#7758=EDGE_LOOP('',(#3770,#3771,#3772,#3773));
#7759=EDGE_LOOP('',(#3774));
#7760=EDGE_LOOP('',(#3775));
#7761=EDGE_LOOP('',(#3776,#3777,#3778,#3779,#3780));
#7762=EDGE_LOOP('',(#3781,#3782,#3783,#3784));
#7763=EDGE_LOOP('',(#3785,#3786,#3787,#3788));
#7764=EDGE_LOOP('',(#3789,#3790,#3791,#3792));
#7765=EDGE_LOOP('',(#3793,#3794,#3795,#3796));
#7766=EDGE_LOOP('',(#3797,#3798,#3799,#3800));
#7767=EDGE_LOOP('',(#3801));
#7768=EDGE_LOOP('',(#3802));
#7769=EDGE_LOOP('',(#3803));
#7770=EDGE_LOOP('',(#3804));
#7771=EDGE_LOOP('',(#3805,#3806,#3807,#3808,#3809,#3810,#3811,#3812));
#7772=EDGE_LOOP('',(#3813));
#7773=EDGE_LOOP('',(#3814));
#7774=EDGE_LOOP('',(#3815));
#7775=EDGE_LOOP('',(#3816,#3817,#3818,#3819,#3820,#3821,#3822,#3823,#3824,#3825,#3826,#3827,#3828,#3829,#3830,#3831));
#7776=EDGE_LOOP('',(#3832,#3833,#3834,#3835,#3836,#3837,#3838,#3839));
#7777=EDGE_LOOP('',(#3840));
#7778=EDGE_LOOP('',(#3841));
#7779=EDGE_LOOP('',(#3842));
#7780=EDGE_LOOP('',(#3843));
#7781=EDGE_LOOP('',(#3844));
#7782=EDGE_LOOP('',(#3845,#3846,#3847));
#7783=EDGE_LOOP('',(#3848,#3849,#3850));
#7784=EDGE_LOOP('',(#3851,#3852,#3853));
#7785=EDGE_LOOP('',(#3854,#3855,#3856));
#7786=EDGE_LOOP('',(#3857,#3858,#3859,#3860));
#7787=EDGE_LOOP('',(#3861,#3862,#3863));
#7788=EDGE_LOOP('',(#3864,#3865,#3866,#3867));
#7789=EDGE_LOOP('',(#3868,#3869,#3870));
#7790=EDGE_LOOP('',(#3871,#3872,#3873,#3874,#3875,#3876,#3877));
#7791=EDGE_LOOP('',(#3878,#3879,#3880,#3881));
#7792=EDGE_LOOP('',(#3882,#3883,#3884,#3885,#3886,#3887,#3888,#3889));
#7793=EDGE_LOOP('',(#3890,#3891,#3892,#3893));
#7794=EDGE_LOOP('',(#3894,#3895,#3896,#3897));
#7795=EDGE_LOOP('',(#3898,#3899,#3900,#3901));
#7796=EDGE_LOOP('',(#3902,#3903,#3904,#3905));
#7797=EDGE_LOOP('',(#3906,#3907,#3908,#3909,#3910,#3911,#3912,#3913));
#7798=EDGE_LOOP('',(#3914,#3915,#3916,#3917));
#7799=EDGE_LOOP('',(#3918,#3919,#3920,#3921,#3922,#3923,#3924,#3925));
#7800=EDGE_LOOP('',(#3926,#3927,#3928,#3929));
#7801=EDGE_LOOP('',(#3930,#3931,#3932,#3933));
#7802=EDGE_LOOP('',(#3934,#3935,#3936,#3937));
#7803=EDGE_LOOP('',(#3938,#3939,#3940,#3941));
#7804=EDGE_LOOP('',(#3942,#3943,#3944,#3945));
#7805=EDGE_LOOP('',(#3946,#3947,#3948,#3949));
#7806=EDGE_LOOP('',(#3950,#3951,#3952,#3953));
#7807=EDGE_LOOP('',(#3954,#3955,#3956,#3957));
#7808=EDGE_LOOP('',(#3958,#3959,#3960,#3961));
#7809=EDGE_LOOP('',(#3962,#3963,#3964,#3965,#3966,#3967,#3968,#3969,#3970));
#7810=EDGE_LOOP('',(#3971,#3972,#3973,#3974,#3975,#3976,#3977,#3978));
#7811=EDGE_LOOP('',(#3979,#3980,#3981,#3982));
#7812=EDGE_LOOP('',(#3983,#3984,#3985,#3986));
#7813=EDGE_LOOP('',(#3987,#3988,#3989,#3990));
#7814=EDGE_LOOP('',(#3991,#3992,#3993));
#7815=EDGE_LOOP('',(#3994,#3995,#3996));
#7816=EDGE_LOOP('',(#3997,#3998,#3999));
#7817=EDGE_LOOP('',(#4000,#4001,#4002));
#7818=EDGE_LOOP('',(#4003,#4004,#4005));
#7819=EDGE_LOOP('',(#4006,#4007,#4008));
#7820=EDGE_LOOP('',(#4009,#4010,#4011));
#7821=EDGE_LOOP('',(#4012,#4013,#4014));
#7822=EDGE_LOOP('',(#4015,#4016,#4017));
#7823=EDGE_LOOP('',(#4018,#4019,#4020));
#7824=EDGE_LOOP('',(#4021,#4022,#4023));
#7825=EDGE_LOOP('',(#4024,#4025,#4026));
#7826=EDGE_LOOP('',(#4027,#4028,#4029));
#7827=EDGE_LOOP('',(#4030,#4031,#4032));
#7828=EDGE_LOOP('',(#4033,#4034,#4035));
#7829=EDGE_LOOP('',(#4036,#4037,#4038));
#7830=EDGE_LOOP('',(#4039,#4040,#4041,#4042,#4043,#4044,#4045,#4046));
#7831=EDGE_LOOP('',(#4047,#4048,#4049,#4050));
#7832=EDGE_LOOP('',(#4051,#4052,#4053,#4054,#4055,#4056,#4057,#4058));
#7833=EDGE_LOOP('',(#4059,#4060,#4061,#4062));
#7834=EDGE_LOOP('',(#4063,#4064,#4065,#4066));
#7835=EDGE_LOOP('',(#4067));
#7836=EDGE_LOOP('',(#4068,#4069,#4070,#4071));
#7837=EDGE_LOOP('',(#4072,#4073,#4074,#4075));
#7838=EDGE_LOOP('',(#4076,#4077,#4078,#4079));
#7839=EDGE_LOOP('',(#4080,#4081,#4082,#4083,#4084,#4085,#4086,#4087,#4088,#4089));
#7840=EDGE_LOOP('',(#4090));
#7841=EDGE_LOOP('',(#4091));
#7842=EDGE_LOOP('',(#4092,#4093,#4094,#4095,#4096,#4097));
#7843=EDGE_LOOP('',(#4098,#4099,#4100,#4101,#4102,#4103,#4104,#4105,#4106,#4107,#4108));
#7844=EDGE_LOOP('',(#4109));
#7845=EDGE_LOOP('',(#4110,#4111,#4112,#4113,#4114,#4115,#4116));
#7846=EDGE_LOOP('',(#4117,#4118,#4119,#4120));
#7847=EDGE_LOOP('',(#4121,#4122,#4123,#4124));
#7848=EDGE_LOOP('',(#4125,#4126,#4127,#4128));
#7849=EDGE_LOOP('',(#4129));
#7850=EDGE_LOOP('',(#4130));
#7851=EDGE_LOOP('',(#4131,#4132,#4133,#4134));
#7852=EDGE_LOOP('',(#4135));
#7853=EDGE_LOOP('',(#4136));
#7854=EDGE_LOOP('',(#4137,#4138,#4139,#4140));
#7855=EDGE_LOOP('',(#4141,#4142,#4143,#4144));
#7856=EDGE_LOOP('',(#4145,#4146,#4147,#4148));
#7857=EDGE_LOOP('',(#4149,#4150,#4151,#4152));
#7858=EDGE_LOOP('',(#4153,#4154,#4155,#4156));
#7859=EDGE_LOOP('',(#4157,#4158,#4159,#4160));
#7860=EDGE_LOOP('',(#4161,#4162,#4163,#4164));
#7861=EDGE_LOOP('',(#4165));
#7862=EDGE_LOOP('',(#4166));
#7863=EDGE_LOOP('',(#4167,#4168,#4169,#4170));
#7864=EDGE_LOOP('',(#4171,#4172,#4173,#4174));
#7865=EDGE_LOOP('',(#4175,#4176,#4177,#4178));
#7866=EDGE_LOOP('',(#4179,#4180,#4181,#4182));
#7867=EDGE_LOOP('',(#4183,#4184,#4185,#4186));
#7868=EDGE_LOOP('',(#4187,#4188,#4189,#4190));
#7869=EDGE_LOOP('',(#4191,#4192,#4193,#4194));
#7870=EDGE_LOOP('',(#4195,#4196,#4197,#4198));
#7871=EDGE_LOOP('',(#4199,#4200,#4201,#4202));
#7872=EDGE_LOOP('',(#4203,#4204,#4205,#4206));
#7873=EDGE_LOOP('',(#4207,#4208,#4209,#4210));
#7874=EDGE_LOOP('',(#4211,#4212,#4213,#4214));
#7875=EDGE_LOOP('',(#4215,#4216,#4217,#4218));
#7876=EDGE_LOOP('',(#4219,#4220,#4221,#4222));
#7877=EDGE_LOOP('',(#4223,#4224,#4225,#4226));
#7878=EDGE_LOOP('',(#4227,#4228,#4229,#4230));
#7879=EDGE_LOOP('',(#4231,#4232,#4233,#4234));
#7880=EDGE_LOOP('',(#4235,#4236,#4237,#4238));
#7881=EDGE_LOOP('',(#4239,#4240,#4241,#4242));
#7882=EDGE_LOOP('',(#4243,#4244,#4245,#4246));
#7883=EDGE_LOOP('',(#4247,#4248,#4249,#4250));
#7884=EDGE_LOOP('',(#4251,#4252,#4253,#4254));
#7885=EDGE_LOOP('',(#4255,#4256,#4257,#4258));
#7886=EDGE_LOOP('',(#4259,#4260,#4261,#4262,#4263,#4264,#4265));
#7887=EDGE_LOOP('',(#4266,#4267,#4268,#4269));
#7888=EDGE_LOOP('',(#4270,#4271,#4272,#4273));
#7889=EDGE_LOOP('',(#4274,#4275,#4276,#4277));
#7890=EDGE_LOOP('',(#4278,#4279,#4280,#4281));
#7891=EDGE_LOOP('',(#4282));
#7892=EDGE_LOOP('',(#4283));
#7893=EDGE_LOOP('',(#4284,#4285,#4286,#4287,#4288));
#7894=EDGE_LOOP('',(#4289,#4290,#4291,#4292));
#7895=EDGE_LOOP('',(#4293,#4294,#4295,#4296));
#7896=EDGE_LOOP('',(#4297,#4298,#4299,#4300));
#7897=EDGE_LOOP('',(#4301,#4302,#4303,#4304));
#7898=EDGE_LOOP('',(#4305,#4306,#4307,#4308));
#7899=EDGE_LOOP('',(#4309));
#7900=EDGE_LOOP('',(#4310));
#7901=EDGE_LOOP('',(#4311));
#7902=EDGE_LOOP('',(#4312));
#7903=EDGE_LOOP('',(#4313,#4314,#4315,#4316,#4317,#4318,#4319,#4320));
#7904=EDGE_LOOP('',(#4321));
#7905=EDGE_LOOP('',(#4322));
#7906=EDGE_LOOP('',(#4323));
#7907=EDGE_LOOP('',(#4324,#4325,#4326,#4327,#4328,#4329,#4330,#4331,#4332,#4333,#4334,#4335,#4336,#4337,#4338,#4339));
#7908=EDGE_LOOP('',(#4340,#4341,#4342,#4343,#4344,#4345,#4346,#4347));
#7909=EDGE_LOOP('',(#4348));
#7910=EDGE_LOOP('',(#4349));
#7911=EDGE_LOOP('',(#4350));
#7912=EDGE_LOOP('',(#4351));
#7913=EDGE_LOOP('',(#4352));
#7914=EDGE_LOOP('',(#4353,#4354,#4355));
#7915=EDGE_LOOP('',(#4356,#4357,#4358));
#7916=EDGE_LOOP('',(#4359,#4360,#4361));
#7917=EDGE_LOOP('',(#4362,#4363,#4364));
#7918=EDGE_LOOP('',(#4365,#4366,#4367,#4368));
#7919=EDGE_LOOP('',(#4369,#4370,#4371));
#7920=EDGE_LOOP('',(#4372,#4373,#4374,#4375));
#7921=EDGE_LOOP('',(#4376,#4377,#4378));
#7922=EDGE_LOOP('',(#4379,#4380,#4381,#4382,#4383,#4384,#4385));
#7923=EDGE_LOOP('',(#4386,#4387,#4388,#4389));
#7924=EDGE_LOOP('',(#4390,#4391,#4392,#4393,#4394,#4395,#4396,#4397));
#7925=EDGE_LOOP('',(#4398,#4399,#4400,#4401));
#7926=EDGE_LOOP('',(#4402,#4403,#4404,#4405));
#7927=EDGE_LOOP('',(#4406,#4407,#4408,#4409));
#7928=EDGE_LOOP('',(#4410,#4411,#4412,#4413));
#7929=EDGE_LOOP('',(#4414,#4415,#4416,#4417,#4418,#4419,#4420,#4421));
#7930=EDGE_LOOP('',(#4422,#4423,#4424,#4425));
#7931=EDGE_LOOP('',(#4426,#4427,#4428,#4429,#4430,#4431,#4432,#4433));
#7932=EDGE_LOOP('',(#4434,#4435,#4436,#4437));
#7933=EDGE_LOOP('',(#4438,#4439,#4440,#4441));
#7934=EDGE_LOOP('',(#4442,#4443,#4444,#4445));
#7935=EDGE_LOOP('',(#4446,#4447,#4448,#4449));
#7936=EDGE_LOOP('',(#4450,#4451,#4452,#4453));
#7937=EDGE_LOOP('',(#4454,#4455,#4456,#4457));
#7938=EDGE_LOOP('',(#4458,#4459,#4460,#4461));
#7939=EDGE_LOOP('',(#4462,#4463,#4464,#4465));
#7940=EDGE_LOOP('',(#4466,#4467,#4468,#4469));
#7941=EDGE_LOOP('',(#4470,#4471,#4472,#4473,#4474,#4475,#4476,#4477,#4478));
#7942=EDGE_LOOP('',(#4479,#4480,#4481,#4482,#4483,#4484,#4485,#4486));
#7943=EDGE_LOOP('',(#4487,#4488,#4489,#4490));
#7944=EDGE_LOOP('',(#4491,#4492,#4493,#4494));
#7945=EDGE_LOOP('',(#4495,#4496,#4497,#4498));
#7946=EDGE_LOOP('',(#4499,#4500,#4501));
#7947=EDGE_LOOP('',(#4502,#4503,#4504));
#7948=EDGE_LOOP('',(#4505,#4506,#4507));
#7949=EDGE_LOOP('',(#4508,#4509,#4510));
#7950=EDGE_LOOP('',(#4511,#4512,#4513));
#7951=EDGE_LOOP('',(#4514,#4515,#4516));
#7952=EDGE_LOOP('',(#4517,#4518,#4519));
#7953=EDGE_LOOP('',(#4520,#4521,#4522));
#7954=EDGE_LOOP('',(#4523,#4524,#4525));
#7955=EDGE_LOOP('',(#4526,#4527,#4528));
#7956=EDGE_LOOP('',(#4529,#4530,#4531));
#7957=EDGE_LOOP('',(#4532,#4533,#4534));
#7958=EDGE_LOOP('',(#4535,#4536,#4537));
#7959=EDGE_LOOP('',(#4538,#4539,#4540));
#7960=EDGE_LOOP('',(#4541,#4542,#4543));
#7961=EDGE_LOOP('',(#4544,#4545,#4546));
#7962=EDGE_LOOP('',(#4547,#4548,#4549,#4550));
#7963=EDGE_LOOP('',(#4551,#4552,#4553,#4554));
#7964=EDGE_LOOP('',(#4555,#4556,#4557,#4558));
#7965=EDGE_LOOP('',(#4559,#4560,#4561,#4562));
#7966=EDGE_LOOP('',(#4563,#4564,#4565,#4566,#4567,#4568,#4569,#4570));
#7967=EDGE_LOOP('',(#4571,#4572,#4573,#4574,#4575,#4576));
#7968=EDGE_LOOP('',(#4577,#4578,#4579,#4580));
#7969=EDGE_LOOP('',(#4581,#4582,#4583,#4584));
#7970=EDGE_LOOP('',(#4585,#4586,#4587,#4588));
#7971=EDGE_LOOP('',(#4589,#4590,#4591,#4592));
#7972=EDGE_LOOP('',(#4593,#4594,#4595,#4596));
#7973=EDGE_LOOP('',(#4597));
#7974=EDGE_LOOP('',(#4598));
#7975=EDGE_LOOP('',(#4599));
#7976=EDGE_LOOP('',(#4600,#4601,#4602,#4603,#4604,#4605,#4606,#4607,#4608,#4609,#4610,#4611,#4612,#4613,#4614,#4615));
#7977=EDGE_LOOP('',(#4616));
#7978=EDGE_LOOP('',(#4617));
#7979=EDGE_LOOP('',(#4618));
#7980=EDGE_LOOP('',(#4619));
#7981=EDGE_LOOP('',(#4620));
#7982=EDGE_LOOP('',(#4621));
#7983=EDGE_LOOP('',(#4622));
#7984=EDGE_LOOP('',(#4623,#4624,#4625,#4626));
#7985=EDGE_LOOP('',(#4627,#4628,#4629,#4630));
#7986=EDGE_LOOP('',(#4631,#4632,#4633,#4634));
#7987=EDGE_LOOP('',(#4635,#4636,#4637,#4638));
#7988=EDGE_LOOP('',(#4639,#4640,#4641,#4642));
#7989=EDGE_LOOP('',(#4643,#4644,#4645,#4646));
#7990=EDGE_LOOP('',(#4647,#4648,#4649,#4650));
#7991=EDGE_LOOP('',(#4651,#4652,#4653,#4654));
#7992=EDGE_LOOP('',(#4655,#4656,#4657,#4658));
#7993=EDGE_LOOP('',(#4659,#4660,#4661,#4662));
#7994=EDGE_LOOP('',(#4663,#4664,#4665,#4666));
#7995=EDGE_LOOP('',(#4667,#4668,#4669,#4670));
#7996=EDGE_LOOP('',(#4671,#4672,#4673,#4674));
#7997=EDGE_LOOP('',(#4675,#4676,#4677,#4678));
#7998=EDGE_LOOP('',(#4679,#4680,#4681,#4682));
#7999=EDGE_LOOP('',(#4683));
#8000=EDGE_LOOP('',(#4684));
#8001=EDGE_LOOP('',(#4685));
#8002=EDGE_LOOP('',(#4686));
#8003=EDGE_LOOP('',(#4687));
#8004=EDGE_LOOP('',(#4688));
#8005=EDGE_LOOP('',(#4689,#4690,#4691,#4692));
#8006=EDGE_LOOP('',(#4693));
#8007=EDGE_LOOP('',(#4694));
#8008=EDGE_LOOP('',(#4695));
#8009=EDGE_LOOP('',(#4696));
#8010=EDGE_LOOP('',(#4697,#4698,#4699,#4700,#4701,#4702,#4703,#4704,#4705,#4706,#4707,#4708,#4709,#4710,#4711,#4712));
#8011=EDGE_LOOP('',(#4713));
#8012=EDGE_LOOP('',(#4714));
#8013=EDGE_LOOP('',(#4715));
#8014=EDGE_LOOP('',(#4716));
#8015=EDGE_LOOP('',(#4717));
#8016=EDGE_LOOP('',(#4718));
#8017=EDGE_LOOP('',(#4719));
#8018=EDGE_LOOP('',(#4720));
#8019=EDGE_LOOP('',(#4721));
#8020=EDGE_LOOP('',(#4722));
#8021=EDGE_LOOP('',(#4723));
#8022=EDGE_LOOP('',(#4724));
#8023=EDGE_LOOP('',(#4725));
#8024=EDGE_LOOP('',(#4726));
#8025=EDGE_LOOP('',(#4727));
#8026=EDGE_LOOP('',(#4728));
#8027=EDGE_LOOP('',(#4729));
#8028=EDGE_LOOP('',(#4730));
#8029=EDGE_LOOP('',(#4731));
#8030=EDGE_LOOP('',(#4732));
#8031=EDGE_LOOP('',(#4733));
#8032=EDGE_LOOP('',(#4734));
#8033=EDGE_LOOP('',(#4735));
#8034=EDGE_LOOP('',(#4736,#4737,#4738,#4739,#4740,#4741,#4742,#4743));
#8035=EDGE_LOOP('',(#4744));
#8036=EDGE_LOOP('',(#4745));
#8037=EDGE_LOOP('',(#4746));
#8038=EDGE_LOOP('',(#4747));
#8039=EDGE_LOOP('',(#4748));
#8040=EDGE_LOOP('',(#4749));
#8041=EDGE_LOOP('',(#4750));
#8042=EDGE_LOOP('',(#4751,#4752,#4753,#4754));
#8043=EDGE_LOOP('',(#4755,#4756,#4757,#4758));
#8044=EDGE_LOOP('',(#4759,#4760,#4761,#4762));
#8045=EDGE_LOOP('',(#4763,#4764,#4765,#4766));
#8046=EDGE_LOOP('',(#4767,#4768,#4769,#4770));
#8047=EDGE_LOOP('',(#4771,#4772,#4773,#4774));
#8048=EDGE_LOOP('',(#4775,#4776,#4777,#4778));
#8049=EDGE_LOOP('',(#4779));
#8050=EDGE_LOOP('',(#4780));
#8051=EDGE_LOOP('',(#4781));
#8052=EDGE_LOOP('',(#4782));
#8053=EDGE_LOOP('',(#4783));
#8054=EDGE_LOOP('',(#4784));
#8055=EDGE_LOOP('',(#4785,#4786,#4787,#4788));
#8056=EDGE_LOOP('',(#4789));
#8057=EDGE_LOOP('',(#4790));
#8058=EDGE_LOOP('',(#4791,#4792,#4793,#4794,#4795,#4796,#4797,#4798));
#8059=EDGE_LOOP('',(#4799));
#8060=EDGE_LOOP('',(#4800));
#8061=EDGE_LOOP('',(#4801));
#8062=EDGE_LOOP('',(#4802));
#8063=EDGE_LOOP('',(#4803));
#8064=EDGE_LOOP('',(#4804));
#8065=FACE_BOUND('',#7280,.T.);
#8066=FACE_BOUND('',#7281,.T.);
#8067=FACE_BOUND('',#7282,.T.);
#8068=FACE_BOUND('',#7283,.T.);
#8069=FACE_BOUND('',#7284,.T.);
#8070=FACE_BOUND('',#7285,.T.);
#8071=FACE_BOUND('',#7286,.T.);
#8072=FACE_BOUND('',#7287,.T.);
#8073=FACE_BOUND('',#7288,.T.);
#8074=FACE_BOUND('',#7289,.T.);
#8075=FACE_BOUND('',#7290,.T.);
#8076=FACE_BOUND('',#7291,.T.);
#8077=FACE_BOUND('',#7292,.T.);
#8078=FACE_BOUND('',#7293,.T.);
#8079=FACE_BOUND('',#7294,.T.);
#8080=FACE_BOUND('',#7295,.T.);
#8081=FACE_BOUND('',#7296,.T.);
#8082=FACE_BOUND('',#7297,.T.);
#8083=FACE_BOUND('',#7298,.T.);
#8084=FACE_BOUND('',#7299,.T.);
#8085=FACE_BOUND('',#7300,.T.);
#8086=FACE_BOUND('',#7301,.T.);
#8087=FACE_BOUND('',#7302,.T.);
#8088=FACE_BOUND('',#7303,.T.);
#8089=FACE_BOUND('',#7304,.T.);
#8090=FACE_BOUND('',#7305,.T.);
#8091=FACE_BOUND('',#7306,.T.);
#8092=FACE_BOUND('',#7307,.T.);
#8093=FACE_BOUND('',#7308,.T.);
#8094=FACE_BOUND('',#7309,.T.);
#8095=FACE_BOUND('',#7310,.T.);
#8096=FACE_BOUND('',#7311,.T.);
#8097=FACE_BOUND('',#7312,.T.);
#8098=FACE_BOUND('',#7313,.T.);
#8099=FACE_BOUND('',#7314,.T.);
#8100=FACE_BOUND('',#7315,.T.);
#8101=FACE_BOUND('',#7316,.T.);
#8102=FACE_BOUND('',#7317,.T.);
#8103=FACE_BOUND('',#7318,.T.);
#8104=FACE_BOUND('',#7319,.T.);
#8105=FACE_BOUND('',#7320,.T.);
#8106=FACE_BOUND('',#7321,.T.);
#8107=FACE_BOUND('',#7322,.T.);
#8108=FACE_BOUND('',#7323,.T.);
#8109=FACE_BOUND('',#7324,.T.);
#8110=FACE_BOUND('',#7325,.T.);
#8111=FACE_BOUND('',#7326,.T.);
#8112=FACE_BOUND('',#7327,.T.);
#8113=FACE_BOUND('',#7328,.T.);
#8114=FACE_BOUND('',#7329,.T.);
#8115=FACE_BOUND('',#7330,.T.);
#8116=FACE_BOUND('',#7331,.T.);
#8117=FACE_BOUND('',#7332,.T.);
#8118=FACE_BOUND('',#7333,.T.);
#8119=FACE_BOUND('',#7334,.T.);
#8120=FACE_BOUND('',#7335,.T.);
#8121=FACE_BOUND('',#7336,.T.);
#8122=FACE_BOUND('',#7337,.T.);
#8123=FACE_BOUND('',#7338,.T.);
#8124=FACE_BOUND('',#7339,.T.);
#8125=FACE_BOUND('',#7340,.T.);
#8126=FACE_BOUND('',#7341,.T.);
#8127=FACE_BOUND('',#7342,.T.);
#8128=FACE_BOUND('',#7343,.T.);
#8129=FACE_BOUND('',#7344,.T.);
#8130=FACE_BOUND('',#7345,.T.);
#8131=FACE_BOUND('',#7346,.T.);
#8132=FACE_BOUND('',#7347,.T.);
#8133=FACE_BOUND('',#7348,.T.);
#8134=FACE_BOUND('',#7349,.T.);
#8135=FACE_BOUND('',#7350,.T.);
#8136=FACE_BOUND('',#7351,.T.);
#8137=FACE_BOUND('',#7352,.T.);
#8138=FACE_BOUND('',#7353,.T.);
#8139=FACE_BOUND('',#7354,.T.);
#8140=FACE_BOUND('',#7355,.T.);
#8141=FACE_BOUND('',#7356,.T.);
#8142=FACE_BOUND('',#7357,.T.);
#8143=FACE_BOUND('',#7358,.T.);
#8144=FACE_BOUND('',#7359,.T.);
#8145=FACE_BOUND('',#7360,.T.);
#8146=FACE_BOUND('',#7361,.T.);
#8147=FACE_BOUND('',#7362,.T.);
#8148=FACE_BOUND('',#7363,.T.);
#8149=FACE_BOUND('',#7364,.T.);
#8150=FACE_BOUND('',#7365,.T.);
#8151=FACE_BOUND('',#7366,.T.);
#8152=FACE_BOUND('',#7367,.T.);
#8153=FACE_BOUND('',#7368,.T.);
#8154=FACE_BOUND('',#7369,.T.);
#8155=FACE_BOUND('',#7370,.T.);
#8156=FACE_BOUND('',#7371,.T.);
#8157=FACE_BOUND('',#7372,.T.);
#8158=FACE_BOUND('',#7373,.T.);
#8159=FACE_BOUND('',#7374,.T.);
#8160=FACE_BOUND('',#7375,.T.);
#8161=FACE_BOUND('',#7376,.T.);
#8162=FACE_BOUND('',#7377,.T.);
#8163=FACE_BOUND('',#7378,.T.);
#8164=FACE_BOUND('',#7379,.T.);
#8165=FACE_BOUND('',#7380,.T.);
#8166=FACE_BOUND('',#7381,.T.);
#8167=FACE_BOUND('',#7382,.T.);
#8168=FACE_BOUND('',#7383,.T.);
#8169=FACE_BOUND('',#7384,.T.);
#8170=FACE_BOUND('',#7385,.T.);
#8171=FACE_BOUND('',#7386,.T.);
#8172=FACE_BOUND('',#7387,.T.);
#8173=FACE_BOUND('',#7388,.T.);
#8174=FACE_BOUND('',#7389,.T.);
#8175=FACE_BOUND('',#7390,.T.);
#8176=FACE_BOUND('',#7391,.T.);
#8177=FACE_BOUND('',#7392,.T.);
#8178=FACE_BOUND('',#7393,.T.);
#8179=FACE_BOUND('',#7394,.T.);
#8180=FACE_BOUND('',#7395,.T.);
#8181=FACE_BOUND('',#7396,.T.);
#8182=FACE_BOUND('',#7397,.T.);
#8183=FACE_BOUND('',#7398,.T.);
#8184=FACE_BOUND('',#7399,.T.);
#8185=FACE_BOUND('',#7400,.T.);
#8186=FACE_BOUND('',#7401,.T.);
#8187=FACE_BOUND('',#7402,.T.);
#8188=FACE_BOUND('',#7403,.T.);
#8189=FACE_BOUND('',#7404,.T.);
#8190=FACE_BOUND('',#7405,.T.);
#8191=FACE_BOUND('',#7406,.T.);
#8192=FACE_BOUND('',#7407,.T.);
#8193=FACE_BOUND('',#7408,.T.);
#8194=FACE_BOUND('',#7409,.T.);
#8195=FACE_BOUND('',#7410,.T.);
#8196=FACE_BOUND('',#7411,.T.);
#8197=FACE_BOUND('',#7412,.T.);
#8198=FACE_BOUND('',#7413,.T.);
#8199=FACE_BOUND('',#7414,.T.);
#8200=FACE_BOUND('',#7415,.T.);
#8201=FACE_BOUND('',#7416,.T.);
#8202=FACE_BOUND('',#7417,.T.);
#8203=FACE_BOUND('',#7418,.T.);
#8204=FACE_BOUND('',#7419,.T.);
#8205=FACE_BOUND('',#7420,.T.);
#8206=FACE_BOUND('',#7421,.T.);
#8207=FACE_BOUND('',#7422,.T.);
#8208=FACE_BOUND('',#7423,.T.);
#8209=FACE_BOUND('',#7424,.T.);
#8210=FACE_BOUND('',#7425,.T.);
#8211=FACE_BOUND('',#7426,.T.);
#8212=FACE_BOUND('',#7427,.T.);
#8213=FACE_BOUND('',#7428,.T.);
#8214=FACE_BOUND('',#7429,.T.);
#8215=FACE_BOUND('',#7430,.T.);
#8216=FACE_BOUND('',#7431,.T.);
#8217=FACE_BOUND('',#7432,.T.);
#8218=FACE_BOUND('',#7433,.T.);
#8219=FACE_BOUND('',#7434,.T.);
#8220=FACE_BOUND('',#7435,.T.);
#8221=FACE_BOUND('',#7436,.T.);
#8222=FACE_BOUND('',#7437,.T.);
#8223=FACE_BOUND('',#7438,.T.);
#8224=FACE_BOUND('',#7439,.T.);
#8225=FACE_BOUND('',#7440,.T.);
#8226=FACE_BOUND('',#7441,.T.);
#8227=FACE_BOUND('',#7442,.T.);
#8228=FACE_BOUND('',#7443,.T.);
#8229=FACE_BOUND('',#7444,.T.);
#8230=FACE_BOUND('',#7445,.T.);
#8231=FACE_BOUND('',#7446,.T.);
#8232=FACE_BOUND('',#7447,.T.);
#8233=FACE_BOUND('',#7448,.T.);
#8234=FACE_BOUND('',#7449,.T.);
#8235=FACE_BOUND('',#7450,.T.);
#8236=FACE_BOUND('',#7451,.T.);
#8237=FACE_BOUND('',#7452,.T.);
#8238=FACE_BOUND('',#7453,.T.);
#8239=FACE_BOUND('',#7454,.T.);
#8240=FACE_BOUND('',#7455,.T.);
#8241=FACE_BOUND('',#7456,.T.);
#8242=FACE_BOUND('',#7457,.T.);
#8243=FACE_BOUND('',#7458,.T.);
#8244=FACE_BOUND('',#7459,.T.);
#8245=FACE_BOUND('',#7460,.T.);
#8246=FACE_BOUND('',#7461,.T.);
#8247=FACE_BOUND('',#7462,.T.);
#8248=FACE_BOUND('',#7463,.T.);
#8249=FACE_BOUND('',#7464,.T.);
#8250=FACE_BOUND('',#7465,.T.);
#8251=FACE_BOUND('',#7466,.T.);
#8252=FACE_BOUND('',#7467,.T.);
#8253=FACE_BOUND('',#7468,.T.);
#8254=FACE_BOUND('',#7469,.T.);
#8255=FACE_BOUND('',#7470,.T.);
#8256=FACE_BOUND('',#7471,.T.);
#8257=FACE_BOUND('',#7472,.T.);
#8258=FACE_BOUND('',#7473,.T.);
#8259=FACE_BOUND('',#7474,.T.);
#8260=FACE_BOUND('',#7475,.T.);
#8261=FACE_BOUND('',#7476,.T.);
#8262=FACE_BOUND('',#7477,.T.);
#8263=FACE_BOUND('',#7478,.T.);
#8264=FACE_BOUND('',#7479,.T.);
#8265=FACE_BOUND('',#7480,.T.);
#8266=FACE_BOUND('',#7481,.T.);
#8267=FACE_BOUND('',#7482,.T.);
#8268=FACE_BOUND('',#7483,.T.);
#8269=FACE_BOUND('',#7484,.T.);
#8270=FACE_BOUND('',#7485,.T.);
#8271=FACE_BOUND('',#7486,.T.);
#8272=FACE_BOUND('',#7487,.T.);
#8273=FACE_BOUND('',#7488,.T.);
#8274=FACE_BOUND('',#7489,.T.);
#8275=FACE_BOUND('',#7490,.T.);
#8276=FACE_BOUND('',#7491,.T.);
#8277=FACE_BOUND('',#7492,.T.);
#8278=FACE_BOUND('',#7493,.T.);
#8279=FACE_BOUND('',#7494,.T.);
#8280=FACE_BOUND('',#7495,.T.);
#8281=FACE_BOUND('',#7496,.T.);
#8282=FACE_BOUND('',#7497,.T.);
#8283=FACE_BOUND('',#7498,.T.);
#8284=FACE_BOUND('',#7499,.T.);
#8285=FACE_BOUND('',#7500,.T.);
#8286=FACE_BOUND('',#7501,.T.);
#8287=FACE_BOUND('',#7502,.T.);
#8288=FACE_BOUND('',#7503,.T.);
#8289=FACE_BOUND('',#7504,.T.);
#8290=FACE_BOUND('',#7505,.T.);
#8291=FACE_BOUND('',#7506,.T.);
#8292=FACE_BOUND('',#7507,.T.);
#8293=FACE_BOUND('',#7508,.T.);
#8294=FACE_BOUND('',#7509,.T.);
#8295=FACE_BOUND('',#7510,.T.);
#8296=FACE_BOUND('',#7511,.T.);
#8297=FACE_BOUND('',#7512,.T.);
#8298=FACE_BOUND('',#7513,.T.);
#8299=FACE_BOUND('',#7514,.T.);
#8300=FACE_BOUND('',#7515,.T.);
#8301=FACE_BOUND('',#7516,.T.);
#8302=FACE_BOUND('',#7517,.T.);
#8303=FACE_BOUND('',#7518,.T.);
#8304=FACE_BOUND('',#7519,.T.);
#8305=FACE_BOUND('',#7520,.T.);
#8306=FACE_BOUND('',#7521,.T.);
#8307=FACE_BOUND('',#7522,.T.);
#8308=FACE_BOUND('',#7523,.T.);
#8309=FACE_BOUND('',#7524,.T.);
#8310=FACE_BOUND('',#7525,.T.);
#8311=FACE_BOUND('',#7526,.T.);
#8312=FACE_BOUND('',#7527,.T.);
#8313=FACE_BOUND('',#7528,.T.);
#8314=FACE_BOUND('',#7529,.T.);
#8315=FACE_BOUND('',#7530,.T.);
#8316=FACE_BOUND('',#7531,.T.);
#8317=FACE_BOUND('',#7532,.T.);
#8318=FACE_BOUND('',#7533,.T.);
#8319=FACE_BOUND('',#7534,.T.);
#8320=FACE_BOUND('',#7535,.T.);
#8321=FACE_BOUND('',#7536,.T.);
#8322=FACE_BOUND('',#7537,.T.);
#8323=FACE_BOUND('',#7538,.T.);
#8324=FACE_BOUND('',#7539,.T.);
#8325=FACE_BOUND('',#7540,.T.);
#8326=FACE_BOUND('',#7541,.T.);
#8327=FACE_BOUND('',#7542,.T.);
#8328=FACE_BOUND('',#7543,.T.);
#8329=FACE_BOUND('',#7544,.T.);
#8330=FACE_BOUND('',#7545,.T.);
#8331=FACE_BOUND('',#7546,.T.);
#8332=FACE_BOUND('',#7547,.T.);
#8333=FACE_BOUND('',#7548,.T.);
#8334=FACE_BOUND('',#7549,.T.);
#8335=FACE_BOUND('',#7550,.T.);
#8336=FACE_BOUND('',#7551,.T.);
#8337=FACE_BOUND('',#7552,.T.);
#8338=FACE_BOUND('',#7553,.T.);
#8339=FACE_BOUND('',#7554,.T.);
#8340=FACE_BOUND('',#7555,.T.);
#8341=FACE_BOUND('',#7556,.T.);
#8342=FACE_BOUND('',#7557,.T.);
#8343=FACE_BOUND('',#7558,.T.);
#8344=FACE_BOUND('',#7559,.T.);
#8345=FACE_BOUND('',#7560,.T.);
#8346=FACE_BOUND('',#7561,.T.);
#8347=FACE_BOUND('',#7562,.T.);
#8348=FACE_BOUND('',#7563,.T.);
#8349=FACE_BOUND('',#7564,.T.);
#8350=FACE_BOUND('',#7565,.T.);
#8351=FACE_BOUND('',#7566,.T.);
#8352=FACE_BOUND('',#7567,.T.);
#8353=FACE_BOUND('',#7568,.T.);
#8354=FACE_BOUND('',#7569,.T.);
#8355=FACE_BOUND('',#7570,.T.);
#8356=FACE_BOUND('',#7571,.T.);
#8357=FACE_BOUND('',#7572,.T.);
#8358=FACE_BOUND('',#7573,.T.);
#8359=FACE_BOUND('',#7574,.T.);
#8360=FACE_BOUND('',#7575,.T.);
#8361=FACE_BOUND('',#7576,.T.);
#8362=FACE_BOUND('',#7577,.T.);
#8363=FACE_BOUND('',#7578,.T.);
#8364=FACE_BOUND('',#7579,.T.);
#8365=FACE_BOUND('',#7580,.T.);
#8366=FACE_BOUND('',#7581,.T.);
#8367=FACE_BOUND('',#7582,.T.);
#8368=FACE_BOUND('',#7583,.T.);
#8369=FACE_BOUND('',#7584,.T.);
#8370=FACE_BOUND('',#7585,.T.);
#8371=FACE_BOUND('',#7586,.T.);
#8372=FACE_BOUND('',#7587,.T.);
#8373=FACE_BOUND('',#7588,.T.);
#8374=FACE_BOUND('',#7589,.T.);
#8375=FACE_BOUND('',#7590,.T.);
#8376=FACE_BOUND('',#7591,.T.);
#8377=FACE_BOUND('',#7592,.T.);
#8378=FACE_BOUND('',#7593,.T.);
#8379=FACE_BOUND('',#7594,.T.);
#8380=FACE_BOUND('',#7595,.T.);
#8381=FACE_BOUND('',#7596,.T.);
#8382=FACE_BOUND('',#7597,.T.);
#8383=FACE_BOUND('',#7598,.T.);
#8384=FACE_BOUND('',#7599,.T.);
#8385=FACE_BOUND('',#7600,.T.);
#8386=FACE_BOUND('',#7601,.T.);
#8387=FACE_BOUND('',#7602,.T.);
#8388=FACE_BOUND('',#7603,.T.);
#8389=FACE_BOUND('',#7604,.T.);
#8390=FACE_BOUND('',#7605,.T.);
#8391=FACE_BOUND('',#7606,.T.);
#8392=FACE_BOUND('',#7607,.T.);
#8393=FACE_BOUND('',#7608,.T.);
#8394=FACE_BOUND('',#7609,.T.);
#8395=FACE_BOUND('',#7610,.T.);
#8396=FACE_BOUND('',#7611,.T.);
#8397=FACE_BOUND('',#7612,.T.);
#8398=FACE_BOUND('',#7613,.T.);
#8399=FACE_BOUND('',#7614,.T.);
#8400=FACE_BOUND('',#7615,.T.);
#8401=FACE_BOUND('',#7616,.T.);
#8402=FACE_BOUND('',#7617,.T.);
#8403=FACE_BOUND('',#7618,.T.);
#8404=FACE_BOUND('',#7619,.T.);
#8405=FACE_BOUND('',#7620,.T.);
#8406=FACE_BOUND('',#7621,.T.);
#8407=FACE_BOUND('',#7622,.T.);
#8408=FACE_BOUND('',#7623,.T.);
#8409=FACE_BOUND('',#7624,.T.);
#8410=FACE_BOUND('',#7625,.T.);
#8411=FACE_BOUND('',#7626,.T.);
#8412=FACE_BOUND('',#7627,.T.);
#8413=FACE_BOUND('',#7628,.T.);
#8414=FACE_BOUND('',#7629,.T.);
#8415=FACE_BOUND('',#7630,.T.);
#8416=FACE_BOUND('',#7631,.T.);
#8417=FACE_BOUND('',#7632,.T.);
#8418=FACE_BOUND('',#7633,.T.);
#8419=FACE_BOUND('',#7634,.T.);
#8420=FACE_BOUND('',#7635,.T.);
#8421=FACE_BOUND('',#7636,.T.);
#8422=FACE_BOUND('',#7637,.T.);
#8423=FACE_BOUND('',#7638,.T.);
#8424=FACE_BOUND('',#7639,.T.);
#8425=FACE_BOUND('',#7640,.T.);
#8426=FACE_BOUND('',#7641,.T.);
#8427=FACE_BOUND('',#7642,.T.);
#8428=FACE_BOUND('',#7643,.T.);
#8429=FACE_BOUND('',#7644,.T.);
#8430=FACE_BOUND('',#7645,.T.);
#8431=FACE_BOUND('',#7646,.T.);
#8432=FACE_BOUND('',#7647,.T.);
#8433=FACE_BOUND('',#7648,.T.);
#8434=FACE_BOUND('',#7649,.T.);
#8435=FACE_BOUND('',#7650,.T.);
#8436=FACE_BOUND('',#7651,.T.);
#8437=FACE_BOUND('',#7652,.T.);
#8438=FACE_BOUND('',#7653,.T.);
#8439=FACE_BOUND('',#7654,.T.);
#8440=FACE_BOUND('',#7655,.T.);
#8441=FACE_BOUND('',#7656,.T.);
#8442=FACE_BOUND('',#7657,.T.);
#8443=FACE_BOUND('',#7658,.T.);
#8444=FACE_BOUND('',#7659,.T.);
#8445=FACE_BOUND('',#7660,.T.);
#8446=FACE_BOUND('',#7661,.T.);
#8447=FACE_BOUND('',#7662,.T.);
#8448=FACE_BOUND('',#7663,.T.);
#8449=FACE_BOUND('',#7664,.T.);
#8450=FACE_BOUND('',#7665,.T.);
#8451=FACE_BOUND('',#7666,.T.);
#8452=FACE_BOUND('',#7667,.T.);
#8453=FACE_BOUND('',#7668,.T.);
#8454=FACE_BOUND('',#7669,.T.);
#8455=FACE_BOUND('',#7670,.T.);
#8456=FACE_BOUND('',#7671,.T.);
#8457=FACE_BOUND('',#7672,.T.);
#8458=FACE_BOUND('',#7673,.T.);
#8459=FACE_BOUND('',#7674,.T.);
#8460=FACE_BOUND('',#7675,.T.);
#8461=FACE_BOUND('',#7676,.T.);
#8462=FACE_BOUND('',#7677,.T.);
#8463=FACE_BOUND('',#7678,.T.);
#8464=FACE_BOUND('',#7679,.T.);
#8465=FACE_BOUND('',#7680,.T.);
#8466=FACE_BOUND('',#7681,.T.);
#8467=FACE_BOUND('',#7682,.T.);
#8468=FACE_BOUND('',#7683,.T.);
#8469=FACE_BOUND('',#7684,.T.);
#8470=FACE_BOUND('',#7685,.T.);
#8471=FACE_BOUND('',#7686,.T.);
#8472=FACE_BOUND('',#7687,.T.);
#8473=FACE_BOUND('',#7688,.T.);
#8474=FACE_BOUND('',#7689,.T.);
#8475=FACE_BOUND('',#7690,.T.);
#8476=FACE_BOUND('',#7691,.T.);
#8477=FACE_BOUND('',#7692,.T.);
#8478=FACE_BOUND('',#7693,.T.);
#8479=FACE_BOUND('',#7694,.T.);
#8480=FACE_BOUND('',#7695,.T.);
#8481=FACE_BOUND('',#7696,.T.);
#8482=FACE_BOUND('',#7697,.T.);
#8483=FACE_BOUND('',#7698,.T.);
#8484=FACE_BOUND('',#7699,.T.);
#8485=FACE_BOUND('',#7700,.T.);
#8486=FACE_BOUND('',#7701,.T.);
#8487=FACE_BOUND('',#7702,.T.);
#8488=FACE_BOUND('',#7703,.T.);
#8489=FACE_BOUND('',#7704,.T.);
#8490=FACE_BOUND('',#7705,.T.);
#8491=FACE_BOUND('',#7706,.T.);
#8492=FACE_BOUND('',#7707,.T.);
#8493=FACE_BOUND('',#7708,.T.);
#8494=FACE_BOUND('',#7709,.T.);
#8495=FACE_BOUND('',#7710,.T.);
#8496=FACE_BOUND('',#7711,.T.);
#8497=FACE_BOUND('',#7712,.T.);
#8498=FACE_BOUND('',#7713,.T.);
#8499=FACE_BOUND('',#7714,.T.);
#8500=FACE_BOUND('',#7715,.T.);
#8501=FACE_BOUND('',#7716,.T.);
#8502=FACE_BOUND('',#7717,.T.);
#8503=FACE_BOUND('',#7718,.T.);
#8504=FACE_BOUND('',#7719,.T.);
#8505=FACE_BOUND('',#7720,.T.);
#8506=FACE_BOUND('',#7721,.T.);
#8507=FACE_BOUND('',#7722,.T.);
#8508=FACE_BOUND('',#7723,.T.);
#8509=FACE_BOUND('',#7724,.T.);
#8510=FACE_BOUND('',#7725,.T.);
#8511=FACE_BOUND('',#7726,.T.);
#8512=FACE_BOUND('',#7727,.T.);
#8513=FACE_BOUND('',#7728,.T.);
#8514=FACE_BOUND('',#7729,.T.);
#8515=FACE_BOUND('',#7730,.T.);
#8516=FACE_BOUND('',#7731,.T.);
#8517=FACE_BOUND('',#7732,.T.);
#8518=FACE_BOUND('',#7733,.T.);
#8519=FACE_BOUND('',#7734,.T.);
#8520=FACE_BOUND('',#7735,.T.);
#8521=FACE_BOUND('',#7736,.T.);
#8522=FACE_BOUND('',#7737,.T.);
#8523=FACE_BOUND('',#7738,.T.);
#8524=FACE_BOUND('',#7739,.T.);
#8525=FACE_BOUND('',#7740,.T.);
#8526=FACE_BOUND('',#7741,.T.);
#8527=FACE_BOUND('',#7742,.T.);
#8528=FACE_BOUND('',#7743,.T.);
#8529=FACE_BOUND('',#7744,.T.);
#8530=FACE_BOUND('',#7745,.T.);
#8531=FACE_BOUND('',#7746,.T.);
#8532=FACE_BOUND('',#7747,.T.);
#8533=FACE_BOUND('',#7748,.T.);
#8534=FACE_BOUND('',#7749,.T.);
#8535=FACE_BOUND('',#7750,.T.);
#8536=FACE_BOUND('',#7751,.T.);
#8537=FACE_BOUND('',#7752,.T.);
#8538=FACE_BOUND('',#7753,.T.);
#8539=FACE_BOUND('',#7754,.T.);
#8540=FACE_BOUND('',#7755,.T.);
#8541=FACE_BOUND('',#7756,.T.);
#8542=FACE_BOUND('',#7757,.T.);
#8543=FACE_BOUND('',#7758,.T.);
#8544=FACE_BOUND('',#7759,.T.);
#8545=FACE_BOUND('',#7760,.T.);
#8546=FACE_BOUND('',#7761,.T.);
#8547=FACE_BOUND('',#7762,.T.);
#8548=FACE_BOUND('',#7763,.T.);
#8549=FACE_BOUND('',#7764,.T.);
#8550=FACE_BOUND('',#7765,.T.);
#8551=FACE_BOUND('',#7766,.T.);
#8552=FACE_BOUND('',#7767,.T.);
#8553=FACE_BOUND('',#7768,.T.);
#8554=FACE_BOUND('',#7769,.T.);
#8555=FACE_BOUND('',#7770,.T.);
#8556=FACE_BOUND('',#7771,.T.);
#8557=FACE_BOUND('',#7772,.T.);
#8558=FACE_BOUND('',#7773,.T.);
#8559=FACE_BOUND('',#7774,.T.);
#8560=FACE_BOUND('',#7775,.T.);
#8561=FACE_BOUND('',#7776,.T.);
#8562=FACE_BOUND('',#7777,.T.);
#8563=FACE_BOUND('',#7778,.T.);
#8564=FACE_BOUND('',#7779,.T.);
#8565=FACE_BOUND('',#7780,.T.);
#8566=FACE_BOUND('',#7781,.T.);
#8567=FACE_BOUND('',#7782,.T.);
#8568=FACE_BOUND('',#7783,.T.);
#8569=FACE_BOUND('',#7784,.T.);
#8570=FACE_BOUND('',#7785,.T.);
#8571=FACE_BOUND('',#7786,.T.);
#8572=FACE_BOUND('',#7787,.T.);
#8573=FACE_BOUND('',#7788,.T.);
#8574=FACE_BOUND('',#7789,.T.);
#8575=FACE_BOUND('',#7790,.T.);
#8576=FACE_BOUND('',#7791,.T.);
#8577=FACE_BOUND('',#7792,.T.);
#8578=FACE_BOUND('',#7793,.T.);
#8579=FACE_BOUND('',#7794,.T.);
#8580=FACE_BOUND('',#7795,.T.);
#8581=FACE_BOUND('',#7796,.T.);
#8582=FACE_BOUND('',#7797,.T.);
#8583=FACE_BOUND('',#7798,.T.);
#8584=FACE_BOUND('',#7799,.T.);
#8585=FACE_BOUND('',#7800,.T.);
#8586=FACE_BOUND('',#7801,.T.);
#8587=FACE_BOUND('',#7802,.T.);
#8588=FACE_BOUND('',#7803,.T.);
#8589=FACE_BOUND('',#7804,.T.);
#8590=FACE_BOUND('',#7805,.T.);
#8591=FACE_BOUND('',#7806,.T.);
#8592=FACE_BOUND('',#7807,.T.);
#8593=FACE_BOUND('',#7808,.T.);
#8594=FACE_BOUND('',#7809,.T.);
#8595=FACE_BOUND('',#7810,.T.);
#8596=FACE_BOUND('',#7811,.T.);
#8597=FACE_BOUND('',#7812,.T.);
#8598=FACE_BOUND('',#7813,.T.);
#8599=FACE_BOUND('',#7814,.T.);
#8600=FACE_BOUND('',#7815,.T.);
#8601=FACE_BOUND('',#7816,.T.);
#8602=FACE_BOUND('',#7817,.T.);
#8603=FACE_BOUND('',#7818,.T.);
#8604=FACE_BOUND('',#7819,.T.);
#8605=FACE_BOUND('',#7820,.T.);
#8606=FACE_BOUND('',#7821,.T.);
#8607=FACE_BOUND('',#7822,.T.);
#8608=FACE_BOUND('',#7823,.T.);
#8609=FACE_BOUND('',#7824,.T.);
#8610=FACE_BOUND('',#7825,.T.);
#8611=FACE_BOUND('',#7826,.T.);
#8612=FACE_BOUND('',#7827,.T.);
#8613=FACE_BOUND('',#7828,.T.);
#8614=FACE_BOUND('',#7829,.T.);
#8615=FACE_BOUND('',#7830,.T.);
#8616=FACE_BOUND('',#7831,.T.);
#8617=FACE_BOUND('',#7832,.T.);
#8618=FACE_BOUND('',#7833,.T.);
#8619=FACE_BOUND('',#7834,.T.);
#8620=FACE_BOUND('',#7835,.T.);
#8621=FACE_BOUND('',#7836,.T.);
#8622=FACE_BOUND('',#7837,.T.);
#8623=FACE_BOUND('',#7838,.T.);
#8624=FACE_BOUND('',#7839,.T.);
#8625=FACE_BOUND('',#7840,.T.);
#8626=FACE_BOUND('',#7841,.T.);
#8627=FACE_BOUND('',#7842,.T.);
#8628=FACE_BOUND('',#7843,.T.);
#8629=FACE_BOUND('',#7844,.T.);
#8630=FACE_BOUND('',#7845,.T.);
#8631=FACE_BOUND('',#7846,.T.);
#8632=FACE_BOUND('',#7847,.T.);
#8633=FACE_BOUND('',#7848,.T.);
#8634=FACE_BOUND('',#7849,.T.);
#8635=FACE_BOUND('',#7850,.T.);
#8636=FACE_BOUND('',#7851,.T.);
#8637=FACE_BOUND('',#7852,.T.);
#8638=FACE_BOUND('',#7853,.T.);
#8639=FACE_BOUND('',#7854,.T.);
#8640=FACE_BOUND('',#7855,.T.);
#8641=FACE_BOUND('',#7856,.T.);
#8642=FACE_BOUND('',#7857,.T.);
#8643=FACE_BOUND('',#7858,.T.);
#8644=FACE_BOUND('',#7859,.T.);
#8645=FACE_BOUND('',#7860,.T.);
#8646=FACE_BOUND('',#7861,.T.);
#8647=FACE_BOUND('',#7862,.T.);
#8648=FACE_BOUND('',#7863,.T.);
#8649=FACE_BOUND('',#7864,.T.);
#8650=FACE_BOUND('',#7865,.T.);
#8651=FACE_BOUND('',#7866,.T.);
#8652=FACE_BOUND('',#7867,.T.);
#8653=FACE_BOUND('',#7868,.T.);
#8654=FACE_BOUND('',#7869,.T.);
#8655=FACE_BOUND('',#7870,.T.);
#8656=FACE_BOUND('',#7871,.T.);
#8657=FACE_BOUND('',#7872,.T.);
#8658=FACE_BOUND('',#7873,.T.);
#8659=FACE_BOUND('',#7874,.T.);
#8660=FACE_BOUND('',#7875,.T.);
#8661=FACE_BOUND('',#7876,.T.);
#8662=FACE_BOUND('',#7877,.T.);
#8663=FACE_BOUND('',#7878,.T.);
#8664=FACE_BOUND('',#7879,.T.);
#8665=FACE_BOUND('',#7880,.T.);
#8666=FACE_BOUND('',#7881,.T.);
#8667=FACE_BOUND('',#7882,.T.);
#8668=FACE_BOUND('',#7883,.T.);
#8669=FACE_BOUND('',#7884,.T.);
#8670=FACE_BOUND('',#7885,.T.);
#8671=FACE_BOUND('',#7886,.T.);
#8672=FACE_BOUND('',#7887,.T.);
#8673=FACE_BOUND('',#7888,.T.);
#8674=FACE_BOUND('',#7889,.T.);
#8675=FACE_BOUND('',#7890,.T.);
#8676=FACE_BOUND('',#7891,.T.);
#8677=FACE_BOUND('',#7892,.T.);
#8678=FACE_BOUND('',#7893,.T.);
#8679=FACE_BOUND('',#7894,.T.);
#8680=FACE_BOUND('',#7895,.T.);
#8681=FACE_BOUND('',#7896,.T.);
#8682=FACE_BOUND('',#7897,.T.);
#8683=FACE_BOUND('',#7898,.T.);
#8684=FACE_BOUND('',#7899,.T.);
#8685=FACE_BOUND('',#7900,.T.);
#8686=FACE_BOUND('',#7901,.T.);
#8687=FACE_BOUND('',#7902,.T.);
#8688=FACE_BOUND('',#7903,.T.);
#8689=FACE_BOUND('',#7904,.T.);
#8690=FACE_BOUND('',#7905,.T.);
#8691=FACE_BOUND('',#7906,.T.);
#8692=FACE_BOUND('',#7907,.T.);
#8693=FACE_BOUND('',#7908,.T.);
#8694=FACE_BOUND('',#7909,.T.);
#8695=FACE_BOUND('',#7910,.T.);
#8696=FACE_BOUND('',#7911,.T.);
#8697=FACE_BOUND('',#7912,.T.);
#8698=FACE_BOUND('',#7913,.T.);
#8699=FACE_BOUND('',#7914,.T.);
#8700=FACE_BOUND('',#7915,.T.);
#8701=FACE_BOUND('',#7916,.T.);
#8702=FACE_BOUND('',#7917,.T.);
#8703=FACE_BOUND('',#7918,.T.);
#8704=FACE_BOUND('',#7919,.T.);
#8705=FACE_BOUND('',#7920,.T.);
#8706=FACE_BOUND('',#7921,.T.);
#8707=FACE_BOUND('',#7922,.T.);
#8708=FACE_BOUND('',#7923,.T.);
#8709=FACE_BOUND('',#7924,.T.);
#8710=FACE_BOUND('',#7925,.T.);
#8711=FACE_BOUND('',#7926,.T.);
#8712=FACE_BOUND('',#7927,.T.);
#8713=FACE_BOUND('',#7928,.T.);
#8714=FACE_BOUND('',#7929,.T.);
#8715=FACE_BOUND('',#7930,.T.);
#8716=FACE_BOUND('',#7931,.T.);
#8717=FACE_BOUND('',#7932,.T.);
#8718=FACE_BOUND('',#7933,.T.);
#8719=FACE_BOUND('',#7934,.T.);
#8720=FACE_BOUND('',#7935,.T.);
#8721=FACE_BOUND('',#7936,.T.);
#8722=FACE_BOUND('',#7937,.T.);
#8723=FACE_BOUND('',#7938,.T.);
#8724=FACE_BOUND('',#7939,.T.);
#8725=FACE_BOUND('',#7940,.T.);
#8726=FACE_BOUND('',#7941,.T.);
#8727=FACE_BOUND('',#7942,.T.);
#8728=FACE_BOUND('',#7943,.T.);
#8729=FACE_BOUND('',#7944,.T.);
#8730=FACE_BOUND('',#7945,.T.);
#8731=FACE_BOUND('',#7946,.T.);
#8732=FACE_BOUND('',#7947,.T.);
#8733=FACE_BOUND('',#7948,.T.);
#8734=FACE_BOUND('',#7949,.T.);
#8735=FACE_BOUND('',#7950,.T.);
#8736=FACE_BOUND('',#7951,.T.);
#8737=FACE_BOUND('',#7952,.T.);
#8738=FACE_BOUND('',#7953,.T.);
#8739=FACE_BOUND('',#7954,.T.);
#8740=FACE_BOUND('',#7955,.T.);
#8741=FACE_BOUND('',#7956,.T.);
#8742=FACE_BOUND('',#7957,.T.);
#8743=FACE_BOUND('',#7958,.T.);
#8744=FACE_BOUND('',#7959,.T.);
#8745=FACE_BOUND('',#7960,.T.);
#8746=FACE_BOUND('',#7961,.T.);
#8747=FACE_BOUND('',#7962,.T.);
#8748=FACE_BOUND('',#7963,.T.);
#8749=FACE_BOUND('',#7964,.T.);
#8750=FACE_BOUND('',#7965,.T.);
#8751=FACE_BOUND('',#7966,.T.);
#8752=FACE_BOUND('',#7967,.T.);
#8753=FACE_BOUND('',#7968,.T.);
#8754=FACE_BOUND('',#7969,.T.);
#8755=FACE_BOUND('',#7970,.T.);
#8756=FACE_BOUND('',#7971,.T.);
#8757=FACE_BOUND('',#7972,.T.);
#8758=FACE_BOUND('',#7973,.T.);
#8759=FACE_BOUND('',#7974,.T.);
#8760=FACE_BOUND('',#7975,.T.);
#8761=FACE_BOUND('',#7976,.T.);
#8762=FACE_BOUND('',#7977,.T.);
#8763=FACE_BOUND('',#7978,.T.);
#8764=FACE_BOUND('',#7979,.T.);
#8765=FACE_BOUND('',#7980,.T.);
#8766=FACE_BOUND('',#7981,.T.);
#8767=FACE_BOUND('',#7982,.T.);
#8768=FACE_BOUND('',#7983,.T.);
#8769=FACE_BOUND('',#7984,.T.);
#8770=FACE_BOUND('',#7985,.T.);
#8771=FACE_BOUND('',#7986,.T.);
#8772=FACE_BOUND('',#7987,.T.);
#8773=FACE_BOUND('',#7988,.T.);
#8774=FACE_BOUND('',#7989,.T.);
#8775=FACE_BOUND('',#7990,.T.);
#8776=FACE_BOUND('',#7991,.T.);
#8777=FACE_BOUND('',#7992,.T.);
#8778=FACE_BOUND('',#7993,.T.);
#8779=FACE_BOUND('',#7994,.T.);
#8780=FACE_BOUND('',#7995,.T.);
#8781=FACE_BOUND('',#7996,.T.);
#8782=FACE_BOUND('',#7997,.T.);
#8783=FACE_BOUND('',#7998,.T.);
#8784=FACE_BOUND('',#7999,.T.);
#8785=FACE_BOUND('',#8000,.T.);
#8786=FACE_BOUND('',#8001,.T.);
#8787=FACE_BOUND('',#8002,.T.);
#8788=FACE_BOUND('',#8003,.T.);
#8789=FACE_BOUND('',#8004,.T.);
#8790=FACE_BOUND('',#8005,.T.);
#8791=FACE_BOUND('',#8006,.T.);
#8792=FACE_BOUND('',#8007,.T.);
#8793=FACE_BOUND('',#8008,.T.);
#8794=FACE_BOUND('',#8009,.T.);
#8795=FACE_BOUND('',#8010,.T.);
#8796=FACE_BOUND('',#8011,.T.);
#8797=FACE_BOUND('',#8012,.T.);
#8798=FACE_BOUND('',#8013,.T.);
#8799=FACE_BOUND('',#8014,.T.);
#8800=FACE_BOUND('',#8015,.T.);
#8801=FACE_BOUND('',#8016,.T.);
#8802=FACE_BOUND('',#8017,.T.);
#8803=FACE_BOUND('',#8018,.T.);
#8804=FACE_BOUND('',#8019,.T.);
#8805=FACE_BOUND('',#8020,.T.);
#8806=FACE_BOUND('',#8021,.T.);
#8807=FACE_BOUND('',#8022,.T.);
#8808=FACE_BOUND('',#8023,.T.);
#8809=FACE_BOUND('',#8024,.T.);
#8810=FACE_BOUND('',#8025,.T.);
#8811=FACE_BOUND('',#8026,.T.);
#8812=FACE_BOUND('',#8027,.T.);
#8813=FACE_BOUND('',#8028,.T.);
#8814=FACE_BOUND('',#8029,.T.);
#8815=FACE_BOUND('',#8030,.T.);
#8816=FACE_BOUND('',#8031,.T.);
#8817=FACE_BOUND('',#8032,.T.);
#8818=FACE_BOUND('',#8033,.T.);
#8819=FACE_BOUND('',#8034,.T.);
#8820=FACE_BOUND('',#8035,.T.);
#8821=FACE_BOUND('',#8036,.T.);
#8822=FACE_BOUND('',#8037,.T.);
#8823=FACE_BOUND('',#8038,.T.);
#8824=FACE_BOUND('',#8039,.T.);
#8825=FACE_BOUND('',#8040,.T.);
#8826=FACE_BOUND('',#8041,.T.);
#8827=FACE_BOUND('',#8042,.T.);
#8828=FACE_BOUND('',#8043,.T.);
#8829=FACE_BOUND('',#8044,.T.);
#8830=FACE_BOUND('',#8045,.T.);
#8831=FACE_BOUND('',#8046,.T.);
#8832=FACE_BOUND('',#8047,.T.);
#8833=FACE_BOUND('',#8048,.T.);
#8834=FACE_BOUND('',#8049,.T.);
#8835=FACE_BOUND('',#8050,.T.);
#8836=FACE_BOUND('',#8051,.T.);
#8837=FACE_BOUND('',#8052,.T.);
#8838=FACE_BOUND('',#8053,.T.);
#8839=FACE_BOUND('',#8054,.T.);
#8840=FACE_BOUND('',#8055,.T.);
#8841=FACE_BOUND('',#8056,.T.);
#8842=FACE_BOUND('',#8057,.T.);
#8843=FACE_BOUND('',#8058,.T.);
#8844=FACE_BOUND('',#8059,.T.);
#8845=FACE_BOUND('',#8060,.T.);
#8846=FACE_BOUND('',#8061,.T.);
#8847=FACE_BOUND('',#8062,.T.);
#8848=FACE_BOUND('',#8063,.T.);
#8849=FACE_BOUND('',#8064,.T.);
#8850=CYLINDRICAL_SURFACE('',#9751,0.01375);
#8851=CYLINDRICAL_SURFACE('',#9761,0.002);
#8852=CYLINDRICAL_SURFACE('',#9765,0.0015);
#8853=CYLINDRICAL_SURFACE('',#9769,0.01375);
#8854=CYLINDRICAL_SURFACE('',#9779,0.002);
#8855=CYLINDRICAL_SURFACE('',#9783,0.0015);
#8856=CYLINDRICAL_SURFACE('',#9787,0.01375);
#8857=CYLINDRICAL_SURFACE('',#9797,0.002);
#8858=CYLINDRICAL_SURFACE('',#9801,0.0015);
#8859=CYLINDRICAL_SURFACE('',#9855,0.016);
#8860=CYLINDRICAL_SURFACE('',#9863,0.004);
#8861=CYLINDRICAL_SURFACE('',#9864,0.0016);
#8862=CYLINDRICAL_SURFACE('',#9865,0.0016);
#8863=CYLINDRICAL_SURFACE('',#9866,0.0016);
#8864=CYLINDRICAL_SURFACE('',#9867,0.0016);
#8865=CYLINDRICAL_SURFACE('',#9868,0.0016);
#8866=CYLINDRICAL_SURFACE('',#9869,0.0016);
#8867=CYLINDRICAL_SURFACE('',#9870,0.0016);
#8868=CYLINDRICAL_SURFACE('',#9871,0.0016);
#8869=CYLINDRICAL_SURFACE('',#9872,0.018);
#8870=CYLINDRICAL_SURFACE('',#9873,0.018);
#8871=CYLINDRICAL_SURFACE('',#9874,0.018);
#8872=CYLINDRICAL_SURFACE('',#9875,0.018);
#8873=CYLINDRICAL_SURFACE('',#9876,0.018);
#8874=CYLINDRICAL_SURFACE('',#9877,0.018);
#8875=CYLINDRICAL_SURFACE('',#9878,0.018);
#8876=CYLINDRICAL_SURFACE('',#9879,0.018);
#8877=CYLINDRICAL_SURFACE('',#9892,0.390514671124226);
#8878=CYLINDRICAL_SURFACE('',#9894,0.0025);
#8879=CYLINDRICAL_SURFACE('',#9896,0.0025);
#8880=CYLINDRICAL_SURFACE('',#9897,0.00215);
#8881=CYLINDRICAL_SURFACE('',#9898,0.00215);
#8882=CYLINDRICAL_SURFACE('',#9900,0.01375);
#8883=CYLINDRICAL_SURFACE('',#9910,0.002);
#8884=CYLINDRICAL_SURFACE('',#9914,0.0015);
#8885=CYLINDRICAL_SURFACE('',#9918,0.0015);
#8886=CYLINDRICAL_SURFACE('',#9925,0.004);
#8887=CYLINDRICAL_SURFACE('',#9941,0.0015);
#8888=CYLINDRICAL_SURFACE('',#10000,0.00127706173424113);
#8889=CYLINDRICAL_SURFACE('',#10056,0.00215);
#8890=CYLINDRICAL_SURFACE('',#10057,0.00214999999999997);
#8891=CYLINDRICAL_SURFACE('',#10058,0.00215);
#8892=CYLINDRICAL_SURFACE('',#10059,0.00215);
#8893=CYLINDRICAL_SURFACE('',#10060,0.00215);
#8894=CYLINDRICAL_SURFACE('',#10061,0.00215);
#8895=CYLINDRICAL_SURFACE('',#10062,0.00215);
#8896=CYLINDRICAL_SURFACE('',#10064,0.00215);
#8897=CYLINDRICAL_SURFACE('',#10065,0.00215);
#8898=CYLINDRICAL_SURFACE('',#10066,0.00215);
#8899=CYLINDRICAL_SURFACE('',#10067,0.00215);
#8900=CYLINDRICAL_SURFACE('',#10068,0.00215);
#8901=CYLINDRICAL_SURFACE('',#10071,0.0015);
#8902=CYLINDRICAL_SURFACE('',#10078,0.004);
#8903=CYLINDRICAL_SURFACE('',#10094,0.0015);
#8904=CYLINDRICAL_SURFACE('',#10196,0.016);
#8905=CYLINDRICAL_SURFACE('',#10204,0.004);
#8906=CYLINDRICAL_SURFACE('',#10205,0.0016);
#8907=CYLINDRICAL_SURFACE('',#10206,0.0016);
#8908=CYLINDRICAL_SURFACE('',#10207,0.0016);
#8909=CYLINDRICAL_SURFACE('',#10208,0.0016);
#8910=CYLINDRICAL_SURFACE('',#10209,0.0016);
#8911=CYLINDRICAL_SURFACE('',#10210,0.0016);
#8912=CYLINDRICAL_SURFACE('',#10211,0.0016);
#8913=CYLINDRICAL_SURFACE('',#10212,0.0016);
#8914=CYLINDRICAL_SURFACE('',#10213,0.018);
#8915=CYLINDRICAL_SURFACE('',#10214,0.018);
#8916=CYLINDRICAL_SURFACE('',#10215,0.018);
#8917=CYLINDRICAL_SURFACE('',#10216,0.018);
#8918=CYLINDRICAL_SURFACE('',#10217,0.018);
#8919=CYLINDRICAL_SURFACE('',#10218,0.018);
#8920=CYLINDRICAL_SURFACE('',#10219,0.018);
#8921=CYLINDRICAL_SURFACE('',#10220,0.018);
#8922=CYLINDRICAL_SURFACE('',#10233,0.390514671124226);
#8923=CYLINDRICAL_SURFACE('',#10235,0.0025);
#8924=CYLINDRICAL_SURFACE('',#10237,0.0025);
#8925=CYLINDRICAL_SURFACE('',#10238,0.00215);
#8926=CYLINDRICAL_SURFACE('',#10239,0.00215);
#8927=CYLINDRICAL_SURFACE('',#10291,0.016);
#8928=CYLINDRICAL_SURFACE('',#10299,0.004);
#8929=CYLINDRICAL_SURFACE('',#10300,0.0016);
#8930=CYLINDRICAL_SURFACE('',#10301,0.0016);
#8931=CYLINDRICAL_SURFACE('',#10302,0.0016);
#8932=CYLINDRICAL_SURFACE('',#10303,0.0016);
#8933=CYLINDRICAL_SURFACE('',#10304,0.0016);
#8934=CYLINDRICAL_SURFACE('',#10305,0.0016);
#8935=CYLINDRICAL_SURFACE('',#10306,0.0016);
#8936=CYLINDRICAL_SURFACE('',#10307,0.0016);
#8937=CYLINDRICAL_SURFACE('',#10308,0.018);
#8938=CYLINDRICAL_SURFACE('',#10309,0.018);
#8939=CYLINDRICAL_SURFACE('',#10310,0.018);
#8940=CYLINDRICAL_SURFACE('',#10311,0.018);
#8941=CYLINDRICAL_SURFACE('',#10312,0.018);
#8942=CYLINDRICAL_SURFACE('',#10313,0.018);
#8943=CYLINDRICAL_SURFACE('',#10314,0.018);
#8944=CYLINDRICAL_SURFACE('',#10315,0.018);
#8945=CYLINDRICAL_SURFACE('',#10328,0.390514671124226);
#8946=CYLINDRICAL_SURFACE('',#10330,0.0025);
#8947=CYLINDRICAL_SURFACE('',#10332,0.0025);
#8948=CYLINDRICAL_SURFACE('',#10333,0.00215);
#8949=CYLINDRICAL_SURFACE('',#10334,0.00215);
#8950=CYLINDRICAL_SURFACE('',#10336,0.0015);
#8951=CYLINDRICAL_SURFACE('',#10343,0.004);
#8952=CYLINDRICAL_SURFACE('',#10359,0.0015);
#8953=CYLINDRICAL_SURFACE('',#10461,0.016);
#8954=CYLINDRICAL_SURFACE('',#10469,0.004);
#8955=CYLINDRICAL_SURFACE('',#10470,0.0016);
#8956=CYLINDRICAL_SURFACE('',#10471,0.0016);
#8957=CYLINDRICAL_SURFACE('',#10472,0.0016);
#8958=CYLINDRICAL_SURFACE('',#10473,0.0016);
#8959=CYLINDRICAL_SURFACE('',#10474,0.0016);
#8960=CYLINDRICAL_SURFACE('',#10475,0.0016);
#8961=CYLINDRICAL_SURFACE('',#10476,0.0016);
#8962=CYLINDRICAL_SURFACE('',#10477,0.0016);
#8963=CYLINDRICAL_SURFACE('',#10478,0.018);
#8964=CYLINDRICAL_SURFACE('',#10479,0.018);
#8965=CYLINDRICAL_SURFACE('',#10480,0.018);
#8966=CYLINDRICAL_SURFACE('',#10481,0.018);
#8967=CYLINDRICAL_SURFACE('',#10482,0.018);
#8968=CYLINDRICAL_SURFACE('',#10483,0.018);
#8969=CYLINDRICAL_SURFACE('',#10484,0.018);
#8970=CYLINDRICAL_SURFACE('',#10485,0.018);
#8971=CYLINDRICAL_SURFACE('',#10498,0.390514671124226);
#8972=CYLINDRICAL_SURFACE('',#10500,0.0025);
#8973=CYLINDRICAL_SURFACE('',#10502,0.0025);
#8974=CYLINDRICAL_SURFACE('',#10503,0.00215);
#8975=CYLINDRICAL_SURFACE('',#10504,0.00215);
#8976=CYLINDRICAL_SURFACE('',#10506,0.0015);
#8977=CYLINDRICAL_SURFACE('',#10513,0.004);
#8978=CYLINDRICAL_SURFACE('',#10529,0.0015);
#8979=CYLINDRICAL_SURFACE('',#10593,0.01);
#8980=CYLINDRICAL_SURFACE('',#10594,0.01);
#8981=CYLINDRICAL_SURFACE('',#10595,0.01);
#8982=CYLINDRICAL_SURFACE('',#10597,0.01);
#8983=CYLINDRICAL_SURFACE('',#10599,0.01);
#8984=CYLINDRICAL_SURFACE('',#10621,0.00383606144143915);
#8985=CYLINDRICAL_SURFACE('',#10624,0.00203989050351083);
#8986=CYLINDRICAL_SURFACE('',#10628,0.00203989050351083);
#8987=CYLINDRICAL_SURFACE('',#10631,0.00383606144143915);
#8988=CYLINDRICAL_SURFACE('',#10634,0.00383606144143915);
#8989=CYLINDRICAL_SURFACE('',#10637,0.00383606144143915);
#8990=CYLINDRICAL_SURFACE('',#10639,0.002);
#8991=CYLINDRICAL_SURFACE('',#10642,0.002);
#8992=CYLINDRICAL_SURFACE('',#10644,0.002);
#8993=CYLINDRICAL_SURFACE('',#10647,0.002);
#8994=CYLINDRICAL_SURFACE('',#10652,0.0035);
#8995=CYLINDRICAL_SURFACE('',#10654,0.004);
#8996=CYLINDRICAL_SURFACE('',#10656,0.0035);
#8997=CYLINDRICAL_SURFACE('',#10658,0.004);
#8998=CYLINDRICAL_SURFACE('',#10660,0.0035);
#8999=CYLINDRICAL_SURFACE('',#10662,0.004);
#9000=CYLINDRICAL_SURFACE('',#10664,0.0035);
#9001=CYLINDRICAL_SURFACE('',#10666,0.004);
#9002=CYLINDRICAL_SURFACE('',#10679,0.00253405425703221);
#9003=CYLINDRICAL_SURFACE('',#10682,0.00253405425703221);
#9004=CYLINDRICAL_SURFACE('',#10685,0.00253405425703221);
#9005=CYLINDRICAL_SURFACE('',#10688,0.00253405425703221);
#9006=CYLINDRICAL_SURFACE('',#10690,0.002);
#9007=CYLINDRICAL_SURFACE('',#10692,0.002);
#9008=CYLINDRICAL_SURFACE('',#10694,0.002);
#9009=CYLINDRICAL_SURFACE('',#10698,0.002);
#9010=ADVANCED_FACE('',(#8065,#8066),#8850,.T.);
#9011=ADVANCED_FACE('',(#8067,#8068),#1864,.T.);
#9012=ADVANCED_FACE('',(#8069),#1865,.F.);
#9013=ADVANCED_FACE('',(#8070,#8071),#1855,.T.);
#9014=ADVANCED_FACE('',(#8072,#8073),#1856,.T.);
#9015=ADVANCED_FACE('',(#8074,#8075),#8851,.T.);
#9016=ADVANCED_FACE('',(#8076,#8077),#1866,.T.);
#9017=ADVANCED_FACE('',(#8078,#8079),#8852,.T.);
#9018=ADVANCED_FACE('',(#8080),#1867,.T.);
#9019=ADVANCED_FACE('',(#8081,#8082),#8853,.T.);
#9020=ADVANCED_FACE('',(#8083,#8084),#1868,.T.);
#9021=ADVANCED_FACE('',(#8085),#1869,.F.);
#9022=ADVANCED_FACE('',(#8086,#8087),#1857,.T.);
#9023=ADVANCED_FACE('',(#8088,#8089),#1858,.T.);
#9024=ADVANCED_FACE('',(#8090,#8091),#8854,.T.);
#9025=ADVANCED_FACE('',(#8092,#8093),#1870,.T.);
#9026=ADVANCED_FACE('',(#8094,#8095),#8855,.T.);
#9027=ADVANCED_FACE('',(#8096),#1871,.T.);
#9028=ADVANCED_FACE('',(#8097,#8098),#8856,.T.);
#9029=ADVANCED_FACE('',(#8099,#8100),#1872,.T.);
#9030=ADVANCED_FACE('',(#8101),#1873,.F.);
#9031=ADVANCED_FACE('',(#8102,#8103),#1859,.T.);
#9032=ADVANCED_FACE('',(#8104,#8105),#1860,.T.);
#9033=ADVANCED_FACE('',(#8106,#8107),#8857,.T.);
#9034=ADVANCED_FACE('',(#8108,#8109),#1874,.T.);
#9035=ADVANCED_FACE('',(#8110,#8111),#8858,.T.);
#9036=ADVANCED_FACE('',(#8112),#1875,.T.);
#9037=ADVANCED_FACE('',(#8113,#8114),#1876,.F.);
#9038=ADVANCED_FACE('',(#8115,#8116),#1877,.T.);
#9039=ADVANCED_FACE('',(#8117,#8118,#8119,#8120,#8121,#8122),#1878,.F.);
#9040=ADVANCED_FACE('',(#8123,#8124,#8125),#1879,.T.);
#9041=ADVANCED_FACE('',(#8126,#8127,#8128),#1880,.T.);
#9042=ADVANCED_FACE('',(#8129,#8130,#8131,#8132,#8133,#8134),#1881,.F.);
#9043=ADVANCED_FACE('',(#8135,#8136),#8859,.F.);
#9044=ADVANCED_FACE('',(#8137),#1882,.F.);
#9045=ADVANCED_FACE('',(#8138),#1883,.F.);
#9046=ADVANCED_FACE('',(#8139),#1884,.F.);
#9047=ADVANCED_FACE('',(#8140),#1885,.T.);
#9048=ADVANCED_FACE('',(#8141),#1886,.T.);
#9049=ADVANCED_FACE('',(#8142),#1887,.T.);
#9050=ADVANCED_FACE('',(#8143),#1888,.T.);
#9051=ADVANCED_FACE('',(#8144,#8145),#8860,.F.);
#9052=ADVANCED_FACE('',(#8146),#8861,.F.);
#9053=ADVANCED_FACE('',(#8147),#8862,.F.);
#9054=ADVANCED_FACE('',(#8148),#8863,.F.);
#9055=ADVANCED_FACE('',(#8149),#8864,.F.);
#9056=ADVANCED_FACE('',(#8150),#8865,.F.);
#9057=ADVANCED_FACE('',(#8151),#8866,.F.);
#9058=ADVANCED_FACE('',(#8152),#8867,.F.);
#9059=ADVANCED_FACE('',(#8153),#8868,.F.);
#9060=ADVANCED_FACE('',(#8154),#8869,.T.);
#9061=ADVANCED_FACE('',(#8155),#8870,.T.);
#9062=ADVANCED_FACE('',(#8156),#8871,.T.);
#9063=ADVANCED_FACE('',(#8157),#8872,.T.);
#9064=ADVANCED_FACE('',(#8158),#8873,.T.);
#9065=ADVANCED_FACE('',(#8159),#8874,.T.);
#9066=ADVANCED_FACE('',(#8160),#8875,.T.);
#9067=ADVANCED_FACE('',(#8161),#8876,.T.);
#9068=ADVANCED_FACE('',(#8162),#1889,.T.);
#9069=ADVANCED_FACE('',(#8163),#1890,.F.);
#9070=ADVANCED_FACE('',(#8164),#1891,.F.);
#9071=ADVANCED_FACE('',(#8165),#1892,.F.);
#9072=ADVANCED_FACE('',(#8166),#1893,.T.);
#9073=ADVANCED_FACE('',(#8167),#1894,.T.);
#9074=ADVANCED_FACE('',(#8168),#1895,.T.);
#9075=ADVANCED_FACE('',(#8169),#1896,.T.);
#9076=ADVANCED_FACE('',(#8170),#1897,.F.);
#9077=ADVANCED_FACE('',(#8171),#1898,.F.);
#9078=ADVANCED_FACE('',(#8172),#1899,.T.);
#9079=ADVANCED_FACE('',(#8173),#1900,.F.);
#9080=ADVANCED_FACE('',(#8174,#8175,#8176),#104,.F.);
#9081=ADVANCED_FACE('',(#8177),#8877,.T.);
#9082=ADVANCED_FACE('',(#8178),#1901,.F.);
#9083=ADVANCED_FACE('',(#8179),#8878,.F.);
#9084=ADVANCED_FACE('',(#8180),#1902,.T.);
#9085=ADVANCED_FACE('',(#8181),#8879,.F.);
#9086=ADVANCED_FACE('',(#8182,#8183),#8880,.F.);
#9087=ADVANCED_FACE('',(#8184,#8185),#8881,.F.);
#9088=ADVANCED_FACE('',(#8186,#8187),#8882,.T.);
#9089=ADVANCED_FACE('',(#8188,#8189),#1903,.T.);
#9090=ADVANCED_FACE('',(#8190),#1904,.F.);
#9091=ADVANCED_FACE('',(#8191,#8192),#1861,.T.);
#9092=ADVANCED_FACE('',(#8193,#8194),#1862,.T.);
#9093=ADVANCED_FACE('',(#8195,#8196),#8883,.T.);
#9094=ADVANCED_FACE('',(#8197,#8198),#1905,.T.);
#9095=ADVANCED_FACE('',(#8199,#8200),#8884,.T.);
#9096=ADVANCED_FACE('',(#8201),#1906,.T.);
#9097=ADVANCED_FACE('',(#8202,#8203),#8885,.F.);
#9098=ADVANCED_FACE('',(#8204,#8205,#8206),#8886,.T.);
#9099=ADVANCED_FACE('',(#8207,#8208),#8887,.F.);
#9100=ADVANCED_FACE('',(#8209,#8210),#1907,.T.);
#9101=ADVANCED_FACE('',(#8211,#8212),#1908,.F.);
#9102=ADVANCED_FACE('',(#8213),#1909,.T.);
#9103=ADVANCED_FACE('',(#8214),#1910,.T.);
#9104=ADVANCED_FACE('',(#8215),#1911,.T.);
#9105=ADVANCED_FACE('',(#8216),#1912,.T.);
#9106=ADVANCED_FACE('',(#8217),#1913,.T.);
#9107=ADVANCED_FACE('',(#8218),#1914,.T.);
#9108=ADVANCED_FACE('',(#8219),#1915,.T.);
#9109=ADVANCED_FACE('',(#8220),#1916,.T.);
#9110=ADVANCED_FACE('',(#8221),#1917,.T.);
#9111=ADVANCED_FACE('',(#8222),#1918,.T.);
#9112=ADVANCED_FACE('',(#8223),#1919,.T.);
#9113=ADVANCED_FACE('',(#8224),#1920,.T.);
#9114=ADVANCED_FACE('',(#8225),#105,.F.);
#9115=ADVANCED_FACE('',(#8226),#106,.T.);
#9116=ADVANCED_FACE('',(#8227),#1921,.F.);
#9117=ADVANCED_FACE('',(#8228),#1922,.T.);
#9118=ADVANCED_FACE('',(#8229),#1923,.T.);
#9119=ADVANCED_FACE('',(#8230),#1924,.T.);
#9120=ADVANCED_FACE('',(#8231),#1925,.T.);
#9121=ADVANCED_FACE('',(#8232),#107,.F.);
#9122=ADVANCED_FACE('',(#8233),#108,.T.);
#9123=ADVANCED_FACE('',(#8234),#1926,.F.);
#9124=ADVANCED_FACE('',(#8235),#1927,.F.);
#9125=ADVANCED_FACE('',(#8236),#109,.F.);
#9126=ADVANCED_FACE('',(#8237),#110,.T.);
#9127=ADVANCED_FACE('',(#8238),#1928,.T.);
#9128=ADVANCED_FACE('',(#8239),#1929,.T.);
#9129=ADVANCED_FACE('',(#8240),#1930,.T.);
#9130=ADVANCED_FACE('',(#8241),#1931,.T.);
#9131=ADVANCED_FACE('',(#8242),#1932,.F.);
#9132=ADVANCED_FACE('',(#8243),#1933,.F.);
#9133=ADVANCED_FACE('',(#8244),#1934,.F.);
#9134=ADVANCED_FACE('',(#8245),#1935,.F.);
#9135=ADVANCED_FACE('',(#8246),#1936,.T.);
#9136=ADVANCED_FACE('',(#8247),#1937,.F.);
#9137=ADVANCED_FACE('',(#8248),#1938,.T.);
#9138=ADVANCED_FACE('',(#8249),#1939,.T.);
#9139=ADVANCED_FACE('',(#8250),#1940,.F.);
#9140=ADVANCED_FACE('',(#8251),#1941,.T.);
#9141=ADVANCED_FACE('',(#8252),#1942,.T.);
#9142=ADVANCED_FACE('',(#8253),#1943,.T.);
#9143=ADVANCED_FACE('',(#8254),#1944,.T.);
#9144=ADVANCED_FACE('',(#8255),#1945,.T.);
#9145=ADVANCED_FACE('',(#8256),#1946,.T.);
#9146=ADVANCED_FACE('',(#8257),#1947,.T.);
#9147=ADVANCED_FACE('',(#8258),#1948,.F.);
#9148=ADVANCED_FACE('',(#8259),#1949,.F.);
#9149=ADVANCED_FACE('',(#8260),#1950,.F.);
#9150=ADVANCED_FACE('',(#8261,#8262),#1951,.T.);
#9151=ADVANCED_FACE('',(#8263),#1952,.F.);
#9152=ADVANCED_FACE('',(#8264),#1953,.F.);
#9153=ADVANCED_FACE('',(#8265),#1954,.T.);
#9154=ADVANCED_FACE('',(#8266),#1955,.T.);
#9155=ADVANCED_FACE('',(#8267),#1956,.F.);
#9156=ADVANCED_FACE('',(#8268,#8269),#8888,.T.);
#9157=ADVANCED_FACE('',(#8270,#8271),#1957,.T.);
#9158=ADVANCED_FACE('',(#8272),#1958,.F.);
#9159=ADVANCED_FACE('',(#8273),#1959,.F.);
#9160=ADVANCED_FACE('',(#8274),#1960,.T.);
#9161=ADVANCED_FACE('',(#8275),#1961,.T.);
#9162=ADVANCED_FACE('',(#8276),#1962,.F.);
#9163=ADVANCED_FACE('',(#8277,#8278,#8279,#8280,#8281,#8282,#8283,#8284,#8285,#8286,#8287,#8288,#8289,#8290),#1963,.T.);
#9164=ADVANCED_FACE('',(#8291,#8292,#8293,#8294,#8295,#8296,#8297,#8298,#8299,#8300,#8301,#8302,#8303,#8304),#1964,.F.);
#9165=ADVANCED_FACE('',(#8305),#1965,.T.);
#9166=ADVANCED_FACE('',(#8306),#1966,.T.);
#9167=ADVANCED_FACE('',(#8307),#1967,.F.);
#9168=ADVANCED_FACE('',(#8308),#1968,.F.);
#9169=ADVANCED_FACE('',(#8309),#1969,.T.);
#9170=ADVANCED_FACE('',(#8310),#1970,.T.);
#9171=ADVANCED_FACE('',(#8311),#1971,.F.);
#9172=ADVANCED_FACE('',(#8312),#1972,.F.);
#9173=ADVANCED_FACE('',(#8313),#1973,.F.);
#9174=ADVANCED_FACE('',(#8314),#1974,.F.);
#9175=ADVANCED_FACE('',(#8315),#1975,.T.);
#9176=ADVANCED_FACE('',(#8316),#1976,.F.);
#9177=ADVANCED_FACE('',(#8317),#1977,.T.);
#9178=ADVANCED_FACE('',(#8318),#1978,.F.);
#9179=ADVANCED_FACE('',(#8319),#1979,.F.);
#9180=ADVANCED_FACE('',(#8320),#1980,.T.);
#9181=ADVANCED_FACE('',(#8321),#1981,.T.);
#9182=ADVANCED_FACE('',(#8322),#1982,.T.);
#9183=ADVANCED_FACE('',(#8323),#1983,.F.);
#9184=ADVANCED_FACE('',(#8324,#8325),#8889,.F.);
#9185=ADVANCED_FACE('',(#8326,#8327),#8890,.F.);
#9186=ADVANCED_FACE('',(#8328,#8329),#8891,.F.);
#9187=ADVANCED_FACE('',(#8330,#8331),#8892,.F.);
#9188=ADVANCED_FACE('',(#8332,#8333),#8893,.F.);
#9189=ADVANCED_FACE('',(#8334,#8335),#8894,.F.);
#9190=ADVANCED_FACE('',(#8336,#8337),#8895,.F.);
#9191=ADVANCED_FACE('',(#8338),#1984,.T.);
#9192=ADVANCED_FACE('',(#8339,#8340),#8896,.F.);
#9193=ADVANCED_FACE('',(#8341,#8342),#8897,.F.);
#9194=ADVANCED_FACE('',(#8343,#8344),#8898,.F.);
#9195=ADVANCED_FACE('',(#8345,#8346),#8899,.F.);
#9196=ADVANCED_FACE('',(#8347,#8348),#8900,.F.);
#9197=ADVANCED_FACE('',(#8349,#8350),#1863,.T.);
#9198=ADVANCED_FACE('',(#8351,#8352),#8901,.F.);
#9199=ADVANCED_FACE('',(#8353,#8354,#8355),#8902,.T.);
#9200=ADVANCED_FACE('',(#8356,#8357),#8903,.F.);
#9201=ADVANCED_FACE('',(#8358,#8359),#1985,.T.);
#9202=ADVANCED_FACE('',(#8360,#8361),#1986,.F.);
#9203=ADVANCED_FACE('',(#8362),#1987,.T.);
#9204=ADVANCED_FACE('',(#8363),#1988,.T.);
#9205=ADVANCED_FACE('',(#8364),#1989,.T.);
#9206=ADVANCED_FACE('',(#8365),#1990,.T.);
#9207=ADVANCED_FACE('',(#8366),#1991,.T.);
#9208=ADVANCED_FACE('',(#8367),#1992,.T.);
#9209=ADVANCED_FACE('',(#8368),#1993,.T.);
#9210=ADVANCED_FACE('',(#8369),#1994,.T.);
#9211=ADVANCED_FACE('',(#8370),#1995,.T.);
#9212=ADVANCED_FACE('',(#8371),#1996,.T.);
#9213=ADVANCED_FACE('',(#8372),#1997,.T.);
#9214=ADVANCED_FACE('',(#8373),#1998,.T.);
#9215=ADVANCED_FACE('',(#8374),#111,.F.);
#9216=ADVANCED_FACE('',(#8375),#112,.T.);
#9217=ADVANCED_FACE('',(#8376),#1999,.F.);
#9218=ADVANCED_FACE('',(#8377),#2000,.T.);
#9219=ADVANCED_FACE('',(#8378),#2001,.T.);
#9220=ADVANCED_FACE('',(#8379),#2002,.T.);
#9221=ADVANCED_FACE('',(#8380),#2003,.T.);
#9222=ADVANCED_FACE('',(#8381),#113,.F.);
#9223=ADVANCED_FACE('',(#8382),#114,.T.);
#9224=ADVANCED_FACE('',(#8383),#2004,.F.);
#9225=ADVANCED_FACE('',(#8384),#2005,.F.);
#9226=ADVANCED_FACE('',(#8385),#115,.F.);
#9227=ADVANCED_FACE('',(#8386),#116,.T.);
#9228=ADVANCED_FACE('',(#8387),#2006,.T.);
#9229=ADVANCED_FACE('',(#8388),#2007,.T.);
#9230=ADVANCED_FACE('',(#8389),#2008,.T.);
#9231=ADVANCED_FACE('',(#8390),#2009,.T.);
#9232=ADVANCED_FACE('',(#8391),#2010,.F.);
#9233=ADVANCED_FACE('',(#8392),#2011,.F.);
#9234=ADVANCED_FACE('',(#8393),#2012,.F.);
#9235=ADVANCED_FACE('',(#8394),#2013,.F.);
#9236=ADVANCED_FACE('',(#8395),#2014,.T.);
#9237=ADVANCED_FACE('',(#8396),#2015,.F.);
#9238=ADVANCED_FACE('',(#8397),#2016,.T.);
#9239=ADVANCED_FACE('',(#8398),#2017,.T.);
#9240=ADVANCED_FACE('',(#8399),#2018,.F.);
#9241=ADVANCED_FACE('',(#8400),#2019,.T.);
#9242=ADVANCED_FACE('',(#8401),#2020,.T.);
#9243=ADVANCED_FACE('',(#8402),#2021,.T.);
#9244=ADVANCED_FACE('',(#8403),#2022,.T.);
#9245=ADVANCED_FACE('',(#8404),#2023,.T.);
#9246=ADVANCED_FACE('',(#8405),#2024,.T.);
#9247=ADVANCED_FACE('',(#8406),#2025,.T.);
#9248=ADVANCED_FACE('',(#8407),#2026,.F.);
#9249=ADVANCED_FACE('',(#8408),#2027,.F.);
#9250=ADVANCED_FACE('',(#8409),#2028,.F.);
#9251=ADVANCED_FACE('',(#8410,#8411),#2029,.F.);
#9252=ADVANCED_FACE('',(#8412,#8413),#2030,.T.);
#9253=ADVANCED_FACE('',(#8414,#8415,#8416,#8417,#8418,#8419),#2031,.F.);
#9254=ADVANCED_FACE('',(#8420,#8421,#8422),#2032,.T.);
#9255=ADVANCED_FACE('',(#8423,#8424,#8425),#2033,.T.);
#9256=ADVANCED_FACE('',(#8426,#8427,#8428,#8429,#8430,#8431),#2034,.F.);
#9257=ADVANCED_FACE('',(#8432,#8433),#8904,.F.);
#9258=ADVANCED_FACE('',(#8434),#2035,.F.);
#9259=ADVANCED_FACE('',(#8435),#2036,.F.);
#9260=ADVANCED_FACE('',(#8436),#2037,.F.);
#9261=ADVANCED_FACE('',(#8437),#2038,.T.);
#9262=ADVANCED_FACE('',(#8438),#2039,.T.);
#9263=ADVANCED_FACE('',(#8439),#2040,.T.);
#9264=ADVANCED_FACE('',(#8440),#2041,.T.);
#9265=ADVANCED_FACE('',(#8441,#8442),#8905,.F.);
#9266=ADVANCED_FACE('',(#8443),#8906,.F.);
#9267=ADVANCED_FACE('',(#8444),#8907,.F.);
#9268=ADVANCED_FACE('',(#8445),#8908,.F.);
#9269=ADVANCED_FACE('',(#8446),#8909,.F.);
#9270=ADVANCED_FACE('',(#8447),#8910,.F.);
#9271=ADVANCED_FACE('',(#8448),#8911,.F.);
#9272=ADVANCED_FACE('',(#8449),#8912,.F.);
#9273=ADVANCED_FACE('',(#8450),#8913,.F.);
#9274=ADVANCED_FACE('',(#8451),#8914,.T.);
#9275=ADVANCED_FACE('',(#8452),#8915,.T.);
#9276=ADVANCED_FACE('',(#8453),#8916,.T.);
#9277=ADVANCED_FACE('',(#8454),#8917,.T.);
#9278=ADVANCED_FACE('',(#8455),#8918,.T.);
#9279=ADVANCED_FACE('',(#8456),#8919,.T.);
#9280=ADVANCED_FACE('',(#8457),#8920,.T.);
#9281=ADVANCED_FACE('',(#8458),#8921,.T.);
#9282=ADVANCED_FACE('',(#8459),#2042,.T.);
#9283=ADVANCED_FACE('',(#8460),#2043,.F.);
#9284=ADVANCED_FACE('',(#8461),#2044,.F.);
#9285=ADVANCED_FACE('',(#8462),#2045,.F.);
#9286=ADVANCED_FACE('',(#8463),#2046,.T.);
#9287=ADVANCED_FACE('',(#8464),#2047,.T.);
#9288=ADVANCED_FACE('',(#8465),#2048,.T.);
#9289=ADVANCED_FACE('',(#8466),#2049,.T.);
#9290=ADVANCED_FACE('',(#8467),#2050,.F.);
#9291=ADVANCED_FACE('',(#8468),#2051,.F.);
#9292=ADVANCED_FACE('',(#8469),#2052,.T.);
#9293=ADVANCED_FACE('',(#8470),#2053,.F.);
#9294=ADVANCED_FACE('',(#8471,#8472,#8473),#117,.F.);
#9295=ADVANCED_FACE('',(#8474),#8922,.T.);
#9296=ADVANCED_FACE('',(#8475),#2054,.F.);
#9297=ADVANCED_FACE('',(#8476),#8923,.F.);
#9298=ADVANCED_FACE('',(#8477),#2055,.T.);
#9299=ADVANCED_FACE('',(#8478),#8924,.F.);
#9300=ADVANCED_FACE('',(#8479,#8480),#8925,.F.);
#9301=ADVANCED_FACE('',(#8481,#8482),#8926,.F.);
#9302=ADVANCED_FACE('',(#8483,#8484),#2056,.F.);
#9303=ADVANCED_FACE('',(#8485,#8486),#2057,.T.);
#9304=ADVANCED_FACE('',(#8487,#8488,#8489,#8490,#8491,#8492),#2058,.F.);
#9305=ADVANCED_FACE('',(#8493,#8494,#8495),#2059,.T.);
#9306=ADVANCED_FACE('',(#8496,#8497,#8498),#2060,.T.);
#9307=ADVANCED_FACE('',(#8499,#8500,#8501,#8502,#8503,#8504),#2061,.F.);
#9308=ADVANCED_FACE('',(#8505,#8506),#8927,.F.);
#9309=ADVANCED_FACE('',(#8507),#2062,.F.);
#9310=ADVANCED_FACE('',(#8508),#2063,.F.);
#9311=ADVANCED_FACE('',(#8509),#2064,.F.);
#9312=ADVANCED_FACE('',(#8510),#2065,.T.);
#9313=ADVANCED_FACE('',(#8511),#2066,.T.);
#9314=ADVANCED_FACE('',(#8512),#2067,.T.);
#9315=ADVANCED_FACE('',(#8513),#2068,.T.);
#9316=ADVANCED_FACE('',(#8514,#8515),#8928,.F.);
#9317=ADVANCED_FACE('',(#8516),#8929,.F.);
#9318=ADVANCED_FACE('',(#8517),#8930,.F.);
#9319=ADVANCED_FACE('',(#8518),#8931,.F.);
#9320=ADVANCED_FACE('',(#8519),#8932,.F.);
#9321=ADVANCED_FACE('',(#8520),#8933,.F.);
#9322=ADVANCED_FACE('',(#8521),#8934,.F.);
#9323=ADVANCED_FACE('',(#8522),#8935,.F.);
#9324=ADVANCED_FACE('',(#8523),#8936,.F.);
#9325=ADVANCED_FACE('',(#8524),#8937,.T.);
#9326=ADVANCED_FACE('',(#8525),#8938,.T.);
#9327=ADVANCED_FACE('',(#8526),#8939,.T.);
#9328=ADVANCED_FACE('',(#8527),#8940,.T.);
#9329=ADVANCED_FACE('',(#8528),#8941,.T.);
#9330=ADVANCED_FACE('',(#8529),#8942,.T.);
#9331=ADVANCED_FACE('',(#8530),#8943,.T.);
#9332=ADVANCED_FACE('',(#8531),#8944,.T.);
#9333=ADVANCED_FACE('',(#8532),#2069,.T.);
#9334=ADVANCED_FACE('',(#8533),#2070,.F.);
#9335=ADVANCED_FACE('',(#8534),#2071,.F.);
#9336=ADVANCED_FACE('',(#8535),#2072,.F.);
#9337=ADVANCED_FACE('',(#8536),#2073,.T.);
#9338=ADVANCED_FACE('',(#8537),#2074,.T.);
#9339=ADVANCED_FACE('',(#8538),#2075,.T.);
#9340=ADVANCED_FACE('',(#8539),#2076,.T.);
#9341=ADVANCED_FACE('',(#8540),#2077,.F.);
#9342=ADVANCED_FACE('',(#8541),#2078,.F.);
#9343=ADVANCED_FACE('',(#8542),#2079,.T.);
#9344=ADVANCED_FACE('',(#8543),#2080,.F.);
#9345=ADVANCED_FACE('',(#8544,#8545,#8546),#118,.T.);
#9346=ADVANCED_FACE('',(#8547),#8945,.T.);
#9347=ADVANCED_FACE('',(#8548),#2081,.F.);
#9348=ADVANCED_FACE('',(#8549),#8946,.F.);
#9349=ADVANCED_FACE('',(#8550),#2082,.T.);
#9350=ADVANCED_FACE('',(#8551),#8947,.F.);
#9351=ADVANCED_FACE('',(#8552,#8553),#8948,.F.);
#9352=ADVANCED_FACE('',(#8554,#8555),#8949,.F.);
#9353=ADVANCED_FACE('',(#8556,#8557),#8950,.F.);
#9354=ADVANCED_FACE('',(#8558,#8559,#8560),#8951,.T.);
#9355=ADVANCED_FACE('',(#8561,#8562),#8952,.F.);
#9356=ADVANCED_FACE('',(#8563,#8564),#2083,.T.);
#9357=ADVANCED_FACE('',(#8565,#8566),#2084,.F.);
#9358=ADVANCED_FACE('',(#8567),#2085,.T.);
#9359=ADVANCED_FACE('',(#8568),#2086,.T.);
#9360=ADVANCED_FACE('',(#8569),#2087,.T.);
#9361=ADVANCED_FACE('',(#8570),#2088,.T.);
#9362=ADVANCED_FACE('',(#8571),#2089,.T.);
#9363=ADVANCED_FACE('',(#8572),#2090,.T.);
#9364=ADVANCED_FACE('',(#8573),#2091,.T.);
#9365=ADVANCED_FACE('',(#8574),#2092,.T.);
#9366=ADVANCED_FACE('',(#8575),#2093,.T.);
#9367=ADVANCED_FACE('',(#8576),#2094,.T.);
#9368=ADVANCED_FACE('',(#8577),#2095,.T.);
#9369=ADVANCED_FACE('',(#8578),#2096,.T.);
#9370=ADVANCED_FACE('',(#8579),#119,.T.);
#9371=ADVANCED_FACE('',(#8580),#120,.F.);
#9372=ADVANCED_FACE('',(#8581),#2097,.F.);
#9373=ADVANCED_FACE('',(#8582),#2098,.T.);
#9374=ADVANCED_FACE('',(#8583),#2099,.T.);
#9375=ADVANCED_FACE('',(#8584),#2100,.T.);
#9376=ADVANCED_FACE('',(#8585),#2101,.T.);
#9377=ADVANCED_FACE('',(#8586),#121,.T.);
#9378=ADVANCED_FACE('',(#8587),#122,.F.);
#9379=ADVANCED_FACE('',(#8588),#2102,.F.);
#9380=ADVANCED_FACE('',(#8589),#2103,.F.);
#9381=ADVANCED_FACE('',(#8590),#123,.T.);
#9382=ADVANCED_FACE('',(#8591),#124,.F.);
#9383=ADVANCED_FACE('',(#8592),#2104,.T.);
#9384=ADVANCED_FACE('',(#8593),#2105,.T.);
#9385=ADVANCED_FACE('',(#8594),#2106,.T.);
#9386=ADVANCED_FACE('',(#8595),#2107,.T.);
#9387=ADVANCED_FACE('',(#8596),#2108,.F.);
#9388=ADVANCED_FACE('',(#8597),#2109,.F.);
#9389=ADVANCED_FACE('',(#8598),#2110,.F.);
#9390=ADVANCED_FACE('',(#8599),#2111,.F.);
#9391=ADVANCED_FACE('',(#8600),#2112,.T.);
#9392=ADVANCED_FACE('',(#8601),#2113,.F.);
#9393=ADVANCED_FACE('',(#8602),#2114,.T.);
#9394=ADVANCED_FACE('',(#8603),#2115,.T.);
#9395=ADVANCED_FACE('',(#8604),#2116,.F.);
#9396=ADVANCED_FACE('',(#8605),#2117,.T.);
#9397=ADVANCED_FACE('',(#8606),#2118,.T.);
#9398=ADVANCED_FACE('',(#8607),#2119,.T.);
#9399=ADVANCED_FACE('',(#8608),#2120,.T.);
#9400=ADVANCED_FACE('',(#8609),#2121,.T.);
#9401=ADVANCED_FACE('',(#8610),#2122,.T.);
#9402=ADVANCED_FACE('',(#8611),#2123,.T.);
#9403=ADVANCED_FACE('',(#8612),#2124,.F.);
#9404=ADVANCED_FACE('',(#8613),#2125,.F.);
#9405=ADVANCED_FACE('',(#8614),#2126,.F.);
#9406=ADVANCED_FACE('',(#8615,#8616),#2127,.F.);
#9407=ADVANCED_FACE('',(#8617,#8618),#2128,.T.);
#9408=ADVANCED_FACE('',(#8619,#8620,#8621,#8622,#8623,#8624),#2129,.F.);
#9409=ADVANCED_FACE('',(#8625,#8626,#8627),#2130,.T.);
#9410=ADVANCED_FACE('',(#8628,#8629,#8630),#2131,.T.);
#9411=ADVANCED_FACE('',(#8631,#8632,#8633,#8634,#8635,#8636),#2132,.F.);
#9412=ADVANCED_FACE('',(#8637,#8638),#8953,.F.);
#9413=ADVANCED_FACE('',(#8639),#2133,.F.);
#9414=ADVANCED_FACE('',(#8640),#2134,.F.);
#9415=ADVANCED_FACE('',(#8641),#2135,.F.);
#9416=ADVANCED_FACE('',(#8642),#2136,.T.);
#9417=ADVANCED_FACE('',(#8643),#2137,.T.);
#9418=ADVANCED_FACE('',(#8644),#2138,.T.);
#9419=ADVANCED_FACE('',(#8645),#2139,.T.);
#9420=ADVANCED_FACE('',(#8646,#8647),#8954,.F.);
#9421=ADVANCED_FACE('',(#8648),#8955,.F.);
#9422=ADVANCED_FACE('',(#8649),#8956,.F.);
#9423=ADVANCED_FACE('',(#8650),#8957,.F.);
#9424=ADVANCED_FACE('',(#8651),#8958,.F.);
#9425=ADVANCED_FACE('',(#8652),#8959,.F.);
#9426=ADVANCED_FACE('',(#8653),#8960,.F.);
#9427=ADVANCED_FACE('',(#8654),#8961,.F.);
#9428=ADVANCED_FACE('',(#8655),#8962,.F.);
#9429=ADVANCED_FACE('',(#8656),#8963,.T.);
#9430=ADVANCED_FACE('',(#8657),#8964,.T.);
#9431=ADVANCED_FACE('',(#8658),#8965,.T.);
#9432=ADVANCED_FACE('',(#8659),#8966,.T.);
#9433=ADVANCED_FACE('',(#8660),#8967,.T.);
#9434=ADVANCED_FACE('',(#8661),#8968,.T.);
#9435=ADVANCED_FACE('',(#8662),#8969,.T.);
#9436=ADVANCED_FACE('',(#8663),#8970,.T.);
#9437=ADVANCED_FACE('',(#8664),#2140,.T.);
#9438=ADVANCED_FACE('',(#8665),#2141,.F.);
#9439=ADVANCED_FACE('',(#8666),#2142,.F.);
#9440=ADVANCED_FACE('',(#8667),#2143,.F.);
#9441=ADVANCED_FACE('',(#8668),#2144,.T.);
#9442=ADVANCED_FACE('',(#8669),#2145,.T.);
#9443=ADVANCED_FACE('',(#8670),#2146,.T.);
#9444=ADVANCED_FACE('',(#8671),#2147,.T.);
#9445=ADVANCED_FACE('',(#8672),#2148,.F.);
#9446=ADVANCED_FACE('',(#8673),#2149,.F.);
#9447=ADVANCED_FACE('',(#8674),#2150,.T.);
#9448=ADVANCED_FACE('',(#8675),#2151,.F.);
#9449=ADVANCED_FACE('',(#8676,#8677,#8678),#125,.T.);
#9450=ADVANCED_FACE('',(#8679),#8971,.T.);
#9451=ADVANCED_FACE('',(#8680),#2152,.F.);
#9452=ADVANCED_FACE('',(#8681),#8972,.F.);
#9453=ADVANCED_FACE('',(#8682),#2153,.T.);
#9454=ADVANCED_FACE('',(#8683),#8973,.F.);
#9455=ADVANCED_FACE('',(#8684,#8685),#8974,.F.);
#9456=ADVANCED_FACE('',(#8686,#8687),#8975,.F.);
#9457=ADVANCED_FACE('',(#8688,#8689),#8976,.F.);
#9458=ADVANCED_FACE('',(#8690,#8691,#8692),#8977,.T.);
#9459=ADVANCED_FACE('',(#8693,#8694),#8978,.F.);
#9460=ADVANCED_FACE('',(#8695,#8696),#2154,.T.);
#9461=ADVANCED_FACE('',(#8697,#8698),#2155,.F.);
#9462=ADVANCED_FACE('',(#8699),#2156,.T.);
#9463=ADVANCED_FACE('',(#8700),#2157,.T.);
#9464=ADVANCED_FACE('',(#8701),#2158,.T.);
#9465=ADVANCED_FACE('',(#8702),#2159,.T.);
#9466=ADVANCED_FACE('',(#8703),#2160,.T.);
#9467=ADVANCED_FACE('',(#8704),#2161,.T.);
#9468=ADVANCED_FACE('',(#8705),#2162,.T.);
#9469=ADVANCED_FACE('',(#8706),#2163,.T.);
#9470=ADVANCED_FACE('',(#8707),#2164,.T.);
#9471=ADVANCED_FACE('',(#8708),#2165,.T.);
#9472=ADVANCED_FACE('',(#8709),#2166,.T.);
#9473=ADVANCED_FACE('',(#8710),#2167,.T.);
#9474=ADVANCED_FACE('',(#8711),#126,.T.);
#9475=ADVANCED_FACE('',(#8712),#127,.F.);
#9476=ADVANCED_FACE('',(#8713),#2168,.F.);
#9477=ADVANCED_FACE('',(#8714),#2169,.T.);
#9478=ADVANCED_FACE('',(#8715),#2170,.T.);
#9479=ADVANCED_FACE('',(#8716),#2171,.T.);
#9480=ADVANCED_FACE('',(#8717),#2172,.T.);
#9481=ADVANCED_FACE('',(#8718),#128,.T.);
#9482=ADVANCED_FACE('',(#8719),#129,.F.);
#9483=ADVANCED_FACE('',(#8720),#2173,.F.);
#9484=ADVANCED_FACE('',(#8721),#2174,.F.);
#9485=ADVANCED_FACE('',(#8722),#130,.T.);
#9486=ADVANCED_FACE('',(#8723),#131,.F.);
#9487=ADVANCED_FACE('',(#8724),#2175,.T.);
#9488=ADVANCED_FACE('',(#8725),#2176,.T.);
#9489=ADVANCED_FACE('',(#8726),#2177,.T.);
#9490=ADVANCED_FACE('',(#8727),#2178,.T.);
#9491=ADVANCED_FACE('',(#8728),#2179,.F.);
#9492=ADVANCED_FACE('',(#8729),#2180,.F.);
#9493=ADVANCED_FACE('',(#8730),#2181,.F.);
#9494=ADVANCED_FACE('',(#8731),#2182,.F.);
#9495=ADVANCED_FACE('',(#8732),#2183,.T.);
#9496=ADVANCED_FACE('',(#8733),#2184,.F.);
#9497=ADVANCED_FACE('',(#8734),#2185,.T.);
#9498=ADVANCED_FACE('',(#8735),#2186,.T.);
#9499=ADVANCED_FACE('',(#8736),#2187,.F.);
#9500=ADVANCED_FACE('',(#8737),#2188,.T.);
#9501=ADVANCED_FACE('',(#8738),#2189,.T.);
#9502=ADVANCED_FACE('',(#8739),#2190,.T.);
#9503=ADVANCED_FACE('',(#8740),#2191,.T.);
#9504=ADVANCED_FACE('',(#8741),#2192,.T.);
#9505=ADVANCED_FACE('',(#8742),#2193,.T.);
#9506=ADVANCED_FACE('',(#8743),#2194,.T.);
#9507=ADVANCED_FACE('',(#8744),#2195,.F.);
#9508=ADVANCED_FACE('',(#8745),#2196,.F.);
#9509=ADVANCED_FACE('',(#8746),#2197,.F.);
#9510=ADVANCED_FACE('',(#8747),#2198,.T.);
#9511=ADVANCED_FACE('',(#8748),#2199,.F.);
#9512=ADVANCED_FACE('',(#8749),#2200,.F.);
#9513=ADVANCED_FACE('',(#8750),#2201,.T.);
#9514=ADVANCED_FACE('',(#8751),#2202,.T.);
#9515=ADVANCED_FACE('',(#8752),#2203,.F.);
#9516=ADVANCED_FACE('',(#8753),#8979,.T.);
#9517=ADVANCED_FACE('',(#8754),#8980,.T.);
#9518=ADVANCED_FACE('',(#8755),#8981,.T.);
#9519=ADVANCED_FACE('',(#8756),#8982,.T.);
#9520=ADVANCED_FACE('',(#8757),#8983,.T.);
#9521=ADVANCED_FACE('',(#8758,#8759,#8760,#8761,#8762),#2204,.T.);
#9522=ADVANCED_FACE('',(#8763,#8764),#2205,.T.);
#9523=ADVANCED_FACE('',(#8765,#8766),#2206,.T.);
#9524=ADVANCED_FACE('',(#8767,#8768),#2207,.T.);
#9525=ADVANCED_FACE('',(#8769),#8984,.T.);
#9526=ADVANCED_FACE('',(#8770),#132,.F.);
#9527=ADVANCED_FACE('',(#8771),#2208,.T.);
#9528=ADVANCED_FACE('',(#8772),#8985,.F.);
#9529=ADVANCED_FACE('',(#8773),#2209,.F.);
#9530=ADVANCED_FACE('',(#8774),#133,.F.);
#9531=ADVANCED_FACE('',(#8775),#2210,.F.);
#9532=ADVANCED_FACE('',(#8776),#8986,.F.);
#9533=ADVANCED_FACE('',(#8777),#2211,.F.);
#9534=ADVANCED_FACE('',(#8778),#134,.T.);
#9535=ADVANCED_FACE('',(#8779),#8987,.T.);
#9536=ADVANCED_FACE('',(#8780),#2212,.T.);
#9537=ADVANCED_FACE('',(#8781),#8988,.T.);
#9538=ADVANCED_FACE('',(#8782),#2213,.T.);
#9539=ADVANCED_FACE('',(#8783),#8989,.T.);
#9540=ADVANCED_FACE('',(#8784,#8785),#8990,.F.);
#9541=ADVANCED_FACE('',(#8786,#8787),#8991,.F.);
#9542=ADVANCED_FACE('',(#8788,#8789),#8992,.F.);
#9543=ADVANCED_FACE('',(#8790),#2214,.T.);
#9544=ADVANCED_FACE('',(#8791,#8792),#8993,.F.);
#9545=ADVANCED_FACE('',(#8793,#8794),#2215,.T.);
#9546=ADVANCED_FACE('',(#8795,#8796,#8797,#8798,#8799),#2216,.F.);
#9547=ADVANCED_FACE('',(#8800,#8801),#8994,.F.);
#9548=ADVANCED_FACE('',(#8802,#8803),#8995,.T.);
#9549=ADVANCED_FACE('',(#8804,#8805),#8996,.F.);
#9550=ADVANCED_FACE('',(#8806,#8807),#8997,.T.);
#9551=ADVANCED_FACE('',(#8808,#8809),#8998,.F.);
#9552=ADVANCED_FACE('',(#8810,#8811),#8999,.T.);
#9553=ADVANCED_FACE('',(#8812,#8813),#9000,.F.);
#9554=ADVANCED_FACE('',(#8814,#8815),#9001,.T.);
#9555=ADVANCED_FACE('',(#8816,#8817,#8818,#8819,#8820),#2217,.F.);
#9556=ADVANCED_FACE('',(#8821,#8822),#2218,.F.);
#9557=ADVANCED_FACE('',(#8823,#8824),#2219,.F.);
#9558=ADVANCED_FACE('',(#8825,#8826),#2220,.F.);
#9559=ADVANCED_FACE('',(#8827),#9002,.T.);
#9560=ADVANCED_FACE('',(#8828),#2221,.F.);
#9561=ADVANCED_FACE('',(#8829),#9003,.T.);
#9562=ADVANCED_FACE('',(#8830),#2222,.F.);
#9563=ADVANCED_FACE('',(#8831),#9004,.T.);
#9564=ADVANCED_FACE('',(#8832),#2223,.T.);
#9565=ADVANCED_FACE('',(#8833),#9005,.T.);
#9566=ADVANCED_FACE('',(#8834,#8835),#9006,.F.);
#9567=ADVANCED_FACE('',(#8836,#8837),#9007,.F.);
#9568=ADVANCED_FACE('',(#8838,#8839),#9008,.F.);
#9569=ADVANCED_FACE('',(#8840),#2224,.T.);
#9570=ADVANCED_FACE('',(#8841,#8842),#9009,.F.);
#9571=ADVANCED_FACE('',(#8843,#8844,#8845,#8846,#8847),#2225,.T.);
#9572=ADVANCED_FACE('',(#8848,#8849),#2226,.F.);
#9573=CLOSED_SHELL('',(#9010,#9011,#9012,#9013,#9014,#9015,#9016,#9017,#9018));
#9574=CLOSED_SHELL('',(#9019,#9020,#9021,#9022,#9023,#9024,#9025,#9026,#9027));
#9575=CLOSED_SHELL('',(#9028,#9029,#9030,#9031,#9032,#9033,#9034,#9035,#9036));
#9576=CLOSED_SHELL('',(#9037,#9038,#9039,#9040,#9041,#9042,#9043,#9044,#9045,#9046,#9047,#9048,#9049,#9050,#9051,#9052,#9053,#9054,#9055,#9056,#9057,#9058,#9059,#9060,#9061,#9062,#9063,#9064,#9065,#9066,#9067,#9068,#9069,#9070,#9071,#9072,#9073,#9074,#9075,#9076,#9077,#9078,#9079,#9080,#9081,#9082,#9083,#9084,#9085,#9086,#9087));
#9577=CLOSED_SHELL('',(#9088,#9089,#9090,#9091,#9092,#9093,#9094,#9095,#9096));
#9578=CLOSED_SHELL('',(#9097,#9098,#9099,#9100,#9101,#9102,#9103,#9104,#9105,#9106,#9107,#9108,#9109,#9110,#9111,#9112,#9113,#9114,#9115,#9116,#9117,#9118,#9119,#9120,#9121,#9122,#9123,#9124,#9125,#9126,#9127,#9128,#9129,#9130,#9131,#9132,#9133,#9134,#9135,#9136,#9137,#9138,#9139,#9140,#9141,#9142,#9143,#9144,#9145,#9146,#9147,#9148,#9149));
#9579=CLOSED_SHELL('',(#9150,#9151,#9152,#9153,#9154,#9155,#9156,#9157,#9158,#9159,#9160,#9161,#9162));
#9580=CLOSED_SHELL('',(#9163,#9164,#9165,#9166,#9167,#9168,#9169,#9170,#9171,#9172,#9173,#9174,#9175,#9176,#9177,#9178,#9179,#9180,#9181,#9182,#9183,#9184,#9185,#9186,#9187,#9188,#9189,#9190,#9191,#9192,#9193,#9194,#9195,#9196,#9197));
#9581=CLOSED_SHELL('',(#9198,#9199,#9200,#9201,#9202,#9203,#9204,#9205,#9206,#9207,#9208,#9209,#9210,#9211,#9212,#9213,#9214,#9215,#9216,#9217,#9218,#9219,#9220,#9221,#9222,#9223,#9224,#9225,#9226,#9227,#9228,#9229,#9230,#9231,#9232,#9233,#9234,#9235,#9236,#9237,#9238,#9239,#9240,#9241,#9242,#9243,#9244,#9245,#9246,#9247,#9248,#9249,#9250));
#9582=CLOSED_SHELL('',(#9251,#9252,#9253,#9254,#9255,#9256,#9257,#9258,#9259,#9260,#9261,#9262,#9263,#9264,#9265,#9266,#9267,#9268,#9269,#9270,#9271,#9272,#9273,#9274,#9275,#9276,#9277,#9278,#9279,#9280,#9281,#9282,#9283,#9284,#9285,#9286,#9287,#9288,#9289,#9290,#9291,#9292,#9293,#9294,#9295,#9296,#9297,#9298,#9299,#9300,#9301));
#9583=CLOSED_SHELL('',(#9302,#9303,#9304,#9305,#9306,#9307,#9308,#9309,#9310,#9311,#9312,#9313,#9314,#9315,#9316,#9317,#9318,#9319,#9320,#9321,#9322,#9323,#9324,#9325,#9326,#9327,#9328,#9329,#9330,#9331,#9332,#9333,#9334,#9335,#9336,#9337,#9338,#9339,#9340,#9341,#9342,#9343,#9344,#9345,#9346,#9347,#9348,#9349,#9350,#9351,#9352));
#9584=CLOSED_SHELL('',(#9353,#9354,#9355,#9356,#9357,#9358,#9359,#9360,#9361,#9362,#9363,#9364,#9365,#9366,#9367,#9368,#9369,#9370,#9371,#9372,#9373,#9374,#9375,#9376,#9377,#9378,#9379,#9380,#9381,#9382,#9383,#9384,#9385,#9386,#9387,#9388,#9389,#9390,#9391,#9392,#9393,#9394,#9395,#9396,#9397,#9398,#9399,#9400,#9401,#9402,#9403,#9404,#9405));
#9585=CLOSED_SHELL('',(#9406,#9407,#9408,#9409,#9410,#9411,#9412,#9413,#9414,#9415,#9416,#9417,#9418,#9419,#9420,#9421,#9422,#9423,#9424,#9425,#9426,#9427,#9428,#9429,#9430,#9431,#9432,#9433,#9434,#9435,#9436,#9437,#9438,#9439,#9440,#9441,#9442,#9443,#9444,#9445,#9446,#9447,#9448,#9449,#9450,#9451,#9452,#9453,#9454,#9455,#9456));
#9586=CLOSED_SHELL('',(#9457,#9458,#9459,#9460,#9461,#9462,#9463,#9464,#9465,#9466,#9467,#9468,#9469,#9470,#9471,#9472,#9473,#9474,#9475,#9476,#9477,#9478,#9479,#9480,#9481,#9482,#9483,#9484,#9485,#9486,#9487,#9488,#9489,#9490,#9491,#9492,#9493,#9494,#9495,#9496,#9497,#9498,#9499,#9500,#9501,#9502,#9503,#9504,#9505,#9506,#9507,#9508,#9509));
#9587=CLOSED_SHELL('',(#9510,#9511,#9512,#9513,#9514,#9515,#9516,#9517,#9518,#9519,#9520));
#9588=CLOSED_SHELL('',(#9521,#9522,#9523,#9524,#9525,#9526,#9527,#9528,#9529,#9530,#9531,#9532,#9533,#9534,#9535,#9536,#9537,#9538,#9539,#9540,#9541,#9542,#9543,#9544,#9545,#9546,#9547,#9548,#9549,#9550,#9551,#9552,#9553,#9554,#9555,#9556,#9557,#9558,#9559,#9560,#9561,#9562,#9563,#9564,#9565,#9566,#9567,#9568,#9569,#9570,#9571,#9572));
#9589=STYLED_ITEM('',(#9605),#9702);
#9590=STYLED_ITEM('',(#9606),#9703);
#9591=STYLED_ITEM('',(#9607),#9704);
#9592=STYLED_ITEM('',(#9608),#9705);
#9593=STYLED_ITEM('',(#9609),#9706);
#9594=STYLED_ITEM('',(#9610),#9707);
#9595=STYLED_ITEM('',(#9611),#9708);
#9596=STYLED_ITEM('',(#9612),#9709);
#9597=STYLED_ITEM('',(#9613),#9710);
#9598=STYLED_ITEM('',(#9614),#9711);
#9599=STYLED_ITEM('',(#9615),#9712);
#9600=STYLED_ITEM('',(#9616),#9713);
#9601=STYLED_ITEM('',(#9617),#9714);
#9602=STYLED_ITEM('',(#9618),#9715);
#9603=STYLED_ITEM('',(#9619),#9716);
#9604=STYLED_ITEM('',(#9620),#9717);
#9605=PRESENTATION_STYLE_ASSIGNMENT((#9621));
#9606=PRESENTATION_STYLE_ASSIGNMENT((#9622));
#9607=PRESENTATION_STYLE_ASSIGNMENT((#9623));
#9608=PRESENTATION_STYLE_ASSIGNMENT((#9624));
#9609=PRESENTATION_STYLE_ASSIGNMENT((#9625));
#9610=PRESENTATION_STYLE_ASSIGNMENT((#9626));
#9611=PRESENTATION_STYLE_ASSIGNMENT((#9627));
#9612=PRESENTATION_STYLE_ASSIGNMENT((#9628));
#9613=PRESENTATION_STYLE_ASSIGNMENT((#9629));
#9614=PRESENTATION_STYLE_ASSIGNMENT((#9630));
#9615=PRESENTATION_STYLE_ASSIGNMENT((#9631));
#9616=PRESENTATION_STYLE_ASSIGNMENT((#9632));
#9617=PRESENTATION_STYLE_ASSIGNMENT((#9633));
#9618=PRESENTATION_STYLE_ASSIGNMENT((#9634));
#9619=PRESENTATION_STYLE_ASSIGNMENT((#9635));
#9620=PRESENTATION_STYLE_ASSIGNMENT((#9636));
#9621=SURFACE_STYLE_USAGE(.BOTH.,#9637);
#9622=SURFACE_STYLE_USAGE(.BOTH.,#9638);
#9623=SURFACE_STYLE_USAGE(.BOTH.,#9639);
#9624=SURFACE_STYLE_USAGE(.BOTH.,#9640);
#9625=SURFACE_STYLE_USAGE(.BOTH.,#9641);
#9626=SURFACE_STYLE_USAGE(.BOTH.,#9642);
#9627=SURFACE_STYLE_USAGE(.BOTH.,#9643);
#9628=SURFACE_STYLE_USAGE(.BOTH.,#9644);
#9629=SURFACE_STYLE_USAGE(.BOTH.,#9645);
#9630=SURFACE_STYLE_USAGE(.BOTH.,#9646);
#9631=SURFACE_STYLE_USAGE(.BOTH.,#9647);
#9632=SURFACE_STYLE_USAGE(.BOTH.,#9648);
#9633=SURFACE_STYLE_USAGE(.BOTH.,#9649);
#9634=SURFACE_STYLE_USAGE(.BOTH.,#9650);
#9635=SURFACE_STYLE_USAGE(.BOTH.,#9651);
#9636=SURFACE_STYLE_USAGE(.BOTH.,#9652);
#9637=SURFACE_SIDE_STYLE('',(#9653));
#9638=SURFACE_SIDE_STYLE('',(#9654));
#9639=SURFACE_SIDE_STYLE('',(#9655));
#9640=SURFACE_SIDE_STYLE('',(#9656));
#9641=SURFACE_SIDE_STYLE('',(#9657));
#9642=SURFACE_SIDE_STYLE('',(#9658));
#9643=SURFACE_SIDE_STYLE('',(#9659));
#9644=SURFACE_SIDE_STYLE('',(#9660));
#9645=SURFACE_SIDE_STYLE('',(#9661));
#9646=SURFACE_SIDE_STYLE('',(#9662));
#9647=SURFACE_SIDE_STYLE('',(#9663));
#9648=SURFACE_SIDE_STYLE('',(#9664));
#9649=SURFACE_SIDE_STYLE('',(#9665));
#9650=SURFACE_SIDE_STYLE('',(#9666));
#9651=SURFACE_SIDE_STYLE('',(#9667));
#9652=SURFACE_SIDE_STYLE('',(#9668));
#9653=SURFACE_STYLE_FILL_AREA(#9669);
#9654=SURFACE_STYLE_FILL_AREA(#9670);
#9655=SURFACE_STYLE_FILL_AREA(#9671);
#9656=SURFACE_STYLE_FILL_AREA(#9672);
#9657=SURFACE_STYLE_FILL_AREA(#9673);
#9658=SURFACE_STYLE_FILL_AREA(#9674);
#9659=SURFACE_STYLE_FILL_AREA(#9675);
#9660=SURFACE_STYLE_FILL_AREA(#9676);
#9661=SURFACE_STYLE_FILL_AREA(#9677);
#9662=SURFACE_STYLE_FILL_AREA(#9678);
#9663=SURFACE_STYLE_FILL_AREA(#9679);
#9664=SURFACE_STYLE_FILL_AREA(#9680);
#9665=SURFACE_STYLE_FILL_AREA(#9681);
#9666=SURFACE_STYLE_FILL_AREA(#9682);
#9667=SURFACE_STYLE_FILL_AREA(#9683);
#9668=SURFACE_STYLE_FILL_AREA(#9684);
#9669=FILL_AREA_STYLE('',(#9685));
#9670=FILL_AREA_STYLE('',(#9686));
#9671=FILL_AREA_STYLE('',(#9687));
#9672=FILL_AREA_STYLE('',(#9688));
#9673=FILL_AREA_STYLE('',(#9689));
#9674=FILL_AREA_STYLE('',(#9690));
#9675=FILL_AREA_STYLE('',(#9691));
#9676=FILL_AREA_STYLE('',(#9692));
#9677=FILL_AREA_STYLE('',(#9693));
#9678=FILL_AREA_STYLE('',(#9694));
#9679=FILL_AREA_STYLE('',(#9695));
#9680=FILL_AREA_STYLE('',(#9696));
#9681=FILL_AREA_STYLE('',(#9697));
#9682=FILL_AREA_STYLE('',(#9698));
#9683=FILL_AREA_STYLE('',(#9699));
#9684=FILL_AREA_STYLE('',(#9700));
#9685=FILL_AREA_STYLE_COLOUR('',#9701);
#9686=FILL_AREA_STYLE_COLOUR('',#9701);
#9687=FILL_AREA_STYLE_COLOUR('',#9701);
#9688=FILL_AREA_STYLE_COLOUR('',#1815);
#9689=FILL_AREA_STYLE_COLOUR('',#9701);
#9690=FILL_AREA_STYLE_COLOUR('',#1816);
#9691=FILL_AREA_STYLE_COLOUR('',#1817);
#9692=FILL_AREA_STYLE_COLOUR('',#1818);
#9693=FILL_AREA_STYLE_COLOUR('',#1816);
#9694=FILL_AREA_STYLE_COLOUR('',#1819);
#9695=FILL_AREA_STYLE_COLOUR('',#1820);
#9696=FILL_AREA_STYLE_COLOUR('',#1816);
#9697=FILL_AREA_STYLE_COLOUR('',#1820);
#9698=FILL_AREA_STYLE_COLOUR('',#1816);
#9699=FILL_AREA_STYLE_COLOUR('',#1821);
#9700=FILL_AREA_STYLE_COLOUR('',#1822);
#9701=DRAUGHTING_PRE_DEFINED_COLOUR('black');
#9702=MANIFOLD_SOLID_BREP('motor 3',#9573);
#9703=MANIFOLD_SOLID_BREP('MOTOR1',#9574);
#9704=MANIFOLD_SOLID_BREP('motor2',#9575);
#9705=MANIFOLD_SOLID_BREP('ARM CC1',#9576);
#9706=MANIFOLD_SOLID_BREP('motor4',#9577);
#9707=MANIFOLD_SOLID_BREP('PROP',#9578);
#9708=MANIFOLD_SOLID_BREP('RECIEVER',#9579);
#9709=MANIFOLD_SOLID_BREP('BASE',#9580);
#9710=MANIFOLD_SOLID_BREP('PROP4',#9581);
#9711=MANIFOLD_SOLID_BREP('ARM CC2',#9582);
#9712=MANIFOLD_SOLID_BREP('ARM C1',#9583);
#9713=MANIFOLD_SOLID_BREP('PROP2',#9584);
#9714=MANIFOLD_SOLID_BREP('ARM C2',#9585);
#9715=MANIFOLD_SOLID_BREP('PROP3',#9586);
#9716=MANIFOLD_SOLID_BREP('BATTERY',#9587);
#9717=MANIFOLD_SOLID_BREP('ESC',#9588);
#9718=SHAPE_DEFINITION_REPRESENTATION(#16812,#9734);
#9719=SHAPE_DEFINITION_REPRESENTATION(#16813,#9735);
#9720=SHAPE_DEFINITION_REPRESENTATION(#16814,#9736);
#9721=SHAPE_DEFINITION_REPRESENTATION(#16815,#9737);
#9722=SHAPE_DEFINITION_REPRESENTATION(#16816,#9738);
#9723=SHAPE_DEFINITION_REPRESENTATION(#16817,#9739);
#9724=SHAPE_DEFINITION_REPRESENTATION(#16818,#9740);
#9725=SHAPE_DEFINITION_REPRESENTATION(#16819,#9741);
#9726=SHAPE_DEFINITION_REPRESENTATION(#16820,#9742);
#9727=SHAPE_DEFINITION_REPRESENTATION(#16821,#9743);
#9728=SHAPE_DEFINITION_REPRESENTATION(#16822,#9744);
#9729=SHAPE_DEFINITION_REPRESENTATION(#16823,#9745);
#9730=SHAPE_DEFINITION_REPRESENTATION(#16824,#9746);
#9731=SHAPE_DEFINITION_REPRESENTATION(#16825,#9747);
#9732=SHAPE_DEFINITION_REPRESENTATION(#16826,#9748);
#9733=SHAPE_DEFINITION_REPRESENTATION(#16827,#9749);
#9734=SHAPE_REPRESENTATION('motor 3',(#9750),#16732);
#9735=SHAPE_REPRESENTATION('MOTOR1',(#9768),#16733);
#9736=SHAPE_REPRESENTATION('motor2',(#9786),#16734);
#9737=SHAPE_REPRESENTATION('ARM CC1',(#9804),#16735);
#9738=SHAPE_REPRESENTATION('motor4',(#9899),#16736);
#9739=SHAPE_REPRESENTATION('PROP',(#9917),#16737);
#9740=SHAPE_REPRESENTATION('RECIEVER',(#9992),#16738);
#9741=SHAPE_REPRESENTATION('BASE',(#10008),#16739);
#9742=SHAPE_REPRESENTATION('PROP4',(#10070),#16740);
#9743=SHAPE_REPRESENTATION('ARM CC2',(#10145),#16741);
#9744=SHAPE_REPRESENTATION('ARM C1',(#10240),#16742);
#9745=SHAPE_REPRESENTATION('PROP2',(#10335),#16743);
#9746=SHAPE_REPRESENTATION('ARM C2',(#10410),#16744);
#9747=SHAPE_REPRESENTATION('PROP3',(#10505),#16745);
#9748=SHAPE_REPRESENTATION('BATTERY',(#10580),#16746);
#9749=SHAPE_REPRESENTATION('ESC',(#10600),#16747);
#9750=AXIS2_PLACEMENT_3D('',#13401,#10702,#10703);
#9751=AXIS2_PLACEMENT_3D('',#13402,#10704,#10705);
#9752=AXIS2_PLACEMENT_3D('',#13403,#10706,#10707);
#9753=AXIS2_PLACEMENT_3D('',#13405,#10708,#10709);
#9754=AXIS2_PLACEMENT_3D('',#13407,#10710,#10711);
#9755=AXIS2_PLACEMENT_3D('',#13408,#10712,#10713);
#9756=AXIS2_PLACEMENT_3D('',#13410,#10714,#10715);
#9757=AXIS2_PLACEMENT_3D('',#13412,#10716,#10717);
#9758=AXIS2_PLACEMENT_3D('',#13413,#10718,#10719);
#9759=AXIS2_PLACEMENT_3D('',#13415,#10720,#10721);
#9760=AXIS2_PLACEMENT_3D('',#13416,#10722,#10723);
#9761=AXIS2_PLACEMENT_3D('',#13417,#10724,#10725);
#9762=AXIS2_PLACEMENT_3D('',#13418,#10726,#10727);
#9763=AXIS2_PLACEMENT_3D('',#13420,#10728,#10729);
#9764=AXIS2_PLACEMENT_3D('',#13421,#10730,#10731);
#9765=AXIS2_PLACEMENT_3D('',#13423,#10732,#10733);
#9766=AXIS2_PLACEMENT_3D('',#13424,#10734,#10735);
#9767=AXIS2_PLACEMENT_3D('',#13426,#10736,#10737);
#9768=AXIS2_PLACEMENT_3D('',#13427,#10738,#10739);
#9769=AXIS2_PLACEMENT_3D('',#13428,#10740,#10741);
#9770=AXIS2_PLACEMENT_3D('',#13429,#10742,#10743);
#9771=AXIS2_PLACEMENT_3D('',#13431,#10744,#10745);
#9772=AXIS2_PLACEMENT_3D('',#13433,#10746,#10747);
#9773=AXIS2_PLACEMENT_3D('',#13434,#10748,#10749);
#9774=AXIS2_PLACEMENT_3D('',#13436,#10750,#10751);
#9775=AXIS2_PLACEMENT_3D('',#13438,#10752,#10753);
#9776=AXIS2_PLACEMENT_3D('',#13439,#10754,#10755);
#9777=AXIS2_PLACEMENT_3D('',#13441,#10756,#10757);
#9778=AXIS2_PLACEMENT_3D('',#13442,#10758,#10759);
#9779=AXIS2_PLACEMENT_3D('',#13443,#10760,#10761);
#9780=AXIS2_PLACEMENT_3D('',#13444,#10762,#10763);
#9781=AXIS2_PLACEMENT_3D('',#13446,#10764,#10765);
#9782=AXIS2_PLACEMENT_3D('',#13447,#10766,#10767);
#9783=AXIS2_PLACEMENT_3D('',#13449,#10768,#10769);
#9784=AXIS2_PLACEMENT_3D('',#13450,#10770,#10771);
#9785=AXIS2_PLACEMENT_3D('',#13452,#10772,#10773);
#9786=AXIS2_PLACEMENT_3D('',#13453,#10774,#10775);
#9787=AXIS2_PLACEMENT_3D('',#13454,#10776,#10777);
#9788=AXIS2_PLACEMENT_3D('',#13455,#10778,#10779);
#9789=AXIS2_PLACEMENT_3D('',#13457,#10780,#10781);
#9790=AXIS2_PLACEMENT_3D('',#13459,#10782,#10783);
#9791=AXIS2_PLACEMENT_3D('',#13460,#10784,#10785);
#9792=AXIS2_PLACEMENT_3D('',#13462,#10786,#10787);
#9793=AXIS2_PLACEMENT_3D('',#13464,#10788,#10789);
#9794=AXIS2_PLACEMENT_3D('',#13465,#10790,#10791);
#9795=AXIS2_PLACEMENT_3D('',#13467,#10792,#10793);
#9796=AXIS2_PLACEMENT_3D('',#13468,#10794,#10795);
#9797=AXIS2_PLACEMENT_3D('',#13469,#10796,#10797);
#9798=AXIS2_PLACEMENT_3D('',#13470,#10798,#10799);
#9799=AXIS2_PLACEMENT_3D('',#13472,#10800,#10801);
#9800=AXIS2_PLACEMENT_3D('',#13473,#10802,#10803);
#9801=AXIS2_PLACEMENT_3D('',#13475,#10804,#10805);
#9802=AXIS2_PLACEMENT_3D('',#13476,#10806,#10807);
#9803=AXIS2_PLACEMENT_3D('',#13478,#10808,#10809);
#9804=AXIS2_PLACEMENT_3D('',#13479,#10810,#10811);
#9805=AXIS2_PLACEMENT_3D('',#13480,#10812,#10813);
#9806=AXIS2_PLACEMENT_3D('',#13487,#10814,#10815);
#9807=AXIS2_PLACEMENT_3D('',#13500,#10822,#10823);
#9808=AXIS2_PLACEMENT_3D('',#13505,#10825,#10826);
#9809=AXIS2_PLACEMENT_3D('',#13508,#10828,#10829);
#9810=AXIS2_PLACEMENT_3D('',#13512,#10831,#10832);
#9811=AXIS2_PLACEMENT_3D('',#13531,#10839,#10840);
#9812=AXIS2_PLACEMENT_3D('',#13535,#10842,#10843);
#9813=AXIS2_PLACEMENT_3D('',#13536,#10844,#10845);
#9814=AXIS2_PLACEMENT_3D('',#13537,#10846,#10847);
#9815=AXIS2_PLACEMENT_3D('',#13540,#10848,#10849);
#9816=AXIS2_PLACEMENT_3D('',#13542,#10850,#10851);
#9817=AXIS2_PLACEMENT_3D('',#13544,#10852,#10853);
#9818=AXIS2_PLACEMENT_3D('',#13545,#10854,#10855);
#9819=AXIS2_PLACEMENT_3D('',#13547,#10856,#10857);
#9820=AXIS2_PLACEMENT_3D('',#13550,#10858,#10859);
#9821=AXIS2_PLACEMENT_3D('',#13552,#10860,#10861);
#9822=AXIS2_PLACEMENT_3D('',#13554,#10862,#10863);
#9823=AXIS2_PLACEMENT_3D('',#13555,#10864,#10865);
#9824=AXIS2_PLACEMENT_3D('',#13558,#10866,#10867);
#9825=AXIS2_PLACEMENT_3D('',#13560,#10868,#10869);
#9826=AXIS2_PLACEMENT_3D('',#13562,#10870,#10871);
#9827=AXIS2_PLACEMENT_3D('',#13563,#10872,#10873);
#9828=AXIS2_PLACEMENT_3D('',#13566,#10874,#10875);
#9829=AXIS2_PLACEMENT_3D('',#13568,#10876,#10877);
#9830=AXIS2_PLACEMENT_3D('',#13570,#10878,#10879);
#9831=AXIS2_PLACEMENT_3D('',#13585,#10888,#10889);
#9832=AXIS2_PLACEMENT_3D('',#13586,#10890,#10891);
#9833=AXIS2_PLACEMENT_3D('',#13588,#10892,#10893);
#9834=AXIS2_PLACEMENT_3D('',#13596,#10898,#10899);
#9835=AXIS2_PLACEMENT_3D('',#13613,#10909,#10910);
#9836=AXIS2_PLACEMENT_3D('',#13629,#10918,#10919);
#9837=AXIS2_PLACEMENT_3D('',#13630,#10920,#10921);
#9838=AXIS2_PLACEMENT_3D('',#13633,#10922,#10923);
#9839=AXIS2_PLACEMENT_3D('',#13635,#10924,#10925);
#9840=AXIS2_PLACEMENT_3D('',#13637,#10926,#10927);
#9841=AXIS2_PLACEMENT_3D('',#13638,#10928,#10929);
#9842=AXIS2_PLACEMENT_3D('',#13641,#10930,#10931);
#9843=AXIS2_PLACEMENT_3D('',#13643,#10932,#10933);
#9844=AXIS2_PLACEMENT_3D('',#13645,#10934,#10935);
#9845=AXIS2_PLACEMENT_3D('',#13646,#10936,#10937);
#9846=AXIS2_PLACEMENT_3D('',#13649,#10938,#10939);
#9847=AXIS2_PLACEMENT_3D('',#13651,#10940,#10941);
#9848=AXIS2_PLACEMENT_3D('',#13653,#10942,#10943);
#9849=AXIS2_PLACEMENT_3D('',#13654,#10944,#10945);
#9850=AXIS2_PLACEMENT_3D('',#13656,#10946,#10947);
#9851=AXIS2_PLACEMENT_3D('',#13658,#10948,#10949);
#9852=AXIS2_PLACEMENT_3D('',#13661,#10950,#10951);
#9853=AXIS2_PLACEMENT_3D('',#13663,#10952,#10953);
#9854=AXIS2_PLACEMENT_3D('',#13665,#10954,#10955);
#9855=AXIS2_PLACEMENT_3D('',#13666,#10956,#10957);
#9856=AXIS2_PLACEMENT_3D('',#13667,#10958,#10959);
#9857=AXIS2_PLACEMENT_3D('',#13670,#10962,#10963);
#9858=AXIS2_PLACEMENT_3D('',#13672,#10965,#10966);
#9859=AXIS2_PLACEMENT_3D('',#13673,#10967,#10968);
#9860=AXIS2_PLACEMENT_3D('',#13675,#10970,#10971);
#9861=AXIS2_PLACEMENT_3D('',#13677,#10973,#10974);
#9862=AXIS2_PLACEMENT_3D('',#13679,#10976,#10977);
#9863=AXIS2_PLACEMENT_3D('',#13680,#10978,#10979);
#9864=AXIS2_PLACEMENT_3D('',#13681,#10980,#10981);
#9865=AXIS2_PLACEMENT_3D('',#13684,#10984,#10985);
#9866=AXIS2_PLACEMENT_3D('',#13687,#10988,#10989);
#9867=AXIS2_PLACEMENT_3D('',#13690,#10992,#10993);
#9868=AXIS2_PLACEMENT_3D('',#13693,#10996,#10997);
#9869=AXIS2_PLACEMENT_3D('',#13696,#11000,#11001);
#9870=AXIS2_PLACEMENT_3D('',#13699,#11004,#11005);
#9871=AXIS2_PLACEMENT_3D('',#13702,#11008,#11009);
#9872=AXIS2_PLACEMENT_3D('',#13705,#11012,#11013);
#9873=AXIS2_PLACEMENT_3D('',#13706,#11014,#11015);
#9874=AXIS2_PLACEMENT_3D('',#13707,#11016,#11017);
#9875=AXIS2_PLACEMENT_3D('',#13708,#11018,#11019);
#9876=AXIS2_PLACEMENT_3D('',#13709,#11020,#11021);
#9877=AXIS2_PLACEMENT_3D('',#13710,#11022,#11023);
#9878=AXIS2_PLACEMENT_3D('',#13711,#11024,#11025);
#9879=AXIS2_PLACEMENT_3D('',#13712,#11026,#11027);
#9880=AXIS2_PLACEMENT_3D('',#13713,#11028,#11029);
#9881=AXIS2_PLACEMENT_3D('',#13719,#11033,#11034);
#9882=AXIS2_PLACEMENT_3D('',#13723,#11037,#11038);
#9883=AXIS2_PLACEMENT_3D('',#13727,#11041,#11042);
#9884=AXIS2_PLACEMENT_3D('',#13731,#11045,#11046);
#9885=AXIS2_PLACEMENT_3D('',#13735,#11049,#11050);
#9886=AXIS2_PLACEMENT_3D('',#13739,#11053,#11054);
#9887=AXIS2_PLACEMENT_3D('',#13741,#11056,#11057);
#9888=AXIS2_PLACEMENT_3D('',#13742,#11058,#11059);
#9889=AXIS2_PLACEMENT_3D('',#13744,#11061,#11062);
#9890=AXIS2_PLACEMENT_3D('',#13745,#11063,#11064);
#9891=AXIS2_PLACEMENT_3D('',#13752,#11066,#11067);
#9892=AXIS2_PLACEMENT_3D('',#13790,#11069,#11070);
#9893=AXIS2_PLACEMENT_3D('',#13791,#11071,#11072);
#9894=AXIS2_PLACEMENT_3D('',#13794,#11075,#11076);
#9895=AXIS2_PLACEMENT_3D('',#13796,#11078,#11079);
#9896=AXIS2_PLACEMENT_3D('',#13798,#11081,#11082);
#9897=AXIS2_PLACEMENT_3D('',#13799,#11083,#11084);
#9898=AXIS2_PLACEMENT_3D('',#13800,#11085,#11086);
#9899=AXIS2_PLACEMENT_3D('',#13801,#11087,#11088);
#9900=AXIS2_PLACEMENT_3D('',#13802,#11089,#11090);
#9901=AXIS2_PLACEMENT_3D('',#13803,#11091,#11092);
#9902=AXIS2_PLACEMENT_3D('',#13805,#11093,#11094);
#9903=AXIS2_PLACEMENT_3D('',#13807,#11095,#11096);
#9904=AXIS2_PLACEMENT_3D('',#13808,#11097,#11098);
#9905=AXIS2_PLACEMENT_3D('',#13810,#11099,#11100);
#9906=AXIS2_PLACEMENT_3D('',#13812,#11101,#11102);
#9907=AXIS2_PLACEMENT_3D('',#13813,#11103,#11104);
#9908=AXIS2_PLACEMENT_3D('',#13815,#11105,#11106);
#9909=AXIS2_PLACEMENT_3D('',#13816,#11107,#11108);
#9910=AXIS2_PLACEMENT_3D('',#13817,#11109,#11110);
#9911=AXIS2_PLACEMENT_3D('',#13818,#11111,#11112);
#9912=AXIS2_PLACEMENT_3D('',#13820,#11113,#11114);
#9913=AXIS2_PLACEMENT_3D('',#13821,#11115,#11116);
#9914=AXIS2_PLACEMENT_3D('',#13823,#11117,#11118);
#9915=AXIS2_PLACEMENT_3D('',#13824,#11119,#11120);
#9916=AXIS2_PLACEMENT_3D('',#13826,#11121,#11122);
#9917=AXIS2_PLACEMENT_3D('',#13827,#11123,#11124);
#9918=AXIS2_PLACEMENT_3D('',#13828,#11125,#11126);
#9919=AXIS2_PLACEMENT_3D('',#13829,#11127,#11128);
#9920=AXIS2_PLACEMENT_3D('',#13832,#11129,#11130);
#9921=AXIS2_PLACEMENT_3D('',#13836,#11132,#11133);
#9922=AXIS2_PLACEMENT_3D('',#13838,#11134,#11135);
#9923=AXIS2_PLACEMENT_3D('',#13842,#11137,#11138);
#9924=AXIS2_PLACEMENT_3D('',#13845,#11140,#11141);
#9925=AXIS2_PLACEMENT_3D('',#13847,#11142,#11143);
#9926=AXIS2_PLACEMENT_3D('',#13848,#11144,#11145);
#9927=AXIS2_PLACEMENT_3D('',#13850,#11146,#11147);
#9928=AXIS2_PLACEMENT_3D('',#13855,#11149,#11150);
#9929=AXIS2_PLACEMENT_3D('',#13857,#11151,#11152);
#9930=AXIS2_PLACEMENT_3D('',#13861,#11154,#11155);
#9931=AXIS2_PLACEMENT_3D('',#13863,#11156,#11157);
#9932=AXIS2_PLACEMENT_3D('',#13867,#11159,#11160);
#9933=AXIS2_PLACEMENT_3D('',#13869,#11161,#11162);
#9934=AXIS2_PLACEMENT_3D('',#13871,#11163,#11164);
#9935=AXIS2_PLACEMENT_3D('',#13873,#11165,#11166);
#9936=AXIS2_PLACEMENT_3D('',#13875,#11167,#11168);
#9937=AXIS2_PLACEMENT_3D('',#13877,#11169,#11170);
#9938=AXIS2_PLACEMENT_3D('',#13879,#11171,#11172);
#9939=AXIS2_PLACEMENT_3D('',#13881,#11173,#11174);
#9940=AXIS2_PLACEMENT_3D('',#13883,#11175,#11176);
#9941=AXIS2_PLACEMENT_3D('',#13884,#11177,#11178);
#9942=AXIS2_PLACEMENT_3D('',#13885,#11179,#11180);
#9943=AXIS2_PLACEMENT_3D('',#13888,#11181,#11182);
#9944=AXIS2_PLACEMENT_3D('',#13892,#11184,#11185);
#9945=AXIS2_PLACEMENT_3D('',#13894,#11186,#11187);
#9946=AXIS2_PLACEMENT_3D('',#13898,#11189,#11190);
#9947=AXIS2_PLACEMENT_3D('',#13901,#11192,#11193);
#9948=AXIS2_PLACEMENT_3D('',#13903,#11194,#11195);
#9949=AXIS2_PLACEMENT_3D('',#13904,#11196,#11197);
#9950=AXIS2_PLACEMENT_3D('',#13905,#11198,#11199);
#9951=AXIS2_PLACEMENT_3D('',#13909,#11202,#11203);
#9952=AXIS2_PLACEMENT_3D('',#13911,#11205,#11206);
#9953=AXIS2_PLACEMENT_3D('',#13913,#11208,#11209);
#9954=AXIS2_PLACEMENT_3D('',#13915,#11211,#11212);
#9955=AXIS2_PLACEMENT_3D('',#13921,#11216,#11217);
#9956=AXIS2_PLACEMENT_3D('',#13925,#11220,#11221);
#9957=AXIS2_PLACEMENT_3D('',#13929,#11224,#11225);
#9958=AXIS2_PLACEMENT_3D('',#13933,#11228,#11229);
#9959=AXIS2_PLACEMENT_3D('',#13951,#11234,#11235);
#9960=AXIS2_PLACEMENT_3D('',#13959,#11237,#11238);
#9961=AXIS2_PLACEMENT_3D('',#13975,#11242,#11243);
#9962=AXIS2_PLACEMENT_3D('',#13996,#11248,#11249);
#9963=AXIS2_PLACEMENT_3D('',#13997,#11250,#11251);
#9964=AXIS2_PLACEMENT_3D('',#14015,#11256,#11257);
#9965=AXIS2_PLACEMENT_3D('',#14025,#11260,#11261);
#9966=AXIS2_PLACEMENT_3D('',#14043,#11266,#11267);
#9967=AXIS2_PLACEMENT_3D('',#14064,#11272,#11273);
#9968=AXIS2_PLACEMENT_3D('',#14065,#11274,#11275);
#9969=AXIS2_PLACEMENT_3D('',#14117,#11281,#11282);
#9970=AXIS2_PLACEMENT_3D('',#14120,#11285,#11286);
#9971=AXIS2_PLACEMENT_3D('',#14123,#11289,#11290);
#9972=AXIS2_PLACEMENT_3D('',#14125,#11292,#11293);
#9973=AXIS2_PLACEMENT_3D('',#14126,#11294,#11295);
#9974=AXIS2_PLACEMENT_3D('',#14127,#11296,#11297);
#9975=AXIS2_PLACEMENT_3D('',#14128,#11298,#11299);
#9976=AXIS2_PLACEMENT_3D('',#14129,#11300,#11301);
#9977=AXIS2_PLACEMENT_3D('',#14133,#11304,#11305);
#9978=AXIS2_PLACEMENT_3D('',#14136,#11308,#11309);
#9979=AXIS2_PLACEMENT_3D('',#14138,#11311,#11312);
#9980=AXIS2_PLACEMENT_3D('',#14139,#11313,#11314);
#9981=AXIS2_PLACEMENT_3D('',#14142,#11317,#11318);
#9982=AXIS2_PLACEMENT_3D('',#14144,#11320,#11321);
#9983=AXIS2_PLACEMENT_3D('',#14145,#11322,#11323);
#9984=AXIS2_PLACEMENT_3D('',#14146,#11324,#11325);
#9985=AXIS2_PLACEMENT_3D('',#14150,#11328,#11329);
#9986=AXIS2_PLACEMENT_3D('',#14152,#11331,#11332);
#9987=AXIS2_PLACEMENT_3D('',#14155,#11335,#11336);
#9988=AXIS2_PLACEMENT_3D('',#14158,#11339,#11340);
#9989=AXIS2_PLACEMENT_3D('',#14160,#11342,#11343);
#9990=AXIS2_PLACEMENT_3D('',#14161,#11344,#11345);
#9991=AXIS2_PLACEMENT_3D('',#14162,#11346,#11347);
#9992=AXIS2_PLACEMENT_3D('',#14163,#11348,#11349);
#9993=AXIS2_PLACEMENT_3D('',#14164,#11350,#11351);
#9994=AXIS2_PLACEMENT_3D('',#14165,#11352,#11353);
#9995=AXIS2_PLACEMENT_3D('',#14175,#11358,#11359);
#9996=AXIS2_PLACEMENT_3D('',#14181,#11363,#11364);
#9997=AXIS2_PLACEMENT_3D('',#14187,#11368,#11369);
#9998=AXIS2_PLACEMENT_3D('',#14190,#11372,#11373);
#9999=AXIS2_PLACEMENT_3D('',#14191,#11374,#11375);
#10000=AXIS2_PLACEMENT_3D('',#14192,#11376,#11377);
#10001=AXIS2_PLACEMENT_3D('',#14193,#11378,#11379);
#10002=AXIS2_PLACEMENT_3D('',#14195,#11380,#11381);
#10003=AXIS2_PLACEMENT_3D('',#14204,#11386,#11387);
#10004=AXIS2_PLACEMENT_3D('',#14210,#11391,#11392);
#10005=AXIS2_PLACEMENT_3D('',#14216,#11396,#11397);
#10006=AXIS2_PLACEMENT_3D('',#14219,#11400,#11401);
#10007=AXIS2_PLACEMENT_3D('',#14220,#11402,#11403);
#10008=AXIS2_PLACEMENT_3D('',#14221,#11404,#11405);
#10009=AXIS2_PLACEMENT_3D('',#14222,#11406,#11407);
#10010=AXIS2_PLACEMENT_3D('',#14223,#11408,#11409);
#10011=AXIS2_PLACEMENT_3D('',#14225,#11410,#11411);
#10012=AXIS2_PLACEMENT_3D('',#14227,#11412,#11413);
#10013=AXIS2_PLACEMENT_3D('',#14269,#11434,#11435);
#10014=AXIS2_PLACEMENT_3D('',#14271,#11436,#11437);
#10015=AXIS2_PLACEMENT_3D('',#14273,#11438,#11439);
#10016=AXIS2_PLACEMENT_3D('',#14275,#11440,#11441);
#10017=AXIS2_PLACEMENT_3D('',#14277,#11442,#11443);
#10018=AXIS2_PLACEMENT_3D('',#14279,#11444,#11445);
#10019=AXIS2_PLACEMENT_3D('',#14281,#11446,#11447);
#10020=AXIS2_PLACEMENT_3D('',#14283,#11448,#11449);
#10021=AXIS2_PLACEMENT_3D('',#14285,#11450,#11451);
#10022=AXIS2_PLACEMENT_3D('',#14287,#11452,#11453);
#10023=AXIS2_PLACEMENT_3D('',#14289,#11454,#11455);
#10024=AXIS2_PLACEMENT_3D('',#14290,#11456,#11457);
#10025=AXIS2_PLACEMENT_3D('',#14292,#11458,#11459);
#10026=AXIS2_PLACEMENT_3D('',#14294,#11460,#11461);
#10027=AXIS2_PLACEMENT_3D('',#14336,#11482,#11483);
#10028=AXIS2_PLACEMENT_3D('',#14338,#11484,#11485);
#10029=AXIS2_PLACEMENT_3D('',#14340,#11486,#11487);
#10030=AXIS2_PLACEMENT_3D('',#14342,#11488,#11489);
#10031=AXIS2_PLACEMENT_3D('',#14344,#11490,#11491);
#10032=AXIS2_PLACEMENT_3D('',#14346,#11492,#11493);
#10033=AXIS2_PLACEMENT_3D('',#14348,#11494,#11495);
#10034=AXIS2_PLACEMENT_3D('',#14350,#11496,#11497);
#10035=AXIS2_PLACEMENT_3D('',#14352,#11498,#11499);
#10036=AXIS2_PLACEMENT_3D('',#14354,#11500,#11501);
#10037=AXIS2_PLACEMENT_3D('',#14356,#11502,#11503);
#10038=AXIS2_PLACEMENT_3D('',#14359,#11506,#11507);
#10039=AXIS2_PLACEMENT_3D('',#14361,#11509,#11510);
#10040=AXIS2_PLACEMENT_3D('',#14363,#11512,#11513);
#10041=AXIS2_PLACEMENT_3D('',#14365,#11515,#11516);
#10042=AXIS2_PLACEMENT_3D('',#14367,#11518,#11519);
#10043=AXIS2_PLACEMENT_3D('',#14369,#11521,#11522);
#10044=AXIS2_PLACEMENT_3D('',#14371,#11524,#11525);
#10045=AXIS2_PLACEMENT_3D('',#14373,#11527,#11528);
#10046=AXIS2_PLACEMENT_3D('',#14375,#11530,#11531);
#10047=AXIS2_PLACEMENT_3D('',#14377,#11533,#11534);
#10048=AXIS2_PLACEMENT_3D('',#14379,#11536,#11537);
#10049=AXIS2_PLACEMENT_3D('',#14381,#11539,#11540);
#10050=AXIS2_PLACEMENT_3D('',#14383,#11542,#11543);
#10051=AXIS2_PLACEMENT_3D('',#14385,#11545,#11546);
#10052=AXIS2_PLACEMENT_3D('',#14387,#11548,#11549);
#10053=AXIS2_PLACEMENT_3D('',#14389,#11551,#11552);
#10054=AXIS2_PLACEMENT_3D('',#14391,#11554,#11555);
#10055=AXIS2_PLACEMENT_3D('',#14393,#11557,#11558);
#10056=AXIS2_PLACEMENT_3D('',#14395,#11560,#11561);
#10057=AXIS2_PLACEMENT_3D('',#14396,#11562,#11563);
#10058=AXIS2_PLACEMENT_3D('',#14397,#11564,#11565);
#10059=AXIS2_PLACEMENT_3D('',#14398,#11566,#11567);
#10060=AXIS2_PLACEMENT_3D('',#14399,#11568,#11569);
#10061=AXIS2_PLACEMENT_3D('',#14400,#11570,#11571);
#10062=AXIS2_PLACEMENT_3D('',#14401,#11572,#11573);
#10063=AXIS2_PLACEMENT_3D('',#14402,#11574,#11575);
#10064=AXIS2_PLACEMENT_3D('',#14403,#11576,#11577);
#10065=AXIS2_PLACEMENT_3D('',#14404,#11578,#11579);
#10066=AXIS2_PLACEMENT_3D('',#14405,#11580,#11581);
#10067=AXIS2_PLACEMENT_3D('',#14406,#11582,#11583);
#10068=AXIS2_PLACEMENT_3D('',#14407,#11584,#11585);
#10069=AXIS2_PLACEMENT_3D('',#14408,#11586,#11587);
#10070=AXIS2_PLACEMENT_3D('',#14409,#11588,#11589);
#10071=AXIS2_PLACEMENT_3D('',#14410,#11590,#11591);
#10072=AXIS2_PLACEMENT_3D('',#14411,#11592,#11593);
#10073=AXIS2_PLACEMENT_3D('',#14414,#11594,#11595);
#10074=AXIS2_PLACEMENT_3D('',#14418,#11597,#11598);
#10075=AXIS2_PLACEMENT_3D('',#14420,#11599,#11600);
#10076=AXIS2_PLACEMENT_3D('',#14424,#11602,#11603);
#10077=AXIS2_PLACEMENT_3D('',#14427,#11605,#11606);
#10078=AXIS2_PLACEMENT_3D('',#14429,#11607,#11608);
#10079=AXIS2_PLACEMENT_3D('',#14430,#11609,#11610);
#10080=AXIS2_PLACEMENT_3D('',#14432,#11611,#11612);
#10081=AXIS2_PLACEMENT_3D('',#14437,#11614,#11615);
#10082=AXIS2_PLACEMENT_3D('',#14439,#11616,#11617);
#10083=AXIS2_PLACEMENT_3D('',#14443,#11619,#11620);
#10084=AXIS2_PLACEMENT_3D('',#14445,#11621,#11622);
#10085=AXIS2_PLACEMENT_3D('',#14449,#11624,#11625);
#10086=AXIS2_PLACEMENT_3D('',#14451,#11626,#11627);
#10087=AXIS2_PLACEMENT_3D('',#14453,#11628,#11629);
#10088=AXIS2_PLACEMENT_3D('',#14455,#11630,#11631);
#10089=AXIS2_PLACEMENT_3D('',#14457,#11632,#11633);
#10090=AXIS2_PLACEMENT_3D('',#14459,#11634,#11635);
#10091=AXIS2_PLACEMENT_3D('',#14461,#11636,#11637);
#10092=AXIS2_PLACEMENT_3D('',#14463,#11638,#11639);
#10093=AXIS2_PLACEMENT_3D('',#14465,#11640,#11641);
#10094=AXIS2_PLACEMENT_3D('',#14466,#11642,#11643);
#10095=AXIS2_PLACEMENT_3D('',#14467,#11644,#11645);
#10096=AXIS2_PLACEMENT_3D('',#14470,#11646,#11647);
#10097=AXIS2_PLACEMENT_3D('',#14474,#11649,#11650);
#10098=AXIS2_PLACEMENT_3D('',#14476,#11651,#11652);
#10099=AXIS2_PLACEMENT_3D('',#14480,#11654,#11655);
#10100=AXIS2_PLACEMENT_3D('',#14483,#11657,#11658);
#10101=AXIS2_PLACEMENT_3D('',#14485,#11659,#11660);
#10102=AXIS2_PLACEMENT_3D('',#14486,#11661,#11662);
#10103=AXIS2_PLACEMENT_3D('',#14487,#11663,#11664);
#10104=AXIS2_PLACEMENT_3D('',#14491,#11667,#11668);
#10105=AXIS2_PLACEMENT_3D('',#14493,#11670,#11671);
#10106=AXIS2_PLACEMENT_3D('',#14495,#11673,#11674);
#10107=AXIS2_PLACEMENT_3D('',#14497,#11676,#11677);
#10108=AXIS2_PLACEMENT_3D('',#14503,#11681,#11682);
#10109=AXIS2_PLACEMENT_3D('',#14507,#11685,#11686);
#10110=AXIS2_PLACEMENT_3D('',#14511,#11689,#11690);
#10111=AXIS2_PLACEMENT_3D('',#14515,#11693,#11694);
#10112=AXIS2_PLACEMENT_3D('',#14533,#11699,#11700);
#10113=AXIS2_PLACEMENT_3D('',#14541,#11702,#11703);
#10114=AXIS2_PLACEMENT_3D('',#14557,#11707,#11708);
#10115=AXIS2_PLACEMENT_3D('',#14578,#11713,#11714);
#10116=AXIS2_PLACEMENT_3D('',#14579,#11715,#11716);
#10117=AXIS2_PLACEMENT_3D('',#14597,#11721,#11722);
#10118=AXIS2_PLACEMENT_3D('',#14607,#11725,#11726);
#10119=AXIS2_PLACEMENT_3D('',#14625,#11731,#11732);
#10120=AXIS2_PLACEMENT_3D('',#14646,#11737,#11738);
#10121=AXIS2_PLACEMENT_3D('',#14647,#11739,#11740);
#10122=AXIS2_PLACEMENT_3D('',#14699,#11746,#11747);
#10123=AXIS2_PLACEMENT_3D('',#14702,#11750,#11751);
#10124=AXIS2_PLACEMENT_3D('',#14705,#11754,#11755);
#10125=AXIS2_PLACEMENT_3D('',#14707,#11757,#11758);
#10126=AXIS2_PLACEMENT_3D('',#14708,#11759,#11760);
#10127=AXIS2_PLACEMENT_3D('',#14709,#11761,#11762);
#10128=AXIS2_PLACEMENT_3D('',#14710,#11763,#11764);
#10129=AXIS2_PLACEMENT_3D('',#14711,#11765,#11766);
#10130=AXIS2_PLACEMENT_3D('',#14715,#11769,#11770);
#10131=AXIS2_PLACEMENT_3D('',#14718,#11773,#11774);
#10132=AXIS2_PLACEMENT_3D('',#14720,#11776,#11777);
#10133=AXIS2_PLACEMENT_3D('',#14721,#11778,#11779);
#10134=AXIS2_PLACEMENT_3D('',#14724,#11782,#11783);
#10135=AXIS2_PLACEMENT_3D('',#14726,#11785,#11786);
#10136=AXIS2_PLACEMENT_3D('',#14727,#11787,#11788);
#10137=AXIS2_PLACEMENT_3D('',#14728,#11789,#11790);
#10138=AXIS2_PLACEMENT_3D('',#14732,#11793,#11794);
#10139=AXIS2_PLACEMENT_3D('',#14734,#11796,#11797);
#10140=AXIS2_PLACEMENT_3D('',#14737,#11800,#11801);
#10141=AXIS2_PLACEMENT_3D('',#14740,#11804,#11805);
#10142=AXIS2_PLACEMENT_3D('',#14742,#11807,#11808);
#10143=AXIS2_PLACEMENT_3D('',#14743,#11809,#11810);
#10144=AXIS2_PLACEMENT_3D('',#14744,#11811,#11812);
#10145=AXIS2_PLACEMENT_3D('',#14745,#11813,#11814);
#10146=AXIS2_PLACEMENT_3D('',#14746,#11815,#11816);
#10147=AXIS2_PLACEMENT_3D('',#14753,#11817,#11818);
#10148=AXIS2_PLACEMENT_3D('',#14766,#11825,#11826);
#10149=AXIS2_PLACEMENT_3D('',#14771,#11828,#11829);
#10150=AXIS2_PLACEMENT_3D('',#14774,#11831,#11832);
#10151=AXIS2_PLACEMENT_3D('',#14778,#11834,#11835);
#10152=AXIS2_PLACEMENT_3D('',#14797,#11842,#11843);
#10153=AXIS2_PLACEMENT_3D('',#14801,#11845,#11846);
#10154=AXIS2_PLACEMENT_3D('',#14802,#11847,#11848);
#10155=AXIS2_PLACEMENT_3D('',#14803,#11849,#11850);
#10156=AXIS2_PLACEMENT_3D('',#14806,#11851,#11852);
#10157=AXIS2_PLACEMENT_3D('',#14808,#11853,#11854);
#10158=AXIS2_PLACEMENT_3D('',#14810,#11855,#11856);
#10159=AXIS2_PLACEMENT_3D('',#14811,#11857,#11858);
#10160=AXIS2_PLACEMENT_3D('',#14813,#11859,#11860);
#10161=AXIS2_PLACEMENT_3D('',#14816,#11861,#11862);
#10162=AXIS2_PLACEMENT_3D('',#14818,#11863,#11864);
#10163=AXIS2_PLACEMENT_3D('',#14820,#11865,#11866);
#10164=AXIS2_PLACEMENT_3D('',#14821,#11867,#11868);
#10165=AXIS2_PLACEMENT_3D('',#14824,#11869,#11870);
#10166=AXIS2_PLACEMENT_3D('',#14826,#11871,#11872);
#10167=AXIS2_PLACEMENT_3D('',#14828,#11873,#11874);
#10168=AXIS2_PLACEMENT_3D('',#14829,#11875,#11876);
#10169=AXIS2_PLACEMENT_3D('',#14832,#11877,#11878);
#10170=AXIS2_PLACEMENT_3D('',#14834,#11879,#11880);
#10171=AXIS2_PLACEMENT_3D('',#14836,#11881,#11882);
#10172=AXIS2_PLACEMENT_3D('',#14851,#11891,#11892);
#10173=AXIS2_PLACEMENT_3D('',#14852,#11893,#11894);
#10174=AXIS2_PLACEMENT_3D('',#14854,#11895,#11896);
#10175=AXIS2_PLACEMENT_3D('',#14862,#11901,#11902);
#10176=AXIS2_PLACEMENT_3D('',#14879,#11912,#11913);
#10177=AXIS2_PLACEMENT_3D('',#14895,#11921,#11922);
#10178=AXIS2_PLACEMENT_3D('',#14896,#11923,#11924);
#10179=AXIS2_PLACEMENT_3D('',#14899,#11925,#11926);
#10180=AXIS2_PLACEMENT_3D('',#14901,#11927,#11928);
#10181=AXIS2_PLACEMENT_3D('',#14903,#11929,#11930);
#10182=AXIS2_PLACEMENT_3D('',#14904,#11931,#11932);
#10183=AXIS2_PLACEMENT_3D('',#14907,#11933,#11934);
#10184=AXIS2_PLACEMENT_3D('',#14909,#11935,#11936);
#10185=AXIS2_PLACEMENT_3D('',#14911,#11937,#11938);
#10186=AXIS2_PLACEMENT_3D('',#14912,#11939,#11940);
#10187=AXIS2_PLACEMENT_3D('',#14915,#11941,#11942);
#10188=AXIS2_PLACEMENT_3D('',#14917,#11943,#11944);
#10189=AXIS2_PLACEMENT_3D('',#14919,#11945,#11946);
#10190=AXIS2_PLACEMENT_3D('',#14920,#11947,#11948);
#10191=AXIS2_PLACEMENT_3D('',#14922,#11949,#11950);
#10192=AXIS2_PLACEMENT_3D('',#14924,#11951,#11952);
#10193=AXIS2_PLACEMENT_3D('',#14927,#11953,#11954);
#10194=AXIS2_PLACEMENT_3D('',#14929,#11955,#11956);
#10195=AXIS2_PLACEMENT_3D('',#14931,#11957,#11958);
#10196=AXIS2_PLACEMENT_3D('',#14932,#11959,#11960);
#10197=AXIS2_PLACEMENT_3D('',#14933,#11961,#11962);
#10198=AXIS2_PLACEMENT_3D('',#14936,#11965,#11966);
#10199=AXIS2_PLACEMENT_3D('',#14938,#11968,#11969);
#10200=AXIS2_PLACEMENT_3D('',#14939,#11970,#11971);
#10201=AXIS2_PLACEMENT_3D('',#14941,#11973,#11974);
#10202=AXIS2_PLACEMENT_3D('',#14943,#11976,#11977);
#10203=AXIS2_PLACEMENT_3D('',#14945,#11979,#11980);
#10204=AXIS2_PLACEMENT_3D('',#14946,#11981,#11982);
#10205=AXIS2_PLACEMENT_3D('',#14947,#11983,#11984);
#10206=AXIS2_PLACEMENT_3D('',#14950,#11987,#11988);
#10207=AXIS2_PLACEMENT_3D('',#14953,#11991,#11992);
#10208=AXIS2_PLACEMENT_3D('',#14956,#11995,#11996);
#10209=AXIS2_PLACEMENT_3D('',#14959,#11999,#12000);
#10210=AXIS2_PLACEMENT_3D('',#14962,#12003,#12004);
#10211=AXIS2_PLACEMENT_3D('',#14965,#12007,#12008);
#10212=AXIS2_PLACEMENT_3D('',#14968,#12011,#12012);
#10213=AXIS2_PLACEMENT_3D('',#14971,#12015,#12016);
#10214=AXIS2_PLACEMENT_3D('',#14972,#12017,#12018);
#10215=AXIS2_PLACEMENT_3D('',#14973,#12019,#12020);
#10216=AXIS2_PLACEMENT_3D('',#14974,#12021,#12022);
#10217=AXIS2_PLACEMENT_3D('',#14975,#12023,#12024);
#10218=AXIS2_PLACEMENT_3D('',#14976,#12025,#12026);
#10219=AXIS2_PLACEMENT_3D('',#14977,#12027,#12028);
#10220=AXIS2_PLACEMENT_3D('',#14978,#12029,#12030);
#10221=AXIS2_PLACEMENT_3D('',#14979,#12031,#12032);
#10222=AXIS2_PLACEMENT_3D('',#14985,#12036,#12037);
#10223=AXIS2_PLACEMENT_3D('',#14989,#12040,#12041);
#10224=AXIS2_PLACEMENT_3D('',#14993,#12044,#12045);
#10225=AXIS2_PLACEMENT_3D('',#14997,#12048,#12049);
#10226=AXIS2_PLACEMENT_3D('',#15001,#12052,#12053);
#10227=AXIS2_PLACEMENT_3D('',#15005,#12056,#12057);
#10228=AXIS2_PLACEMENT_3D('',#15007,#12059,#12060);
#10229=AXIS2_PLACEMENT_3D('',#15008,#12061,#12062);
#10230=AXIS2_PLACEMENT_3D('',#15010,#12064,#12065);
#10231=AXIS2_PLACEMENT_3D('',#15011,#12066,#12067);
#10232=AXIS2_PLACEMENT_3D('',#15018,#12069,#12070);
#10233=AXIS2_PLACEMENT_3D('',#15056,#12072,#12073);
#10234=AXIS2_PLACEMENT_3D('',#15057,#12074,#12075);
#10235=AXIS2_PLACEMENT_3D('',#15060,#12078,#12079);
#10236=AXIS2_PLACEMENT_3D('',#15062,#12081,#12082);
#10237=AXIS2_PLACEMENT_3D('',#15064,#12084,#12085);
#10238=AXIS2_PLACEMENT_3D('',#15065,#12086,#12087);
#10239=AXIS2_PLACEMENT_3D('',#15066,#12088,#12089);
#10240=AXIS2_PLACEMENT_3D('',#15067,#12090,#12091);
#10241=AXIS2_PLACEMENT_3D('',#15068,#12092,#12093);
#10242=AXIS2_PLACEMENT_3D('',#15087,#12100,#12101);
#10243=AXIS2_PLACEMENT_3D('',#15088,#12102,#12103);
#10244=AXIS2_PLACEMENT_3D('',#15093,#12105,#12106);
#10245=AXIS2_PLACEMENT_3D('',#15096,#12108,#12109);
#10246=AXIS2_PLACEMENT_3D('',#15115,#12116,#12117);
#10247=AXIS2_PLACEMENT_3D('',#15119,#12119,#12120);
#10248=AXIS2_PLACEMENT_3D('',#15123,#12122,#12123);
#10249=AXIS2_PLACEMENT_3D('',#15124,#12124,#12125);
#10250=AXIS2_PLACEMENT_3D('',#15125,#12126,#12127);
#10251=AXIS2_PLACEMENT_3D('',#15128,#12128,#12129);
#10252=AXIS2_PLACEMENT_3D('',#15130,#12130,#12131);
#10253=AXIS2_PLACEMENT_3D('',#15132,#12132,#12133);
#10254=AXIS2_PLACEMENT_3D('',#15133,#12134,#12135);
#10255=AXIS2_PLACEMENT_3D('',#15135,#12136,#12137);
#10256=AXIS2_PLACEMENT_3D('',#15138,#12138,#12139);
#10257=AXIS2_PLACEMENT_3D('',#15140,#12140,#12141);
#10258=AXIS2_PLACEMENT_3D('',#15142,#12142,#12143);
#10259=AXIS2_PLACEMENT_3D('',#15143,#12144,#12145);
#10260=AXIS2_PLACEMENT_3D('',#15146,#12146,#12147);
#10261=AXIS2_PLACEMENT_3D('',#15148,#12148,#12149);
#10262=AXIS2_PLACEMENT_3D('',#15150,#12150,#12151);
#10263=AXIS2_PLACEMENT_3D('',#15151,#12152,#12153);
#10264=AXIS2_PLACEMENT_3D('',#15154,#12154,#12155);
#10265=AXIS2_PLACEMENT_3D('',#15156,#12156,#12157);
#10266=AXIS2_PLACEMENT_3D('',#15158,#12158,#12159);
#10267=AXIS2_PLACEMENT_3D('',#15173,#12168,#12169);
#10268=AXIS2_PLACEMENT_3D('',#15174,#12170,#12171);
#10269=AXIS2_PLACEMENT_3D('',#15176,#12172,#12173);
#10270=AXIS2_PLACEMENT_3D('',#15184,#12178,#12179);
#10271=AXIS2_PLACEMENT_3D('',#15201,#12189,#12190);
#10272=AXIS2_PLACEMENT_3D('',#15217,#12198,#12199);
#10273=AXIS2_PLACEMENT_3D('',#15218,#12200,#12201);
#10274=AXIS2_PLACEMENT_3D('',#15221,#12202,#12203);
#10275=AXIS2_PLACEMENT_3D('',#15223,#12204,#12205);
#10276=AXIS2_PLACEMENT_3D('',#15225,#12206,#12207);
#10277=AXIS2_PLACEMENT_3D('',#15226,#12208,#12209);
#10278=AXIS2_PLACEMENT_3D('',#15229,#12210,#12211);
#10279=AXIS2_PLACEMENT_3D('',#15231,#12212,#12213);
#10280=AXIS2_PLACEMENT_3D('',#15233,#12214,#12215);
#10281=AXIS2_PLACEMENT_3D('',#15234,#12216,#12217);
#10282=AXIS2_PLACEMENT_3D('',#15237,#12218,#12219);
#10283=AXIS2_PLACEMENT_3D('',#15239,#12220,#12221);
#10284=AXIS2_PLACEMENT_3D('',#15241,#12222,#12223);
#10285=AXIS2_PLACEMENT_3D('',#15242,#12224,#12225);
#10286=AXIS2_PLACEMENT_3D('',#15244,#12226,#12227);
#10287=AXIS2_PLACEMENT_3D('',#15246,#12228,#12229);
#10288=AXIS2_PLACEMENT_3D('',#15249,#12230,#12231);
#10289=AXIS2_PLACEMENT_3D('',#15251,#12232,#12233);
#10290=AXIS2_PLACEMENT_3D('',#15253,#12234,#12235);
#10291=AXIS2_PLACEMENT_3D('',#15254,#12236,#12237);
#10292=AXIS2_PLACEMENT_3D('',#15255,#12238,#12239);
#10293=AXIS2_PLACEMENT_3D('',#15258,#12242,#12243);
#10294=AXIS2_PLACEMENT_3D('',#15260,#12245,#12246);
#10295=AXIS2_PLACEMENT_3D('',#15261,#12247,#12248);
#10296=AXIS2_PLACEMENT_3D('',#15263,#12250,#12251);
#10297=AXIS2_PLACEMENT_3D('',#15265,#12253,#12254);
#10298=AXIS2_PLACEMENT_3D('',#15267,#12256,#12257);
#10299=AXIS2_PLACEMENT_3D('',#15268,#12258,#12259);
#10300=AXIS2_PLACEMENT_3D('',#15269,#12260,#12261);
#10301=AXIS2_PLACEMENT_3D('',#15272,#12264,#12265);
#10302=AXIS2_PLACEMENT_3D('',#15275,#12268,#12269);
#10303=AXIS2_PLACEMENT_3D('',#15278,#12272,#12273);
#10304=AXIS2_PLACEMENT_3D('',#15281,#12276,#12277);
#10305=AXIS2_PLACEMENT_3D('',#15284,#12280,#12281);
#10306=AXIS2_PLACEMENT_3D('',#15287,#12284,#12285);
#10307=AXIS2_PLACEMENT_3D('',#15290,#12288,#12289);
#10308=AXIS2_PLACEMENT_3D('',#15293,#12292,#12293);
#10309=AXIS2_PLACEMENT_3D('',#15294,#12294,#12295);
#10310=AXIS2_PLACEMENT_3D('',#15295,#12296,#12297);
#10311=AXIS2_PLACEMENT_3D('',#15296,#12298,#12299);
#10312=AXIS2_PLACEMENT_3D('',#15297,#12300,#12301);
#10313=AXIS2_PLACEMENT_3D('',#15298,#12302,#12303);
#10314=AXIS2_PLACEMENT_3D('',#15299,#12304,#12305);
#10315=AXIS2_PLACEMENT_3D('',#15300,#12306,#12307);
#10316=AXIS2_PLACEMENT_3D('',#15301,#12308,#12309);
#10317=AXIS2_PLACEMENT_3D('',#15307,#12313,#12314);
#10318=AXIS2_PLACEMENT_3D('',#15311,#12317,#12318);
#10319=AXIS2_PLACEMENT_3D('',#15315,#12321,#12322);
#10320=AXIS2_PLACEMENT_3D('',#15319,#12325,#12326);
#10321=AXIS2_PLACEMENT_3D('',#15323,#12329,#12330);
#10322=AXIS2_PLACEMENT_3D('',#15327,#12333,#12334);
#10323=AXIS2_PLACEMENT_3D('',#15329,#12336,#12337);
#10324=AXIS2_PLACEMENT_3D('',#15330,#12338,#12339);
#10325=AXIS2_PLACEMENT_3D('',#15332,#12341,#12342);
#10326=AXIS2_PLACEMENT_3D('',#15333,#12343,#12344);
#10327=AXIS2_PLACEMENT_3D('',#15340,#12346,#12347);
#10328=AXIS2_PLACEMENT_3D('',#15378,#12349,#12350);
#10329=AXIS2_PLACEMENT_3D('',#15379,#12351,#12352);
#10330=AXIS2_PLACEMENT_3D('',#15382,#12355,#12356);
#10331=AXIS2_PLACEMENT_3D('',#15384,#12358,#12359);
#10332=AXIS2_PLACEMENT_3D('',#15386,#12361,#12362);
#10333=AXIS2_PLACEMENT_3D('',#15387,#12363,#12364);
#10334=AXIS2_PLACEMENT_3D('',#15388,#12365,#12366);
#10335=AXIS2_PLACEMENT_3D('',#15389,#12367,#12368);
#10336=AXIS2_PLACEMENT_3D('',#15390,#12369,#12370);
#10337=AXIS2_PLACEMENT_3D('',#15391,#12371,#12372);
#10338=AXIS2_PLACEMENT_3D('',#15396,#12374,#12375);
#10339=AXIS2_PLACEMENT_3D('',#15400,#12377,#12378);
#10340=AXIS2_PLACEMENT_3D('',#15402,#12379,#12380);
#10341=AXIS2_PLACEMENT_3D('',#15406,#12382,#12383);
#10342=AXIS2_PLACEMENT_3D('',#15407,#12384,#12385);
#10343=AXIS2_PLACEMENT_3D('',#15409,#12386,#12387);
#10344=AXIS2_PLACEMENT_3D('',#15410,#12388,#12389);
#10345=AXIS2_PLACEMENT_3D('',#15412,#12390,#12391);
#10346=AXIS2_PLACEMENT_3D('',#15417,#12393,#12394);
#10347=AXIS2_PLACEMENT_3D('',#15419,#12395,#12396);
#10348=AXIS2_PLACEMENT_3D('',#15421,#12397,#12398);
#10349=AXIS2_PLACEMENT_3D('',#15423,#12399,#12400);
#10350=AXIS2_PLACEMENT_3D('',#15425,#12401,#12402);
#10351=AXIS2_PLACEMENT_3D('',#15427,#12403,#12404);
#10352=AXIS2_PLACEMENT_3D('',#15429,#12405,#12406);
#10353=AXIS2_PLACEMENT_3D('',#15431,#12407,#12408);
#10354=AXIS2_PLACEMENT_3D('',#15433,#12409,#12410);
#10355=AXIS2_PLACEMENT_3D('',#15437,#12412,#12413);
#10356=AXIS2_PLACEMENT_3D('',#15439,#12414,#12415);
#10357=AXIS2_PLACEMENT_3D('',#15443,#12417,#12418);
#10358=AXIS2_PLACEMENT_3D('',#15445,#12419,#12420);
#10359=AXIS2_PLACEMENT_3D('',#15446,#12421,#12422);
#10360=AXIS2_PLACEMENT_3D('',#15447,#12423,#12424);
#10361=AXIS2_PLACEMENT_3D('',#15452,#12426,#12427);
#10362=AXIS2_PLACEMENT_3D('',#15456,#12429,#12430);
#10363=AXIS2_PLACEMENT_3D('',#15458,#12431,#12432);
#10364=AXIS2_PLACEMENT_3D('',#15462,#12434,#12435);
#10365=AXIS2_PLACEMENT_3D('',#15463,#12436,#12437);
#10366=AXIS2_PLACEMENT_3D('',#15465,#12438,#12439);
#10367=AXIS2_PLACEMENT_3D('',#15466,#12440,#12441);
#10368=AXIS2_PLACEMENT_3D('',#15467,#12442,#12443);
#10369=AXIS2_PLACEMENT_3D('',#15471,#12446,#12447);
#10370=AXIS2_PLACEMENT_3D('',#15473,#12449,#12450);
#10371=AXIS2_PLACEMENT_3D('',#15475,#12452,#12453);
#10372=AXIS2_PLACEMENT_3D('',#15477,#12455,#12456);
#10373=AXIS2_PLACEMENT_3D('',#15483,#12460,#12461);
#10374=AXIS2_PLACEMENT_3D('',#15487,#12464,#12465);
#10375=AXIS2_PLACEMENT_3D('',#15491,#12468,#12469);
#10376=AXIS2_PLACEMENT_3D('',#15495,#12472,#12473);
#10377=AXIS2_PLACEMENT_3D('',#15513,#12478,#12479);
#10378=AXIS2_PLACEMENT_3D('',#15521,#12481,#12482);
#10379=AXIS2_PLACEMENT_3D('',#15537,#12486,#12487);
#10380=AXIS2_PLACEMENT_3D('',#15558,#12492,#12493);
#10381=AXIS2_PLACEMENT_3D('',#15559,#12494,#12495);
#10382=AXIS2_PLACEMENT_3D('',#15577,#12500,#12501);
#10383=AXIS2_PLACEMENT_3D('',#15587,#12504,#12505);
#10384=AXIS2_PLACEMENT_3D('',#15605,#12510,#12511);
#10385=AXIS2_PLACEMENT_3D('',#15626,#12516,#12517);
#10386=AXIS2_PLACEMENT_3D('',#15627,#12518,#12519);
#10387=AXIS2_PLACEMENT_3D('',#15679,#12525,#12526);
#10388=AXIS2_PLACEMENT_3D('',#15682,#12529,#12530);
#10389=AXIS2_PLACEMENT_3D('',#15685,#12533,#12534);
#10390=AXIS2_PLACEMENT_3D('',#15687,#12536,#12537);
#10391=AXIS2_PLACEMENT_3D('',#15688,#12538,#12539);
#10392=AXIS2_PLACEMENT_3D('',#15689,#12540,#12541);
#10393=AXIS2_PLACEMENT_3D('',#15690,#12542,#12543);
#10394=AXIS2_PLACEMENT_3D('',#15691,#12544,#12545);
#10395=AXIS2_PLACEMENT_3D('',#15695,#12548,#12549);
#10396=AXIS2_PLACEMENT_3D('',#15698,#12552,#12553);
#10397=AXIS2_PLACEMENT_3D('',#15700,#12555,#12556);
#10398=AXIS2_PLACEMENT_3D('',#15701,#12557,#12558);
#10399=AXIS2_PLACEMENT_3D('',#15704,#12561,#12562);
#10400=AXIS2_PLACEMENT_3D('',#15706,#12564,#12565);
#10401=AXIS2_PLACEMENT_3D('',#15707,#12566,#12567);
#10402=AXIS2_PLACEMENT_3D('',#15708,#12568,#12569);
#10403=AXIS2_PLACEMENT_3D('',#15712,#12572,#12573);
#10404=AXIS2_PLACEMENT_3D('',#15714,#12575,#12576);
#10405=AXIS2_PLACEMENT_3D('',#15717,#12579,#12580);
#10406=AXIS2_PLACEMENT_3D('',#15720,#12583,#12584);
#10407=AXIS2_PLACEMENT_3D('',#15722,#12586,#12587);
#10408=AXIS2_PLACEMENT_3D('',#15723,#12588,#12589);
#10409=AXIS2_PLACEMENT_3D('',#15724,#12590,#12591);
#10410=AXIS2_PLACEMENT_3D('',#15725,#12592,#12593);
#10411=AXIS2_PLACEMENT_3D('',#15726,#12594,#12595);
#10412=AXIS2_PLACEMENT_3D('',#15745,#12602,#12603);
#10413=AXIS2_PLACEMENT_3D('',#15746,#12604,#12605);
#10414=AXIS2_PLACEMENT_3D('',#15751,#12607,#12608);
#10415=AXIS2_PLACEMENT_3D('',#15754,#12610,#12611);
#10416=AXIS2_PLACEMENT_3D('',#15773,#12618,#12619);
#10417=AXIS2_PLACEMENT_3D('',#15777,#12621,#12622);
#10418=AXIS2_PLACEMENT_3D('',#15781,#12624,#12625);
#10419=AXIS2_PLACEMENT_3D('',#15782,#12626,#12627);
#10420=AXIS2_PLACEMENT_3D('',#15783,#12628,#12629);
#10421=AXIS2_PLACEMENT_3D('',#15786,#12630,#12631);
#10422=AXIS2_PLACEMENT_3D('',#15788,#12632,#12633);
#10423=AXIS2_PLACEMENT_3D('',#15790,#12634,#12635);
#10424=AXIS2_PLACEMENT_3D('',#15791,#12636,#12637);
#10425=AXIS2_PLACEMENT_3D('',#15793,#12638,#12639);
#10426=AXIS2_PLACEMENT_3D('',#15796,#12640,#12641);
#10427=AXIS2_PLACEMENT_3D('',#15798,#12642,#12643);
#10428=AXIS2_PLACEMENT_3D('',#15800,#12644,#12645);
#10429=AXIS2_PLACEMENT_3D('',#15801,#12646,#12647);
#10430=AXIS2_PLACEMENT_3D('',#15804,#12648,#12649);
#10431=AXIS2_PLACEMENT_3D('',#15806,#12650,#12651);
#10432=AXIS2_PLACEMENT_3D('',#15808,#12652,#12653);
#10433=AXIS2_PLACEMENT_3D('',#15809,#12654,#12655);
#10434=AXIS2_PLACEMENT_3D('',#15812,#12656,#12657);
#10435=AXIS2_PLACEMENT_3D('',#15814,#12658,#12659);
#10436=AXIS2_PLACEMENT_3D('',#15816,#12660,#12661);
#10437=AXIS2_PLACEMENT_3D('',#15831,#12670,#12671);
#10438=AXIS2_PLACEMENT_3D('',#15832,#12672,#12673);
#10439=AXIS2_PLACEMENT_3D('',#15834,#12674,#12675);
#10440=AXIS2_PLACEMENT_3D('',#15842,#12680,#12681);
#10441=AXIS2_PLACEMENT_3D('',#15859,#12691,#12692);
#10442=AXIS2_PLACEMENT_3D('',#15875,#12700,#12701);
#10443=AXIS2_PLACEMENT_3D('',#15876,#12702,#12703);
#10444=AXIS2_PLACEMENT_3D('',#15879,#12704,#12705);
#10445=AXIS2_PLACEMENT_3D('',#15881,#12706,#12707);
#10446=AXIS2_PLACEMENT_3D('',#15883,#12708,#12709);
#10447=AXIS2_PLACEMENT_3D('',#15884,#12710,#12711);
#10448=AXIS2_PLACEMENT_3D('',#15887,#12712,#12713);
#10449=AXIS2_PLACEMENT_3D('',#15889,#12714,#12715);
#10450=AXIS2_PLACEMENT_3D('',#15891,#12716,#12717);
#10451=AXIS2_PLACEMENT_3D('',#15892,#12718,#12719);
#10452=AXIS2_PLACEMENT_3D('',#15895,#12720,#12721);
#10453=AXIS2_PLACEMENT_3D('',#15897,#12722,#12723);
#10454=AXIS2_PLACEMENT_3D('',#15899,#12724,#12725);
#10455=AXIS2_PLACEMENT_3D('',#15900,#12726,#12727);
#10456=AXIS2_PLACEMENT_3D('',#15902,#12728,#12729);
#10457=AXIS2_PLACEMENT_3D('',#15904,#12730,#12731);
#10458=AXIS2_PLACEMENT_3D('',#15907,#12732,#12733);
#10459=AXIS2_PLACEMENT_3D('',#15909,#12734,#12735);
#10460=AXIS2_PLACEMENT_3D('',#15911,#12736,#12737);
#10461=AXIS2_PLACEMENT_3D('',#15912,#12738,#12739);
#10462=AXIS2_PLACEMENT_3D('',#15913,#12740,#12741);
#10463=AXIS2_PLACEMENT_3D('',#15916,#12744,#12745);
#10464=AXIS2_PLACEMENT_3D('',#15918,#12747,#12748);
#10465=AXIS2_PLACEMENT_3D('',#15919,#12749,#12750);
#10466=AXIS2_PLACEMENT_3D('',#15921,#12752,#12753);
#10467=AXIS2_PLACEMENT_3D('',#15923,#12755,#12756);
#10468=AXIS2_PLACEMENT_3D('',#15925,#12758,#12759);
#10469=AXIS2_PLACEMENT_3D('',#15926,#12760,#12761);
#10470=AXIS2_PLACEMENT_3D('',#15927,#12762,#12763);
#10471=AXIS2_PLACEMENT_3D('',#15930,#12766,#12767);
#10472=AXIS2_PLACEMENT_3D('',#15933,#12770,#12771);
#10473=AXIS2_PLACEMENT_3D('',#15936,#12774,#12775);
#10474=AXIS2_PLACEMENT_3D('',#15939,#12778,#12779);
#10475=AXIS2_PLACEMENT_3D('',#15942,#12782,#12783);
#10476=AXIS2_PLACEMENT_3D('',#15945,#12786,#12787);
#10477=AXIS2_PLACEMENT_3D('',#15948,#12790,#12791);
#10478=AXIS2_PLACEMENT_3D('',#15951,#12794,#12795);
#10479=AXIS2_PLACEMENT_3D('',#15952,#12796,#12797);
#10480=AXIS2_PLACEMENT_3D('',#15953,#12798,#12799);
#10481=AXIS2_PLACEMENT_3D('',#15954,#12800,#12801);
#10482=AXIS2_PLACEMENT_3D('',#15955,#12802,#12803);
#10483=AXIS2_PLACEMENT_3D('',#15956,#12804,#12805);
#10484=AXIS2_PLACEMENT_3D('',#15957,#12806,#12807);
#10485=AXIS2_PLACEMENT_3D('',#15958,#12808,#12809);
#10486=AXIS2_PLACEMENT_3D('',#15959,#12810,#12811);
#10487=AXIS2_PLACEMENT_3D('',#15965,#12815,#12816);
#10488=AXIS2_PLACEMENT_3D('',#15969,#12819,#12820);
#10489=AXIS2_PLACEMENT_3D('',#15973,#12823,#12824);
#10490=AXIS2_PLACEMENT_3D('',#15977,#12827,#12828);
#10491=AXIS2_PLACEMENT_3D('',#15981,#12831,#12832);
#10492=AXIS2_PLACEMENT_3D('',#15985,#12835,#12836);
#10493=AXIS2_PLACEMENT_3D('',#15987,#12838,#12839);
#10494=AXIS2_PLACEMENT_3D('',#15988,#12840,#12841);
#10495=AXIS2_PLACEMENT_3D('',#15990,#12843,#12844);
#10496=AXIS2_PLACEMENT_3D('',#15991,#12845,#12846);
#10497=AXIS2_PLACEMENT_3D('',#15998,#12848,#12849);
#10498=AXIS2_PLACEMENT_3D('',#16036,#12851,#12852);
#10499=AXIS2_PLACEMENT_3D('',#16037,#12853,#12854);
#10500=AXIS2_PLACEMENT_3D('',#16040,#12857,#12858);
#10501=AXIS2_PLACEMENT_3D('',#16042,#12860,#12861);
#10502=AXIS2_PLACEMENT_3D('',#16044,#12863,#12864);
#10503=AXIS2_PLACEMENT_3D('',#16045,#12865,#12866);
#10504=AXIS2_PLACEMENT_3D('',#16046,#12867,#12868);
#10505=AXIS2_PLACEMENT_3D('',#16047,#12869,#12870);
#10506=AXIS2_PLACEMENT_3D('',#16048,#12871,#12872);
#10507=AXIS2_PLACEMENT_3D('',#16049,#12873,#12874);
#10508=AXIS2_PLACEMENT_3D('',#16054,#12876,#12877);
#10509=AXIS2_PLACEMENT_3D('',#16058,#12879,#12880);
#10510=AXIS2_PLACEMENT_3D('',#16060,#12881,#12882);
#10511=AXIS2_PLACEMENT_3D('',#16064,#12884,#12885);
#10512=AXIS2_PLACEMENT_3D('',#16065,#12886,#12887);
#10513=AXIS2_PLACEMENT_3D('',#16067,#12888,#12889);
#10514=AXIS2_PLACEMENT_3D('',#16068,#12890,#12891);
#10515=AXIS2_PLACEMENT_3D('',#16070,#12892,#12893);
#10516=AXIS2_PLACEMENT_3D('',#16075,#12895,#12896);
#10517=AXIS2_PLACEMENT_3D('',#16077,#12897,#12898);
#10518=AXIS2_PLACEMENT_3D('',#16079,#12899,#12900);
#10519=AXIS2_PLACEMENT_3D('',#16081,#12901,#12902);
#10520=AXIS2_PLACEMENT_3D('',#16083,#12903,#12904);
#10521=AXIS2_PLACEMENT_3D('',#16085,#12905,#12906);
#10522=AXIS2_PLACEMENT_3D('',#16087,#12907,#12908);
#10523=AXIS2_PLACEMENT_3D('',#16089,#12909,#12910);
#10524=AXIS2_PLACEMENT_3D('',#16091,#12911,#12912);
#10525=AXIS2_PLACEMENT_3D('',#16095,#12914,#12915);
#10526=AXIS2_PLACEMENT_3D('',#16097,#12916,#12917);
#10527=AXIS2_PLACEMENT_3D('',#16101,#12919,#12920);
#10528=AXIS2_PLACEMENT_3D('',#16103,#12921,#12922);
#10529=AXIS2_PLACEMENT_3D('',#16104,#12923,#12924);
#10530=AXIS2_PLACEMENT_3D('',#16105,#12925,#12926);
#10531=AXIS2_PLACEMENT_3D('',#16110,#12928,#12929);
#10532=AXIS2_PLACEMENT_3D('',#16114,#12931,#12932);
#10533=AXIS2_PLACEMENT_3D('',#16116,#12933,#12934);
#10534=AXIS2_PLACEMENT_3D('',#16120,#12936,#12937);
#10535=AXIS2_PLACEMENT_3D('',#16121,#12938,#12939);
#10536=AXIS2_PLACEMENT_3D('',#16123,#12940,#12941);
#10537=AXIS2_PLACEMENT_3D('',#16124,#12942,#12943);
#10538=AXIS2_PLACEMENT_3D('',#16125,#12944,#12945);
#10539=AXIS2_PLACEMENT_3D('',#16129,#12948,#12949);
#10540=AXIS2_PLACEMENT_3D('',#16131,#12951,#12952);
#10541=AXIS2_PLACEMENT_3D('',#16133,#12954,#12955);
#10542=AXIS2_PLACEMENT_3D('',#16135,#12957,#12958);
#10543=AXIS2_PLACEMENT_3D('',#16141,#12962,#12963);
#10544=AXIS2_PLACEMENT_3D('',#16145,#12966,#12967);
#10545=AXIS2_PLACEMENT_3D('',#16149,#12970,#12971);
#10546=AXIS2_PLACEMENT_3D('',#16153,#12974,#12975);
#10547=AXIS2_PLACEMENT_3D('',#16171,#12980,#12981);
#10548=AXIS2_PLACEMENT_3D('',#16179,#12983,#12984);
#10549=AXIS2_PLACEMENT_3D('',#16195,#12988,#12989);
#10550=AXIS2_PLACEMENT_3D('',#16216,#12994,#12995);
#10551=AXIS2_PLACEMENT_3D('',#16217,#12996,#12997);
#10552=AXIS2_PLACEMENT_3D('',#16235,#13002,#13003);
#10553=AXIS2_PLACEMENT_3D('',#16245,#13006,#13007);
#10554=AXIS2_PLACEMENT_3D('',#16263,#13012,#13013);
#10555=AXIS2_PLACEMENT_3D('',#16284,#13018,#13019);
#10556=AXIS2_PLACEMENT_3D('',#16285,#13020,#13021);
#10557=AXIS2_PLACEMENT_3D('',#16337,#13027,#13028);
#10558=AXIS2_PLACEMENT_3D('',#16340,#13031,#13032);
#10559=AXIS2_PLACEMENT_3D('',#16343,#13035,#13036);
#10560=AXIS2_PLACEMENT_3D('',#16345,#13038,#13039);
#10561=AXIS2_PLACEMENT_3D('',#16346,#13040,#13041);
#10562=AXIS2_PLACEMENT_3D('',#16347,#13042,#13043);
#10563=AXIS2_PLACEMENT_3D('',#16348,#13044,#13045);
#10564=AXIS2_PLACEMENT_3D('',#16349,#13046,#13047);
#10565=AXIS2_PLACEMENT_3D('',#16353,#13050,#13051);
#10566=AXIS2_PLACEMENT_3D('',#16356,#13054,#13055);
#10567=AXIS2_PLACEMENT_3D('',#16358,#13057,#13058);
#10568=AXIS2_PLACEMENT_3D('',#16359,#13059,#13060);
#10569=AXIS2_PLACEMENT_3D('',#16362,#13063,#13064);
#10570=AXIS2_PLACEMENT_3D('',#16364,#13066,#13067);
#10571=AXIS2_PLACEMENT_3D('',#16365,#13068,#13069);
#10572=AXIS2_PLACEMENT_3D('',#16366,#13070,#13071);
#10573=AXIS2_PLACEMENT_3D('',#16370,#13074,#13075);
#10574=AXIS2_PLACEMENT_3D('',#16372,#13077,#13078);
#10575=AXIS2_PLACEMENT_3D('',#16375,#13081,#13082);
#10576=AXIS2_PLACEMENT_3D('',#16378,#13085,#13086);
#10577=AXIS2_PLACEMENT_3D('',#16380,#13088,#13089);
#10578=AXIS2_PLACEMENT_3D('',#16381,#13090,#13091);
#10579=AXIS2_PLACEMENT_3D('',#16382,#13092,#13093);
#10580=AXIS2_PLACEMENT_3D('',#16383,#13094,#13095);
#10581=AXIS2_PLACEMENT_3D('',#16384,#13096,#13097);
#10582=AXIS2_PLACEMENT_3D('',#16393,#13102,#13103);
#10583=AXIS2_PLACEMENT_3D('',#16402,#13108,#13109);
#10584=AXIS2_PLACEMENT_3D('',#16411,#13114,#13115);
#10585=AXIS2_PLACEMENT_3D('',#16420,#13120,#13121);
#10586=AXIS2_PLACEMENT_3D('',#16421,#13122,#13123);
#10587=AXIS2_PLACEMENT_3D('',#16422,#13124,#13125);
#10588=AXIS2_PLACEMENT_3D('',#16423,#13126,#13127);
#10589=AXIS2_PLACEMENT_3D('',#16424,#13128,#13129);
#10590=AXIS2_PLACEMENT_3D('',#16425,#13130,#13131);
#10591=AXIS2_PLACEMENT_3D('',#16426,#13132,#13133);
#10592=AXIS2_PLACEMENT_3D('',#16428,#13135,#13136);
#10593=AXIS2_PLACEMENT_3D('',#16429,#13137,#13138);
#10594=AXIS2_PLACEMENT_3D('',#16430,#13139,#13140);
#10595=AXIS2_PLACEMENT_3D('',#16431,#13141,#13142);
#10596=AXIS2_PLACEMENT_3D('',#16432,#13143,#13144);
#10597=AXIS2_PLACEMENT_3D('',#16433,#13145,#13146);
#10598=AXIS2_PLACEMENT_3D('',#16434,#13147,#13148);
#10599=AXIS2_PLACEMENT_3D('',#16435,#13149,#13150);
#10600=AXIS2_PLACEMENT_3D('',#16436,#13151,#13152);
#10601=AXIS2_PLACEMENT_3D('',#16437,#13153,#13154);
#10602=AXIS2_PLACEMENT_3D('',#16438,#13155,#13156);
#10603=AXIS2_PLACEMENT_3D('',#16440,#13157,#13158);
#10604=AXIS2_PLACEMENT_3D('',#16442,#13159,#13160);
#10605=AXIS2_PLACEMENT_3D('',#16444,#13161,#13162);
#10606=AXIS2_PLACEMENT_3D('',#16454,#13164,#13165);
#10607=AXIS2_PLACEMENT_3D('',#16466,#13168,#13169);
#10608=AXIS2_PLACEMENT_3D('',#16475,#13171,#13172);
#10609=AXIS2_PLACEMENT_3D('',#16479,#13174,#13175);
#10610=AXIS2_PLACEMENT_3D('',#16483,#13177,#13178);
#10611=AXIS2_PLACEMENT_3D('',#16486,#13180,#13181);
#10612=AXIS2_PLACEMENT_3D('',#16488,#13182,#13183);
#10613=AXIS2_PLACEMENT_3D('',#16489,#13184,#13185);
#10614=AXIS2_PLACEMENT_3D('',#16491,#13186,#13187);
#10615=AXIS2_PLACEMENT_3D('',#16493,#13188,#13189);
#10616=AXIS2_PLACEMENT_3D('',#16494,#13190,#13191);
#10617=AXIS2_PLACEMENT_3D('',#16496,#13192,#13193);
#10618=AXIS2_PLACEMENT_3D('',#16498,#13194,#13195);
#10619=AXIS2_PLACEMENT_3D('',#16499,#13196,#13197);
#10620=AXIS2_PLACEMENT_3D('',#16501,#13198,#13199);
#10621=AXIS2_PLACEMENT_3D('',#16503,#13200,#13201);
#10622=AXIS2_PLACEMENT_3D('',#16504,#13202,#13203);
#10623=AXIS2_PLACEMENT_3D('',#16523,#13207,#13208);
#10624=AXIS2_PLACEMENT_3D('',#16527,#13211,#13212);
#10625=AXIS2_PLACEMENT_3D('',#16528,#13213,#13214);
#10626=AXIS2_PLACEMENT_3D('',#16531,#13216,#13217);
#10627=AXIS2_PLACEMENT_3D('',#16552,#13221,#13222);
#10628=AXIS2_PLACEMENT_3D('',#16556,#13225,#13226);
#10629=AXIS2_PLACEMENT_3D('',#16557,#13227,#13228);
#10630=AXIS2_PLACEMENT_3D('',#16560,#13230,#13231);
#10631=AXIS2_PLACEMENT_3D('',#16578,#13235,#13236);
#10632=AXIS2_PLACEMENT_3D('',#16579,#13237,#13238);
#10633=AXIS2_PLACEMENT_3D('',#16582,#13240,#13241);
#10634=AXIS2_PLACEMENT_3D('',#16586,#13244,#13245);
#10635=AXIS2_PLACEMENT_3D('',#16587,#13246,#13247);
#10636=AXIS2_PLACEMENT_3D('',#16590,#13249,#13250);
#10637=AXIS2_PLACEMENT_3D('',#16594,#13253,#13254);
#10638=AXIS2_PLACEMENT_3D('',#16595,#13255,#13256);
#10639=AXIS2_PLACEMENT_3D('',#16598,#13258,#13259);
#10640=AXIS2_PLACEMENT_3D('',#16599,#13260,#13261);
#10641=AXIS2_PLACEMENT_3D('',#16601,#13262,#13263);
#10642=AXIS2_PLACEMENT_3D('',#16603,#13264,#13265);
#10643=AXIS2_PLACEMENT_3D('',#16604,#13266,#13267);
#10644=AXIS2_PLACEMENT_3D('',#16606,#13268,#13269);
#10645=AXIS2_PLACEMENT_3D('',#16607,#13270,#13271);
#10646=AXIS2_PLACEMENT_3D('',#16609,#13272,#13273);
#10647=AXIS2_PLACEMENT_3D('',#16611,#13275,#13276);
#10648=AXIS2_PLACEMENT_3D('',#16612,#13277,#13278);
#10649=AXIS2_PLACEMENT_3D('',#16614,#13279,#13280);
#10650=AXIS2_PLACEMENT_3D('',#16615,#13281,#13282);
#10651=AXIS2_PLACEMENT_3D('',#16617,#13283,#13284);
#10652=AXIS2_PLACEMENT_3D('',#16618,#13285,#13286);
#10653=AXIS2_PLACEMENT_3D('',#16619,#13287,#13288);
#10654=AXIS2_PLACEMENT_3D('',#16621,#13289,#13290);
#10655=AXIS2_PLACEMENT_3D('',#16622,#13291,#13292);
#10656=AXIS2_PLACEMENT_3D('',#16624,#13293,#13294);
#10657=AXIS2_PLACEMENT_3D('',#16625,#13295,#13296);
#10658=AXIS2_PLACEMENT_3D('',#16627,#13297,#13298);
#10659=AXIS2_PLACEMENT_3D('',#16628,#13299,#13300);
#10660=AXIS2_PLACEMENT_3D('',#16630,#13301,#13302);
#10661=AXIS2_PLACEMENT_3D('',#16631,#13303,#13304);
#10662=AXIS2_PLACEMENT_3D('',#16633,#13305,#13306);
#10663=AXIS2_PLACEMENT_3D('',#16634,#13307,#13308);
#10664=AXIS2_PLACEMENT_3D('',#16636,#13309,#13310);
#10665=AXIS2_PLACEMENT_3D('',#16637,#13311,#13312);
#10666=AXIS2_PLACEMENT_3D('',#16639,#13313,#13314);
#10667=AXIS2_PLACEMENT_3D('',#16640,#13315,#13316);
#10668=AXIS2_PLACEMENT_3D('',#16642,#13317,#13318);
#10669=AXIS2_PLACEMENT_3D('',#16643,#13319,#13320);
#10670=AXIS2_PLACEMENT_3D('',#16648,#13322,#13323);
#10671=AXIS2_PLACEMENT_3D('',#16652,#13325,#13326);
#10672=AXIS2_PLACEMENT_3D('',#16656,#13328,#13329);
#10673=AXIS2_PLACEMENT_3D('',#16659,#13331,#13332);
#10674=AXIS2_PLACEMENT_3D('',#16660,#13333,#13334);
#10675=AXIS2_PLACEMENT_3D('',#16662,#13335,#13336);
#10676=AXIS2_PLACEMENT_3D('',#16663,#13337,#13338);
#10677=AXIS2_PLACEMENT_3D('',#16665,#13339,#13340);
#10678=AXIS2_PLACEMENT_3D('',#16666,#13341,#13342);
#10679=AXIS2_PLACEMENT_3D('',#16668,#13343,#13344);
#10680=AXIS2_PLACEMENT_3D('',#16671,#13346,#13347);
#10681=AXIS2_PLACEMENT_3D('',#16674,#13349,#13350);
#10682=AXIS2_PLACEMENT_3D('',#16678,#13353,#13354);
#10683=AXIS2_PLACEMENT_3D('',#16681,#13356,#13357);
#10684=AXIS2_PLACEMENT_3D('',#16682,#13358,#13359);
#10685=AXIS2_PLACEMENT_3D('',#16686,#13362,#13363);
#10686=AXIS2_PLACEMENT_3D('',#16689,#13365,#13366);
#10687=AXIS2_PLACEMENT_3D('',#16690,#13367,#13368);
#10688=AXIS2_PLACEMENT_3D('',#16694,#13371,#13372);
#10689=AXIS2_PLACEMENT_3D('',#16697,#13374,#13375);
#10690=AXIS2_PLACEMENT_3D('',#16698,#13376,#13377);
#10691=AXIS2_PLACEMENT_3D('',#16699,#13378,#13379);
#10692=AXIS2_PLACEMENT_3D('',#16701,#13380,#13381);
#10693=AXIS2_PLACEMENT_3D('',#16702,#13382,#13383);
#10694=AXIS2_PLACEMENT_3D('',#16704,#13384,#13385);
#10695=AXIS2_PLACEMENT_3D('',#16705,#13386,#13387);
#10696=AXIS2_PLACEMENT_3D('',#16707,#13388,#13389);
#10697=AXIS2_PLACEMENT_3D('',#16709,#13390,#13391);
#10698=AXIS2_PLACEMENT_3D('',#16711,#13393,#13394);
#10699=AXIS2_PLACEMENT_3D('',#16712,#13395,#13396);
#10700=AXIS2_PLACEMENT_3D('',#16714,#13397,#13398);
#10701=AXIS2_PLACEMENT_3D('',#16715,#13399,#13400);
#10702=DIRECTION('',(0.,0.,1.));
#10703=DIRECTION('',(1.,0.,0.));
#10704=DIRECTION('',(0.,0.,-1.));
#10705=DIRECTION('',(-1.,0.,0.));
#10706=DIRECTION('',(0.,0.,-1.));
#10707=DIRECTION('',(1.,0.,0.));
#10708=DIRECTION('',(0.,0.,-1.));
#10709=DIRECTION('',(1.,0.,0.));
#10710=DIRECTION('',(0.,0.,1.));
#10711=DIRECTION('',(1.,0.,0.));
#10712=DIRECTION('',(0.,0.,-1.));
#10713=DIRECTION('',(1.,0.,0.));
#10714=DIRECTION('',(0.,0.,-1.));
#10715=DIRECTION('',(1.,0.,0.));
#10716=DIRECTION('',(0.,0.,1.));
#10717=DIRECTION('',(1.,0.,0.));
#10718=DIRECTION('',(0.,0.,-1.));
#10719=DIRECTION('',(1.,0.,0.));
#10720=DIRECTION('',(0.,0.,1.));
#10721=DIRECTION('',(1.,0.,0.));
#10722=DIRECTION('',(0.,0.,1.));
#10723=DIRECTION('',(1.,0.,0.));
#10724=DIRECTION('',(0.,0.,-1.));
#10725=DIRECTION('',(-1.,0.,0.));
#10726=DIRECTION('',(0.,0.,-1.));
#10727=DIRECTION('',(1.,0.,0.));
#10728=DIRECTION('',(0.,0.,1.));
#10729=DIRECTION('',(1.,0.,0.));
#10730=DIRECTION('',(0.,0.,-1.));
#10731=DIRECTION('',(1.,0.,0.));
#10732=DIRECTION('',(0.,0.,-1.));
#10733=DIRECTION('',(-1.,0.,0.));
#10734=DIRECTION('',(0.,0.,-1.));
#10735=DIRECTION('',(1.,0.,0.));
#10736=DIRECTION('',(0.,0.,1.));
#10737=DIRECTION('',(1.,0.,0.));
#10738=DIRECTION('',(0.,0.,1.));
#10739=DIRECTION('',(1.,0.,0.));
#10740=DIRECTION('',(0.,0.,-1.));
#10741=DIRECTION('',(-1.,0.,0.));
#10742=DIRECTION('',(0.,0.,1.));
#10743=DIRECTION('',(1.,0.,0.));
#10744=DIRECTION('',(0.,0.,1.));
#10745=DIRECTION('',(1.,0.,0.));
#10746=DIRECTION('',(0.,0.,1.));
#10747=DIRECTION('',(1.,0.,0.));
#10748=DIRECTION('',(0.,0.,1.));
#10749=DIRECTION('',(1.,0.,0.));
#10750=DIRECTION('',(0.,0.,1.));
#10751=DIRECTION('',(1.,0.,0.));
#10752=DIRECTION('',(0.,0.,1.));
#10753=DIRECTION('',(1.,0.,0.));
#10754=DIRECTION('',(0.,0.,1.));
#10755=DIRECTION('',(1.,0.,0.));
#10756=DIRECTION('',(0.,0.,1.));
#10757=DIRECTION('',(1.,0.,0.));
#10758=DIRECTION('',(0.,0.,1.));
#10759=DIRECTION('',(1.,0.,0.));
#10760=DIRECTION('',(0.,0.,-1.));
#10761=DIRECTION('',(-1.,0.,0.));
#10762=DIRECTION('',(0.,0.,1.));
#10763=DIRECTION('',(1.,0.,0.));
#10764=DIRECTION('',(0.,0.,1.));
#10765=DIRECTION('',(1.,0.,0.));
#10766=DIRECTION('',(0.,0.,1.));
#10767=DIRECTION('',(1.,0.,0.));
#10768=DIRECTION('',(0.,0.,-1.));
#10769=DIRECTION('',(-1.,0.,0.));
#10770=DIRECTION('',(0.,0.,1.));
#10771=DIRECTION('',(1.,0.,0.));
#10772=DIRECTION('',(0.,0.,1.));
#10773=DIRECTION('',(1.,0.,0.));
#10774=DIRECTION('',(0.,0.,1.));
#10775=DIRECTION('',(1.,0.,0.));
#10776=DIRECTION('',(0.,0.,-1.));
#10777=DIRECTION('',(1.,0.,0.));
#10778=DIRECTION('',(0.,0.,-1.));
#10779=DIRECTION('',(-1.,0.,0.));
#10780=DIRECTION('',(0.,0.,-1.));
#10781=DIRECTION('',(-1.,0.,0.));
#10782=DIRECTION('',(0.,0.,1.));
#10783=DIRECTION('',(-1.,0.,0.));
#10784=DIRECTION('',(0.,0.,-1.));
#10785=DIRECTION('',(-1.,0.,0.));
#10786=DIRECTION('',(0.,0.,-1.));
#10787=DIRECTION('',(-1.,0.,0.));
#10788=DIRECTION('',(0.,0.,1.));
#10789=DIRECTION('',(-1.,0.,0.));
#10790=DIRECTION('',(0.,0.,-1.));
#10791=DIRECTION('',(-1.,0.,0.));
#10792=DIRECTION('',(0.,0.,1.));
#10793=DIRECTION('',(-1.,0.,0.));
#10794=DIRECTION('',(0.,0.,1.));
#10795=DIRECTION('',(-1.,0.,0.));
#10796=DIRECTION('',(0.,0.,-1.));
#10797=DIRECTION('',(1.,0.,0.));
#10798=DIRECTION('',(0.,0.,-1.));
#10799=DIRECTION('',(-1.,0.,0.));
#10800=DIRECTION('',(0.,0.,1.));
#10801=DIRECTION('',(-1.,0.,0.));
#10802=DIRECTION('',(0.,0.,-1.));
#10803=DIRECTION('',(-1.,0.,0.));
#10804=DIRECTION('',(0.,0.,-1.));
#10805=DIRECTION('',(1.,0.,0.));
#10806=DIRECTION('',(0.,0.,-1.));
#10807=DIRECTION('',(-1.,0.,0.));
#10808=DIRECTION('',(0.,0.,1.));
#10809=DIRECTION('',(-1.,0.,0.));
#10810=DIRECTION('',(0.,0.,1.));
#10811=DIRECTION('',(1.,0.,0.));
#10812=DIRECTION('',(-0.707106781186548,-0.707106781186548,0.));
#10813=DIRECTION('',(0.707106781186548,-0.707106781186548,0.));
#10814=DIRECTION('',(-0.707106781186548,-0.707106781186548,0.));
#10815=DIRECTION('',(0.707106781186548,-0.707106781186548,0.));
#10816=DIRECTION('',(-0.707106781186548,0.707106781186548,0.));
#10817=DIRECTION('',(0.,0.,-1.));
#10818=DIRECTION('',(-0.707106781186548,0.707106781186548,0.));
#10819=DIRECTION('',(0.,0.,-1.));
#10820=DIRECTION('',(-0.707106781186548,0.707106781186548,0.));
#10821=DIRECTION('',(0.,0.,1.));
#10822=DIRECTION('',(-0.707106781186548,-0.707106781186548,0.));
#10823=DIRECTION('',(0.707106781186548,-0.707106781186548,0.));
#10824=DIRECTION('',(0.707106781186548,-0.707106781186548,0.));
#10825=DIRECTION('',(-0.707106781186548,-0.707106781186548,0.));
#10826=DIRECTION('',(0.707106781186548,-0.707106781186548,0.));
#10827=DIRECTION('',(0.707106781186548,-0.707106781186548,0.));
#10828=DIRECTION('',(-0.707106781186548,-0.707106781186548,0.));
#10829=DIRECTION('',(0.707106781186548,-0.707106781186548,0.));
#10830=DIRECTION('',(-0.707106781186548,0.707106781186548,0.));
#10831=DIRECTION('',(-0.707106781186548,-0.707106781186548,0.));
#10832=DIRECTION('',(0.707106781186548,-0.707106781186548,0.));
#10833=DIRECTION('',(0.,0.,-1.));
#10834=DIRECTION('',(-0.707106781186548,0.707106781186548,0.));
#10835=DIRECTION('',(0.,0.,-1.));
#10836=DIRECTION('',(-0.707106781186548,0.707106781186548,0.));
#10837=DIRECTION('',(0.,0.,-1.));
#10838=DIRECTION('',(0.707106781186548,-0.707106781186548,0.));
#10839=DIRECTION('',(0.707106781186548,0.707106781186548,0.));
#10840=DIRECTION('',(0.707106781186548,-0.707106781186548,0.));
#10841=DIRECTION('',(0.707106781186548,-0.707106781186548,0.));
#10842=DIRECTION('',(-0.707106781186548,-0.707106781186548,0.));
#10843=DIRECTION('',(0.707106781186548,-0.707106781186548,0.));
#10844=DIRECTION('',(0.,0.,1.));
#10845=DIRECTION('',(1.,0.,0.));
#10846=DIRECTION('',(0.,0.,1.));
#10847=DIRECTION('',(-1.,0.,0.));
#10848=DIRECTION('',(0.,0.,1.));
#10849=DIRECTION('',(1.,0.,0.));
#10850=DIRECTION('',(0.,0.,1.));
#10851=DIRECTION('',(-1.,0.,0.));
#10852=DIRECTION('',(0.,0.,1.));
#10853=DIRECTION('',(1.,0.,0.));
#10854=DIRECTION('',(0.,0.,-1.));
#10855=DIRECTION('',(-1.,0.,0.));
#10856=DIRECTION('',(0.,0.,-1.));
#10857=DIRECTION('',(-1.,0.,0.));
#10858=DIRECTION('',(0.,0.,1.));
#10859=DIRECTION('',(1.,0.,0.));
#10860=DIRECTION('',(0.,0.,-1.));
#10861=DIRECTION('',(-1.,0.,0.));
#10862=DIRECTION('',(0.,0.,1.));
#10863=DIRECTION('',(1.,0.,0.));
#10864=DIRECTION('',(0.,0.,1.));
#10865=DIRECTION('',(-1.,0.,0.));
#10866=DIRECTION('',(0.,0.,1.));
#10867=DIRECTION('',(1.,0.,0.));
#10868=DIRECTION('',(0.,0.,1.));
#10869=DIRECTION('',(-1.,0.,0.));
#10870=DIRECTION('',(0.,0.,1.));
#10871=DIRECTION('',(1.,0.,0.));
#10872=DIRECTION('',(0.,0.,-1.));
#10873=DIRECTION('',(-1.,0.,0.));
#10874=DIRECTION('',(0.,0.,1.));
#10875=DIRECTION('',(1.,0.,0.));
#10876=DIRECTION('',(0.,0.,-1.));
#10877=DIRECTION('',(-1.,0.,0.));
#10878=DIRECTION('',(0.,0.,1.));
#10879=DIRECTION('',(1.,0.,0.));
#10880=DIRECTION('',(-0.707106781186548,-0.707106781186548,0.));
#10881=DIRECTION('',(0.998953181886568,0.045744293619,0.));
#10882=DIRECTION('',(0.847443336156902,-0.530885855908085,0.));
#10883=DIRECTION('',(0.,-1.,0.));
#10884=DIRECTION('',(0.707106781186548,0.707106781186548,0.));
#10885=DIRECTION('',(1.,0.,0.));
#10886=DIRECTION('',(0.530885855908085,-0.847443336156902,0.));
#10887=DIRECTION('',(-0.045744293619,-0.998953181886568,0.));
#10888=DIRECTION('',(0.,0.,1.));
#10889=DIRECTION('',(1.,0.,0.));
#10890=DIRECTION('',(0.,0.,1.));
#10891=DIRECTION('',(1.,0.,0.));
#10892=DIRECTION('',(0.,0.,1.));
#10893=DIRECTION('',(1.,0.,0.));
#10894=DIRECTION('',(0.,-1.,0.));
#10895=DIRECTION('',(1.,1.96291199544759E-16,0.));
#10896=DIRECTION('',(-1.,-4.16333634234434E-16,0.));
#10897=DIRECTION('',(0.,-1.,0.));
#10898=DIRECTION('',(0.,0.,1.));
#10899=DIRECTION('',(1.,0.,0.));
#10900=DIRECTION('',(-1.,-4.16333634234434E-16,0.));
#10901=DIRECTION('',(-0.045744293619,-0.998953181886568,0.));
#10902=DIRECTION('',(0.530885855908085,-0.847443336156902,0.));
#10903=DIRECTION('',(1.,0.,0.));
#10904=DIRECTION('',(0.707106781186548,0.707106781186548,0.));
#10905=DIRECTION('',(0.,-1.,0.));
#10906=DIRECTION('',(0.847443336156902,-0.530885855908085,0.));
#10907=DIRECTION('',(0.998953181886568,0.045744293619,0.));
#10908=DIRECTION('',(0.,-1.,0.));
#10909=DIRECTION('',(0.,0.,1.));
#10910=DIRECTION('',(1.,0.,0.));
#10911=DIRECTION('',(0.707106781186548,-0.707106781186548,0.));
#10912=DIRECTION('',(0.707106781186546,0.707106781186549,0.));
#10913=DIRECTION('',(0.707106781186548,-0.707106781186548,0.));
#10914=DIRECTION('',(0.352937531011693,-0.935646888095809,0.));
#10915=DIRECTION('',(-0.201755748586913,-0.97943586717668,0.));
#10916=DIRECTION('',(0.97943586717668,0.201755748586913,0.));
#10917=DIRECTION('',(0.935646888095809,-0.352937531011693,0.));
#10918=DIRECTION('',(0.,0.,-1.));
#10919=DIRECTION('',(1.,0.,0.));
#10920=DIRECTION('',(0.,0.,-1.));
#10921=DIRECTION('',(-1.,0.,0.));
#10922=DIRECTION('',(0.,0.,-1.));
#10923=DIRECTION('',(-1.,0.,0.));
#10924=DIRECTION('',(0.,0.,-1.));
#10925=DIRECTION('',(-1.,0.,0.));
#10926=DIRECTION('',(0.,0.,-1.));
#10927=DIRECTION('',(-1.,0.,0.));
#10928=DIRECTION('',(0.,0.,-1.));
#10929=DIRECTION('',(-1.,0.,0.));
#10930=DIRECTION('',(0.,0.,-1.));
#10931=DIRECTION('',(-1.,0.,0.));
#10932=DIRECTION('',(0.,0.,-1.));
#10933=DIRECTION('',(-1.,0.,0.));
#10934=DIRECTION('',(0.,0.,-1.));
#10935=DIRECTION('',(-1.,0.,0.));
#10936=DIRECTION('',(0.,0.,-1.));
#10937=DIRECTION('',(-1.,0.,0.));
#10938=DIRECTION('',(0.,0.,-1.));
#10939=DIRECTION('',(-1.,0.,0.));
#10940=DIRECTION('',(0.,0.,-1.));
#10941=DIRECTION('',(-1.,0.,0.));
#10942=DIRECTION('',(0.,0.,-1.));
#10943=DIRECTION('',(-1.,0.,0.));
#10944=DIRECTION('',(0.,0.,-1.));
#10945=DIRECTION('',(-1.,0.,0.));
#10946=DIRECTION('',(0.,0.,-1.));
#10947=DIRECTION('',(-1.,0.,0.));
#10948=DIRECTION('',(0.,0.,-1.));
#10949=DIRECTION('',(-1.,0.,0.));
#10950=DIRECTION('',(0.,0.,-1.));
#10951=DIRECTION('',(-1.,0.,0.));
#10952=DIRECTION('',(0.,0.,-1.));
#10953=DIRECTION('',(-1.,0.,0.));
#10954=DIRECTION('',(0.,0.,-1.));
#10955=DIRECTION('',(-1.,0.,0.));
#10956=DIRECTION('',(0.,0.,-1.));
#10957=DIRECTION('',(-1.,0.,0.));
#10958=DIRECTION('',(1.,0.,0.));
#10959=DIRECTION('',(0.,0.,-1.));
#10960=DIRECTION('',(0.,0.,-1.));
#10961=DIRECTION('',(0.,0.,-1.));
#10962=DIRECTION('',(0.530885855908085,0.847443336156902,0.));
#10963=DIRECTION('',(-0.847443336156902,0.530885855908085,0.));
#10964=DIRECTION('',(0.,0.,-1.));
#10965=DIRECTION('',(-0.045744293619,0.998953181886568,0.));
#10966=DIRECTION('',(-0.998953181886568,-0.045744293619,0.));
#10967=DIRECTION('',(0.998953181886568,-0.045744293619,0.));
#10968=DIRECTION('',(0.045744293619,0.998953181886568,0.));
#10969=DIRECTION('',(0.,0.,-1.));
#10970=DIRECTION('',(0.847443336156902,0.530885855908085,0.));
#10971=DIRECTION('',(-0.530885855908085,0.847443336156902,0.));
#10972=DIRECTION('',(0.,0.,-1.));
#10973=DIRECTION('',(0.,1.,0.));
#10974=DIRECTION('',(0.,0.,1.));
#10975=DIRECTION('',(0.,0.,-1.));
#10976=DIRECTION('',(-0.707106781186548,0.707106781186548,0.));
#10977=DIRECTION('',(-0.707106781186548,-0.707106781186548,0.));
#10978=DIRECTION('',(0.,0.,-1.));
#10979=DIRECTION('',(-1.,0.,0.));
#10980=DIRECTION('',(0.,0.,-1.));
#10981=DIRECTION('',(-1.,0.,0.));
#10982=DIRECTION('',(0.,0.,-1.));
#10983=DIRECTION('',(0.,0.,-1.));
#10984=DIRECTION('',(0.,0.,-1.));
#10985=DIRECTION('',(-1.,0.,0.));
#10986=DIRECTION('',(0.,0.,-1.));
#10987=DIRECTION('',(0.,0.,-1.));
#10988=DIRECTION('',(0.,0.,-1.));
#10989=DIRECTION('',(-1.,0.,0.));
#10990=DIRECTION('',(0.,0.,-1.));
#10991=DIRECTION('',(0.,0.,-1.));
#10992=DIRECTION('',(0.,0.,-1.));
#10993=DIRECTION('',(-1.,0.,0.));
#10994=DIRECTION('',(0.,0.,-1.));
#10995=DIRECTION('',(0.,0.,-1.));
#10996=DIRECTION('',(0.,0.,-1.));
#10997=DIRECTION('',(-1.,0.,0.));
#10998=DIRECTION('',(0.,0.,-1.));
#10999=DIRECTION('',(0.,0.,-1.));
#11000=DIRECTION('',(0.,0.,-1.));
#11001=DIRECTION('',(-1.,0.,0.));
#11002=DIRECTION('',(0.,0.,-1.));
#11003=DIRECTION('',(0.,0.,-1.));
#11004=DIRECTION('',(0.,0.,-1.));
#11005=DIRECTION('',(-1.,0.,0.));
#11006=DIRECTION('',(0.,0.,-1.));
#11007=DIRECTION('',(0.,0.,-1.));
#11008=DIRECTION('',(0.,0.,-1.));
#11009=DIRECTION('',(-1.,0.,0.));
#11010=DIRECTION('',(0.,0.,-1.));
#11011=DIRECTION('',(0.,0.,-1.));
#11012=DIRECTION('',(0.,0.,-1.));
#11013=DIRECTION('',(-1.,0.,0.));
#11014=DIRECTION('',(0.,0.,-1.));
#11015=DIRECTION('',(-1.,0.,0.));
#11016=DIRECTION('',(0.,0.,-1.));
#11017=DIRECTION('',(-1.,0.,0.));
#11018=DIRECTION('',(0.,0.,-1.));
#11019=DIRECTION('',(-1.,0.,0.));
#11020=DIRECTION('',(0.,0.,-1.));
#11021=DIRECTION('',(-1.,0.,0.));
#11022=DIRECTION('',(0.,0.,-1.));
#11023=DIRECTION('',(-1.,0.,0.));
#11024=DIRECTION('',(0.,0.,-1.));
#11025=DIRECTION('',(-1.,0.,0.));
#11026=DIRECTION('',(0.,0.,-1.));
#11027=DIRECTION('',(-1.,0.,0.));
#11028=DIRECTION('',(0.707106781186549,-0.707106781186546,0.));
#11029=DIRECTION('',(0.707106781186546,0.707106781186549,0.));
#11030=DIRECTION('',(0.,0.,1.));
#11031=DIRECTION('',(0.707106781186546,0.707106781186549,0.));
#11032=DIRECTION('',(0.,0.,1.));
#11033=DIRECTION('',(-0.707106781186548,-0.707106781186548,0.));
#11034=DIRECTION('',(0.707106781186548,-0.707106781186548,0.));
#11035=DIRECTION('',(0.,0.,1.));
#11036=DIRECTION('',(0.707106781186548,-0.707106781186548,0.));
#11037=DIRECTION('',(-0.352937531011693,-0.935646888095808,0.));
#11038=DIRECTION('',(0.935646888095809,-0.352937531011693,0.));
#11039=DIRECTION('',(0.,0.,1.));
#11040=DIRECTION('',(0.935646888095809,-0.352937531011693,0.));
#11041=DIRECTION('',(0.201755748586913,-0.97943586717668,0.));
#11042=DIRECTION('',(0.97943586717668,0.201755748586913,0.));
#11043=DIRECTION('',(0.,0.,1.));
#11044=DIRECTION('',(0.97943586717668,0.201755748586913,0.));
#11045=DIRECTION('',(-0.97943586717668,0.201755748586913,0.));
#11046=DIRECTION('',(-0.201755748586913,-0.97943586717668,0.));
#11047=DIRECTION('',(0.,0.,1.));
#11048=DIRECTION('',(-0.201755748586913,-0.97943586717668,0.));
#11049=DIRECTION('',(-0.935646888095808,-0.352937531011693,0.));
#11050=DIRECTION('',(0.352937531011693,-0.935646888095809,0.));
#11051=DIRECTION('',(0.,0.,1.));
#11052=DIRECTION('',(0.352937531011693,-0.935646888095809,0.));
#11053=DIRECTION('',(-0.707106781186548,-0.707106781186548,0.));
#11054=DIRECTION('',(0.707106781186548,-0.707106781186548,0.));
#11055=DIRECTION('',(0.707106781186548,-0.707106781186548,0.));
#11056=DIRECTION('',(0.,0.,1.));
#11057=DIRECTION('',(1.,0.,0.));
#11058=DIRECTION('',(-4.16333634234434E-16,1.,0.));
#11059=DIRECTION('',(-1.,-4.16333634234434E-16,0.));
#11060=DIRECTION('',(0.,0.,1.));
#11061=DIRECTION('',(-1.,0.,0.));
#11062=DIRECTION('',(0.,0.,1.));
#11063=DIRECTION('',(1.96291199544759E-16,-1.,0.));
#11064=DIRECTION('',(1.,1.96291199544759E-16,0.));
#11065=DIRECTION('',(0.,0.,1.));
#11066=DIRECTION('',(-1.,0.,0.));
#11067=DIRECTION('',(0.,0.,1.));
#11068=DIRECTION('',(-0.707106781186548,-0.707106781186548,0.));
#11069=DIRECTION('',(-0.707106781186548,-0.707106781186548,0.));
#11070=DIRECTION('',(0.707106781186548,-0.707106781186548,0.));
#11071=DIRECTION('',(0.,0.,-1.));
#11072=DIRECTION('',(-1.,0.,0.));
#11073=DIRECTION('',(-0.707106781186548,-0.707106781186548,0.));
#11074=DIRECTION('',(-0.707106781186548,-0.707106781186548,0.));
#11075=DIRECTION('',(-0.707106781186548,-0.707106781186548,0.));
#11076=DIRECTION('',(0.707106781186548,-0.707106781186548,0.));
#11077=DIRECTION('',(-0.707106781186548,-0.707106781186548,0.));
#11078=DIRECTION('',(0.,0.,-1.));
#11079=DIRECTION('',(-1.,0.,0.));
#11080=DIRECTION('',(-0.707106781186548,-0.707106781186548,0.));
#11081=DIRECTION('',(-0.707106781186548,-0.707106781186548,0.));
#11082=DIRECTION('',(0.707106781186548,-0.707106781186548,0.));
#11083=DIRECTION('',(0.,0.,1.));
#11084=DIRECTION('',(1.,0.,0.));
#11085=DIRECTION('',(0.,0.,1.));
#11086=DIRECTION('',(1.,0.,0.));
#11087=DIRECTION('',(0.,0.,1.));
#11088=DIRECTION('',(1.,0.,0.));
#11089=DIRECTION('',(0.,0.,-1.));
#11090=DIRECTION('',(1.,0.,0.));
#11091=DIRECTION('',(0.,0.,1.));
#11092=DIRECTION('',(-1.,0.,0.));
#11093=DIRECTION('',(0.,0.,1.));
#11094=DIRECTION('',(-1.,0.,0.));
#11095=DIRECTION('',(0.,0.,1.));
#11096=DIRECTION('',(-1.,0.,0.));
#11097=DIRECTION('',(0.,0.,1.));
#11098=DIRECTION('',(-1.,0.,0.));
#11099=DIRECTION('',(0.,0.,1.));
#11100=DIRECTION('',(-1.,0.,0.));
#11101=DIRECTION('',(0.,0.,1.));
#11102=DIRECTION('',(-1.,0.,0.));
#11103=DIRECTION('',(0.,0.,1.));
#11104=DIRECTION('',(-1.,0.,0.));
#11105=DIRECTION('',(0.,0.,1.));
#11106=DIRECTION('',(-1.,0.,0.));
#11107=DIRECTION('',(0.,0.,1.));
#11108=DIRECTION('',(-1.,0.,0.));
#11109=DIRECTION('',(0.,0.,-1.));
#11110=DIRECTION('',(1.,0.,0.));
#11111=DIRECTION('',(0.,0.,1.));
#11112=DIRECTION('',(-1.,0.,0.));
#11113=DIRECTION('',(0.,0.,1.));
#11114=DIRECTION('',(-1.,0.,0.));
#11115=DIRECTION('',(0.,0.,1.));
#11116=DIRECTION('',(-1.,0.,0.));
#11117=DIRECTION('',(0.,0.,-1.));
#11118=DIRECTION('',(1.,0.,0.));
#11119=DIRECTION('',(0.,0.,1.));
#11120=DIRECTION('',(-1.,0.,0.));
#11121=DIRECTION('',(0.,0.,1.));
#11122=DIRECTION('',(-1.,0.,0.));
#11123=DIRECTION('',(0.,0.,1.));
#11124=DIRECTION('',(1.,0.,0.));
#11125=DIRECTION('',(0.,0.,-1.));
#11126=DIRECTION('',(-1.,0.,0.));
#11127=DIRECTION('',(-0.144042085710521,-0.249488210878812,-0.957605090930835));
#11128=DIRECTION('',(0.478802545465419,0.82931033553941,-0.288084171421041));
#11129=DIRECTION('',(-0.288084171421041,0.,-0.957605090930835));
#11130=DIRECTION('',(0.957605090930835,0.,-0.288084171421041));
#11131=DIRECTION('',(0.,0.,-1.));
#11132=DIRECTION('',(-0.14404208571052,0.249488210878812,-0.957605090930835));
#11133=DIRECTION('',(0.478802545465417,-0.829310335539411,-0.288084171421041));
#11134=DIRECTION('',(-0.288084171421041,0.,-0.957605090930835));
#11135=DIRECTION('',(0.957605090930835,0.,-0.288084171421041));
#11136=DIRECTION('',(0.,0.,-1.));
#11137=DIRECTION('',(-0.14404208571052,0.249488210878812,-0.957605090930835));
#11138=DIRECTION('',(0.478802545465417,-0.829310335539411,-0.288084171421041));
#11139=DIRECTION('',(0.,0.,-1.));
#11140=DIRECTION('',(0.,0.,1.));
#11141=DIRECTION('',(1.,0.,0.));
#11142=DIRECTION('',(0.,0.,-1.));
#11143=DIRECTION('',(-1.,0.,0.));
#11144=DIRECTION('',(0.,0.,1.));
#11145=DIRECTION('',(1.,0.,0.));
#11146=DIRECTION('',(0.,0.,1.));
#11147=DIRECTION('',(1.,0.,0.));
#11148=DIRECTION('',(0.,0.,-1.));
#11149=DIRECTION('',(-0.288084171421041,0.,-0.957605090930835));
#11150=DIRECTION('',(0.957605090930835,0.,-0.288084171421041));
#11151=DIRECTION('',(-0.14404208571052,0.249488210878812,-0.957605090930835));
#11152=DIRECTION('',(0.478802545465417,-0.829310335539411,-0.288084171421041));
#11153=DIRECTION('',(0.,0.,-1.));
#11154=DIRECTION('',(-0.288084171421041,0.,-0.957605090930835));
#11155=DIRECTION('',(0.957605090930835,0.,-0.288084171421041));
#11156=DIRECTION('',(-0.144042085710521,-0.249488210878812,-0.957605090930835));
#11157=DIRECTION('',(0.478802545465419,0.82931033553941,-0.288084171421041));
#11158=DIRECTION('',(0.,0.,-1.));
#11159=DIRECTION('',(0.202727909443578,0.351135039268499,0.914114642115827));
#11160=DIRECTION('',(0.457057321057915,0.791646502043626,-0.405455818887156));
#11161=DIRECTION('',(-0.999930300273392,0.,-0.0118065488252958));
#11162=DIRECTION('',(0.0118065488252958,0.,-0.999930300273392));
#11163=DIRECTION('',(0.405455818887156,0.,0.914114642115827));
#11164=DIRECTION('',(0.914114642115827,0.,-0.405455818887156));
#11165=DIRECTION('',(0.202727909443578,0.351135039268499,0.914114642115827));
#11166=DIRECTION('',(0.457057321057915,0.791646502043626,-0.405455818887156));
#11167=DIRECTION('',(-0.499965150136697,-0.865965042050559,-0.0118065488252958));
#11168=DIRECTION('',(0.00590327441264792,0.0102247712137275,-0.999930300273392));
#11169=DIRECTION('',(0.405455818887156,0.,0.914114642115827));
#11170=DIRECTION('',(0.914114642115827,0.,-0.405455818887156));
#11171=DIRECTION('',(0.202727909443578,-0.351135039268499,0.914114642115827));
#11172=DIRECTION('',(0.457057321057913,-0.791646502043627,-0.405455818887156));
#11173=DIRECTION('',(-0.499965150136696,0.86596504205056,-0.0118065488252958));
#11174=DIRECTION('',(0.0059032744126479,-0.0102247712137275,-0.999930300273392));
#11175=DIRECTION('',(-0.14404208571052,0.249488210878812,-0.957605090930835));
#11176=DIRECTION('',(0.478802545465417,-0.829310335539411,-0.288084171421041));
#11177=DIRECTION('',(0.,0.,-1.));
#11178=DIRECTION('',(-1.,0.,0.));
#11179=DIRECTION('',(0.202727909443578,-0.351135039268499,0.914114642115827));
#11180=DIRECTION('',(0.457057321057913,-0.791646502043627,-0.405455818887156));
#11181=DIRECTION('',(0.405455818887156,0.,0.914114642115827));
#11182=DIRECTION('',(0.914114642115827,0.,-0.405455818887156));
#11183=DIRECTION('',(0.,0.,-1.));
#11184=DIRECTION('',(0.202727909443578,0.351135039268499,0.914114642115827));
#11185=DIRECTION('',(0.457057321057915,0.791646502043626,-0.405455818887156));
#11186=DIRECTION('',(0.405455818887156,0.,0.914114642115827));
#11187=DIRECTION('',(0.914114642115827,0.,-0.405455818887156));
#11188=DIRECTION('',(0.,0.,-1.));
#11189=DIRECTION('',(0.202727909443578,0.351135039268499,0.914114642115827));
#11190=DIRECTION('',(0.457057321057915,0.791646502043626,-0.405455818887156));
#11191=DIRECTION('',(0.,0.,-1.));
#11192=DIRECTION('',(0.,0.,1.));
#11193=DIRECTION('',(1.,0.,0.));
#11194=DIRECTION('',(0.,0.,1.));
#11195=DIRECTION('',(1.,0.,0.));
#11196=DIRECTION('',(0.,0.,1.));
#11197=DIRECTION('',(1.,0.,0.));
#11198=DIRECTION('',(0.405455818887156,0.,0.914114642115827));
#11199=DIRECTION('',(0.914114642115827,0.,-0.405455818887156));
#11200=DIRECTION('',(0.,1.,0.));
#11201=DIRECTION('',(-0.808433537977428,-0.466749320773189,0.35858093400384));
#11202=DIRECTION('',(-0.999930300273392,0.,-0.0118065488252958));
#11203=DIRECTION('',(-0.0118065488252958,0.,0.999930300273392));
#11204=DIRECTION('',(0.00424354192026077,0.933174853210107,-0.359397670677295));
#11205=DIRECTION('',(0.202727909443578,0.351135039268499,0.914114642115827));
#11206=DIRECTION('',(0.457057321057914,0.791646502043626,-0.405455818887156));
#11207=DIRECTION('',(0.866025403784438,-0.5,-3.14532231468219E-17));
#11208=DIRECTION('',(-0.499965150136697,-0.865965042050559,-0.0118065488252958));
#11209=DIRECTION('',(-0.00590327441264789,-0.0102247712137275,0.999930300273392));
#11210=DIRECTION('',(0.810274900012897,-0.462912411500085,-0.359397670677295));
#11211=DIRECTION('',(-0.14404208571052,0.249488210878812,-0.957605090930835));
#11212=DIRECTION('',(-0.478802545465417,0.829310335539411,0.288084171421041));
#11213=DIRECTION('',(0.838049886300873,-0.483848327450144,-0.252117401412105));
#11214=DIRECTION('',(-0.866025403784439,-0.5,3.1453223146822E-17));
#11215=DIRECTION('',(-0.478802545465417,0.829310335539411,0.288084171421041));
#11216=DIRECTION('',(0.5,-0.866025403784439,1.81595268506991E-17));
#11217=DIRECTION('',(-1.81595268506991E-17,-3.1453223146822E-17,-1.));
#11218=DIRECTION('',(-0.838049886300873,-0.483848327450144,0.252117401412105));
#11219=DIRECTION('',(-1.81595268506991E-17,-3.1453223146822E-17,-1.));
#11220=DIRECTION('',(-0.288084171421041,0.,-0.957605090930835));
#11221=DIRECTION('',(-0.957605090930835,0.,0.288084171421041));
#11222=DIRECTION('',(-0.957605090930835,0.,0.288084171421041));
#11223=DIRECTION('',(0.,1.,0.));
#11224=DIRECTION('',(1.,0.,0.));
#11225=DIRECTION('',(0.,0.,-1.));
#11226=DIRECTION('',(0.,0.967696654900288,0.252117401412105));
#11227=DIRECTION('',(0.,0.,-1.));
#11228=DIRECTION('',(0.202727909443578,-0.351135039268499,0.914114642115827));
#11229=DIRECTION('',(0.457057321057913,-0.791646502043627,-0.405455818887156));
#11230=DIRECTION('',(0.808433537977428,-0.46674932077319,-0.358580934003839));
#11231=DIRECTION('',(-0.866025403784439,-0.5,3.1453223146822E-17));
#11232=DIRECTION('',(-0.457057321057913,0.791646502043627,0.405455818887156));
#11233=DIRECTION('',(-0.866025403784439,-0.5,3.1453223146822E-17));
#11234=DIRECTION('',(-0.499965150136696,0.86596504205056,-0.0118065488252958));
#11235=DIRECTION('',(-0.00590327441264787,0.0102247712137275,0.999930300273392));
#11236=DIRECTION('',(-0.866025403784439,-0.5,3.1453223146822E-17));
#11237=DIRECTION('',(-0.14404208571052,0.249488210878812,-0.957605090930835));
#11238=DIRECTION('',(-0.478802545465417,0.829310335539411,0.288084171421041));
#11239=DIRECTION('',(0.478802545465417,-0.829310335539411,-0.288084171421041));
#11240=DIRECTION('',(-0.866025403784439,-0.5,3.1453223146822E-17));
#11241=DIRECTION('',(0.988875473652632,0.,-0.148745748202368));
#11242=DIRECTION('',(0.5,-0.866025403784439,1.81595268506991E-17));
#11243=DIRECTION('',(-1.81595268506991E-17,-3.1453223146822E-17,-1.));
#11244=DIRECTION('',(0.,-2.09688154312146E-17,-1.));
#11245=DIRECTION('',(1.81595268506991E-17,3.1453223146822E-17,1.));
#11246=DIRECTION('',(0.202727909443578,-0.351135039268499,0.914114642115827));
#11247=DIRECTION('',(0.202727909443578,-0.351135039268499,0.914114642115827));
#11248=DIRECTION('',(-0.866025403784439,-0.5,3.1453223146822E-17));
#11249=DIRECTION('',(1.81595268506991E-17,3.1453223146822E-17,1.));
#11250=DIRECTION('',(0.202727909443578,0.351135039268499,0.914114642115827));
#11251=DIRECTION('',(0.457057321057914,0.791646502043626,-0.405455818887156));
#11252=DIRECTION('',(0.457057321057914,0.791646502043626,-0.405455818887156));
#11253=DIRECTION('',(0.866025403784438,-0.5,-3.14532231468219E-17));
#11254=DIRECTION('',(-0.457057321057914,-0.791646502043626,0.405455818887156));
#11255=DIRECTION('',(0.866025403784438,-0.5,-3.14532231468219E-17));
#11256=DIRECTION('',(-0.499965150136697,-0.865965042050559,-0.0118065488252958));
#11257=DIRECTION('',(-0.00590327441264789,-0.0102247712137275,0.999930300273392));
#11258=DIRECTION('',(0.866025403784438,-0.5,-3.14532231468219E-17));
#11259=DIRECTION('',(-0.0118062745400053,-0.00681635578379868,0.99990707026969));
#11260=DIRECTION('',(-0.144042085710521,-0.249488210878812,-0.957605090930835));
#11261=DIRECTION('',(-0.478802545465418,-0.82931033553941,0.288084171421041));
#11262=DIRECTION('',(-0.838049886300873,-0.483848327450143,0.252117401412105));
#11263=DIRECTION('',(0.478802545465418,0.82931033553941,-0.288084171421041));
#11264=DIRECTION('',(0.866025403784438,-0.5,-3.14532231468219E-17));
#11265=DIRECTION('',(-0.478802545465418,-0.82931033553941,0.288084171421041));
#11266=DIRECTION('',(0.5,0.866025403784438,1.8159526850699E-17));
#11267=DIRECTION('',(-1.8159526850699E-17,3.14532231468219E-17,-1.));
#11268=DIRECTION('',(1.8159526850699E-17,-3.14532231468219E-17,1.));
#11269=DIRECTION('',(-1.8159526850699E-17,3.14532231468219E-17,-1.));
#11270=DIRECTION('',(0.202727909443578,0.351135039268499,0.914114642115827));
#11271=DIRECTION('',(0.202727909443578,0.351135039268499,0.914114642115827));
#11272=DIRECTION('',(0.866025403784438,-0.5,-3.14532231468219E-17));
#11273=DIRECTION('',(1.8159526850699E-17,-3.14532231468219E-17,1.));
#11274=DIRECTION('',(0.,1.,0.));
#11275=DIRECTION('',(0.,0.,1.));
#11276=DIRECTION('',(0.957605090930835,0.,-0.288084171421041));
#11277=DIRECTION('',(0.,0.,1.));
#11278=DIRECTION('',(-0.914114642115827,0.,0.405455818887156));
#11279=DIRECTION('',(0.405455818887156,0.,0.914114642115827));
#11280=DIRECTION('',(0.405455818887156,0.,0.914114642115827));
#11281=DIRECTION('',(1.,0.,0.));
#11282=DIRECTION('',(0.,0.,-1.));
#11283=DIRECTION('',(0.,1.,0.));
#11284=DIRECTION('',(0.,1.,0.));
#11285=DIRECTION('',(-0.999930300273392,0.,-0.0118065488252958));
#11286=DIRECTION('',(-0.0118065488252958,0.,0.999930300273392));
#11287=DIRECTION('',(0.,1.,0.));
#11288=DIRECTION('',(0.,1.,0.));
#11289=DIRECTION('',(-0.288084171421041,0.,-0.957605090930835));
#11290=DIRECTION('',(-0.957605090930835,0.,0.288084171421041));
#11291=DIRECTION('',(0.494437736826316,-0.856391281362549,-0.148745748202368));
#11292=DIRECTION('',(0.405455818887156,0.,0.914114642115827));
#11293=DIRECTION('',(0.914114642115827,0.,-0.405455818887156));
#11294=DIRECTION('',(0.866025403784439,0.5,-3.1453223146822E-17));
#11295=DIRECTION('',(0.5,-0.866025403784439,1.81595268506991E-17));
#11296=DIRECTION('',(0.,-1.,0.));
#11297=DIRECTION('',(1.,0.,0.));
#11298=DIRECTION('',(-0.866025403784438,0.5,3.14532231468219E-17));
#11299=DIRECTION('',(0.5,0.866025403784438,1.8159526850699E-17));
#11300=DIRECTION('',(-0.866025403784438,0.5,3.14532231468219E-17));
#11301=DIRECTION('',(0.5,0.866025403784438,1.8159526850699E-17));
#11302=DIRECTION('',(-0.488139700257538,-0.845482762037496,0.21651450789711));
#11303=DIRECTION('',(0.457057321057914,0.791646502043626,-0.405455818887156));
#11304=DIRECTION('',(0.405455818887156,0.,0.914114642115827));
#11305=DIRECTION('',(0.914114642115827,0.,-0.405455818887156));
#11306=DIRECTION('',(0.914114642115827,0.,-0.405455818887156));
#11307=DIRECTION('',(-0.808433537977428,-0.466749320773189,0.35858093400384));
#11308=DIRECTION('',(0.,-1.,0.));
#11309=DIRECTION('',(1.,0.,0.));
#11310=DIRECTION('',(-0.976279400515074,0.,0.21651450789711));
#11311=DIRECTION('',(0.202727909443578,0.351135039268499,0.914114642115827));
#11312=DIRECTION('',(0.457057321057914,0.791646502043626,-0.405455818887156));
#11313=DIRECTION('',(0.202727909443578,-0.351135039268499,0.914114642115827));
#11314=DIRECTION('',(0.457057321057913,-0.791646502043627,-0.405455818887156));
#11315=DIRECTION('',(0.808433537977428,-0.46674932077319,-0.358580934003839));
#11316=DIRECTION('',(0.457057321057913,-0.791646502043627,-0.405455818887156));
#11317=DIRECTION('',(0.866025403784439,0.5,-3.1453223146822E-17));
#11318=DIRECTION('',(0.5,-0.866025403784439,1.81595268506991E-17));
#11319=DIRECTION('',(0.488139700257537,-0.845482762037497,0.216514507897109));
#11320=DIRECTION('',(0.202727909443578,0.351135039268499,0.914114642115827));
#11321=DIRECTION('',(0.457057321057914,0.791646502043626,-0.405455818887156));
#11322=DIRECTION('',(0.405455818887156,0.,0.914114642115827));
#11323=DIRECTION('',(0.914114642115827,0.,-0.405455818887156));
#11324=DIRECTION('',(-0.288084171421041,0.,-0.957605090930835));
#11325=DIRECTION('',(-0.957605090930835,0.,0.288084171421041));
#11326=DIRECTION('',(0.494437736826316,-0.856391281362549,-0.148745748202368));
#11327=DIRECTION('',(-0.838049886300873,-0.483848327450143,0.252117401412105));
#11328=DIRECTION('',(-0.144042085710521,-0.249488210878812,-0.957605090930835));
#11329=DIRECTION('',(-0.478802545465418,-0.82931033553941,0.288084171421041));
#11330=DIRECTION('',(-0.478802545465418,-0.82931033553941,0.288084171421041));
#11331=DIRECTION('',(-0.14404208571052,0.249488210878812,-0.957605090930835));
#11332=DIRECTION('',(-0.478802545465417,0.829310335539411,0.288084171421041));
#11333=DIRECTION('',(0.494437736826317,0.856391281362548,0.148745748202368));
#11334=DIRECTION('',(0.988875473652632,0.,-0.148745748202368));
#11335=DIRECTION('',(-0.288084171421041,0.,-0.957605090930835));
#11336=DIRECTION('',(-0.957605090930835,0.,0.288084171421041));
#11337=DIRECTION('',(-0.957605090930835,0.,0.288084171421041));
#11338=DIRECTION('',(0.838049886300873,-0.483848327450144,-0.252117401412105));
#11339=DIRECTION('',(-0.14404208571052,0.249488210878812,-0.957605090930835));
#11340=DIRECTION('',(-0.478802545465417,0.829310335539411,0.288084171421041));
#11341=DIRECTION('',(-0.478802545465417,0.829310335539411,0.288084171421041));
#11342=DIRECTION('',(-0.866025403784438,0.5,3.14532231468219E-17));
#11343=DIRECTION('',(0.5,0.866025403784438,1.8159526850699E-17));
#11344=DIRECTION('',(0.,-1.,0.));
#11345=DIRECTION('',(1.,0.,0.));
#11346=DIRECTION('',(0.866025403784439,0.5,-3.1453223146822E-17));
#11347=DIRECTION('',(0.5,-0.866025403784439,1.81595268506991E-17));
#11348=DIRECTION('',(0.,0.,1.));
#11349=DIRECTION('',(1.,0.,0.));
#11350=DIRECTION('',(0.,-1.,0.));
#11351=DIRECTION('',(0.,0.,-1.));
#11352=DIRECTION('',(0.,-1.,0.));
#11353=DIRECTION('',(0.,0.,-1.));
#11354=DIRECTION('',(1.,0.,0.));
#11355=DIRECTION('',(0.,0.,1.));
#11356=DIRECTION('',(1.,0.,0.));
#11357=DIRECTION('',(0.,0.,1.));
#11358=DIRECTION('',(1.,-5.10212787052002E-17,0.));
#11359=DIRECTION('',(5.10212787052002E-17,1.,0.));
#11360=DIRECTION('',(5.10212787052002E-17,1.,0.));
#11361=DIRECTION('',(0.,0.,1.));
#11362=DIRECTION('',(5.10212787052002E-17,1.,0.));
#11363=DIRECTION('',(0.,-1.,0.));
#11364=DIRECTION('',(0.,0.,-1.));
#11365=DIRECTION('',(1.,0.,0.));
#11366=DIRECTION('',(0.,0.,1.));
#11367=DIRECTION('',(1.,0.,0.));
#11368=DIRECTION('',(1.,0.,0.));
#11369=DIRECTION('',(0.,0.,-1.));
#11370=DIRECTION('',(0.,1.,0.));
#11371=DIRECTION('',(0.,1.,0.));
#11372=DIRECTION('',(0.,0.,-1.));
#11373=DIRECTION('',(1.,0.,0.));
#11374=DIRECTION('',(0.,0.,-1.));
#11375=DIRECTION('',(1.,0.,0.));
#11376=DIRECTION('',(0.,1.,0.));
#11377=DIRECTION('',(0.,0.,1.));
#11378=DIRECTION('',(0.,1.,0.));
#11379=DIRECTION('',(0.,0.,1.));
#11380=DIRECTION('',(0.,1.,0.));
#11381=DIRECTION('',(0.,0.,1.));
#11382=DIRECTION('',(1.,0.,0.));
#11383=DIRECTION('',(0.,0.,-1.));
#11384=DIRECTION('',(1.,0.,0.));
#11385=DIRECTION('',(0.,0.,-1.));
#11386=DIRECTION('',(1.,0.,0.));
#11387=DIRECTION('',(0.,0.,-1.));
#11388=DIRECTION('',(0.,-1.,0.));
#11389=DIRECTION('',(0.,0.,-1.));
#11390=DIRECTION('',(0.,-1.,0.));
#11391=DIRECTION('',(0.,1.,0.));
#11392=DIRECTION('',(0.,0.,1.));
#11393=DIRECTION('',(1.,0.,0.));
#11394=DIRECTION('',(0.,0.,-1.));
#11395=DIRECTION('',(1.,0.,0.));
#11396=DIRECTION('',(1.,0.,0.));
#11397=DIRECTION('',(0.,0.,-1.));
#11398=DIRECTION('',(0.,-1.,0.));
#11399=DIRECTION('',(0.,-1.,0.));
#11400=DIRECTION('',(0.,0.,1.));
#11401=DIRECTION('',(1.,0.,0.));
#11402=DIRECTION('',(0.,0.,1.));
#11403=DIRECTION('',(1.,0.,0.));
#11404=DIRECTION('',(0.,0.,1.));
#11405=DIRECTION('',(1.,0.,0.));
#11406=DIRECTION('',(0.,0.,1.));
#11407=DIRECTION('',(1.,0.,0.));
#11408=DIRECTION('',(0.,0.,1.));
#11409=DIRECTION('',(1.,0.,0.));
#11410=DIRECTION('',(0.,0.,-1.));
#11411=DIRECTION('',(1.,0.,0.));
#11412=DIRECTION('',(0.,0.,1.));
#11413=DIRECTION('',(1.,0.,0.));
#11414=DIRECTION('',(-0.342020143325668,0.939692620785909,0.));
#11415=DIRECTION('',(1.,0.,0.));
#11416=DIRECTION('',(0.,-1.,0.));
#11417=DIRECTION('',(-0.939692620785908,0.342020143325669,0.));
#11418=DIRECTION('',(4.05172332295156E-16,1.,0.));
#11419=DIRECTION('',(-0.939692620785909,-0.342020143325668,0.));
#11420=DIRECTION('',(0.,-1.,0.));
#11421=DIRECTION('',(1.,0.,0.));
#11422=DIRECTION('',(-0.342020143325668,-0.939692620785909,0.));
#11423=DIRECTION('',(1.,0.,0.));
#11424=DIRECTION('',(0.342020143325668,-0.939692620785909,0.));
#11425=DIRECTION('',(1.,0.,0.));
#11426=DIRECTION('',(0.,-1.,0.));
#11427=DIRECTION('',(0.939692620785909,-0.342020143325668,0.));
#11428=DIRECTION('',(-4.05172332295156E-16,1.,0.));
#11429=DIRECTION('',(0.939692620785908,0.342020143325669,0.));
#11430=DIRECTION('',(0.,-1.,0.));
#11431=DIRECTION('',(1.,0.,0.));
#11432=DIRECTION('',(0.342020143325668,0.939692620785909,0.));
#11433=DIRECTION('',(1.,0.,0.));
#11434=DIRECTION('',(0.,0.,-1.));
#11435=DIRECTION('',(1.,0.,0.));
#11436=DIRECTION('',(0.,0.,-1.));
#11437=DIRECTION('',(1.,0.,0.));
#11438=DIRECTION('',(0.,0.,-1.));
#11439=DIRECTION('',(1.,0.,0.));
#11440=DIRECTION('',(0.,0.,-1.));
#11441=DIRECTION('',(1.,0.,0.));
#11442=DIRECTION('',(0.,0.,1.));
#11443=DIRECTION('',(1.,0.,0.));
#11444=DIRECTION('',(0.,0.,1.));
#11445=DIRECTION('',(1.,0.,0.));
#11446=DIRECTION('',(0.,0.,1.));
#11447=DIRECTION('',(1.,0.,0.));
#11448=DIRECTION('',(0.,0.,1.));
#11449=DIRECTION('',(1.,0.,0.));
#11450=DIRECTION('',(0.,0.,1.));
#11451=DIRECTION('',(1.,0.,0.));
#11452=DIRECTION('',(0.,0.,-1.));
#11453=DIRECTION('',(1.,0.,0.));
#11454=DIRECTION('',(0.,0.,1.));
#11455=DIRECTION('',(1.,0.,0.));
#11456=DIRECTION('',(0.,0.,1.));
#11457=DIRECTION('',(1.,0.,0.));
#11458=DIRECTION('',(0.,0.,1.));
#11459=DIRECTION('',(1.,0.,0.));
#11460=DIRECTION('',(0.,0.,1.));
#11461=DIRECTION('',(1.,0.,0.));
#11462=DIRECTION('',(-0.342020143325668,0.939692620785909,0.));
#11463=DIRECTION('',(1.,0.,0.));
#11464=DIRECTION('',(0.342020143325668,0.939692620785909,0.));
#11465=DIRECTION('',(1.,0.,0.));
#11466=DIRECTION('',(0.,-1.,0.));
#11467=DIRECTION('',(0.939692620785908,0.342020143325669,0.));
#11468=DIRECTION('',(-4.05172332295156E-16,1.,0.));
#11469=DIRECTION('',(0.939692620785909,-0.342020143325668,0.));
#11470=DIRECTION('',(0.,-1.,0.));
#11471=DIRECTION('',(1.,0.,0.));
#11472=DIRECTION('',(0.342020143325668,-0.939692620785909,0.));
#11473=DIRECTION('',(1.,0.,0.));
#11474=DIRECTION('',(-0.342020143325668,-0.939692620785909,0.));
#11475=DIRECTION('',(1.,0.,0.));
#11476=DIRECTION('',(0.,-1.,0.));
#11477=DIRECTION('',(-0.939692620785909,-0.342020143325668,0.));
#11478=DIRECTION('',(4.05172332295156E-16,1.,0.));
#11479=DIRECTION('',(-0.939692620785908,0.342020143325669,0.));
#11480=DIRECTION('',(0.,-1.,0.));
#11481=DIRECTION('',(1.,0.,0.));
#11482=DIRECTION('',(0.,0.,-1.));
#11483=DIRECTION('',(1.,0.,0.));
#11484=DIRECTION('',(0.,0.,-1.));
#11485=DIRECTION('',(1.,0.,0.));
#11486=DIRECTION('',(0.,0.,-1.));
#11487=DIRECTION('',(1.,0.,0.));
#11488=DIRECTION('',(0.,0.,-1.));
#11489=DIRECTION('',(1.,0.,0.));
#11490=DIRECTION('',(0.,0.,1.));
#11491=DIRECTION('',(1.,0.,0.));
#11492=DIRECTION('',(0.,0.,1.));
#11493=DIRECTION('',(1.,0.,0.));
#11494=DIRECTION('',(0.,0.,1.));
#11495=DIRECTION('',(1.,0.,0.));
#11496=DIRECTION('',(0.,0.,1.));
#11497=DIRECTION('',(1.,0.,0.));
#11498=DIRECTION('',(0.,0.,1.));
#11499=DIRECTION('',(1.,0.,0.));
#11500=DIRECTION('',(0.,0.,1.));
#11501=DIRECTION('',(1.,0.,0.));
#11502=DIRECTION('',(-0.939692620785909,-0.342020143325668,0.));
#11503=DIRECTION('',(0.342020143325668,-0.939692620785909,0.));
#11504=DIRECTION('',(0.,0.,-1.));
#11505=DIRECTION('',(0.,0.,-1.));
#11506=DIRECTION('',(0.,1.,0.));
#11507=DIRECTION('',(0.,0.,1.));
#11508=DIRECTION('',(0.,0.,-1.));
#11509=DIRECTION('',(1.,0.,0.));
#11510=DIRECTION('',(0.,0.,-1.));
#11511=DIRECTION('',(0.,0.,-1.));
#11512=DIRECTION('',(-0.342020143325669,-0.939692620785908,0.));
#11513=DIRECTION('',(0.939692620785908,-0.342020143325669,0.));
#11514=DIRECTION('',(0.,0.,-1.));
#11515=DIRECTION('',(-1.,4.05172332295156E-16,0.));
#11516=DIRECTION('',(-4.05172332295156E-16,-1.,0.));
#11517=DIRECTION('',(0.,0.,-1.));
#11518=DIRECTION('',(0.342020143325668,-0.939692620785909,0.));
#11519=DIRECTION('',(0.939692620785909,0.342020143325668,0.));
#11520=DIRECTION('',(0.,0.,-1.));
#11521=DIRECTION('',(1.,0.,0.));
#11522=DIRECTION('',(0.,0.,-1.));
#11523=DIRECTION('',(0.,0.,-1.));
#11524=DIRECTION('',(0.,1.,0.));
#11525=DIRECTION('',(0.,0.,1.));
#11526=DIRECTION('',(0.,0.,-1.));
#11527=DIRECTION('',(0.939692620785909,-0.342020143325668,0.));
#11528=DIRECTION('',(0.342020143325668,0.939692620785909,0.));
#11529=DIRECTION('',(0.,0.,-1.));
#11530=DIRECTION('',(0.,1.,0.));
#11531=DIRECTION('',(0.,0.,1.));
#11532=DIRECTION('',(0.,0.,-1.));
#11533=DIRECTION('',(0.939692620785909,0.342020143325668,0.));
#11534=DIRECTION('',(-0.342020143325668,0.939692620785909,0.));
#11535=DIRECTION('',(0.,0.,-1.));
#11536=DIRECTION('',(0.,1.,0.));
#11537=DIRECTION('',(0.,0.,1.));
#11538=DIRECTION('',(0.,0.,-1.));
#11539=DIRECTION('',(1.,0.,0.));
#11540=DIRECTION('',(0.,0.,-1.));
#11541=DIRECTION('',(0.,0.,-1.));
#11542=DIRECTION('',(0.342020143325668,0.939692620785909,0.));
#11543=DIRECTION('',(-0.939692620785909,0.342020143325668,0.));
#11544=DIRECTION('',(0.,0.,-1.));
#11545=DIRECTION('',(-1.,-4.05172332295156E-16,0.));
#11546=DIRECTION('',(4.05172332295156E-16,-1.,0.));
#11547=DIRECTION('',(0.,0.,-1.));
#11548=DIRECTION('',(-0.342020143325669,0.939692620785908,0.));
#11549=DIRECTION('',(-0.939692620785908,-0.342020143325669,0.));
#11550=DIRECTION('',(0.,0.,-1.));
#11551=DIRECTION('',(1.,0.,0.));
#11552=DIRECTION('',(0.,0.,-1.));
#11553=DIRECTION('',(0.,0.,-1.));
#11554=DIRECTION('',(0.,1.,0.));
#11555=DIRECTION('',(0.,0.,1.));
#11556=DIRECTION('',(0.,0.,-1.));
#11557=DIRECTION('',(-0.939692620785909,0.342020143325668,0.));
#11558=DIRECTION('',(-0.342020143325668,-0.939692620785909,0.));
#11559=DIRECTION('',(0.,0.,-1.));
#11560=DIRECTION('',(0.,0.,-1.));
#11561=DIRECTION('',(-1.,0.,0.));
#11562=DIRECTION('',(0.,0.,-1.));
#11563=DIRECTION('',(-1.,0.,0.));
#11564=DIRECTION('',(0.,0.,-1.));
#11565=DIRECTION('',(-1.,0.,0.));
#11566=DIRECTION('',(0.,0.,-1.));
#11567=DIRECTION('',(-1.,0.,0.));
#11568=DIRECTION('',(0.,0.,-1.));
#11569=DIRECTION('',(-1.,0.,0.));
#11570=DIRECTION('',(0.,0.,-1.));
#11571=DIRECTION('',(-1.,0.,0.));
#11572=DIRECTION('',(0.,0.,-1.));
#11573=DIRECTION('',(-1.,0.,0.));
#11574=DIRECTION('',(0.,1.,0.));
#11575=DIRECTION('',(0.,0.,1.));
#11576=DIRECTION('',(0.,0.,-1.));
#11577=DIRECTION('',(-1.,0.,0.));
#11578=DIRECTION('',(0.,0.,1.));
#11579=DIRECTION('',(1.,0.,0.));
#11580=DIRECTION('',(0.,0.,1.));
#11581=DIRECTION('',(1.,0.,0.));
#11582=DIRECTION('',(0.,0.,1.));
#11583=DIRECTION('',(1.,0.,0.));
#11584=DIRECTION('',(0.,0.,1.));
#11585=DIRECTION('',(1.,0.,0.));
#11586=DIRECTION('',(0.,0.,1.));
#11587=DIRECTION('',(1.,0.,0.));
#11588=DIRECTION('',(0.,0.,1.));
#11589=DIRECTION('',(1.,0.,0.));
#11590=DIRECTION('',(0.,0.,-1.));
#11591=DIRECTION('',(1.,0.,0.));
#11592=DIRECTION('',(0.144042085710521,0.249488210878812,-0.957605090930835));
#11593=DIRECTION('',(-0.478802545465419,-0.82931033553941,-0.288084171421041));
#11594=DIRECTION('',(0.288084171421041,0.,-0.957605090930835));
#11595=DIRECTION('',(-0.957605090930835,0.,-0.288084171421041));
#11596=DIRECTION('',(0.,0.,-1.));
#11597=DIRECTION('',(0.14404208571052,-0.249488210878812,-0.957605090930835));
#11598=DIRECTION('',(-0.478802545465417,0.829310335539411,-0.288084171421041));
#11599=DIRECTION('',(0.288084171421041,0.,-0.957605090930835));
#11600=DIRECTION('',(-0.957605090930835,0.,-0.288084171421041));
#11601=DIRECTION('',(0.,0.,-1.));
#11602=DIRECTION('',(0.14404208571052,-0.249488210878812,-0.957605090930835));
#11603=DIRECTION('',(-0.478802545465417,0.829310335539411,-0.288084171421041));
#11604=DIRECTION('',(0.,0.,-1.));
#11605=DIRECTION('',(0.,0.,1.));
#11606=DIRECTION('',(-1.,0.,0.));
#11607=DIRECTION('',(0.,0.,-1.));
#11608=DIRECTION('',(1.,0.,0.));
#11609=DIRECTION('',(0.,0.,1.));
#11610=DIRECTION('',(-1.,0.,0.));
#11611=DIRECTION('',(0.,0.,1.));
#11612=DIRECTION('',(-1.,0.,0.));
#11613=DIRECTION('',(0.,0.,-1.));
#11614=DIRECTION('',(0.288084171421041,0.,-0.957605090930835));
#11615=DIRECTION('',(-0.957605090930835,0.,-0.288084171421041));
#11616=DIRECTION('',(0.14404208571052,-0.249488210878812,-0.957605090930835));
#11617=DIRECTION('',(-0.478802545465417,0.829310335539411,-0.288084171421041));
#11618=DIRECTION('',(0.,0.,-1.));
#11619=DIRECTION('',(0.288084171421041,0.,-0.957605090930835));
#11620=DIRECTION('',(-0.957605090930835,0.,-0.288084171421041));
#11621=DIRECTION('',(0.144042085710521,0.249488210878812,-0.957605090930835));
#11622=DIRECTION('',(-0.478802545465419,-0.82931033553941,-0.288084171421041));
#11623=DIRECTION('',(0.,0.,-1.));
#11624=DIRECTION('',(-0.202727909443578,-0.351135039268499,0.914114642115827));
#11625=DIRECTION('',(-0.457057321057915,-0.791646502043626,-0.405455818887156));
#11626=DIRECTION('',(0.999930300273392,0.,-0.0118065488252958));
#11627=DIRECTION('',(-0.0118065488252958,0.,-0.999930300273392));
#11628=DIRECTION('',(-0.405455818887156,0.,0.914114642115827));
#11629=DIRECTION('',(-0.914114642115827,0.,-0.405455818887156));
#11630=DIRECTION('',(-0.202727909443578,-0.351135039268499,0.914114642115827));
#11631=DIRECTION('',(-0.457057321057915,-0.791646502043626,-0.405455818887156));
#11632=DIRECTION('',(0.499965150136697,0.865965042050559,-0.0118065488252958));
#11633=DIRECTION('',(-0.00590327441264792,-0.0102247712137275,-0.999930300273392));
#11634=DIRECTION('',(-0.405455818887156,0.,0.914114642115827));
#11635=DIRECTION('',(-0.914114642115827,0.,-0.405455818887156));
#11636=DIRECTION('',(-0.202727909443578,0.351135039268499,0.914114642115827));
#11637=DIRECTION('',(-0.457057321057913,0.791646502043627,-0.405455818887156));
#11638=DIRECTION('',(0.499965150136696,-0.86596504205056,-0.0118065488252958));
#11639=DIRECTION('',(-0.0059032744126479,0.0102247712137275,-0.999930300273392));
#11640=DIRECTION('',(0.14404208571052,-0.249488210878812,-0.957605090930835));
#11641=DIRECTION('',(-0.478802545465417,0.829310335539411,-0.288084171421041));
#11642=DIRECTION('',(0.,0.,-1.));
#11643=DIRECTION('',(1.,0.,0.));
#11644=DIRECTION('',(-0.202727909443578,0.351135039268499,0.914114642115827));
#11645=DIRECTION('',(-0.457057321057913,0.791646502043627,-0.405455818887156));
#11646=DIRECTION('',(-0.405455818887156,0.,0.914114642115827));
#11647=DIRECTION('',(-0.914114642115827,0.,-0.405455818887156));
#11648=DIRECTION('',(0.,0.,-1.));
#11649=DIRECTION('',(-0.202727909443578,-0.351135039268499,0.914114642115827));
#11650=DIRECTION('',(-0.457057321057915,-0.791646502043626,-0.405455818887156));
#11651=DIRECTION('',(-0.405455818887156,0.,0.914114642115827));
#11652=DIRECTION('',(-0.914114642115827,0.,-0.405455818887156));
#11653=DIRECTION('',(0.,0.,-1.));
#11654=DIRECTION('',(-0.202727909443578,-0.351135039268499,0.914114642115827));
#11655=DIRECTION('',(-0.457057321057915,-0.791646502043626,-0.405455818887156));
#11656=DIRECTION('',(0.,0.,-1.));
#11657=DIRECTION('',(0.,0.,1.));
#11658=DIRECTION('',(-1.,0.,0.));
#11659=DIRECTION('',(0.,0.,1.));
#11660=DIRECTION('',(-1.,0.,0.));
#11661=DIRECTION('',(0.,0.,1.));
#11662=DIRECTION('',(-1.,0.,0.));
#11663=DIRECTION('',(-0.405455818887156,0.,0.914114642115827));
#11664=DIRECTION('',(-0.914114642115827,0.,-0.405455818887156));
#11665=DIRECTION('',(0.,-1.,0.));
#11666=DIRECTION('',(0.808433537977428,0.466749320773189,0.35858093400384));
#11667=DIRECTION('',(0.999930300273392,0.,-0.0118065488252958));
#11668=DIRECTION('',(0.0118065488252958,0.,0.999930300273392));
#11669=DIRECTION('',(-0.00424354192026077,-0.933174853210107,-0.359397670677295));
#11670=DIRECTION('',(-0.202727909443578,-0.351135039268499,0.914114642115827));
#11671=DIRECTION('',(-0.457057321057914,-0.791646502043626,-0.405455818887156));
#11672=DIRECTION('',(-0.866025403784438,0.5,-3.14532231468219E-17));
#11673=DIRECTION('',(0.499965150136697,0.865965042050559,-0.0118065488252958));
#11674=DIRECTION('',(0.00590327441264789,0.0102247712137275,0.999930300273392));
#11675=DIRECTION('',(-0.810274900012897,0.462912411500085,-0.359397670677295));
#11676=DIRECTION('',(0.14404208571052,-0.249488210878812,-0.957605090930835));
#11677=DIRECTION('',(0.478802545465417,-0.829310335539411,0.288084171421041));
#11678=DIRECTION('',(-0.838049886300873,0.483848327450144,-0.252117401412105));
#11679=DIRECTION('',(0.866025403784439,0.5,3.1453223146822E-17));
#11680=DIRECTION('',(0.478802545465417,-0.829310335539411,0.288084171421041));
#11681=DIRECTION('',(-0.5,0.866025403784439,1.81595268506991E-17));
#11682=DIRECTION('',(1.81595268506991E-17,3.1453223146822E-17,-1.));
#11683=DIRECTION('',(0.838049886300873,0.483848327450144,0.252117401412105));
#11684=DIRECTION('',(1.81595268506991E-17,3.1453223146822E-17,-1.));
#11685=DIRECTION('',(0.288084171421041,0.,-0.957605090930835));
#11686=DIRECTION('',(0.957605090930835,0.,0.288084171421041));
#11687=DIRECTION('',(0.957605090930835,0.,0.288084171421041));
#11688=DIRECTION('',(0.,-1.,0.));
#11689=DIRECTION('',(-1.,0.,0.));
#11690=DIRECTION('',(0.,0.,-1.));
#11691=DIRECTION('',(0.,-0.967696654900288,0.252117401412105));
#11692=DIRECTION('',(0.,0.,-1.));
#11693=DIRECTION('',(-0.202727909443578,0.351135039268499,0.914114642115827));
#11694=DIRECTION('',(-0.457057321057913,0.791646502043627,-0.405455818887156));
#11695=DIRECTION('',(-0.808433537977428,0.46674932077319,-0.358580934003839));
#11696=DIRECTION('',(0.866025403784439,0.5,3.1453223146822E-17));
#11697=DIRECTION('',(0.457057321057913,-0.791646502043627,0.405455818887156));
#11698=DIRECTION('',(0.866025403784439,0.5,3.1453223146822E-17));
#11699=DIRECTION('',(0.499965150136696,-0.86596504205056,-0.0118065488252958));
#11700=DIRECTION('',(0.00590327441264787,-0.0102247712137275,0.999930300273392));
#11701=DIRECTION('',(0.866025403784439,0.5,3.1453223146822E-17));
#11702=DIRECTION('',(0.14404208571052,-0.249488210878812,-0.957605090930835));
#11703=DIRECTION('',(0.478802545465417,-0.829310335539411,0.288084171421041));
#11704=DIRECTION('',(-0.478802545465417,0.829310335539411,-0.288084171421041));
#11705=DIRECTION('',(0.866025403784439,0.5,3.1453223146822E-17));
#11706=DIRECTION('',(-0.988875473652632,0.,-0.148745748202368));
#11707=DIRECTION('',(-0.5,0.866025403784439,1.81595268506991E-17));
#11708=DIRECTION('',(1.81595268506991E-17,3.1453223146822E-17,-1.));
#11709=DIRECTION('',(0.,2.09688154312146E-17,-1.));
#11710=DIRECTION('',(-1.81595268506991E-17,-3.1453223146822E-17,1.));
#11711=DIRECTION('',(-0.202727909443578,0.351135039268499,0.914114642115827));
#11712=DIRECTION('',(-0.202727909443578,0.351135039268499,0.914114642115827));
#11713=DIRECTION('',(0.866025403784439,0.5,3.1453223146822E-17));
#11714=DIRECTION('',(-1.81595268506991E-17,-3.1453223146822E-17,1.));
#11715=DIRECTION('',(-0.202727909443578,-0.351135039268499,0.914114642115827));
#11716=DIRECTION('',(-0.457057321057914,-0.791646502043626,-0.405455818887156));
#11717=DIRECTION('',(-0.457057321057914,-0.791646502043626,-0.405455818887156));
#11718=DIRECTION('',(-0.866025403784438,0.5,-3.14532231468219E-17));
#11719=DIRECTION('',(0.457057321057914,0.791646502043626,0.405455818887156));
#11720=DIRECTION('',(-0.866025403784438,0.5,-3.14532231468219E-17));
#11721=DIRECTION('',(0.499965150136697,0.865965042050559,-0.0118065488252958));
#11722=DIRECTION('',(0.00590327441264789,0.0102247712137275,0.999930300273392));
#11723=DIRECTION('',(-0.866025403784438,0.5,-3.14532231468219E-17));
#11724=DIRECTION('',(0.0118062745400053,0.00681635578379868,0.99990707026969));
#11725=DIRECTION('',(0.144042085710521,0.249488210878812,-0.957605090930835));
#11726=DIRECTION('',(0.478802545465418,0.82931033553941,0.288084171421041));
#11727=DIRECTION('',(0.838049886300873,0.483848327450143,0.252117401412105));
#11728=DIRECTION('',(-0.478802545465418,-0.82931033553941,-0.288084171421041));
#11729=DIRECTION('',(-0.866025403784438,0.5,-3.14532231468219E-17));
#11730=DIRECTION('',(0.478802545465418,0.82931033553941,0.288084171421041));
#11731=DIRECTION('',(-0.5,-0.866025403784438,1.8159526850699E-17));
#11732=DIRECTION('',(1.8159526850699E-17,-3.14532231468219E-17,-1.));
#11733=DIRECTION('',(-1.8159526850699E-17,3.14532231468219E-17,1.));
#11734=DIRECTION('',(1.8159526850699E-17,-3.14532231468219E-17,-1.));
#11735=DIRECTION('',(-0.202727909443578,-0.351135039268499,0.914114642115827));
#11736=DIRECTION('',(-0.202727909443578,-0.351135039268499,0.914114642115827));
#11737=DIRECTION('',(-0.866025403784438,0.5,-3.14532231468219E-17));
#11738=DIRECTION('',(-1.8159526850699E-17,3.14532231468219E-17,1.));
#11739=DIRECTION('',(0.,-1.,0.));
#11740=DIRECTION('',(0.,0.,1.));
#11741=DIRECTION('',(-0.957605090930835,0.,-0.288084171421041));
#11742=DIRECTION('',(0.,0.,1.));
#11743=DIRECTION('',(0.914114642115827,0.,0.405455818887156));
#11744=DIRECTION('',(-0.405455818887156,0.,0.914114642115827));
#11745=DIRECTION('',(-0.405455818887156,0.,0.914114642115827));
#11746=DIRECTION('',(-1.,0.,0.));
#11747=DIRECTION('',(0.,0.,-1.));
#11748=DIRECTION('',(0.,-1.,0.));
#11749=DIRECTION('',(0.,-1.,0.));
#11750=DIRECTION('',(0.999930300273392,0.,-0.0118065488252958));
#11751=DIRECTION('',(0.0118065488252958,0.,0.999930300273392));
#11752=DIRECTION('',(0.,-1.,0.));
#11753=DIRECTION('',(0.,-1.,0.));
#11754=DIRECTION('',(0.288084171421041,0.,-0.957605090930835));
#11755=DIRECTION('',(0.957605090930835,0.,0.288084171421041));
#11756=DIRECTION('',(-0.494437736826316,0.856391281362549,-0.148745748202368));
#11757=DIRECTION('',(-0.405455818887156,0.,0.914114642115827));
#11758=DIRECTION('',(-0.914114642115827,0.,-0.405455818887156));
#11759=DIRECTION('',(-0.866025403784439,-0.5,-3.1453223146822E-17));
#11760=DIRECTION('',(-0.5,0.866025403784439,1.81595268506991E-17));
#11761=DIRECTION('',(0.,1.,0.));
#11762=DIRECTION('',(-1.,0.,0.));
#11763=DIRECTION('',(0.866025403784438,-0.5,3.14532231468219E-17));
#11764=DIRECTION('',(-0.5,-0.866025403784438,1.8159526850699E-17));
#11765=DIRECTION('',(0.866025403784438,-0.5,3.14532231468219E-17));
#11766=DIRECTION('',(-0.5,-0.866025403784438,1.8159526850699E-17));
#11767=DIRECTION('',(0.488139700257538,0.845482762037496,0.21651450789711));
#11768=DIRECTION('',(-0.457057321057914,-0.791646502043626,-0.405455818887156));
#11769=DIRECTION('',(-0.405455818887156,0.,0.914114642115827));
#11770=DIRECTION('',(-0.914114642115827,0.,-0.405455818887156));
#11771=DIRECTION('',(-0.914114642115827,0.,-0.405455818887156));
#11772=DIRECTION('',(0.808433537977428,0.466749320773189,0.35858093400384));
#11773=DIRECTION('',(0.,1.,0.));
#11774=DIRECTION('',(-1.,0.,0.));
#11775=DIRECTION('',(0.976279400515074,0.,0.21651450789711));
#11776=DIRECTION('',(-0.202727909443578,-0.351135039268499,0.914114642115827));
#11777=DIRECTION('',(-0.457057321057914,-0.791646502043626,-0.405455818887156));
#11778=DIRECTION('',(-0.202727909443578,0.351135039268499,0.914114642115827));
#11779=DIRECTION('',(-0.457057321057913,0.791646502043627,-0.405455818887156));
#11780=DIRECTION('',(-0.808433537977428,0.46674932077319,-0.358580934003839));
#11781=DIRECTION('',(-0.457057321057913,0.791646502043627,-0.405455818887156));
#11782=DIRECTION('',(-0.866025403784439,-0.5,-3.1453223146822E-17));
#11783=DIRECTION('',(-0.5,0.866025403784439,1.81595268506991E-17));
#11784=DIRECTION('',(-0.488139700257537,0.845482762037497,0.216514507897109));
#11785=DIRECTION('',(-0.202727909443578,-0.351135039268499,0.914114642115827));
#11786=DIRECTION('',(-0.457057321057914,-0.791646502043626,-0.405455818887156));
#11787=DIRECTION('',(-0.405455818887156,0.,0.914114642115827));
#11788=DIRECTION('',(-0.914114642115827,0.,-0.405455818887156));
#11789=DIRECTION('',(0.288084171421041,0.,-0.957605090930835));
#11790=DIRECTION('',(0.957605090930835,0.,0.288084171421041));
#11791=DIRECTION('',(-0.494437736826316,0.856391281362549,-0.148745748202368));
#11792=DIRECTION('',(0.838049886300873,0.483848327450143,0.252117401412105));
#11793=DIRECTION('',(0.144042085710521,0.249488210878812,-0.957605090930835));
#11794=DIRECTION('',(0.478802545465418,0.82931033553941,0.288084171421041));
#11795=DIRECTION('',(0.478802545465418,0.82931033553941,0.288084171421041));
#11796=DIRECTION('',(0.14404208571052,-0.249488210878812,-0.957605090930835));
#11797=DIRECTION('',(0.478802545465417,-0.829310335539411,0.288084171421041));
#11798=DIRECTION('',(-0.494437736826317,-0.856391281362548,0.148745748202368));
#11799=DIRECTION('',(-0.988875473652632,0.,-0.148745748202368));
#11800=DIRECTION('',(0.288084171421041,0.,-0.957605090930835));
#11801=DIRECTION('',(0.957605090930835,0.,0.288084171421041));
#11802=DIRECTION('',(0.957605090930835,0.,0.288084171421041));
#11803=DIRECTION('',(-0.838049886300873,0.483848327450144,-0.252117401412105));
#11804=DIRECTION('',(0.14404208571052,-0.249488210878812,-0.957605090930835));
#11805=DIRECTION('',(0.478802545465417,-0.829310335539411,0.288084171421041));
#11806=DIRECTION('',(0.478802545465417,-0.829310335539411,0.288084171421041));
#11807=DIRECTION('',(0.866025403784438,-0.5,3.14532231468219E-17));
#11808=DIRECTION('',(-0.5,-0.866025403784438,1.8159526850699E-17));
#11809=DIRECTION('',(0.,1.,0.));
#11810=DIRECTION('',(-1.,0.,0.));
#11811=DIRECTION('',(-0.866025403784439,-0.5,-3.1453223146822E-17));
#11812=DIRECTION('',(-0.5,0.866025403784439,1.81595268506991E-17));
#11813=DIRECTION('',(0.,0.,1.));
#11814=DIRECTION('',(1.,0.,0.));
#11815=DIRECTION('',(0.707106781186548,0.707106781186548,0.));
#11816=DIRECTION('',(-0.707106781186548,0.707106781186548,0.));
#11817=DIRECTION('',(0.707106781186548,0.707106781186548,0.));
#11818=DIRECTION('',(-0.707106781186548,0.707106781186548,0.));
#11819=DIRECTION('',(0.707106781186548,-0.707106781186548,0.));
#11820=DIRECTION('',(0.,0.,-1.));
#11821=DIRECTION('',(0.707106781186548,-0.707106781186548,0.));
#11822=DIRECTION('',(0.,0.,-1.));
#11823=DIRECTION('',(0.707106781186548,-0.707106781186548,0.));
#11824=DIRECTION('',(0.,0.,1.));
#11825=DIRECTION('',(0.707106781186548,0.707106781186548,0.));
#11826=DIRECTION('',(-0.707106781186548,0.707106781186548,0.));
#11827=DIRECTION('',(-0.707106781186548,0.707106781186548,0.));
#11828=DIRECTION('',(0.707106781186548,0.707106781186548,0.));
#11829=DIRECTION('',(-0.707106781186548,0.707106781186548,0.));
#11830=DIRECTION('',(-0.707106781186548,0.707106781186548,0.));
#11831=DIRECTION('',(0.707106781186548,0.707106781186548,0.));
#11832=DIRECTION('',(-0.707106781186548,0.707106781186548,0.));
#11833=DIRECTION('',(0.707106781186548,-0.707106781186548,0.));
#11834=DIRECTION('',(0.707106781186548,0.707106781186548,0.));
#11835=DIRECTION('',(-0.707106781186548,0.707106781186548,0.));
#11836=DIRECTION('',(0.,0.,-1.));
#11837=DIRECTION('',(0.707106781186548,-0.707106781186548,0.));
#11838=DIRECTION('',(0.,0.,-1.));
#11839=DIRECTION('',(0.707106781186548,-0.707106781186548,0.));
#11840=DIRECTION('',(0.,0.,-1.));
#11841=DIRECTION('',(-0.707106781186548,0.707106781186548,0.));
#11842=DIRECTION('',(-0.707106781186548,-0.707106781186548,0.));
#11843=DIRECTION('',(-0.707106781186548,0.707106781186548,0.));
#11844=DIRECTION('',(-0.707106781186548,0.707106781186548,0.));
#11845=DIRECTION('',(0.707106781186548,0.707106781186548,0.));
#11846=DIRECTION('',(-0.707106781186548,0.707106781186548,0.));
#11847=DIRECTION('',(0.,0.,1.));
#11848=DIRECTION('',(-1.,0.,0.));
#11849=DIRECTION('',(0.,0.,1.));
#11850=DIRECTION('',(1.,0.,0.));
#11851=DIRECTION('',(0.,0.,1.));
#11852=DIRECTION('',(-1.,0.,0.));
#11853=DIRECTION('',(0.,0.,1.));
#11854=DIRECTION('',(1.,0.,0.));
#11855=DIRECTION('',(0.,0.,1.));
#11856=DIRECTION('',(-1.,0.,0.));
#11857=DIRECTION('',(0.,0.,-1.));
#11858=DIRECTION('',(1.,0.,0.));
#11859=DIRECTION('',(0.,0.,-1.));
#11860=DIRECTION('',(1.,0.,0.));
#11861=DIRECTION('',(0.,0.,1.));
#11862=DIRECTION('',(-1.,0.,0.));
#11863=DIRECTION('',(0.,0.,-1.));
#11864=DIRECTION('',(1.,0.,0.));
#11865=DIRECTION('',(0.,0.,1.));
#11866=DIRECTION('',(-1.,0.,0.));
#11867=DIRECTION('',(0.,0.,1.));
#11868=DIRECTION('',(1.,0.,0.));
#11869=DIRECTION('',(0.,0.,1.));
#11870=DIRECTION('',(-1.,0.,0.));
#11871=DIRECTION('',(0.,0.,1.));
#11872=DIRECTION('',(1.,0.,0.));
#11873=DIRECTION('',(0.,0.,1.));
#11874=DIRECTION('',(-1.,0.,0.));
#11875=DIRECTION('',(0.,0.,-1.));
#11876=DIRECTION('',(1.,0.,0.));
#11877=DIRECTION('',(0.,0.,1.));
#11878=DIRECTION('',(-1.,0.,0.));
#11879=DIRECTION('',(0.,0.,-1.));
#11880=DIRECTION('',(1.,0.,0.));
#11881=DIRECTION('',(0.,0.,1.));
#11882=DIRECTION('',(-1.,0.,0.));
#11883=DIRECTION('',(0.707106781186548,0.707106781186548,0.));
#11884=DIRECTION('',(-0.998953181886568,-0.045744293619,0.));
#11885=DIRECTION('',(-0.847443336156902,0.530885855908085,0.));
#11886=DIRECTION('',(0.,1.,0.));
#11887=DIRECTION('',(-0.707106781186548,-0.707106781186548,0.));
#11888=DIRECTION('',(-1.,0.,0.));
#11889=DIRECTION('',(-0.530885855908085,0.847443336156902,0.));
#11890=DIRECTION('',(0.045744293619,0.998953181886568,0.));
#11891=DIRECTION('',(0.,0.,1.));
#11892=DIRECTION('',(-1.,0.,0.));
#11893=DIRECTION('',(0.,0.,1.));
#11894=DIRECTION('',(-1.,0.,0.));
#11895=DIRECTION('',(0.,0.,1.));
#11896=DIRECTION('',(-1.,0.,0.));
#11897=DIRECTION('',(0.,1.,0.));
#11898=DIRECTION('',(-1.,-1.96291199544759E-16,0.));
#11899=DIRECTION('',(1.,4.16333634234434E-16,0.));
#11900=DIRECTION('',(0.,1.,0.));
#11901=DIRECTION('',(0.,0.,1.));
#11902=DIRECTION('',(-1.,0.,0.));
#11903=DIRECTION('',(1.,4.16333634234434E-16,0.));
#11904=DIRECTION('',(0.045744293619,0.998953181886568,0.));
#11905=DIRECTION('',(-0.530885855908085,0.847443336156902,0.));
#11906=DIRECTION('',(-1.,0.,0.));
#11907=DIRECTION('',(-0.707106781186548,-0.707106781186548,0.));
#11908=DIRECTION('',(0.,1.,0.));
#11909=DIRECTION('',(-0.847443336156902,0.530885855908085,0.));
#11910=DIRECTION('',(-0.998953181886568,-0.045744293619,0.));
#11911=DIRECTION('',(0.,1.,0.));
#11912=DIRECTION('',(0.,0.,1.));
#11913=DIRECTION('',(-1.,0.,0.));
#11914=DIRECTION('',(-0.707106781186548,0.707106781186548,0.));
#11915=DIRECTION('',(-0.707106781186546,-0.707106781186549,0.));
#11916=DIRECTION('',(-0.707106781186548,0.707106781186548,0.));
#11917=DIRECTION('',(-0.352937531011693,0.935646888095809,0.));
#11918=DIRECTION('',(0.201755748586913,0.97943586717668,0.));
#11919=DIRECTION('',(-0.97943586717668,-0.201755748586913,0.));
#11920=DIRECTION('',(-0.935646888095809,0.352937531011693,0.));
#11921=DIRECTION('',(0.,0.,-1.));
#11922=DIRECTION('',(-1.,0.,0.));
#11923=DIRECTION('',(0.,0.,-1.));
#11924=DIRECTION('',(1.,0.,0.));
#11925=DIRECTION('',(0.,0.,-1.));
#11926=DIRECTION('',(1.,0.,0.));
#11927=DIRECTION('',(0.,0.,-1.));
#11928=DIRECTION('',(1.,0.,0.));
#11929=DIRECTION('',(0.,0.,-1.));
#11930=DIRECTION('',(1.,0.,0.));
#11931=DIRECTION('',(0.,0.,-1.));
#11932=DIRECTION('',(1.,0.,0.));
#11933=DIRECTION('',(0.,0.,-1.));
#11934=DIRECTION('',(1.,0.,0.));
#11935=DIRECTION('',(0.,0.,-1.));
#11936=DIRECTION('',(1.,0.,0.));
#11937=DIRECTION('',(0.,0.,-1.));
#11938=DIRECTION('',(1.,0.,0.));
#11939=DIRECTION('',(0.,0.,-1.));
#11940=DIRECTION('',(1.,0.,0.));
#11941=DIRECTION('',(0.,0.,-1.));
#11942=DIRECTION('',(1.,0.,0.));
#11943=DIRECTION('',(0.,0.,-1.));
#11944=DIRECTION('',(1.,0.,0.));
#11945=DIRECTION('',(0.,0.,-1.));
#11946=DIRECTION('',(1.,0.,0.));
#11947=DIRECTION('',(0.,0.,-1.));
#11948=DIRECTION('',(1.,0.,0.));
#11949=DIRECTION('',(0.,0.,-1.));
#11950=DIRECTION('',(1.,0.,0.));
#11951=DIRECTION('',(0.,0.,-1.));
#11952=DIRECTION('',(1.,0.,0.));
#11953=DIRECTION('',(0.,0.,-1.));
#11954=DIRECTION('',(1.,0.,0.));
#11955=DIRECTION('',(0.,0.,-1.));
#11956=DIRECTION('',(1.,0.,0.));
#11957=DIRECTION('',(0.,0.,-1.));
#11958=DIRECTION('',(1.,0.,0.));
#11959=DIRECTION('',(0.,0.,-1.));
#11960=DIRECTION('',(1.,0.,0.));
#11961=DIRECTION('',(-1.,0.,0.));
#11962=DIRECTION('',(0.,0.,-1.));
#11963=DIRECTION('',(0.,0.,-1.));
#11964=DIRECTION('',(0.,0.,-1.));
#11965=DIRECTION('',(-0.530885855908085,-0.847443336156902,0.));
#11966=DIRECTION('',(0.847443336156902,-0.530885855908085,0.));
#11967=DIRECTION('',(0.,0.,-1.));
#11968=DIRECTION('',(0.045744293619,-0.998953181886568,0.));
#11969=DIRECTION('',(0.998953181886568,0.045744293619,0.));
#11970=DIRECTION('',(-0.998953181886568,0.045744293619,0.));
#11971=DIRECTION('',(-0.045744293619,-0.998953181886568,0.));
#11972=DIRECTION('',(0.,0.,-1.));
#11973=DIRECTION('',(-0.847443336156902,-0.530885855908085,0.));
#11974=DIRECTION('',(0.530885855908085,-0.847443336156902,0.));
#11975=DIRECTION('',(0.,0.,-1.));
#11976=DIRECTION('',(0.,-1.,0.));
#11977=DIRECTION('',(0.,0.,1.));
#11978=DIRECTION('',(0.,0.,-1.));
#11979=DIRECTION('',(0.707106781186548,-0.707106781186548,0.));
#11980=DIRECTION('',(0.707106781186548,0.707106781186548,0.));
#11981=DIRECTION('',(0.,0.,-1.));
#11982=DIRECTION('',(1.,0.,0.));
#11983=DIRECTION('',(0.,0.,-1.));
#11984=DIRECTION('',(1.,0.,0.));
#11985=DIRECTION('',(0.,0.,-1.));
#11986=DIRECTION('',(0.,0.,-1.));
#11987=DIRECTION('',(0.,0.,-1.));
#11988=DIRECTION('',(1.,0.,0.));
#11989=DIRECTION('',(0.,0.,-1.));
#11990=DIRECTION('',(0.,0.,-1.));
#11991=DIRECTION('',(0.,0.,-1.));
#11992=DIRECTION('',(1.,0.,0.));
#11993=DIRECTION('',(0.,0.,-1.));
#11994=DIRECTION('',(0.,0.,-1.));
#11995=DIRECTION('',(0.,0.,-1.));
#11996=DIRECTION('',(1.,0.,0.));
#11997=DIRECTION('',(0.,0.,-1.));
#11998=DIRECTION('',(0.,0.,-1.));
#11999=DIRECTION('',(0.,0.,-1.));
#12000=DIRECTION('',(1.,0.,0.));
#12001=DIRECTION('',(0.,0.,-1.));
#12002=DIRECTION('',(0.,0.,-1.));
#12003=DIRECTION('',(0.,0.,-1.));
#12004=DIRECTION('',(1.,0.,0.));
#12005=DIRECTION('',(0.,0.,-1.));
#12006=DIRECTION('',(0.,0.,-1.));
#12007=DIRECTION('',(0.,0.,-1.));
#12008=DIRECTION('',(1.,0.,0.));
#12009=DIRECTION('',(0.,0.,-1.));
#12010=DIRECTION('',(0.,0.,-1.));
#12011=DIRECTION('',(0.,0.,-1.));
#12012=DIRECTION('',(1.,0.,0.));
#12013=DIRECTION('',(0.,0.,-1.));
#12014=DIRECTION('',(0.,0.,-1.));
#12015=DIRECTION('',(0.,0.,-1.));
#12016=DIRECTION('',(1.,0.,0.));
#12017=DIRECTION('',(0.,0.,-1.));
#12018=DIRECTION('',(1.,0.,0.));
#12019=DIRECTION('',(0.,0.,-1.));
#12020=DIRECTION('',(1.,0.,0.));
#12021=DIRECTION('',(0.,0.,-1.));
#12022=DIRECTION('',(1.,0.,0.));
#12023=DIRECTION('',(0.,0.,-1.));
#12024=DIRECTION('',(1.,0.,0.));
#12025=DIRECTION('',(0.,0.,-1.));
#12026=DIRECTION('',(1.,0.,0.));
#12027=DIRECTION('',(0.,0.,-1.));
#12028=DIRECTION('',(1.,0.,0.));
#12029=DIRECTION('',(0.,0.,-1.));
#12030=DIRECTION('',(1.,0.,0.));
#12031=DIRECTION('',(-0.707106781186549,0.707106781186546,0.));
#12032=DIRECTION('',(-0.707106781186546,-0.707106781186549,0.));
#12033=DIRECTION('',(0.,0.,1.));
#12034=DIRECTION('',(-0.707106781186546,-0.707106781186549,0.));
#12035=DIRECTION('',(0.,0.,1.));
#12036=DIRECTION('',(0.707106781186548,0.707106781186548,0.));
#12037=DIRECTION('',(-0.707106781186548,0.707106781186548,0.));
#12038=DIRECTION('',(0.,0.,1.));
#12039=DIRECTION('',(-0.707106781186548,0.707106781186548,0.));
#12040=DIRECTION('',(0.352937531011693,0.935646888095808,0.));
#12041=DIRECTION('',(-0.935646888095809,0.352937531011693,0.));
#12042=DIRECTION('',(0.,0.,1.));
#12043=DIRECTION('',(-0.935646888095809,0.352937531011693,0.));
#12044=DIRECTION('',(-0.201755748586913,0.97943586717668,0.));
#12045=DIRECTION('',(-0.97943586717668,-0.201755748586913,0.));
#12046=DIRECTION('',(0.,0.,1.));
#12047=DIRECTION('',(-0.97943586717668,-0.201755748586913,0.));
#12048=DIRECTION('',(0.97943586717668,-0.201755748586913,0.));
#12049=DIRECTION('',(0.201755748586913,0.97943586717668,0.));
#12050=DIRECTION('',(0.,0.,1.));
#12051=DIRECTION('',(0.201755748586913,0.97943586717668,0.));
#12052=DIRECTION('',(0.935646888095808,0.352937531011693,0.));
#12053=DIRECTION('',(-0.352937531011693,0.935646888095809,0.));
#12054=DIRECTION('',(0.,0.,1.));
#12055=DIRECTION('',(-0.352937531011693,0.935646888095809,0.));
#12056=DIRECTION('',(0.707106781186548,0.707106781186548,0.));
#12057=DIRECTION('',(-0.707106781186548,0.707106781186548,0.));
#12058=DIRECTION('',(-0.707106781186548,0.707106781186548,0.));
#12059=DIRECTION('',(0.,0.,1.));
#12060=DIRECTION('',(-1.,0.,0.));
#12061=DIRECTION('',(4.16333634234434E-16,-1.,0.));
#12062=DIRECTION('',(1.,4.16333634234434E-16,0.));
#12063=DIRECTION('',(0.,0.,1.));
#12064=DIRECTION('',(1.,0.,0.));
#12065=DIRECTION('',(0.,0.,1.));
#12066=DIRECTION('',(-1.96291199544759E-16,1.,0.));
#12067=DIRECTION('',(-1.,-1.96291199544759E-16,0.));
#12068=DIRECTION('',(0.,0.,1.));
#12069=DIRECTION('',(1.,0.,0.));
#12070=DIRECTION('',(0.,0.,1.));
#12071=DIRECTION('',(0.707106781186548,0.707106781186548,0.));
#12072=DIRECTION('',(0.707106781186548,0.707106781186548,0.));
#12073=DIRECTION('',(-0.707106781186548,0.707106781186548,0.));
#12074=DIRECTION('',(0.,0.,-1.));
#12075=DIRECTION('',(1.,0.,0.));
#12076=DIRECTION('',(0.707106781186548,0.707106781186548,0.));
#12077=DIRECTION('',(0.707106781186548,0.707106781186548,0.));
#12078=DIRECTION('',(0.707106781186548,0.707106781186548,0.));
#12079=DIRECTION('',(-0.707106781186548,0.707106781186548,0.));
#12080=DIRECTION('',(0.707106781186548,0.707106781186548,0.));
#12081=DIRECTION('',(0.,0.,-1.));
#12082=DIRECTION('',(1.,0.,0.));
#12083=DIRECTION('',(0.707106781186548,0.707106781186548,0.));
#12084=DIRECTION('',(0.707106781186548,0.707106781186548,0.));
#12085=DIRECTION('',(-0.707106781186548,0.707106781186548,0.));
#12086=DIRECTION('',(0.,0.,1.));
#12087=DIRECTION('',(-1.,0.,0.));
#12088=DIRECTION('',(0.,0.,1.));
#12089=DIRECTION('',(-1.,0.,0.));
#12090=DIRECTION('',(0.,0.,1.));
#12091=DIRECTION('',(1.,0.,0.));
#12092=DIRECTION('',(0.707106781186548,-0.707106781186548,0.));
#12093=DIRECTION('',(-0.707106781186548,-0.707106781186548,0.));
#12094=DIRECTION('',(0.,0.,1.));
#12095=DIRECTION('',(0.707106781186548,0.707106781186548,0.));
#12096=DIRECTION('',(0.,0.,-1.));
#12097=DIRECTION('',(0.707106781186548,0.707106781186548,0.));
#12098=DIRECTION('',(0.,0.,-1.));
#12099=DIRECTION('',(0.707106781186548,0.707106781186548,0.));
#12100=DIRECTION('',(-0.707106781186548,0.707106781186548,0.));
#12101=DIRECTION('',(-0.707106781186548,-0.707106781186548,0.));
#12102=DIRECTION('',(-0.707106781186548,0.707106781186548,0.));
#12103=DIRECTION('',(-0.707106781186548,-0.707106781186548,0.));
#12104=DIRECTION('',(-0.707106781186548,-0.707106781186548,0.));
#12105=DIRECTION('',(-0.707106781186548,0.707106781186548,0.));
#12106=DIRECTION('',(-0.707106781186548,-0.707106781186548,0.));
#12107=DIRECTION('',(-0.707106781186548,-0.707106781186548,0.));
#12108=DIRECTION('',(0.707106781186548,-0.707106781186548,0.));
#12109=DIRECTION('',(-0.707106781186548,-0.707106781186548,0.));
#12110=DIRECTION('',(0.707106781186548,0.707106781186548,0.));
#12111=DIRECTION('',(0.,0.,-1.));
#12112=DIRECTION('',(0.707106781186548,0.707106781186548,0.));
#12113=DIRECTION('',(0.,0.,-1.));
#12114=DIRECTION('',(0.707106781186548,0.707106781186548,0.));
#12115=DIRECTION('',(0.,0.,-1.));
#12116=DIRECTION('',(-0.707106781186548,0.707106781186548,0.));
#12117=DIRECTION('',(-0.707106781186548,-0.707106781186548,0.));
#12118=DIRECTION('',(-0.707106781186548,-0.707106781186548,0.));
#12119=DIRECTION('',(-0.707106781186548,0.707106781186548,0.));
#12120=DIRECTION('',(-0.707106781186548,-0.707106781186548,0.));
#12121=DIRECTION('',(-0.707106781186548,-0.707106781186548,0.));
#12122=DIRECTION('',(0.707106781186548,-0.707106781186548,0.));
#12123=DIRECTION('',(-0.707106781186548,-0.707106781186548,0.));
#12124=DIRECTION('',(0.,0.,1.));
#12125=DIRECTION('',(-1.,0.,0.));
#12126=DIRECTION('',(0.,0.,-1.));
#12127=DIRECTION('',(1.,0.,0.));
#12128=DIRECTION('',(0.,0.,-1.));
#12129=DIRECTION('',(-1.,0.,0.));
#12130=DIRECTION('',(0.,0.,-1.));
#12131=DIRECTION('',(1.,0.,0.));
#12132=DIRECTION('',(0.,0.,-1.));
#12133=DIRECTION('',(-1.,0.,0.));
#12134=DIRECTION('',(0.,0.,1.));
#12135=DIRECTION('',(1.,0.,0.));
#12136=DIRECTION('',(0.,0.,1.));
#12137=DIRECTION('',(1.,0.,0.));
#12138=DIRECTION('',(0.,0.,-1.));
#12139=DIRECTION('',(-1.,0.,0.));
#12140=DIRECTION('',(0.,0.,1.));
#12141=DIRECTION('',(1.,0.,0.));
#12142=DIRECTION('',(0.,0.,-1.));
#12143=DIRECTION('',(-1.,0.,0.));
#12144=DIRECTION('',(0.,0.,-1.));
#12145=DIRECTION('',(1.,0.,0.));
#12146=DIRECTION('',(0.,0.,-1.));
#12147=DIRECTION('',(-1.,0.,0.));
#12148=DIRECTION('',(0.,0.,-1.));
#12149=DIRECTION('',(1.,0.,0.));
#12150=DIRECTION('',(0.,0.,-1.));
#12151=DIRECTION('',(-1.,0.,0.));
#12152=DIRECTION('',(0.,0.,1.));
#12153=DIRECTION('',(1.,0.,0.));
#12154=DIRECTION('',(0.,0.,-1.));
#12155=DIRECTION('',(-1.,0.,0.));
#12156=DIRECTION('',(0.,0.,1.));
#12157=DIRECTION('',(1.,0.,0.));
#12158=DIRECTION('',(0.,0.,-1.));
#12159=DIRECTION('',(-1.,0.,0.));
#12160=DIRECTION('',(0.045744293619,-0.998953181886568,0.));
#12161=DIRECTION('',(-0.530885855908085,-0.847443336156902,0.));
#12162=DIRECTION('',(-1.,0.,0.));
#12163=DIRECTION('',(-0.707106781186548,0.707106781186548,0.));
#12164=DIRECTION('',(0.,-1.,0.));
#12165=DIRECTION('',(-0.847443336156902,-0.530885855908085,0.));
#12166=DIRECTION('',(-0.998953181886568,0.045744293619,0.));
#12167=DIRECTION('',(0.707106781186548,-0.707106781186548,0.));
#12168=DIRECTION('',(0.,0.,1.));
#12169=DIRECTION('',(-1.,0.,0.));
#12170=DIRECTION('',(0.,0.,-1.));
#12171=DIRECTION('',(-1.,0.,0.));
#12172=DIRECTION('',(0.,0.,-1.));
#12173=DIRECTION('',(-1.,0.,0.));
#12174=DIRECTION('',(0.,-1.,0.));
#12175=DIRECTION('',(0.,-1.,0.));
#12176=DIRECTION('',(1.,-4.16333634234434E-16,0.));
#12177=DIRECTION('',(-1.,1.96291199544759E-16,0.));
#12178=DIRECTION('',(0.,0.,1.));
#12179=DIRECTION('',(-1.,0.,0.));
#12180=DIRECTION('',(1.,-4.16333634234434E-16,0.));
#12181=DIRECTION('',(0.,-1.,0.));
#12182=DIRECTION('',(-0.998953181886568,0.045744293619,0.));
#12183=DIRECTION('',(-0.847443336156902,-0.530885855908085,0.));
#12184=DIRECTION('',(0.,-1.,0.));
#12185=DIRECTION('',(-0.707106781186548,0.707106781186548,0.));
#12186=DIRECTION('',(-1.,0.,0.));
#12187=DIRECTION('',(-0.530885855908085,-0.847443336156902,0.));
#12188=DIRECTION('',(0.045744293619,-0.998953181886568,0.));
#12189=DIRECTION('',(0.,0.,-1.));
#12190=DIRECTION('',(-1.,0.,0.));
#12191=DIRECTION('',(-0.707106781186548,-0.707106781186548,0.));
#12192=DIRECTION('',(-0.935646888095809,-0.352937531011693,0.));
#12193=DIRECTION('',(-0.97943586717668,0.201755748586913,0.));
#12194=DIRECTION('',(0.201755748586913,-0.97943586717668,0.));
#12195=DIRECTION('',(-0.352937531011693,-0.935646888095809,0.));
#12196=DIRECTION('',(-0.707106781186548,-0.707106781186548,0.));
#12197=DIRECTION('',(-0.707106781186546,0.707106781186549,0.));
#12198=DIRECTION('',(0.,0.,-1.));
#12199=DIRECTION('',(-1.,0.,0.));
#12200=DIRECTION('',(0.,0.,1.));
#12201=DIRECTION('',(1.,0.,0.));
#12202=DIRECTION('',(0.,0.,1.));
#12203=DIRECTION('',(1.,0.,0.));
#12204=DIRECTION('',(0.,0.,1.));
#12205=DIRECTION('',(1.,0.,0.));
#12206=DIRECTION('',(0.,0.,1.));
#12207=DIRECTION('',(1.,0.,0.));
#12208=DIRECTION('',(0.,0.,1.));
#12209=DIRECTION('',(1.,0.,0.));
#12210=DIRECTION('',(0.,0.,1.));
#12211=DIRECTION('',(1.,0.,0.));
#12212=DIRECTION('',(0.,0.,1.));
#12213=DIRECTION('',(1.,0.,0.));
#12214=DIRECTION('',(0.,0.,1.));
#12215=DIRECTION('',(1.,0.,0.));
#12216=DIRECTION('',(0.,0.,1.));
#12217=DIRECTION('',(1.,0.,0.));
#12218=DIRECTION('',(0.,0.,1.));
#12219=DIRECTION('',(1.,0.,0.));
#12220=DIRECTION('',(0.,0.,1.));
#12221=DIRECTION('',(1.,0.,0.));
#12222=DIRECTION('',(0.,0.,1.));
#12223=DIRECTION('',(1.,0.,0.));
#12224=DIRECTION('',(0.,0.,1.));
#12225=DIRECTION('',(1.,0.,0.));
#12226=DIRECTION('',(0.,0.,1.));
#12227=DIRECTION('',(1.,0.,0.));
#12228=DIRECTION('',(0.,0.,1.));
#12229=DIRECTION('',(1.,0.,0.));
#12230=DIRECTION('',(0.,0.,1.));
#12231=DIRECTION('',(1.,0.,0.));
#12232=DIRECTION('',(0.,0.,1.));
#12233=DIRECTION('',(1.,0.,0.));
#12234=DIRECTION('',(0.,0.,1.));
#12235=DIRECTION('',(1.,0.,0.));
#12236=DIRECTION('',(0.,0.,-1.));
#12237=DIRECTION('',(1.,0.,0.));
#12238=DIRECTION('',(-1.,0.,0.));
#12239=DIRECTION('',(0.,0.,-1.));
#12240=DIRECTION('',(0.,0.,-1.));
#12241=DIRECTION('',(0.,0.,-1.));
#12242=DIRECTION('',(-0.530885855908085,0.847443336156902,0.));
#12243=DIRECTION('',(0.847443336156902,0.530885855908085,0.));
#12244=DIRECTION('',(0.,0.,-1.));
#12245=DIRECTION('',(0.045744293619,0.998953181886568,0.));
#12246=DIRECTION('',(0.998953181886568,-0.045744293619,0.));
#12247=DIRECTION('',(-0.998953181886568,-0.045744293619,0.));
#12248=DIRECTION('',(-0.045744293619,0.998953181886568,0.));
#12249=DIRECTION('',(0.,0.,-1.));
#12250=DIRECTION('',(-0.847443336156902,0.530885855908085,0.));
#12251=DIRECTION('',(0.530885855908085,0.847443336156902,0.));
#12252=DIRECTION('',(0.,0.,-1.));
#12253=DIRECTION('',(0.,1.,0.));
#12254=DIRECTION('',(0.,0.,1.));
#12255=DIRECTION('',(0.,0.,-1.));
#12256=DIRECTION('',(0.707106781186548,0.707106781186548,0.));
#12257=DIRECTION('',(0.707106781186548,-0.707106781186548,0.));
#12258=DIRECTION('',(0.,0.,-1.));
#12259=DIRECTION('',(1.,0.,0.));
#12260=DIRECTION('',(0.,0.,-1.));
#12261=DIRECTION('',(1.,0.,0.));
#12262=DIRECTION('',(0.,0.,-1.));
#12263=DIRECTION('',(0.,0.,-1.));
#12264=DIRECTION('',(0.,0.,-1.));
#12265=DIRECTION('',(1.,0.,0.));
#12266=DIRECTION('',(0.,0.,-1.));
#12267=DIRECTION('',(0.,0.,-1.));
#12268=DIRECTION('',(0.,0.,-1.));
#12269=DIRECTION('',(1.,0.,0.));
#12270=DIRECTION('',(0.,0.,-1.));
#12271=DIRECTION('',(0.,0.,-1.));
#12272=DIRECTION('',(0.,0.,-1.));
#12273=DIRECTION('',(1.,0.,0.));
#12274=DIRECTION('',(0.,0.,-1.));
#12275=DIRECTION('',(0.,0.,-1.));
#12276=DIRECTION('',(0.,0.,-1.));
#12277=DIRECTION('',(1.,0.,0.));
#12278=DIRECTION('',(0.,0.,-1.));
#12279=DIRECTION('',(0.,0.,-1.));
#12280=DIRECTION('',(0.,0.,-1.));
#12281=DIRECTION('',(1.,0.,0.));
#12282=DIRECTION('',(0.,0.,-1.));
#12283=DIRECTION('',(0.,0.,-1.));
#12284=DIRECTION('',(0.,0.,-1.));
#12285=DIRECTION('',(1.,0.,0.));
#12286=DIRECTION('',(0.,0.,-1.));
#12287=DIRECTION('',(0.,0.,-1.));
#12288=DIRECTION('',(0.,0.,-1.));
#12289=DIRECTION('',(1.,0.,0.));
#12290=DIRECTION('',(0.,0.,-1.));
#12291=DIRECTION('',(0.,0.,-1.));
#12292=DIRECTION('',(0.,0.,-1.));
#12293=DIRECTION('',(1.,0.,0.));
#12294=DIRECTION('',(0.,0.,-1.));
#12295=DIRECTION('',(1.,0.,0.));
#12296=DIRECTION('',(0.,0.,-1.));
#12297=DIRECTION('',(1.,0.,0.));
#12298=DIRECTION('',(0.,0.,-1.));
#12299=DIRECTION('',(1.,0.,0.));
#12300=DIRECTION('',(0.,0.,-1.));
#12301=DIRECTION('',(1.,0.,0.));
#12302=DIRECTION('',(0.,0.,-1.));
#12303=DIRECTION('',(1.,0.,0.));
#12304=DIRECTION('',(0.,0.,-1.));
#12305=DIRECTION('',(1.,0.,0.));
#12306=DIRECTION('',(0.,0.,-1.));
#12307=DIRECTION('',(1.,0.,0.));
#12308=DIRECTION('',(-0.707106781186549,-0.707106781186546,0.));
#12309=DIRECTION('',(-0.707106781186546,0.707106781186549,0.));
#12310=DIRECTION('',(0.,0.,1.));
#12311=DIRECTION('',(-0.707106781186546,0.707106781186549,0.));
#12312=DIRECTION('',(0.,0.,1.));
#12313=DIRECTION('',(0.707106781186548,-0.707106781186548,0.));
#12314=DIRECTION('',(-0.707106781186548,-0.707106781186548,0.));
#12315=DIRECTION('',(-0.707106781186548,-0.707106781186548,0.));
#12316=DIRECTION('',(0.,0.,1.));
#12317=DIRECTION('',(0.352937531011693,-0.935646888095808,0.));
#12318=DIRECTION('',(-0.935646888095809,-0.352937531011693,0.));
#12319=DIRECTION('',(-0.935646888095809,-0.352937531011693,0.));
#12320=DIRECTION('',(0.,0.,1.));
#12321=DIRECTION('',(-0.201755748586913,-0.97943586717668,0.));
#12322=DIRECTION('',(-0.97943586717668,0.201755748586913,0.));
#12323=DIRECTION('',(-0.97943586717668,0.201755748586913,0.));
#12324=DIRECTION('',(0.,0.,1.));
#12325=DIRECTION('',(0.97943586717668,0.201755748586913,0.));
#12326=DIRECTION('',(0.201755748586913,-0.97943586717668,0.));
#12327=DIRECTION('',(0.201755748586913,-0.97943586717668,0.));
#12328=DIRECTION('',(0.,0.,1.));
#12329=DIRECTION('',(0.935646888095808,-0.352937531011693,0.));
#12330=DIRECTION('',(-0.352937531011693,-0.935646888095809,0.));
#12331=DIRECTION('',(-0.352937531011693,-0.935646888095809,0.));
#12332=DIRECTION('',(0.,0.,1.));
#12333=DIRECTION('',(0.707106781186548,-0.707106781186548,0.));
#12334=DIRECTION('',(-0.707106781186548,-0.707106781186548,0.));
#12335=DIRECTION('',(-0.707106781186548,-0.707106781186548,0.));
#12336=DIRECTION('',(0.,0.,1.));
#12337=DIRECTION('',(-1.,0.,0.));
#12338=DIRECTION('',(4.16333634234434E-16,1.,0.));
#12339=DIRECTION('',(1.,-4.16333634234434E-16,0.));
#12340=DIRECTION('',(0.,0.,1.));
#12341=DIRECTION('',(1.,0.,0.));
#12342=DIRECTION('',(0.,0.,1.));
#12343=DIRECTION('',(-1.96291199544759E-16,-1.,0.));
#12344=DIRECTION('',(-1.,1.96291199544759E-16,0.));
#12345=DIRECTION('',(0.,0.,1.));
#12346=DIRECTION('',(1.,0.,0.));
#12347=DIRECTION('',(0.,0.,1.));
#12348=DIRECTION('',(0.707106781186548,-0.707106781186548,0.));
#12349=DIRECTION('',(0.707106781186548,-0.707106781186548,0.));
#12350=DIRECTION('',(-0.707106781186548,-0.707106781186548,0.));
#12351=DIRECTION('',(0.,0.,-1.));
#12352=DIRECTION('',(1.,0.,0.));
#12353=DIRECTION('',(0.707106781186548,-0.707106781186548,0.));
#12354=DIRECTION('',(0.707106781186548,-0.707106781186548,0.));
#12355=DIRECTION('',(0.707106781186548,-0.707106781186548,0.));
#12356=DIRECTION('',(-0.707106781186548,-0.707106781186548,0.));
#12357=DIRECTION('',(0.707106781186548,-0.707106781186548,0.));
#12358=DIRECTION('',(0.,0.,-1.));
#12359=DIRECTION('',(1.,0.,0.));
#12360=DIRECTION('',(0.707106781186548,-0.707106781186548,0.));
#12361=DIRECTION('',(0.707106781186548,-0.707106781186548,0.));
#12362=DIRECTION('',(-0.707106781186548,-0.707106781186548,0.));
#12363=DIRECTION('',(0.,0.,1.));
#12364=DIRECTION('',(-1.,0.,0.));
#12365=DIRECTION('',(0.,0.,1.));
#12366=DIRECTION('',(-1.,0.,0.));
#12367=DIRECTION('',(0.,0.,1.));
#12368=DIRECTION('',(1.,0.,0.));
#12369=DIRECTION('',(0.,0.,-1.));
#12370=DIRECTION('',(-1.,0.,0.));
#12371=DIRECTION('',(0.144042085710521,-0.249488210878812,0.957605090930835));
#12372=DIRECTION('',(0.478802545465419,-0.82931033553941,-0.288084171421041));
#12373=DIRECTION('',(0.,0.,-1.));
#12374=DIRECTION('',(0.14404208571052,0.249488210878812,0.957605090930835));
#12375=DIRECTION('',(0.478802545465417,0.829310335539411,-0.288084171421041));
#12376=DIRECTION('',(0.,0.,-1.));
#12377=DIRECTION('',(0.288084171421041,0.,0.957605090930835));
#12378=DIRECTION('',(0.957605090930835,0.,-0.288084171421041));
#12379=DIRECTION('',(0.14404208571052,0.249488210878812,0.957605090930835));
#12380=DIRECTION('',(0.478802545465417,0.829310335539411,-0.288084171421041));
#12381=DIRECTION('',(0.,0.,-1.));
#12382=DIRECTION('',(0.288084171421041,0.,0.957605090930835));
#12383=DIRECTION('',(0.957605090930835,0.,-0.288084171421041));
#12384=DIRECTION('',(0.,0.,-1.));
#12385=DIRECTION('',(1.,0.,0.));
#12386=DIRECTION('',(0.,0.,-1.));
#12387=DIRECTION('',(-1.,0.,0.));
#12388=DIRECTION('',(0.,0.,-1.));
#12389=DIRECTION('',(1.,0.,0.));
#12390=DIRECTION('',(0.,0.,-1.));
#12391=DIRECTION('',(1.,0.,0.));
#12392=DIRECTION('',(0.,0.,-1.));
#12393=DIRECTION('',(0.14404208571052,0.249488210878812,0.957605090930835));
#12394=DIRECTION('',(0.478802545465417,0.829310335539411,-0.288084171421041));
#12395=DIRECTION('',(0.499965150136696,0.86596504205056,0.0118065488252958));
#12396=DIRECTION('',(0.0059032744126479,0.0102247712137275,-0.999930300273392));
#12397=DIRECTION('',(-0.202727909443578,-0.351135039268499,-0.914114642115827));
#12398=DIRECTION('',(0.457057321057913,0.791646502043627,-0.405455818887156));
#12399=DIRECTION('',(-0.405455818887156,0.,-0.914114642115827));
#12400=DIRECTION('',(0.914114642115827,0.,-0.405455818887156));
#12401=DIRECTION('',(0.499965150136697,-0.865965042050559,0.0118065488252958));
#12402=DIRECTION('',(0.00590327441264792,-0.0102247712137275,-0.999930300273392));
#12403=DIRECTION('',(-0.202727909443578,0.351135039268499,-0.914114642115827));
#12404=DIRECTION('',(0.457057321057915,-0.791646502043626,-0.405455818887156));
#12405=DIRECTION('',(-0.405455818887156,0.,-0.914114642115827));
#12406=DIRECTION('',(0.914114642115827,0.,-0.405455818887156));
#12407=DIRECTION('',(0.999930300273392,0.,0.0118065488252958));
#12408=DIRECTION('',(0.0118065488252958,0.,-0.999930300273392));
#12409=DIRECTION('',(-0.202727909443578,0.351135039268499,-0.914114642115827));
#12410=DIRECTION('',(0.457057321057915,-0.791646502043626,-0.405455818887156));
#12411=DIRECTION('',(0.,0.,-1.));
#12412=DIRECTION('',(0.144042085710521,-0.249488210878812,0.957605090930835));
#12413=DIRECTION('',(0.478802545465419,-0.82931033553941,-0.288084171421041));
#12414=DIRECTION('',(0.288084171421041,0.,0.957605090930835));
#12415=DIRECTION('',(0.957605090930835,0.,-0.288084171421041));
#12416=DIRECTION('',(0.,0.,-1.));
#12417=DIRECTION('',(0.14404208571052,0.249488210878812,0.957605090930835));
#12418=DIRECTION('',(0.478802545465417,0.829310335539411,-0.288084171421041));
#12419=DIRECTION('',(0.288084171421041,0.,0.957605090930835));
#12420=DIRECTION('',(0.957605090930835,0.,-0.288084171421041));
#12421=DIRECTION('',(0.,0.,-1.));
#12422=DIRECTION('',(-1.,0.,0.));
#12423=DIRECTION('',(-0.202727909443578,-0.351135039268499,-0.914114642115827));
#12424=DIRECTION('',(0.457057321057913,0.791646502043627,-0.405455818887156));
#12425=DIRECTION('',(0.,0.,-1.));
#12426=DIRECTION('',(-0.202727909443578,0.351135039268499,-0.914114642115827));
#12427=DIRECTION('',(0.457057321057915,-0.791646502043626,-0.405455818887156));
#12428=DIRECTION('',(0.,0.,-1.));
#12429=DIRECTION('',(-0.405455818887156,0.,-0.914114642115827));
#12430=DIRECTION('',(0.914114642115827,0.,-0.405455818887156));
#12431=DIRECTION('',(-0.202727909443578,0.351135039268499,-0.914114642115827));
#12432=DIRECTION('',(0.457057321057915,-0.791646502043626,-0.405455818887156));
#12433=DIRECTION('',(0.,0.,-1.));
#12434=DIRECTION('',(-0.405455818887156,0.,-0.914114642115827));
#12435=DIRECTION('',(0.914114642115827,0.,-0.405455818887156));
#12436=DIRECTION('',(0.,0.,-1.));
#12437=DIRECTION('',(1.,0.,0.));
#12438=DIRECTION('',(0.,0.,1.));
#12439=DIRECTION('',(1.,0.,0.));
#12440=DIRECTION('',(0.,0.,1.));
#12441=DIRECTION('',(1.,0.,0.));
#12442=DIRECTION('',(0.405455818887156,0.,0.914114642115827));
#12443=DIRECTION('',(0.914114642115827,0.,-0.405455818887156));
#12444=DIRECTION('',(-0.808433537977428,0.466749320773189,0.35858093400384));
#12445=DIRECTION('',(0.,-1.,0.));
#12446=DIRECTION('',(-0.999930300273392,0.,-0.0118065488252958));
#12447=DIRECTION('',(-0.0118065488252958,0.,0.999930300273392));
#12448=DIRECTION('',(0.00424354192026077,-0.933174853210107,-0.359397670677295));
#12449=DIRECTION('',(0.202727909443578,-0.351135039268499,0.914114642115827));
#12450=DIRECTION('',(0.457057321057914,-0.791646502043626,-0.405455818887156));
#12451=DIRECTION('',(0.866025403784438,0.5,-3.14532231468219E-17));
#12452=DIRECTION('',(-0.499965150136697,0.865965042050559,-0.0118065488252958));
#12453=DIRECTION('',(-0.00590327441264789,0.0102247712137275,0.999930300273392));
#12454=DIRECTION('',(0.810274900012897,0.462912411500085,-0.359397670677295));
#12455=DIRECTION('',(-0.14404208571052,-0.249488210878812,-0.957605090930835));
#12456=DIRECTION('',(-0.478802545465417,-0.829310335539411,0.288084171421041));
#12457=DIRECTION('',(-0.478802545465417,-0.829310335539411,0.288084171421041));
#12458=DIRECTION('',(-0.866025403784439,0.5,3.1453223146822E-17));
#12459=DIRECTION('',(0.838049886300873,0.483848327450144,-0.252117401412105));
#12460=DIRECTION('',(0.5,0.866025403784439,1.81595268506991E-17));
#12461=DIRECTION('',(-1.81595268506991E-17,3.1453223146822E-17,-1.));
#12462=DIRECTION('',(-1.81595268506991E-17,3.1453223146822E-17,-1.));
#12463=DIRECTION('',(-0.838049886300873,0.483848327450144,0.252117401412105));
#12464=DIRECTION('',(-0.288084171421041,0.,-0.957605090930835));
#12465=DIRECTION('',(-0.957605090930835,0.,0.288084171421041));
#12466=DIRECTION('',(0.,-1.,0.));
#12467=DIRECTION('',(-0.957605090930835,0.,0.288084171421041));
#12468=DIRECTION('',(1.,0.,0.));
#12469=DIRECTION('',(0.,0.,-1.));
#12470=DIRECTION('',(0.,-0.967696654900288,0.252117401412105));
#12471=DIRECTION('',(0.,0.,-1.));
#12472=DIRECTION('',(0.202727909443578,0.351135039268499,0.914114642115827));
#12473=DIRECTION('',(0.457057321057913,0.791646502043627,-0.405455818887156));
#12474=DIRECTION('',(-0.866025403784439,0.5,3.1453223146822E-17));
#12475=DIRECTION('',(-0.457057321057913,-0.791646502043627,0.405455818887156));
#12476=DIRECTION('',(-0.866025403784439,0.5,3.1453223146822E-17));
#12477=DIRECTION('',(0.808433537977428,0.46674932077319,-0.358580934003839));
#12478=DIRECTION('',(-0.499965150136696,-0.86596504205056,-0.0118065488252958));
#12479=DIRECTION('',(-0.00590327441264787,-0.0102247712137275,0.999930300273392));
#12480=DIRECTION('',(-0.866025403784439,0.5,3.1453223146822E-17));
#12481=DIRECTION('',(-0.14404208571052,-0.249488210878812,-0.957605090930835));
#12482=DIRECTION('',(-0.478802545465417,-0.829310335539411,0.288084171421041));
#12483=DIRECTION('',(0.988875473652632,0.,-0.148745748202368));
#12484=DIRECTION('',(-0.866025403784439,0.5,3.1453223146822E-17));
#12485=DIRECTION('',(0.478802545465417,0.829310335539411,-0.288084171421041));
#12486=DIRECTION('',(0.5,0.866025403784439,1.81595268506991E-17));
#12487=DIRECTION('',(-1.81595268506991E-17,3.1453223146822E-17,-1.));
#12488=DIRECTION('',(1.81595268506991E-17,-3.1453223146822E-17,1.));
#12489=DIRECTION('',(0.,2.09688154312146E-17,-1.));
#12490=DIRECTION('',(0.202727909443578,0.351135039268499,0.914114642115827));
#12491=DIRECTION('',(0.202727909443578,0.351135039268499,0.914114642115827));
#12492=DIRECTION('',(-0.866025403784439,0.5,3.1453223146822E-17));
#12493=DIRECTION('',(1.81595268506991E-17,-3.1453223146822E-17,1.));
#12494=DIRECTION('',(0.202727909443578,-0.351135039268499,0.914114642115827));
#12495=DIRECTION('',(0.457057321057914,-0.791646502043626,-0.405455818887156));
#12496=DIRECTION('',(0.866025403784438,0.5,-3.14532231468219E-17));
#12497=DIRECTION('',(-0.457057321057914,0.791646502043626,0.405455818887156));
#12498=DIRECTION('',(0.866025403784438,0.5,-3.14532231468219E-17));
#12499=DIRECTION('',(0.457057321057914,-0.791646502043626,-0.405455818887156));
#12500=DIRECTION('',(-0.499965150136697,0.865965042050559,-0.0118065488252958));
#12501=DIRECTION('',(-0.00590327441264789,0.0102247712137275,0.999930300273392));
#12502=DIRECTION('',(0.866025403784438,0.5,-3.14532231468219E-17));
#12503=DIRECTION('',(-0.0118062745400053,0.00681635578379868,0.99990707026969));
#12504=DIRECTION('',(-0.144042085710521,0.249488210878812,-0.957605090930835));
#12505=DIRECTION('',(-0.478802545465418,0.82931033553941,0.288084171421041));
#12506=DIRECTION('',(-0.478802545465418,0.82931033553941,0.288084171421041));
#12507=DIRECTION('',(0.866025403784438,0.5,-3.14532231468219E-17));
#12508=DIRECTION('',(0.478802545465418,-0.82931033553941,-0.288084171421041));
#12509=DIRECTION('',(-0.838049886300873,0.483848327450143,0.252117401412105));
#12510=DIRECTION('',(0.5,-0.866025403784438,1.8159526850699E-17));
#12511=DIRECTION('',(-1.8159526850699E-17,-3.14532231468219E-17,-1.));
#12512=DIRECTION('',(1.8159526850699E-17,3.14532231468219E-17,1.));
#12513=DIRECTION('',(-1.8159526850699E-17,-3.14532231468219E-17,-1.));
#12514=DIRECTION('',(0.202727909443578,-0.351135039268499,0.914114642115827));
#12515=DIRECTION('',(0.202727909443578,-0.351135039268499,0.914114642115827));
#12516=DIRECTION('',(0.866025403784438,0.5,-3.14532231468219E-17));
#12517=DIRECTION('',(1.8159526850699E-17,3.14532231468219E-17,1.));
#12518=DIRECTION('',(0.,-1.,0.));
#12519=DIRECTION('',(0.,0.,1.));
#12520=DIRECTION('',(0.957605090930835,0.,-0.288084171421041));
#12521=DIRECTION('',(0.405455818887156,0.,0.914114642115827));
#12522=DIRECTION('',(-0.914114642115827,0.,0.405455818887156));
#12523=DIRECTION('',(0.,0.,1.));
#12524=DIRECTION('',(0.405455818887156,0.,0.914114642115827));
#12525=DIRECTION('',(1.,0.,0.));
#12526=DIRECTION('',(0.,0.,-1.));
#12527=DIRECTION('',(0.,-1.,0.));
#12528=DIRECTION('',(0.,-1.,0.));
#12529=DIRECTION('',(-0.999930300273392,0.,-0.0118065488252958));
#12530=DIRECTION('',(-0.0118065488252958,0.,0.999930300273392));
#12531=DIRECTION('',(0.,-1.,0.));
#12532=DIRECTION('',(0.,-1.,0.));
#12533=DIRECTION('',(-0.288084171421041,0.,-0.957605090930835));
#12534=DIRECTION('',(-0.957605090930835,0.,0.288084171421041));
#12535=DIRECTION('',(0.494437736826316,0.856391281362549,-0.148745748202368));
#12536=DIRECTION('',(0.405455818887156,0.,0.914114642115827));
#12537=DIRECTION('',(0.914114642115827,0.,-0.405455818887156));
#12538=DIRECTION('',(0.866025403784439,-0.5,-3.1453223146822E-17));
#12539=DIRECTION('',(0.5,0.866025403784439,1.81595268506991E-17));
#12540=DIRECTION('',(0.,1.,0.));
#12541=DIRECTION('',(1.,0.,0.));
#12542=DIRECTION('',(-0.866025403784438,-0.5,3.14532231468219E-17));
#12543=DIRECTION('',(0.5,-0.866025403784438,1.8159526850699E-17));
#12544=DIRECTION('',(-0.866025403784438,-0.5,3.14532231468219E-17));
#12545=DIRECTION('',(0.5,-0.866025403784438,1.8159526850699E-17));
#12546=DIRECTION('',(0.457057321057914,-0.791646502043626,-0.405455818887156));
#12547=DIRECTION('',(-0.488139700257538,0.845482762037496,0.21651450789711));
#12548=DIRECTION('',(0.405455818887156,0.,0.914114642115827));
#12549=DIRECTION('',(0.914114642115827,0.,-0.405455818887156));
#12550=DIRECTION('',(0.914114642115827,0.,-0.405455818887156));
#12551=DIRECTION('',(-0.808433537977428,0.466749320773189,0.35858093400384));
#12552=DIRECTION('',(0.,1.,0.));
#12553=DIRECTION('',(1.,0.,0.));
#12554=DIRECTION('',(-0.976279400515074,0.,0.21651450789711));
#12555=DIRECTION('',(0.202727909443578,-0.351135039268499,0.914114642115827));
#12556=DIRECTION('',(0.457057321057914,-0.791646502043626,-0.405455818887156));
#12557=DIRECTION('',(0.202727909443578,0.351135039268499,0.914114642115827));
#12558=DIRECTION('',(0.457057321057913,0.791646502043627,-0.405455818887156));
#12559=DIRECTION('',(0.808433537977428,0.46674932077319,-0.358580934003839));
#12560=DIRECTION('',(0.457057321057913,0.791646502043627,-0.405455818887156));
#12561=DIRECTION('',(0.866025403784439,-0.5,-3.1453223146822E-17));
#12562=DIRECTION('',(0.5,0.866025403784439,1.81595268506991E-17));
#12563=DIRECTION('',(0.488139700257537,0.845482762037497,0.216514507897109));
#12564=DIRECTION('',(0.202727909443578,-0.351135039268499,0.914114642115827));
#12565=DIRECTION('',(0.457057321057914,-0.791646502043626,-0.405455818887156));
#12566=DIRECTION('',(0.405455818887156,0.,0.914114642115827));
#12567=DIRECTION('',(0.914114642115827,0.,-0.405455818887156));
#12568=DIRECTION('',(-0.288084171421041,0.,-0.957605090930835));
#12569=DIRECTION('',(-0.957605090930835,0.,0.288084171421041));
#12570=DIRECTION('',(0.494437736826316,0.856391281362549,-0.148745748202368));
#12571=DIRECTION('',(-0.838049886300873,0.483848327450143,0.252117401412105));
#12572=DIRECTION('',(-0.144042085710521,0.249488210878812,-0.957605090930835));
#12573=DIRECTION('',(-0.478802545465418,0.82931033553941,0.288084171421041));
#12574=DIRECTION('',(-0.478802545465418,0.82931033553941,0.288084171421041));
#12575=DIRECTION('',(-0.14404208571052,-0.249488210878812,-0.957605090930835));
#12576=DIRECTION('',(-0.478802545465417,-0.829310335539411,0.288084171421041));
#12577=DIRECTION('',(0.494437736826317,-0.856391281362548,0.148745748202368));
#12578=DIRECTION('',(0.988875473652632,0.,-0.148745748202368));
#12579=DIRECTION('',(-0.288084171421041,0.,-0.957605090930835));
#12580=DIRECTION('',(-0.957605090930835,0.,0.288084171421041));
#12581=DIRECTION('',(-0.957605090930835,0.,0.288084171421041));
#12582=DIRECTION('',(0.838049886300873,0.483848327450144,-0.252117401412105));
#12583=DIRECTION('',(-0.14404208571052,-0.249488210878812,-0.957605090930835));
#12584=DIRECTION('',(-0.478802545465417,-0.829310335539411,0.288084171421041));
#12585=DIRECTION('',(-0.478802545465417,-0.829310335539411,0.288084171421041));
#12586=DIRECTION('',(-0.866025403784438,-0.5,3.14532231468219E-17));
#12587=DIRECTION('',(0.5,-0.866025403784438,1.8159526850699E-17));
#12588=DIRECTION('',(0.,1.,0.));
#12589=DIRECTION('',(1.,0.,0.));
#12590=DIRECTION('',(0.866025403784439,-0.5,-3.1453223146822E-17));
#12591=DIRECTION('',(0.5,0.866025403784439,1.81595268506991E-17));
#12592=DIRECTION('',(0.,0.,1.));
#12593=DIRECTION('',(1.,0.,0.));
#12594=DIRECTION('',(-0.707106781186548,0.707106781186548,0.));
#12595=DIRECTION('',(0.707106781186548,0.707106781186548,0.));
#12596=DIRECTION('',(0.,0.,1.));
#12597=DIRECTION('',(-0.707106781186548,-0.707106781186548,0.));
#12598=DIRECTION('',(0.,0.,-1.));
#12599=DIRECTION('',(-0.707106781186548,-0.707106781186548,0.));
#12600=DIRECTION('',(0.,0.,-1.));
#12601=DIRECTION('',(-0.707106781186548,-0.707106781186548,0.));
#12602=DIRECTION('',(0.707106781186548,-0.707106781186548,0.));
#12603=DIRECTION('',(0.707106781186548,0.707106781186548,0.));
#12604=DIRECTION('',(0.707106781186548,-0.707106781186548,0.));
#12605=DIRECTION('',(0.707106781186548,0.707106781186548,0.));
#12606=DIRECTION('',(0.707106781186548,0.707106781186548,0.));
#12607=DIRECTION('',(0.707106781186548,-0.707106781186548,0.));
#12608=DIRECTION('',(0.707106781186548,0.707106781186548,0.));
#12609=DIRECTION('',(0.707106781186548,0.707106781186548,0.));
#12610=DIRECTION('',(-0.707106781186548,0.707106781186548,0.));
#12611=DIRECTION('',(0.707106781186548,0.707106781186548,0.));
#12612=DIRECTION('',(-0.707106781186548,-0.707106781186548,0.));
#12613=DIRECTION('',(0.,0.,-1.));
#12614=DIRECTION('',(-0.707106781186548,-0.707106781186548,0.));
#12615=DIRECTION('',(0.,0.,-1.));
#12616=DIRECTION('',(-0.707106781186548,-0.707106781186548,0.));
#12617=DIRECTION('',(0.,0.,-1.));
#12618=DIRECTION('',(0.707106781186548,-0.707106781186548,0.));
#12619=DIRECTION('',(0.707106781186548,0.707106781186548,0.));
#12620=DIRECTION('',(0.707106781186548,0.707106781186548,0.));
#12621=DIRECTION('',(0.707106781186548,-0.707106781186548,0.));
#12622=DIRECTION('',(0.707106781186548,0.707106781186548,0.));
#12623=DIRECTION('',(0.707106781186548,0.707106781186548,0.));
#12624=DIRECTION('',(-0.707106781186548,0.707106781186548,0.));
#12625=DIRECTION('',(0.707106781186548,0.707106781186548,0.));
#12626=DIRECTION('',(0.,0.,1.));
#12627=DIRECTION('',(1.,0.,0.));
#12628=DIRECTION('',(0.,0.,-1.));
#12629=DIRECTION('',(-1.,0.,0.));
#12630=DIRECTION('',(0.,0.,-1.));
#12631=DIRECTION('',(1.,0.,0.));
#12632=DIRECTION('',(0.,0.,-1.));
#12633=DIRECTION('',(-1.,0.,0.));
#12634=DIRECTION('',(0.,0.,-1.));
#12635=DIRECTION('',(1.,0.,0.));
#12636=DIRECTION('',(0.,0.,1.));
#12637=DIRECTION('',(-1.,0.,0.));
#12638=DIRECTION('',(0.,0.,1.));
#12639=DIRECTION('',(-1.,0.,0.));
#12640=DIRECTION('',(0.,0.,-1.));
#12641=DIRECTION('',(1.,0.,0.));
#12642=DIRECTION('',(0.,0.,1.));
#12643=DIRECTION('',(-1.,0.,0.));
#12644=DIRECTION('',(0.,0.,-1.));
#12645=DIRECTION('',(1.,0.,0.));
#12646=DIRECTION('',(0.,0.,-1.));
#12647=DIRECTION('',(-1.,0.,0.));
#12648=DIRECTION('',(0.,0.,-1.));
#12649=DIRECTION('',(1.,0.,0.));
#12650=DIRECTION('',(0.,0.,-1.));
#12651=DIRECTION('',(-1.,0.,0.));
#12652=DIRECTION('',(0.,0.,-1.));
#12653=DIRECTION('',(1.,0.,0.));
#12654=DIRECTION('',(0.,0.,1.));
#12655=DIRECTION('',(-1.,0.,0.));
#12656=DIRECTION('',(0.,0.,-1.));
#12657=DIRECTION('',(1.,0.,0.));
#12658=DIRECTION('',(0.,0.,1.));
#12659=DIRECTION('',(-1.,0.,0.));
#12660=DIRECTION('',(0.,0.,-1.));
#12661=DIRECTION('',(1.,0.,0.));
#12662=DIRECTION('',(-0.045744293619,0.998953181886568,0.));
#12663=DIRECTION('',(0.530885855908085,0.847443336156902,0.));
#12664=DIRECTION('',(1.,0.,0.));
#12665=DIRECTION('',(0.707106781186548,-0.707106781186548,0.));
#12666=DIRECTION('',(0.,1.,0.));
#12667=DIRECTION('',(0.847443336156902,0.530885855908085,0.));
#12668=DIRECTION('',(0.998953181886568,-0.045744293619,0.));
#12669=DIRECTION('',(-0.707106781186548,0.707106781186548,0.));
#12670=DIRECTION('',(0.,0.,1.));
#12671=DIRECTION('',(1.,0.,0.));
#12672=DIRECTION('',(0.,0.,-1.));
#12673=DIRECTION('',(1.,0.,0.));
#12674=DIRECTION('',(0.,0.,-1.));
#12675=DIRECTION('',(1.,0.,0.));
#12676=DIRECTION('',(0.,1.,0.));
#12677=DIRECTION('',(0.,1.,0.));
#12678=DIRECTION('',(-1.,4.16333634234434E-16,0.));
#12679=DIRECTION('',(1.,-1.96291199544759E-16,0.));
#12680=DIRECTION('',(0.,0.,1.));
#12681=DIRECTION('',(1.,0.,0.));
#12682=DIRECTION('',(-1.,4.16333634234434E-16,0.));
#12683=DIRECTION('',(0.,1.,0.));
#12684=DIRECTION('',(0.998953181886568,-0.045744293619,0.));
#12685=DIRECTION('',(0.847443336156902,0.530885855908085,0.));
#12686=DIRECTION('',(0.,1.,0.));
#12687=DIRECTION('',(0.707106781186548,-0.707106781186548,0.));
#12688=DIRECTION('',(1.,0.,0.));
#12689=DIRECTION('',(0.530885855908085,0.847443336156902,0.));
#12690=DIRECTION('',(-0.045744293619,0.998953181886568,0.));
#12691=DIRECTION('',(0.,0.,-1.));
#12692=DIRECTION('',(1.,0.,0.));
#12693=DIRECTION('',(0.707106781186548,0.707106781186548,0.));
#12694=DIRECTION('',(0.935646888095809,0.352937531011693,0.));
#12695=DIRECTION('',(0.97943586717668,-0.201755748586913,0.));
#12696=DIRECTION('',(-0.201755748586913,0.97943586717668,0.));
#12697=DIRECTION('',(0.352937531011693,0.935646888095809,0.));
#12698=DIRECTION('',(0.707106781186548,0.707106781186548,0.));
#12699=DIRECTION('',(0.707106781186546,-0.707106781186549,0.));
#12700=DIRECTION('',(0.,0.,-1.));
#12701=DIRECTION('',(1.,0.,0.));
#12702=DIRECTION('',(0.,0.,1.));
#12703=DIRECTION('',(-1.,0.,0.));
#12704=DIRECTION('',(0.,0.,1.));
#12705=DIRECTION('',(-1.,0.,0.));
#12706=DIRECTION('',(0.,0.,1.));
#12707=DIRECTION('',(-1.,0.,0.));
#12708=DIRECTION('',(0.,0.,1.));
#12709=DIRECTION('',(-1.,0.,0.));
#12710=DIRECTION('',(0.,0.,1.));
#12711=DIRECTION('',(-1.,0.,0.));
#12712=DIRECTION('',(0.,0.,1.));
#12713=DIRECTION('',(-1.,0.,0.));
#12714=DIRECTION('',(0.,0.,1.));
#12715=DIRECTION('',(-1.,0.,0.));
#12716=DIRECTION('',(0.,0.,1.));
#12717=DIRECTION('',(-1.,0.,0.));
#12718=DIRECTION('',(0.,0.,1.));
#12719=DIRECTION('',(-1.,0.,0.));
#12720=DIRECTION('',(0.,0.,1.));
#12721=DIRECTION('',(-1.,0.,0.));
#12722=DIRECTION('',(0.,0.,1.));
#12723=DIRECTION('',(-1.,0.,0.));
#12724=DIRECTION('',(0.,0.,1.));
#12725=DIRECTION('',(-1.,0.,0.));
#12726=DIRECTION('',(0.,0.,1.));
#12727=DIRECTION('',(-1.,0.,0.));
#12728=DIRECTION('',(0.,0.,1.));
#12729=DIRECTION('',(-1.,0.,0.));
#12730=DIRECTION('',(0.,0.,1.));
#12731=DIRECTION('',(-1.,0.,0.));
#12732=DIRECTION('',(0.,0.,1.));
#12733=DIRECTION('',(-1.,0.,0.));
#12734=DIRECTION('',(0.,0.,1.));
#12735=DIRECTION('',(-1.,0.,0.));
#12736=DIRECTION('',(0.,0.,1.));
#12737=DIRECTION('',(-1.,0.,0.));
#12738=DIRECTION('',(0.,0.,-1.));
#12739=DIRECTION('',(-1.,0.,0.));
#12740=DIRECTION('',(1.,0.,0.));
#12741=DIRECTION('',(0.,0.,-1.));
#12742=DIRECTION('',(0.,0.,-1.));
#12743=DIRECTION('',(0.,0.,-1.));
#12744=DIRECTION('',(0.530885855908085,-0.847443336156902,0.));
#12745=DIRECTION('',(-0.847443336156902,-0.530885855908085,0.));
#12746=DIRECTION('',(0.,0.,-1.));
#12747=DIRECTION('',(-0.045744293619,-0.998953181886568,0.));
#12748=DIRECTION('',(-0.998953181886568,0.045744293619,0.));
#12749=DIRECTION('',(0.998953181886568,0.045744293619,0.));
#12750=DIRECTION('',(0.045744293619,-0.998953181886568,0.));
#12751=DIRECTION('',(0.,0.,-1.));
#12752=DIRECTION('',(0.847443336156902,-0.530885855908085,0.));
#12753=DIRECTION('',(-0.530885855908085,-0.847443336156902,0.));
#12754=DIRECTION('',(0.,0.,-1.));
#12755=DIRECTION('',(0.,-1.,0.));
#12756=DIRECTION('',(0.,0.,1.));
#12757=DIRECTION('',(0.,0.,-1.));
#12758=DIRECTION('',(-0.707106781186548,-0.707106781186548,0.));
#12759=DIRECTION('',(-0.707106781186548,0.707106781186548,0.));
#12760=DIRECTION('',(0.,0.,-1.));
#12761=DIRECTION('',(-1.,0.,0.));
#12762=DIRECTION('',(0.,0.,-1.));
#12763=DIRECTION('',(-1.,0.,0.));
#12764=DIRECTION('',(0.,0.,-1.));
#12765=DIRECTION('',(0.,0.,-1.));
#12766=DIRECTION('',(0.,0.,-1.));
#12767=DIRECTION('',(-1.,0.,0.));
#12768=DIRECTION('',(0.,0.,-1.));
#12769=DIRECTION('',(0.,0.,-1.));
#12770=DIRECTION('',(0.,0.,-1.));
#12771=DIRECTION('',(-1.,0.,0.));
#12772=DIRECTION('',(0.,0.,-1.));
#12773=DIRECTION('',(0.,0.,-1.));
#12774=DIRECTION('',(0.,0.,-1.));
#12775=DIRECTION('',(-1.,0.,0.));
#12776=DIRECTION('',(0.,0.,-1.));
#12777=DIRECTION('',(0.,0.,-1.));
#12778=DIRECTION('',(0.,0.,-1.));
#12779=DIRECTION('',(-1.,0.,0.));
#12780=DIRECTION('',(0.,0.,-1.));
#12781=DIRECTION('',(0.,0.,-1.));
#12782=DIRECTION('',(0.,0.,-1.));
#12783=DIRECTION('',(-1.,0.,0.));
#12784=DIRECTION('',(0.,0.,-1.));
#12785=DIRECTION('',(0.,0.,-1.));
#12786=DIRECTION('',(0.,0.,-1.));
#12787=DIRECTION('',(-1.,0.,0.));
#12788=DIRECTION('',(0.,0.,-1.));
#12789=DIRECTION('',(0.,0.,-1.));
#12790=DIRECTION('',(0.,0.,-1.));
#12791=DIRECTION('',(-1.,0.,0.));
#12792=DIRECTION('',(0.,0.,-1.));
#12793=DIRECTION('',(0.,0.,-1.));
#12794=DIRECTION('',(0.,0.,-1.));
#12795=DIRECTION('',(-1.,0.,0.));
#12796=DIRECTION('',(0.,0.,-1.));
#12797=DIRECTION('',(-1.,0.,0.));
#12798=DIRECTION('',(0.,0.,-1.));
#12799=DIRECTION('',(-1.,0.,0.));
#12800=DIRECTION('',(0.,0.,-1.));
#12801=DIRECTION('',(-1.,0.,0.));
#12802=DIRECTION('',(0.,0.,-1.));
#12803=DIRECTION('',(-1.,0.,0.));
#12804=DIRECTION('',(0.,0.,-1.));
#12805=DIRECTION('',(-1.,0.,0.));
#12806=DIRECTION('',(0.,0.,-1.));
#12807=DIRECTION('',(-1.,0.,0.));
#12808=DIRECTION('',(0.,0.,-1.));
#12809=DIRECTION('',(-1.,0.,0.));
#12810=DIRECTION('',(0.707106781186549,0.707106781186546,0.));
#12811=DIRECTION('',(0.707106781186546,-0.707106781186549,0.));
#12812=DIRECTION('',(0.,0.,1.));
#12813=DIRECTION('',(0.707106781186546,-0.707106781186549,0.));
#12814=DIRECTION('',(0.,0.,1.));
#12815=DIRECTION('',(-0.707106781186548,0.707106781186548,0.));
#12816=DIRECTION('',(0.707106781186548,0.707106781186548,0.));
#12817=DIRECTION('',(0.707106781186548,0.707106781186548,0.));
#12818=DIRECTION('',(0.,0.,1.));
#12819=DIRECTION('',(-0.352937531011693,0.935646888095808,0.));
#12820=DIRECTION('',(0.935646888095809,0.352937531011693,0.));
#12821=DIRECTION('',(0.935646888095809,0.352937531011693,0.));
#12822=DIRECTION('',(0.,0.,1.));
#12823=DIRECTION('',(0.201755748586913,0.97943586717668,0.));
#12824=DIRECTION('',(0.97943586717668,-0.201755748586913,0.));
#12825=DIRECTION('',(0.97943586717668,-0.201755748586913,0.));
#12826=DIRECTION('',(0.,0.,1.));
#12827=DIRECTION('',(-0.97943586717668,-0.201755748586913,0.));
#12828=DIRECTION('',(-0.201755748586913,0.97943586717668,0.));
#12829=DIRECTION('',(-0.201755748586913,0.97943586717668,0.));
#12830=DIRECTION('',(0.,0.,1.));
#12831=DIRECTION('',(-0.935646888095808,0.352937531011693,0.));
#12832=DIRECTION('',(0.352937531011693,0.935646888095809,0.));
#12833=DIRECTION('',(0.352937531011693,0.935646888095809,0.));
#12834=DIRECTION('',(0.,0.,1.));
#12835=DIRECTION('',(-0.707106781186548,0.707106781186548,0.));
#12836=DIRECTION('',(0.707106781186548,0.707106781186548,0.));
#12837=DIRECTION('',(0.707106781186548,0.707106781186548,0.));
#12838=DIRECTION('',(0.,0.,1.));
#12839=DIRECTION('',(1.,0.,0.));
#12840=DIRECTION('',(-4.16333634234434E-16,-1.,0.));
#12841=DIRECTION('',(-1.,4.16333634234434E-16,0.));
#12842=DIRECTION('',(0.,0.,1.));
#12843=DIRECTION('',(-1.,0.,0.));
#12844=DIRECTION('',(0.,0.,1.));
#12845=DIRECTION('',(1.96291199544759E-16,1.,0.));
#12846=DIRECTION('',(1.,-1.96291199544759E-16,0.));
#12847=DIRECTION('',(0.,0.,1.));
#12848=DIRECTION('',(-1.,0.,0.));
#12849=DIRECTION('',(0.,0.,1.));
#12850=DIRECTION('',(-0.707106781186548,0.707106781186548,0.));
#12851=DIRECTION('',(-0.707106781186548,0.707106781186548,0.));
#12852=DIRECTION('',(0.707106781186548,0.707106781186548,0.));
#12853=DIRECTION('',(0.,0.,-1.));
#12854=DIRECTION('',(-1.,0.,0.));
#12855=DIRECTION('',(-0.707106781186548,0.707106781186548,0.));
#12856=DIRECTION('',(-0.707106781186548,0.707106781186548,0.));
#12857=DIRECTION('',(-0.707106781186548,0.707106781186548,0.));
#12858=DIRECTION('',(0.707106781186548,0.707106781186548,0.));
#12859=DIRECTION('',(-0.707106781186548,0.707106781186548,0.));
#12860=DIRECTION('',(0.,0.,-1.));
#12861=DIRECTION('',(-1.,0.,0.));
#12862=DIRECTION('',(-0.707106781186548,0.707106781186548,0.));
#12863=DIRECTION('',(-0.707106781186548,0.707106781186548,0.));
#12864=DIRECTION('',(0.707106781186548,0.707106781186548,0.));
#12865=DIRECTION('',(0.,0.,1.));
#12866=DIRECTION('',(1.,0.,0.));
#12867=DIRECTION('',(0.,0.,1.));
#12868=DIRECTION('',(1.,0.,0.));
#12869=DIRECTION('',(0.,0.,1.));
#12870=DIRECTION('',(1.,0.,0.));
#12871=DIRECTION('',(0.,0.,-1.));
#12872=DIRECTION('',(1.,0.,0.));
#12873=DIRECTION('',(-0.144042085710521,0.249488210878812,0.957605090930835));
#12874=DIRECTION('',(-0.478802545465419,0.82931033553941,-0.288084171421041));
#12875=DIRECTION('',(0.,0.,-1.));
#12876=DIRECTION('',(-0.14404208571052,-0.249488210878812,0.957605090930835));
#12877=DIRECTION('',(-0.478802545465417,-0.829310335539411,-0.288084171421041));
#12878=DIRECTION('',(0.,0.,-1.));
#12879=DIRECTION('',(-0.288084171421041,0.,0.957605090930835));
#12880=DIRECTION('',(-0.957605090930835,0.,-0.288084171421041));
#12881=DIRECTION('',(-0.14404208571052,-0.249488210878812,0.957605090930835));
#12882=DIRECTION('',(-0.478802545465417,-0.829310335539411,-0.288084171421041));
#12883=DIRECTION('',(0.,0.,-1.));
#12884=DIRECTION('',(-0.288084171421041,0.,0.957605090930835));
#12885=DIRECTION('',(-0.957605090930835,0.,-0.288084171421041));
#12886=DIRECTION('',(0.,0.,-1.));
#12887=DIRECTION('',(-1.,0.,0.));
#12888=DIRECTION('',(0.,0.,-1.));
#12889=DIRECTION('',(1.,0.,0.));
#12890=DIRECTION('',(0.,0.,-1.));
#12891=DIRECTION('',(-1.,0.,0.));
#12892=DIRECTION('',(0.,0.,-1.));
#12893=DIRECTION('',(-1.,0.,0.));
#12894=DIRECTION('',(0.,0.,-1.));
#12895=DIRECTION('',(-0.14404208571052,-0.249488210878812,0.957605090930835));
#12896=DIRECTION('',(-0.478802545465417,-0.829310335539411,-0.288084171421041));
#12897=DIRECTION('',(-0.499965150136696,-0.86596504205056,0.0118065488252958));
#12898=DIRECTION('',(-0.0059032744126479,-0.0102247712137275,-0.999930300273392));
#12899=DIRECTION('',(0.202727909443578,0.351135039268499,-0.914114642115827));
#12900=DIRECTION('',(-0.457057321057913,-0.791646502043627,-0.405455818887156));
#12901=DIRECTION('',(0.405455818887156,0.,-0.914114642115827));
#12902=DIRECTION('',(-0.914114642115827,0.,-0.405455818887156));
#12903=DIRECTION('',(-0.499965150136697,0.865965042050559,0.0118065488252958));
#12904=DIRECTION('',(-0.00590327441264792,0.0102247712137275,-0.999930300273392));
#12905=DIRECTION('',(0.202727909443578,-0.351135039268499,-0.914114642115827));
#12906=DIRECTION('',(-0.457057321057915,0.791646502043626,-0.405455818887156));
#12907=DIRECTION('',(0.405455818887156,0.,-0.914114642115827));
#12908=DIRECTION('',(-0.914114642115827,0.,-0.405455818887156));
#12909=DIRECTION('',(-0.999930300273392,0.,0.0118065488252958));
#12910=DIRECTION('',(-0.0118065488252958,0.,-0.999930300273392));
#12911=DIRECTION('',(0.202727909443578,-0.351135039268499,-0.914114642115827));
#12912=DIRECTION('',(-0.457057321057915,0.791646502043626,-0.405455818887156));
#12913=DIRECTION('',(0.,0.,-1.));
#12914=DIRECTION('',(-0.144042085710521,0.249488210878812,0.957605090930835));
#12915=DIRECTION('',(-0.478802545465419,0.82931033553941,-0.288084171421041));
#12916=DIRECTION('',(-0.288084171421041,0.,0.957605090930835));
#12917=DIRECTION('',(-0.957605090930835,0.,-0.288084171421041));
#12918=DIRECTION('',(0.,0.,-1.));
#12919=DIRECTION('',(-0.14404208571052,-0.249488210878812,0.957605090930835));
#12920=DIRECTION('',(-0.478802545465417,-0.829310335539411,-0.288084171421041));
#12921=DIRECTION('',(-0.288084171421041,0.,0.957605090930835));
#12922=DIRECTION('',(-0.957605090930835,0.,-0.288084171421041));
#12923=DIRECTION('',(0.,0.,-1.));
#12924=DIRECTION('',(1.,0.,0.));
#12925=DIRECTION('',(0.202727909443578,0.351135039268499,-0.914114642115827));
#12926=DIRECTION('',(-0.457057321057913,-0.791646502043627,-0.405455818887156));
#12927=DIRECTION('',(0.,0.,-1.));
#12928=DIRECTION('',(0.202727909443578,-0.351135039268499,-0.914114642115827));
#12929=DIRECTION('',(-0.457057321057915,0.791646502043626,-0.405455818887156));
#12930=DIRECTION('',(0.,0.,-1.));
#12931=DIRECTION('',(0.405455818887156,0.,-0.914114642115827));
#12932=DIRECTION('',(-0.914114642115827,0.,-0.405455818887156));
#12933=DIRECTION('',(0.202727909443578,-0.351135039268499,-0.914114642115827));
#12934=DIRECTION('',(-0.457057321057915,0.791646502043626,-0.405455818887156));
#12935=DIRECTION('',(0.,0.,-1.));
#12936=DIRECTION('',(0.405455818887156,0.,-0.914114642115827));
#12937=DIRECTION('',(-0.914114642115827,0.,-0.405455818887156));
#12938=DIRECTION('',(0.,0.,-1.));
#12939=DIRECTION('',(-1.,0.,0.));
#12940=DIRECTION('',(0.,0.,1.));
#12941=DIRECTION('',(-1.,0.,0.));
#12942=DIRECTION('',(0.,0.,1.));
#12943=DIRECTION('',(-1.,0.,0.));
#12944=DIRECTION('',(-0.405455818887156,0.,0.914114642115827));
#12945=DIRECTION('',(-0.914114642115827,0.,-0.405455818887156));
#12946=DIRECTION('',(0.808433537977428,-0.466749320773189,0.35858093400384));
#12947=DIRECTION('',(0.,1.,0.));
#12948=DIRECTION('',(0.999930300273392,0.,-0.0118065488252958));
#12949=DIRECTION('',(0.0118065488252958,0.,0.999930300273392));
#12950=DIRECTION('',(-0.00424354192026077,0.933174853210107,-0.359397670677295));
#12951=DIRECTION('',(-0.202727909443578,0.351135039268499,0.914114642115827));
#12952=DIRECTION('',(-0.457057321057914,0.791646502043626,-0.405455818887156));
#12953=DIRECTION('',(-0.866025403784438,-0.5,-3.14532231468219E-17));
#12954=DIRECTION('',(0.499965150136697,-0.865965042050559,-0.0118065488252958));
#12955=DIRECTION('',(0.00590327441264789,-0.0102247712137275,0.999930300273392));
#12956=DIRECTION('',(-0.810274900012897,-0.462912411500085,-0.359397670677295));
#12957=DIRECTION('',(0.14404208571052,0.249488210878812,-0.957605090930835));
#12958=DIRECTION('',(0.478802545465417,0.829310335539411,0.288084171421041));
#12959=DIRECTION('',(0.478802545465417,0.829310335539411,0.288084171421041));
#12960=DIRECTION('',(0.866025403784439,-0.5,3.1453223146822E-17));
#12961=DIRECTION('',(-0.838049886300873,-0.483848327450144,-0.252117401412105));
#12962=DIRECTION('',(-0.5,-0.866025403784439,1.81595268506991E-17));
#12963=DIRECTION('',(1.81595268506991E-17,-3.1453223146822E-17,-1.));
#12964=DIRECTION('',(1.81595268506991E-17,-3.1453223146822E-17,-1.));
#12965=DIRECTION('',(0.838049886300873,-0.483848327450144,0.252117401412105));
#12966=DIRECTION('',(0.288084171421041,0.,-0.957605090930835));
#12967=DIRECTION('',(0.957605090930835,0.,0.288084171421041));
#12968=DIRECTION('',(0.,1.,0.));
#12969=DIRECTION('',(0.957605090930835,0.,0.288084171421041));
#12970=DIRECTION('',(-1.,0.,0.));
#12971=DIRECTION('',(0.,0.,-1.));
#12972=DIRECTION('',(0.,0.967696654900288,0.252117401412105));
#12973=DIRECTION('',(0.,0.,-1.));
#12974=DIRECTION('',(-0.202727909443578,-0.351135039268499,0.914114642115827));
#12975=DIRECTION('',(-0.457057321057913,-0.791646502043627,-0.405455818887156));
#12976=DIRECTION('',(0.866025403784439,-0.5,3.1453223146822E-17));
#12977=DIRECTION('',(0.457057321057913,0.791646502043627,0.405455818887156));
#12978=DIRECTION('',(0.866025403784439,-0.5,3.1453223146822E-17));
#12979=DIRECTION('',(-0.808433537977428,-0.46674932077319,-0.358580934003839));
#12980=DIRECTION('',(0.499965150136696,0.86596504205056,-0.0118065488252958));
#12981=DIRECTION('',(0.00590327441264787,0.0102247712137275,0.999930300273392));
#12982=DIRECTION('',(0.866025403784439,-0.5,3.1453223146822E-17));
#12983=DIRECTION('',(0.14404208571052,0.249488210878812,-0.957605090930835));
#12984=DIRECTION('',(0.478802545465417,0.829310335539411,0.288084171421041));
#12985=DIRECTION('',(-0.988875473652632,0.,-0.148745748202368));
#12986=DIRECTION('',(0.866025403784439,-0.5,3.1453223146822E-17));
#12987=DIRECTION('',(-0.478802545465417,-0.829310335539411,-0.288084171421041));
#12988=DIRECTION('',(-0.5,-0.866025403784439,1.81595268506991E-17));
#12989=DIRECTION('',(1.81595268506991E-17,-3.1453223146822E-17,-1.));
#12990=DIRECTION('',(-1.81595268506991E-17,3.1453223146822E-17,1.));
#12991=DIRECTION('',(0.,-2.09688154312146E-17,-1.));
#12992=DIRECTION('',(-0.202727909443578,-0.351135039268499,0.914114642115827));
#12993=DIRECTION('',(-0.202727909443578,-0.351135039268499,0.914114642115827));
#12994=DIRECTION('',(0.866025403784439,-0.5,3.1453223146822E-17));
#12995=DIRECTION('',(-1.81595268506991E-17,3.1453223146822E-17,1.));
#12996=DIRECTION('',(-0.202727909443578,0.351135039268499,0.914114642115827));
#12997=DIRECTION('',(-0.457057321057914,0.791646502043626,-0.405455818887156));
#12998=DIRECTION('',(-0.866025403784438,-0.5,-3.14532231468219E-17));
#12999=DIRECTION('',(0.457057321057914,-0.791646502043626,0.405455818887156));
#13000=DIRECTION('',(-0.866025403784438,-0.5,-3.14532231468219E-17));
#13001=DIRECTION('',(-0.457057321057914,0.791646502043626,-0.405455818887156));
#13002=DIRECTION('',(0.499965150136697,-0.865965042050559,-0.0118065488252958));
#13003=DIRECTION('',(0.00590327441264789,-0.0102247712137275,0.999930300273392));
#13004=DIRECTION('',(-0.866025403784438,-0.5,-3.14532231468219E-17));
#13005=DIRECTION('',(0.0118062745400053,-0.00681635578379868,0.99990707026969));
#13006=DIRECTION('',(0.144042085710521,-0.249488210878812,-0.957605090930835));
#13007=DIRECTION('',(0.478802545465418,-0.82931033553941,0.288084171421041));
#13008=DIRECTION('',(0.478802545465418,-0.82931033553941,0.288084171421041));
#13009=DIRECTION('',(-0.866025403784438,-0.5,-3.14532231468219E-17));
#13010=DIRECTION('',(-0.478802545465418,0.82931033553941,-0.288084171421041));
#13011=DIRECTION('',(0.838049886300873,-0.483848327450143,0.252117401412105));
#13012=DIRECTION('',(-0.5,0.866025403784438,1.8159526850699E-17));
#13013=DIRECTION('',(1.8159526850699E-17,3.14532231468219E-17,-1.));
#13014=DIRECTION('',(-1.8159526850699E-17,-3.14532231468219E-17,1.));
#13015=DIRECTION('',(1.8159526850699E-17,3.14532231468219E-17,-1.));
#13016=DIRECTION('',(-0.202727909443578,0.351135039268499,0.914114642115827));
#13017=DIRECTION('',(-0.202727909443578,0.351135039268499,0.914114642115827));
#13018=DIRECTION('',(-0.866025403784438,-0.5,-3.14532231468219E-17));
#13019=DIRECTION('',(-1.8159526850699E-17,-3.14532231468219E-17,1.));
#13020=DIRECTION('',(0.,1.,0.));
#13021=DIRECTION('',(0.,0.,1.));
#13022=DIRECTION('',(-0.957605090930835,0.,-0.288084171421041));
#13023=DIRECTION('',(-0.405455818887156,0.,0.914114642115827));
#13024=DIRECTION('',(0.914114642115827,0.,0.405455818887156));
#13025=DIRECTION('',(0.,0.,1.));
#13026=DIRECTION('',(-0.405455818887156,0.,0.914114642115827));
#13027=DIRECTION('',(-1.,0.,0.));
#13028=DIRECTION('',(0.,0.,-1.));
#13029=DIRECTION('',(0.,1.,0.));
#13030=DIRECTION('',(0.,1.,0.));
#13031=DIRECTION('',(0.999930300273392,0.,-0.0118065488252958));
#13032=DIRECTION('',(0.0118065488252958,0.,0.999930300273392));
#13033=DIRECTION('',(0.,1.,0.));
#13034=DIRECTION('',(0.,1.,0.));
#13035=DIRECTION('',(0.288084171421041,0.,-0.957605090930835));
#13036=DIRECTION('',(0.957605090930835,0.,0.288084171421041));
#13037=DIRECTION('',(-0.494437736826316,-0.856391281362549,-0.148745748202368));
#13038=DIRECTION('',(-0.405455818887156,0.,0.914114642115827));
#13039=DIRECTION('',(-0.914114642115827,0.,-0.405455818887156));
#13040=DIRECTION('',(-0.866025403784439,0.5,-3.1453223146822E-17));
#13041=DIRECTION('',(-0.5,-0.866025403784439,1.81595268506991E-17));
#13042=DIRECTION('',(0.,-1.,0.));
#13043=DIRECTION('',(-1.,0.,0.));
#13044=DIRECTION('',(0.866025403784438,0.5,3.14532231468219E-17));
#13045=DIRECTION('',(-0.5,0.866025403784438,1.8159526850699E-17));
#13046=DIRECTION('',(0.866025403784438,0.5,3.14532231468219E-17));
#13047=DIRECTION('',(-0.5,0.866025403784438,1.8159526850699E-17));
#13048=DIRECTION('',(-0.457057321057914,0.791646502043626,-0.405455818887156));
#13049=DIRECTION('',(0.488139700257538,-0.845482762037496,0.21651450789711));
#13050=DIRECTION('',(-0.405455818887156,0.,0.914114642115827));
#13051=DIRECTION('',(-0.914114642115827,0.,-0.405455818887156));
#13052=DIRECTION('',(-0.914114642115827,0.,-0.405455818887156));
#13053=DIRECTION('',(0.808433537977428,-0.466749320773189,0.35858093400384));
#13054=DIRECTION('',(0.,-1.,0.));
#13055=DIRECTION('',(-1.,0.,0.));
#13056=DIRECTION('',(0.976279400515074,0.,0.21651450789711));
#13057=DIRECTION('',(-0.202727909443578,0.351135039268499,0.914114642115827));
#13058=DIRECTION('',(-0.457057321057914,0.791646502043626,-0.405455818887156));
#13059=DIRECTION('',(-0.202727909443578,-0.351135039268499,0.914114642115827));
#13060=DIRECTION('',(-0.457057321057913,-0.791646502043627,-0.405455818887156));
#13061=DIRECTION('',(-0.808433537977428,-0.46674932077319,-0.358580934003839));
#13062=DIRECTION('',(-0.457057321057913,-0.791646502043627,-0.405455818887156));
#13063=DIRECTION('',(-0.866025403784439,0.5,-3.1453223146822E-17));
#13064=DIRECTION('',(-0.5,-0.866025403784439,1.81595268506991E-17));
#13065=DIRECTION('',(-0.488139700257537,-0.845482762037497,0.216514507897109));
#13066=DIRECTION('',(-0.202727909443578,0.351135039268499,0.914114642115827));
#13067=DIRECTION('',(-0.457057321057914,0.791646502043626,-0.405455818887156));
#13068=DIRECTION('',(-0.405455818887156,0.,0.914114642115827));
#13069=DIRECTION('',(-0.914114642115827,0.,-0.405455818887156));
#13070=DIRECTION('',(0.288084171421041,0.,-0.957605090930835));
#13071=DIRECTION('',(0.957605090930835,0.,0.288084171421041));
#13072=DIRECTION('',(-0.494437736826316,-0.856391281362549,-0.148745748202368));
#13073=DIRECTION('',(0.838049886300873,-0.483848327450143,0.252117401412105));
#13074=DIRECTION('',(0.144042085710521,-0.249488210878812,-0.957605090930835));
#13075=DIRECTION('',(0.478802545465418,-0.82931033553941,0.288084171421041));
#13076=DIRECTION('',(0.478802545465418,-0.82931033553941,0.288084171421041));
#13077=DIRECTION('',(0.14404208571052,0.249488210878812,-0.957605090930835));
#13078=DIRECTION('',(0.478802545465417,0.829310335539411,0.288084171421041));
#13079=DIRECTION('',(-0.494437736826317,0.856391281362548,0.148745748202368));
#13080=DIRECTION('',(-0.988875473652632,0.,-0.148745748202368));
#13081=DIRECTION('',(0.288084171421041,0.,-0.957605090930835));
#13082=DIRECTION('',(0.957605090930835,0.,0.288084171421041));
#13083=DIRECTION('',(0.957605090930835,0.,0.288084171421041));
#13084=DIRECTION('',(-0.838049886300873,-0.483848327450144,-0.252117401412105));
#13085=DIRECTION('',(0.14404208571052,0.249488210878812,-0.957605090930835));
#13086=DIRECTION('',(0.478802545465417,0.829310335539411,0.288084171421041));
#13087=DIRECTION('',(0.478802545465417,0.829310335539411,0.288084171421041));
#13088=DIRECTION('',(0.866025403784438,0.5,3.14532231468219E-17));
#13089=DIRECTION('',(-0.5,0.866025403784438,1.8159526850699E-17));
#13090=DIRECTION('',(0.,-1.,0.));
#13091=DIRECTION('',(-1.,0.,0.));
#13092=DIRECTION('',(-0.866025403784439,0.5,-3.1453223146822E-17));
#13093=DIRECTION('',(-0.5,-0.866025403784439,1.81595268506991E-17));
#13094=DIRECTION('',(0.,0.,1.));
#13095=DIRECTION('',(1.,0.,0.));
#13096=DIRECTION('',(0.,-1.,0.));
#13097=DIRECTION('',(0.,0.,-1.));
#13098=DIRECTION('',(1.,0.,0.));
#13099=DIRECTION('',(0.,0.,1.));
#13100=DIRECTION('',(1.,0.,0.));
#13101=DIRECTION('',(0.,0.,1.));
#13102=DIRECTION('',(1.,-9.13012355777267E-17,0.));
#13103=DIRECTION('',(9.13012355777267E-17,1.,0.));
#13104=DIRECTION('',(9.13012355777267E-17,1.,0.));
#13105=DIRECTION('',(0.,0.,1.));
#13106=DIRECTION('',(9.13012355777267E-17,1.,0.));
#13107=DIRECTION('',(0.,0.,1.));
#13108=DIRECTION('',(0.,-1.,0.));
#13109=DIRECTION('',(0.,0.,-1.));
#13110=DIRECTION('',(1.,0.,0.));
#13111=DIRECTION('',(0.,0.,1.));
#13112=DIRECTION('',(1.,0.,0.));
#13113=DIRECTION('',(0.,0.,1.));
#13114=DIRECTION('',(1.,0.,0.));
#13115=DIRECTION('',(0.,0.,-1.));
#13116=DIRECTION('',(0.,1.,0.));
#13117=DIRECTION('',(0.,0.,1.));
#13118=DIRECTION('',(0.,1.,0.));
#13119=DIRECTION('',(0.,0.,1.));
#13120=DIRECTION('',(0.,0.,-1.));
#13121=DIRECTION('',(1.,0.,0.));
#13122=DIRECTION('',(0.,0.,-1.));
#13123=DIRECTION('',(-1.,0.,0.));
#13124=DIRECTION('',(0.,0.,-1.));
#13125=DIRECTION('',(-1.,0.,0.));
#13126=DIRECTION('',(0.,0.,-1.));
#13127=DIRECTION('',(-1.,0.,0.));
#13128=DIRECTION('',(0.,0.,-1.));
#13129=DIRECTION('',(-1.,0.,0.));
#13130=DIRECTION('',(0.,0.,-1.));
#13131=DIRECTION('',(1.,0.,0.));
#13132=DIRECTION('',(0.,0.,-1.));
#13133=DIRECTION('',(-1.,0.,0.));
#13134=DIRECTION('',(1.,0.,0.));
#13135=DIRECTION('',(0.,0.,-1.));
#13136=DIRECTION('',(-1.,0.,0.));
#13137=DIRECTION('',(0.,0.,1.));
#13138=DIRECTION('',(1.,0.,0.));
#13139=DIRECTION('',(0.,0.,-1.));
#13140=DIRECTION('',(-1.,0.,0.));
#13141=DIRECTION('',(0.,0.,1.));
#13142=DIRECTION('',(1.,0.,0.));
#13143=DIRECTION('',(0.707106781186548,0.,0.707106781186548));
#13144=DIRECTION('',(0.707106781186548,0.,-0.707106781186548));
#13145=DIRECTION('',(1.,0.,0.));
#13146=DIRECTION('',(0.,0.,-1.));
#13147=DIRECTION('',(0.707106781186548,0.,-0.707106781186548));
#13148=DIRECTION('',(0.707106781186548,0.,0.707106781186548));
#13149=DIRECTION('',(0.,0.,-1.));
#13150=DIRECTION('',(-1.,0.,0.));
#13151=DIRECTION('',(0.,0.,1.));
#13152=DIRECTION('',(1.,0.,0.));
#13153=DIRECTION('',(0.,0.,1.));
#13154=DIRECTION('',(1.,0.,0.));
#13155=DIRECTION('',(0.,0.,-1.));
#13156=DIRECTION('',(-1.,0.,0.));
#13157=DIRECTION('',(0.,0.,1.));
#13158=DIRECTION('',(-1.,0.,0.));
#13159=DIRECTION('',(0.,0.,1.));
#13160=DIRECTION('',(1.,0.,0.));
#13161=DIRECTION('',(0.,0.,-1.));
#13162=DIRECTION('',(1.,0.,0.));
#13163=DIRECTION('',(-1.,0.,0.));
#13164=DIRECTION('',(0.,0.,1.));
#13165=DIRECTION('',(1.,0.,0.));
#13166=DIRECTION('',(1.,0.,0.));
#13167=DIRECTION('',(1.,0.,0.));
#13168=DIRECTION('',(0.,0.,-1.));
#13169=DIRECTION('',(1.,0.,0.));
#13170=DIRECTION('',(1.,0.,0.));
#13171=DIRECTION('',(0.,0.,1.));
#13172=DIRECTION('',(1.,0.,0.));
#13173=DIRECTION('',(0.,-1.,0.));
#13174=DIRECTION('',(0.,0.,-1.));
#13175=DIRECTION('',(1.,0.,0.));
#13176=DIRECTION('',(1.,0.,0.));
#13177=DIRECTION('',(0.,0.,1.));
#13178=DIRECTION('',(1.,0.,0.));
#13179=DIRECTION('',(0.,1.,0.));
#13180=DIRECTION('',(0.,0.,-1.));
#13181=DIRECTION('',(1.,0.,0.));
#13182=DIRECTION('',(0.,0.,1.));
#13183=DIRECTION('',(1.,0.,0.));
#13184=DIRECTION('',(0.,0.,-1.));
#13185=DIRECTION('',(1.,0.,0.));
#13186=DIRECTION('',(0.,0.,1.));
#13187=DIRECTION('',(1.,0.,0.));
#13188=DIRECTION('',(0.,0.,1.));
#13189=DIRECTION('',(1.,0.,0.));
#13190=DIRECTION('',(0.,0.,-1.));
#13191=DIRECTION('',(1.,0.,0.));
#13192=DIRECTION('',(0.,0.,1.));
#13193=DIRECTION('',(-1.,0.,0.));
#13194=DIRECTION('',(0.,0.,1.));
#13195=DIRECTION('',(1.,0.,0.));
#13196=DIRECTION('',(0.,0.,-1.));
#13197=DIRECTION('',(1.,0.,0.));
#13198=DIRECTION('',(0.,0.,1.));
#13199=DIRECTION('',(1.,0.,0.));
#13200=DIRECTION('',(0.,0.,-1.));
#13201=DIRECTION('',(-1.,0.,0.));
#13202=DIRECTION('',(0.,0.,-1.));
#13203=DIRECTION('',(1.,0.,0.));
#13204=DIRECTION('',(0.,0.,-1.));
#13205=DIRECTION('',(0.,0.,-1.));
#13206=DIRECTION('',(0.,0.,-1.));
#13207=DIRECTION('',(0.,-1.,0.));
#13208=DIRECTION('',(0.,0.,-1.));
#13209=DIRECTION('',(-1.,0.,0.));
#13210=DIRECTION('',(0.,0.,-1.));
#13211=DIRECTION('',(0.,0.,-1.));
#13212=DIRECTION('',(-1.,0.,0.));
#13213=DIRECTION('',(0.,0.,1.));
#13214=DIRECTION('',(1.,0.,0.));
#13215=DIRECTION('',(0.,0.,-1.));
#13216=DIRECTION('',(0.,1.,0.));
#13217=DIRECTION('',(0.,0.,1.));
#13218=DIRECTION('',(1.,0.,0.));
#13219=DIRECTION('',(0.,0.,-1.));
#13220=DIRECTION('',(0.,0.,-1.));
#13221=DIRECTION('',(0.,1.,0.));
#13222=DIRECTION('',(0.,0.,1.));
#13223=DIRECTION('',(1.,0.,0.));
#13224=DIRECTION('',(0.,0.,-1.));
#13225=DIRECTION('',(0.,0.,-1.));
#13226=DIRECTION('',(-1.,0.,0.));
#13227=DIRECTION('',(0.,0.,-1.));
#13228=DIRECTION('',(1.,0.,0.));
#13229=DIRECTION('',(0.,0.,-1.));
#13230=DIRECTION('',(0.,1.,0.));
#13231=DIRECTION('',(0.,0.,1.));
#13232=DIRECTION('',(1.,0.,0.));
#13233=DIRECTION('',(0.,0.,-1.));
#13234=DIRECTION('',(0.,0.,-1.));
#13235=DIRECTION('',(0.,0.,-1.));
#13236=DIRECTION('',(-1.,0.,0.));
#13237=DIRECTION('',(0.,0.,1.));
#13238=DIRECTION('',(1.,0.,0.));
#13239=DIRECTION('',(0.,0.,-1.));
#13240=DIRECTION('',(1.,0.,0.));
#13241=DIRECTION('',(0.,0.,-1.));
#13242=DIRECTION('',(0.,-1.,0.));
#13243=DIRECTION('',(0.,0.,-1.));
#13244=DIRECTION('',(0.,0.,-1.));
#13245=DIRECTION('',(-1.,0.,0.));
#13246=DIRECTION('',(0.,0.,-1.));
#13247=DIRECTION('',(1.,0.,0.));
#13248=DIRECTION('',(0.,0.,-1.));
#13249=DIRECTION('',(0.,1.,0.));
#13250=DIRECTION('',(0.,0.,1.));
#13251=DIRECTION('',(1.,0.,0.));
#13252=DIRECTION('',(0.,0.,-1.));
#13253=DIRECTION('',(0.,0.,-1.));
#13254=DIRECTION('',(-1.,0.,0.));
#13255=DIRECTION('',(0.,0.,1.));
#13256=DIRECTION('',(1.,0.,0.));
#13257=DIRECTION('',(0.,0.,-1.));
#13258=DIRECTION('',(0.,0.,-1.));
#13259=DIRECTION('',(-1.,0.,0.));
#13260=DIRECTION('',(0.,0.,1.));
#13261=DIRECTION('',(1.,0.,0.));
#13262=DIRECTION('',(0.,0.,1.));
#13263=DIRECTION('',(1.,0.,0.));
#13264=DIRECTION('',(0.,0.,-1.));
#13265=DIRECTION('',(-1.,0.,0.));
#13266=DIRECTION('',(0.,0.,-1.));
#13267=DIRECTION('',(1.,0.,0.));
#13268=DIRECTION('',(0.,0.,-1.));
#13269=DIRECTION('',(-1.,0.,0.));
#13270=DIRECTION('',(0.,0.,1.));
#13271=DIRECTION('',(1.,0.,0.));
#13272=DIRECTION('',(-1.,0.,0.));
#13273=DIRECTION('',(0.,0.,1.));
#13274=DIRECTION('',(0.,1.,0.));
#13275=DIRECTION('',(0.,0.,-1.));
#13276=DIRECTION('',(-1.,0.,0.));
#13277=DIRECTION('',(0.,0.,-1.));
#13278=DIRECTION('',(1.,0.,0.));
#13279=DIRECTION('',(0.,0.,1.));
#13280=DIRECTION('',(1.,0.,0.));
#13281=DIRECTION('',(0.,0.,-1.));
#13282=DIRECTION('',(-1.,0.,0.));
#13283=DIRECTION('',(0.,0.,1.));
#13284=DIRECTION('',(1.,0.,0.));
#13285=DIRECTION('',(0.,0.,-1.));
#13286=DIRECTION('',(-1.,0.,0.));
#13287=DIRECTION('',(0.,0.,1.));
#13288=DIRECTION('',(1.,0.,0.));
#13289=DIRECTION('',(0.,0.,-1.));
#13290=DIRECTION('',(-1.,0.,0.));
#13291=DIRECTION('',(0.,0.,1.));
#13292=DIRECTION('',(1.,0.,0.));
#13293=DIRECTION('',(0.,0.,-1.));
#13294=DIRECTION('',(1.,0.,0.));
#13295=DIRECTION('',(0.,0.,1.));
#13296=DIRECTION('',(-1.,0.,0.));
#13297=DIRECTION('',(0.,0.,-1.));
#13298=DIRECTION('',(1.,0.,0.));
#13299=DIRECTION('',(0.,0.,1.));
#13300=DIRECTION('',(-1.,0.,0.));
#13301=DIRECTION('',(0.,0.,-1.));
#13302=DIRECTION('',(1.,0.,0.));
#13303=DIRECTION('',(0.,0.,-1.));
#13304=DIRECTION('',(-1.,0.,0.));
#13305=DIRECTION('',(0.,0.,-1.));
#13306=DIRECTION('',(1.,0.,0.));
#13307=DIRECTION('',(0.,0.,-1.));
#13308=DIRECTION('',(-1.,0.,0.));
#13309=DIRECTION('',(0.,0.,-1.));
#13310=DIRECTION('',(-1.,0.,0.));
#13311=DIRECTION('',(0.,0.,-1.));
#13312=DIRECTION('',(1.,0.,0.));
#13313=DIRECTION('',(0.,0.,-1.));
#13314=DIRECTION('',(-1.,0.,0.));
#13315=DIRECTION('',(0.,0.,-1.));
#13316=DIRECTION('',(1.,0.,0.));
#13317=DIRECTION('',(0.,0.,1.));
#13318=DIRECTION('',(1.,0.,0.));
#13319=DIRECTION('',(0.,0.,1.));
#13320=DIRECTION('',(1.,0.,0.));
#13321=DIRECTION('',(-1.,-1.06581731559876E-16,0.));
#13322=DIRECTION('',(0.,0.,-1.));
#13323=DIRECTION('',(1.,0.,0.));
#13324=DIRECTION('',(1.04567145358673E-16,1.,0.));
#13325=DIRECTION('',(0.,0.,1.));
#13326=DIRECTION('',(1.,0.,0.));
#13327=DIRECTION('',(-1.,-2.13163463119753E-16,0.));
#13328=DIRECTION('',(0.,0.,-1.));
#13329=DIRECTION('',(1.,0.,0.));
#13330=DIRECTION('',(1.04567145358673E-16,1.,0.));
#13331=DIRECTION('',(0.,0.,1.));
#13332=DIRECTION('',(1.,0.,0.));
#13333=DIRECTION('',(0.,0.,-1.));
#13334=DIRECTION('',(1.,0.,0.));
#13335=DIRECTION('',(0.,0.,1.));
#13336=DIRECTION('',(1.,0.,0.));
#13337=DIRECTION('',(0.,0.,1.));
#13338=DIRECTION('',(1.,0.,0.));
#13339=DIRECTION('',(0.,0.,1.));
#13340=DIRECTION('',(1.,0.,0.));
#13341=DIRECTION('',(0.,0.,1.));
#13342=DIRECTION('',(1.,0.,0.));
#13343=DIRECTION('',(0.,0.,-1.));
#13344=DIRECTION('',(-1.,0.,0.));
#13345=DIRECTION('',(0.,0.,-1.));
#13346=DIRECTION('',(0.,0.,1.));
#13347=DIRECTION('',(1.,0.,0.));
#13348=DIRECTION('',(0.,0.,-1.));
#13349=DIRECTION('',(-1.,1.04567145358673E-16,0.));
#13350=DIRECTION('',(-1.04567145358673E-16,-1.,0.));
#13351=DIRECTION('',(0.,0.,-1.));
#13352=DIRECTION('',(1.04567145358673E-16,1.,0.));
#13353=DIRECTION('',(0.,0.,-1.));
#13354=DIRECTION('',(-1.,0.,0.));
#13355=DIRECTION('',(0.,0.,-1.));
#13356=DIRECTION('',(0.,0.,-1.));
#13357=DIRECTION('',(1.,0.,0.));
#13358=DIRECTION('',(2.13163463119753E-16,-1.,0.));
#13359=DIRECTION('',(1.,2.13163463119753E-16,0.));
#13360=DIRECTION('',(0.,0.,-1.));
#13361=DIRECTION('',(-1.,-2.13163463119753E-16,0.));
#13362=DIRECTION('',(0.,0.,-1.));
#13363=DIRECTION('',(-1.,0.,0.));
#13364=DIRECTION('',(0.,0.,-1.));
#13365=DIRECTION('',(0.,0.,1.));
#13366=DIRECTION('',(1.,0.,0.));
#13367=DIRECTION('',(-1.,1.04567145358673E-16,0.));
#13368=DIRECTION('',(-1.04567145358673E-16,-1.,0.));
#13369=DIRECTION('',(0.,0.,-1.));
#13370=DIRECTION('',(1.04567145358673E-16,1.,0.));
#13371=DIRECTION('',(0.,0.,-1.));
#13372=DIRECTION('',(-1.,0.,0.));
#13373=DIRECTION('',(0.,0.,-1.));
#13374=DIRECTION('',(0.,0.,-1.));
#13375=DIRECTION('',(1.,0.,0.));
#13376=DIRECTION('',(0.,0.,-1.));
#13377=DIRECTION('',(-1.,0.,0.));
#13378=DIRECTION('',(0.,0.,-1.));
#13379=DIRECTION('',(1.,0.,0.));
#13380=DIRECTION('',(0.,0.,-1.));
#13381=DIRECTION('',(-1.,0.,0.));
#13382=DIRECTION('',(0.,0.,1.));
#13383=DIRECTION('',(1.,0.,0.));
#13384=DIRECTION('',(0.,0.,-1.));
#13385=DIRECTION('',(-1.,0.,0.));
#13386=DIRECTION('',(0.,0.,-1.));
#13387=DIRECTION('',(1.,0.,0.));
#13388=DIRECTION('',(0.,0.,-1.));
#13389=DIRECTION('',(1.,0.,0.));
#13390=DIRECTION('',(1.06581731559876E-16,-1.,0.));
#13391=DIRECTION('',(1.,1.06581731559876E-16,0.));
#13392=DIRECTION('',(-1.,-1.06581731559876E-16,0.));
#13393=DIRECTION('',(0.,0.,-1.));
#13394=DIRECTION('',(-1.,0.,0.));
#13395=DIRECTION('',(0.,0.,1.));
#13396=DIRECTION('',(1.,0.,0.));
#13397=DIRECTION('',(0.,0.,1.));
#13398=DIRECTION('',(1.,0.,0.));
#13399=DIRECTION('',(0.,0.,1.));
#13400=DIRECTION('',(1.,0.,0.));
#13401=CARTESIAN_POINT('',(0.,0.,0.));
#13402=CARTESIAN_POINT('',(-0.0846,0.0853,0.0207));
#13403=CARTESIAN_POINT('',(-0.0846,0.0853,0.0061));
#13404=CARTESIAN_POINT('',(-0.07085,0.0853,0.0061));
#13405=CARTESIAN_POINT('',(-0.0846,0.0853,0.0177));
#13406=CARTESIAN_POINT('',(-0.07085,0.0853,0.0177));
#13407=CARTESIAN_POINT('',(-0.0846,0.0853,0.0207));
#13408=CARTESIAN_POINT('',(-0.0846,0.0853,0.0207));
#13409=CARTESIAN_POINT('',(-0.0826,0.0853,0.0207));
#13410=CARTESIAN_POINT('',(-0.0846,0.0853,0.0207));
#13411=CARTESIAN_POINT('',(-0.07385,0.0853,0.0207));
#13412=CARTESIAN_POINT('',(-0.0846,0.0853,0.0031));
#13413=CARTESIAN_POINT('',(-0.0846,0.0853,0.0031));
#13414=CARTESIAN_POINT('',(-0.07385,0.0853,0.0031));
#13415=CARTESIAN_POINT('',(-0.0846,0.0853,0.0061));
#13416=CARTESIAN_POINT('',(-0.0846,0.0853,0.0177));
#13417=CARTESIAN_POINT('',(-0.0846,0.0853,0.0257));
#13418=CARTESIAN_POINT('',(-0.0846,0.0853,0.0257));
#13419=CARTESIAN_POINT('',(-0.0826,0.0853,0.0257));
#13420=CARTESIAN_POINT('',(-0.0846,0.0853,0.0257));
#13421=CARTESIAN_POINT('',(-0.0846,0.0853,0.0257));
#13422=CARTESIAN_POINT('',(-0.0831,0.0853,0.0257));
#13423=CARTESIAN_POINT('',(-0.0846,0.0853,0.0332));
#13424=CARTESIAN_POINT('',(-0.0846,0.0853,0.0332));
#13425=CARTESIAN_POINT('',(-0.0831,0.0853,0.0332));
#13426=CARTESIAN_POINT('',(-0.0846,0.0853,0.0332));
#13427=CARTESIAN_POINT('',(0.,0.,0.));
#13428=CARTESIAN_POINT('',(-0.0846,-0.0853,0.0207));
#13429=CARTESIAN_POINT('',(-0.0846,-0.0853,0.0061));
#13430=CARTESIAN_POINT('',(-0.07085,-0.0853,0.0061));
#13431=CARTESIAN_POINT('',(-0.0846,-0.0853,0.0177));
#13432=CARTESIAN_POINT('',(-0.07085,-0.0853,0.0177));
#13433=CARTESIAN_POINT('',(-0.0846,-0.0853,0.0207));
#13434=CARTESIAN_POINT('',(-0.0846,-0.0853,0.0207));
#13435=CARTESIAN_POINT('',(-0.0826,-0.0853,0.0207));
#13436=CARTESIAN_POINT('',(-0.0846,-0.0853,0.0207));
#13437=CARTESIAN_POINT('',(-0.07385,-0.0853,0.0207));
#13438=CARTESIAN_POINT('',(-0.0846,-0.0853,0.0031));
#13439=CARTESIAN_POINT('',(-0.0846,-0.0853,0.0031));
#13440=CARTESIAN_POINT('',(-0.07385,-0.0853,0.0031));
#13441=CARTESIAN_POINT('',(-0.0846,-0.0853,0.0061));
#13442=CARTESIAN_POINT('',(-0.0846,-0.0853,0.0177));
#13443=CARTESIAN_POINT('',(-0.0846,-0.0853,0.0257));
#13444=CARTESIAN_POINT('',(-0.0846,-0.0853,0.0257));
#13445=CARTESIAN_POINT('',(-0.0826,-0.0853,0.0257));
#13446=CARTESIAN_POINT('',(-0.0846,-0.0853,0.0257));
#13447=CARTESIAN_POINT('',(-0.0846,-0.0853,0.0257));
#13448=CARTESIAN_POINT('',(-0.0831,-0.0853,0.0257));
#13449=CARTESIAN_POINT('',(-0.0846,-0.0853,0.0332));
#13450=CARTESIAN_POINT('',(-0.0846,-0.0853,0.0332));
#13451=CARTESIAN_POINT('',(-0.0831,-0.0853,0.0332));
#13452=CARTESIAN_POINT('',(-0.0846,-0.0853,0.0332));
#13453=CARTESIAN_POINT('',(0.,0.,0.));
#13454=CARTESIAN_POINT('',(0.0846,-0.0853,0.0207));
#13455=CARTESIAN_POINT('',(0.0846,-0.0853,0.0061));
#13456=CARTESIAN_POINT('',(0.07085,-0.0853,0.0061));
#13457=CARTESIAN_POINT('',(0.0846,-0.0853,0.0177));
#13458=CARTESIAN_POINT('',(0.07085,-0.0853,0.0177));
#13459=CARTESIAN_POINT('',(0.0846,-0.0853,0.0207));
#13460=CARTESIAN_POINT('',(0.0846,-0.0853,0.0207));
#13461=CARTESIAN_POINT('',(0.0826,-0.0853,0.0207));
#13462=CARTESIAN_POINT('',(0.0846,-0.0853,0.0207));
#13463=CARTESIAN_POINT('',(0.07385,-0.0853,0.0207));
#13464=CARTESIAN_POINT('',(0.0846,-0.0853,0.0031));
#13465=CARTESIAN_POINT('',(0.0846,-0.0853,0.0031));
#13466=CARTESIAN_POINT('',(0.07385,-0.0853,0.0031));
#13467=CARTESIAN_POINT('',(0.0846,-0.0853,0.0061));
#13468=CARTESIAN_POINT('',(0.0846,-0.0853,0.0177));
#13469=CARTESIAN_POINT('',(0.0846,-0.0853,0.0257));
#13470=CARTESIAN_POINT('',(0.0846,-0.0853,0.0257));
#13471=CARTESIAN_POINT('',(0.0826,-0.0853,0.0257));
#13472=CARTESIAN_POINT('',(0.0846,-0.0853,0.0257));
#13473=CARTESIAN_POINT('',(0.0846,-0.0853,0.0257));
#13474=CARTESIAN_POINT('',(0.0831,-0.0853,0.0257));
#13475=CARTESIAN_POINT('',(0.0846,-0.0853,0.0332));
#13476=CARTESIAN_POINT('',(0.0846,-0.0853,0.0332));
#13477=CARTESIAN_POINT('',(0.0831,-0.0853,0.0332));
#13478=CARTESIAN_POINT('',(0.0846,-0.0853,0.0332));
#13479=CARTESIAN_POINT('',(0.,0.,0.));
#13480=CARTESIAN_POINT('',(-0.0371231060122938,0.047729707730092,0.015));
#13481=CARTESIAN_POINT('',(-0.00707106781186548,0.0176776695296637,0.005));
#13482=CARTESIAN_POINT('',(-0.0212047494434976,0.0318113511612958,0.00284223136008552));
#13483=CARTESIAN_POINT('',(-0.0353384310751297,0.0459450327929279,0.000684462720171043));
#13484=CARTESIAN_POINT('',(-0.0460254893316342,0.0566320910494324,4.33680868994202E-19));
#13485=CARTESIAN_POINT('',(-0.00707106781186547,0.0176776695296637,0.005));
#13486=CARTESIAN_POINT('',(-0.0301602925436533,0.0407668942614515,0.00164019343483004));
#13487=CARTESIAN_POINT('',(-0.0554421928387438,0.066048794556542,0.390514671124226));
#13488=CARTESIAN_POINT('',(-0.0554421928387438,0.066048794556542,0.));
#13489=CARTESIAN_POINT('',(-0.0371231060122938,0.047729707730092,0.));
#13490=CARTESIAN_POINT('',(-0.0657056375377276,0.0763122392555258,0.));
#13491=CARTESIAN_POINT('',(-0.0657056375377276,0.0763122392555258,0.015));
#13492=CARTESIAN_POINT('',(-0.0657056375377276,0.0763122392555258,0.015));
#13493=CARTESIAN_POINT('',(-0.0371231060122938,0.047729707730092,0.015));
#13494=CARTESIAN_POINT('',(-0.0143896229971463,0.0249962247149444,0.015));
#13495=CARTESIAN_POINT('',(-0.0143896229971463,0.0249962247149444,0.015));
#13496=CARTESIAN_POINT('',(-0.0143896229971463,0.0249962247149444,0.01));
#13497=CARTESIAN_POINT('',(-0.0371231060122938,0.047729707730092,0.01));
#13498=CARTESIAN_POINT('',(-0.00707106781186551,0.0176776695296637,0.01));
#13499=CARTESIAN_POINT('',(-0.0070710678118655,0.0176776695296637,0.015));
#13500=CARTESIAN_POINT('',(-0.0594391620439662,0.0700457637617643,0.0075));
#13501=CARTESIAN_POINT('',(-0.0594391620439662,0.0700457637617643,0.005));
#13502=CARTESIAN_POINT('',(-0.0594391620439662,0.0700457637617643,0.01));
#13503=CARTESIAN_POINT('',(-0.0371231060122938,0.047729707730092,0.005));
#13504=CARTESIAN_POINT('',(-0.0404401404423286,0.0510467421601268,0.005));
#13505=CARTESIAN_POINT('',(-0.0404401404423286,0.0510467421601268,0.0075));
#13506=CARTESIAN_POINT('',(-0.0404401404423286,0.0510467421601268,0.01));
#13507=CARTESIAN_POINT('',(-0.0371231060122938,0.047729707730092,0.01));
#13508=CARTESIAN_POINT('',(-0.047729707730092,0.0371231060122938,0.015));
#13509=CARTESIAN_POINT('',(-0.047729707730092,0.0371231060122938,0.));
#13510=CARTESIAN_POINT('',(-0.066048794556542,0.0554421928387438,0.));
#13511=CARTESIAN_POINT('',(-0.0763122392555258,0.0657056375377276,0.));
#13512=CARTESIAN_POINT('',(-0.066048794556542,0.0554421928387438,0.390514671124226));
#13513=CARTESIAN_POINT('',(-0.0407668942614516,0.0301602925436533,0.00164019343483004));
#13514=CARTESIAN_POINT('',(-0.0176776695296637,0.00707106781186546,0.005));
#13515=CARTESIAN_POINT('',(-0.0318113511612959,0.0212047494434976,0.00284223136008552));
#13516=CARTESIAN_POINT('',(-0.045945032792928,0.0353384310751297,0.000684462720171043));
#13517=CARTESIAN_POINT('',(-0.0566320910494324,0.0460254893316342,4.33680868994202E-19));
#13518=CARTESIAN_POINT('',(-0.0176776695296637,0.00707106781186546,0.005));
#13519=CARTESIAN_POINT('',(-0.0176776695296637,0.00707106781186546,0.015));
#13520=CARTESIAN_POINT('',(-0.0176776695296637,0.00707106781186546,0.01));
#13521=CARTESIAN_POINT('',(-0.047729707730092,0.0371231060122938,0.01));
#13522=CARTESIAN_POINT('',(-0.0249962247149444,0.0143896229971462,0.01));
#13523=CARTESIAN_POINT('',(-0.0249962247149444,0.0143896229971462,0.015));
#13524=CARTESIAN_POINT('',(-0.0249962247149444,0.0143896229971462,0.015));
#13525=CARTESIAN_POINT('',(-0.047729707730092,0.0371231060122938,0.015));
#13526=CARTESIAN_POINT('',(-0.0763122392555258,0.0657056375377276,0.015));
#13527=CARTESIAN_POINT('',(-0.0763122392555258,0.0657056375377276,0.015));
#13528=CARTESIAN_POINT('',(-0.0585477683583344,0.0479411666405362,0.005));
#13529=CARTESIAN_POINT('',(-0.0700457637617644,0.0594391620439661,0.005));
#13530=CARTESIAN_POINT('',(-0.0510467421601268,0.0404401404423285,0.005));
#13531=CARTESIAN_POINT('',(-0.0700457637617644,0.0594391620439661,0.0075));
#13532=CARTESIAN_POINT('',(-0.0700457637617644,0.0594391620439661,0.01));
#13533=CARTESIAN_POINT('',(-0.0605462529609456,0.0499396512431473,0.01));
#13534=CARTESIAN_POINT('',(-0.0510467421601268,0.0404401404423285,0.01));
#13535=CARTESIAN_POINT('',(-0.0510467421601268,0.0404401404423285,0.0075));
#13536=CARTESIAN_POINT('',(-0.0424264068711928,0.0424264068711928,0.));
#13537=CARTESIAN_POINT('',(-0.0848527606575789,0.0928527606575789,0.));
#13538=CARTESIAN_POINT('',(-0.0864515888415465,0.0929139851473748,0.));
#13539=CARTESIAN_POINT('',(-0.0832539324736113,0.0929139851473748,0.));
#13540=CARTESIAN_POINT('',(-0.0652671154039754,0.0936027606575789,0.));
#13541=CARTESIAN_POINT('',(-0.0832539324736113,0.0942915361677829,0.));
#13542=CARTESIAN_POINT('',(-0.0848527606575789,0.0943527606575789,0.));
#13543=CARTESIAN_POINT('',(-0.0864515888415465,0.0942915361677829,0.));
#13544=CARTESIAN_POINT('',(-0.104438405911182,0.0936027606575789,0.));
#13545=CARTESIAN_POINT('',(-0.0848527606575789,0.0848527606575789,0.));
#13546=CARTESIAN_POINT('',(-0.0888527606575789,0.0848527606575789,0.));
#13547=CARTESIAN_POINT('',(-0.0768527606575789,0.0848527606575789,0.));
#13548=CARTESIAN_POINT('',(-0.076791536167783,0.0832539324736112,0.));
#13549=CARTESIAN_POINT('',(-0.076791536167783,0.0864515888415465,0.));
#13550=CARTESIAN_POINT('',(-0.0761027606575787,0.0652671154039754,0.));
#13551=CARTESIAN_POINT('',(-0.0754139851473748,0.0832539324736113,0.));
#13552=CARTESIAN_POINT('',(-0.0753527606575789,0.0848527606575789,0.));
#13553=CARTESIAN_POINT('',(-0.0754139851473748,0.0864515888415465,0.));
#13554=CARTESIAN_POINT('',(-0.076102760657579,0.104438405911182,0.));
#13555=CARTESIAN_POINT('',(-0.0848527606575789,0.0768527606575789,0.));
#13556=CARTESIAN_POINT('',(-0.0832539324736113,0.076791536167783,0.));
#13557=CARTESIAN_POINT('',(-0.0864515888415465,0.0767915361677829,0.));
#13558=CARTESIAN_POINT('',(-0.104438405911182,0.0761027606575787,0.));
#13559=CARTESIAN_POINT('',(-0.0864515888415465,0.0754139851473748,0.));
#13560=CARTESIAN_POINT('',(-0.0848527606575789,0.0753527606575789,0.));
#13561=CARTESIAN_POINT('',(-0.0832539324736113,0.0754139851473748,0.));
#13562=CARTESIAN_POINT('',(-0.0652671154039754,0.0761027606575791,0.));
#13563=CARTESIAN_POINT('',(-0.0943527606575789,0.0848527606575789,0.));
#13564=CARTESIAN_POINT('',(-0.094291536167783,0.0832539324736112,0.));
#13565=CARTESIAN_POINT('',(-0.094291536167783,0.0864515888415465,0.));
#13566=CARTESIAN_POINT('',(-0.093602760657579,0.0652671154039754,0.));
#13567=CARTESIAN_POINT('',(-0.0929139851473748,0.0832539324736112,0.));
#13568=CARTESIAN_POINT('',(-0.0928527606575789,0.0848527606575789,0.));
#13569=CARTESIAN_POINT('',(-0.0929139851473748,0.0864515888415465,0.));
#13570=CARTESIAN_POINT('',(-0.093602760657579,0.104438405911182,0.));
#13571=CARTESIAN_POINT('',(-0.0607454936976429,0.0607454936976429,0.));
#13572=CARTESIAN_POINT('',(-0.081409661654528,0.0654722152000764,0.));
#13573=CARTESIAN_POINT('',(-0.0865070840535301,0.0652387928624253,0.));
#13574=CARTESIAN_POINT('',(-0.094073055482462,0.0699785401074033,0.));
#13575=CARTESIAN_POINT('',(-0.101639026911394,0.0747182873523812,0.));
#13576=CARTESIAN_POINT('',(-0.101639026911394,0.083766812633644,0.));
#13577=CARTESIAN_POINT('',(-0.101639026911394,0.0928153379149067,0.));
#13578=CARTESIAN_POINT('',(-0.0950212601640285,0.0994331046622721,0.));
#13579=CARTESIAN_POINT('',(-0.0928153379149067,0.101639026911394,0.));
#13580=CARTESIAN_POINT('',(-0.083766812633644,0.101639026911394,0.));
#13581=CARTESIAN_POINT('',(-0.0747182873523813,0.101639026911394,0.));
#13582=CARTESIAN_POINT('',(-0.0699785401074033,0.0940730554824619,0.));
#13583=CARTESIAN_POINT('',(-0.0652387928624253,0.0865070840535301,0.));
#13584=CARTESIAN_POINT('',(-0.0654722152000765,0.0814096616545279,0.));
#13585=CARTESIAN_POINT('',(3.77528505555308E-06,-3.77528505554614E-06,0.01));
#13586=CARTESIAN_POINT('',(-0.021743011748025,0.0164397108891259,0.01));
#13587=CARTESIAN_POINT('',(-0.019593011748025,0.0164397108891259,0.01));
#13588=CARTESIAN_POINT('',(-0.0164402326625873,0.0217435335214863,0.01));
#13589=CARTESIAN_POINT('',(-0.0142902326625873,0.0217435335214863,0.01));
#13590=CARTESIAN_POINT('',(-0.0176776695296637,2.66952966369166E-06,0.01));
#13591=CARTESIAN_POINT('',(-0.0176776695296637,0.0176776695296637,0.01));
#13592=CARTESIAN_POINT('',(-2.66952966369513E-06,0.0176776695296637,0.01));
#13593=CARTESIAN_POINT('',(3.77528505554961E-06,0.0249962247149444,0.01));
#13594=CARTESIAN_POINT('',(-0.0249962247149444,0.0249962247149444,0.01));
#13595=CARTESIAN_POINT('',(-0.0249962247149444,-3.77528505554961E-06,0.01));
#13596=CARTESIAN_POINT('',(-0.0424264068711928,0.0424264068711928,0.015));
#13597=CARTESIAN_POINT('',(3.77528505554961E-06,0.0249962247149444,0.015));
#13598=CARTESIAN_POINT('',(-0.0249962247149444,0.0249962247149444,0.015));
#13599=CARTESIAN_POINT('',(-0.0654722152000765,0.0814096616545279,0.015));
#13600=CARTESIAN_POINT('',(-0.0652387928624253,0.0865070840535301,0.015));
#13601=CARTESIAN_POINT('',(-0.0699785401074033,0.0940730554824619,0.015));
#13602=CARTESIAN_POINT('',(-0.0747182873523813,0.101639026911394,0.015));
#13603=CARTESIAN_POINT('',(-0.083766812633644,0.101639026911394,0.015));
#13604=CARTESIAN_POINT('',(-0.0928153379149067,0.101639026911394,0.015));
#13605=CARTESIAN_POINT('',(-0.0950212601640285,0.0994331046622721,0.015));
#13606=CARTESIAN_POINT('',(-0.101639026911394,0.0928153379149067,0.015));
#13607=CARTESIAN_POINT('',(-0.101639026911394,0.083766812633644,0.015));
#13608=CARTESIAN_POINT('',(-0.101639026911394,0.0747182873523812,0.015));
#13609=CARTESIAN_POINT('',(-0.094073055482462,0.0699785401074033,0.015));
#13610=CARTESIAN_POINT('',(-0.0865070840535301,0.0652387928624253,0.015));
#13611=CARTESIAN_POINT('',(-0.081409661654528,0.0654722152000764,0.015));
#13612=CARTESIAN_POINT('',(-0.0249962247149444,-3.77528505554961E-06,0.015));
#13613=CARTESIAN_POINT('',(-0.0848528137423857,0.0848528137423857,0.015));
#13614=CARTESIAN_POINT('',(-0.0688528137423857,0.0848528137423857,0.015));
#13615=CARTESIAN_POINT('',(-0.0540668225861363,0.0486556212009254,0.015));
#13616=CARTESIAN_POINT('',(-0.0737145390892321,0.0683033377040213,0.015));
#13617=CARTESIAN_POINT('',(-0.0344191060830404,0.0290079046978295,0.015));
#13618=CARTESIAN_POINT('',(-0.069656138050324,0.0723617387429294,0.015));
#13619=CARTESIAN_POINT('',(-0.0683033377040213,0.0737145390892321,0.015));
#13620=CARTESIAN_POINT('',(-0.0486556212009254,0.0540668225861363,0.015));
#13621=CARTESIAN_POINT('',(-0.0290079046978296,0.0344191060830404,0.015));
#13622=CARTESIAN_POINT('',(-0.028265163395813,0.0324500789129913,0.015));
#13623=CARTESIAN_POINT('',(-0.0275224220937964,0.0304810517429423,0.015));
#13624=CARTESIAN_POINT('',(-0.0277750993612646,0.0292544141858375,0.015));
#13625=CARTESIAN_POINT('',(-0.0280277766287327,0.0280277766287327,0.015));
#13626=CARTESIAN_POINT('',(-0.0292544141858375,0.0277750993612646,0.015));
#13627=CARTESIAN_POINT('',(-0.0304810517429423,0.0275224220937964,0.015));
#13628=CARTESIAN_POINT('',(-0.0324500789129913,0.028265163395813,0.015));
#13629=CARTESIAN_POINT('',(-0.0834951645809925,0.0834951645809925,0.004));
#13630=CARTESIAN_POINT('',(-0.0928527606575789,0.0848527606575789,0.004));
#13631=CARTESIAN_POINT('',(-0.0929139851473748,0.0864515888415465,0.004));
#13632=CARTESIAN_POINT('',(-0.0929139851473748,0.0832539324736112,0.004));
#13633=CARTESIAN_POINT('',(-0.093602760657579,0.0652671154039754,0.004));
#13634=CARTESIAN_POINT('',(-0.094291536167783,0.0832539324736112,0.004));
#13635=CARTESIAN_POINT('',(-0.0943527606575789,0.0848527606575789,0.004));
#13636=CARTESIAN_POINT('',(-0.094291536167783,0.0864515888415465,0.004));
#13637=CARTESIAN_POINT('',(-0.093602760657579,0.104438405911182,0.004));
#13638=CARTESIAN_POINT('',(-0.0848527606575789,0.0753527606575789,0.004));
#13639=CARTESIAN_POINT('',(-0.0864515888415465,0.0754139851473748,0.004));
#13640=CARTESIAN_POINT('',(-0.0832539324736113,0.0754139851473748,0.004));
#13641=CARTESIAN_POINT('',(-0.104438405911182,0.0761027606575787,0.004));
#13642=CARTESIAN_POINT('',(-0.0864515888415465,0.0767915361677829,0.004));
#13643=CARTESIAN_POINT('',(-0.0848527606575789,0.0768527606575789,0.004));
#13644=CARTESIAN_POINT('',(-0.0832539324736113,0.076791536167783,0.004));
#13645=CARTESIAN_POINT('',(-0.0652671154039754,0.0761027606575791,0.004));
#13646=CARTESIAN_POINT('',(-0.0753527606575789,0.0848527606575789,0.004));
#13647=CARTESIAN_POINT('',(-0.0754139851473748,0.0864515888415465,0.004));
#13648=CARTESIAN_POINT('',(-0.0754139851473748,0.0832539324736113,0.004));
#13649=CARTESIAN_POINT('',(-0.0761027606575787,0.0652671154039754,0.004));
#13650=CARTESIAN_POINT('',(-0.076791536167783,0.0832539324736112,0.004));
#13651=CARTESIAN_POINT('',(-0.0768527606575789,0.0848527606575789,0.004));
#13652=CARTESIAN_POINT('',(-0.076791536167783,0.0864515888415465,0.004));
#13653=CARTESIAN_POINT('',(-0.076102760657579,0.104438405911182,0.004));
#13654=CARTESIAN_POINT('',(-0.0848527606575789,0.0848527606575789,0.004));
#13655=CARTESIAN_POINT('',(-0.0888527606575789,0.0848527606575789,0.004));
#13656=CARTESIAN_POINT('',(-0.0848528137423857,0.0848528137423857,0.004));
#13657=CARTESIAN_POINT('',(-0.100852813742386,0.0848528137423857,0.004));
#13658=CARTESIAN_POINT('',(-0.0848527606575789,0.0943527606575789,0.004));
#13659=CARTESIAN_POINT('',(-0.0832539324736113,0.0942915361677829,0.004));
#13660=CARTESIAN_POINT('',(-0.0864515888415465,0.0942915361677829,0.004));
#13661=CARTESIAN_POINT('',(-0.0652671154039754,0.0936027606575789,0.004));
#13662=CARTESIAN_POINT('',(-0.0832539324736113,0.0929139851473748,0.004));
#13663=CARTESIAN_POINT('',(-0.0848527606575789,0.0928527606575789,0.004));
#13664=CARTESIAN_POINT('',(-0.0864515888415465,0.0929139851473748,0.004));
#13665=CARTESIAN_POINT('',(-0.104438405911182,0.0936027606575789,0.004));
#13666=CARTESIAN_POINT('',(-0.0848528137423857,0.0848528137423857,0.015));
#13667=CARTESIAN_POINT('',(-0.101639026911394,0.083766812633644,0.015));
#13668=CARTESIAN_POINT('',(-0.101639026911394,0.0747182873523812,0.015));
#13669=CARTESIAN_POINT('',(-0.101639026911394,0.0928153379149067,0.015));
#13670=CARTESIAN_POINT('',(-0.094073055482462,0.0699785401074033,0.015));
#13671=CARTESIAN_POINT('',(-0.0865070840535301,0.0652387928624253,0.015));
#13672=CARTESIAN_POINT('',(-0.081409661654528,0.0654722152000764,0.015));
#13673=CARTESIAN_POINT('',(-0.0654722152000765,0.0814096616545279,0.015));
#13674=CARTESIAN_POINT('',(-0.0652387928624253,0.0865070840535301,0.015));
#13675=CARTESIAN_POINT('',(-0.0699785401074033,0.0940730554824619,0.015));
#13676=CARTESIAN_POINT('',(-0.0747182873523813,0.101639026911394,0.015));
#13677=CARTESIAN_POINT('',(-0.083766812633644,0.101639026911394,0.015));
#13678=CARTESIAN_POINT('',(-0.0928153379149067,0.101639026911394,0.015));
#13679=CARTESIAN_POINT('',(-0.0950212601640285,0.0994331046622721,0.015));
#13680=CARTESIAN_POINT('',(-0.0848527606575789,0.0848527606575789,0.0059));
#13681=CARTESIAN_POINT('',(-0.0768527606575789,0.0848527606575789,0.0059));
#13682=CARTESIAN_POINT('',(-0.076791536167783,0.0832539324736112,0.0059));
#13683=CARTESIAN_POINT('',(-0.076791536167783,0.0864515888415465,0.0059));
#13684=CARTESIAN_POINT('',(-0.0753527606575789,0.0848527606575789,0.0059));
#13685=CARTESIAN_POINT('',(-0.0754139851473748,0.0832539324736113,0.0059));
#13686=CARTESIAN_POINT('',(-0.0754139851473748,0.0864515888415465,0.0059));
#13687=CARTESIAN_POINT('',(-0.0848527606575789,0.0768527606575789,0.0059));
#13688=CARTESIAN_POINT('',(-0.0864515888415465,0.0767915361677829,0.0059));
#13689=CARTESIAN_POINT('',(-0.0832539324736113,0.076791536167783,0.0059));
#13690=CARTESIAN_POINT('',(-0.0848527606575789,0.0753527606575789,0.0059));
#13691=CARTESIAN_POINT('',(-0.0864515888415465,0.0754139851473748,0.0059));
#13692=CARTESIAN_POINT('',(-0.0832539324736113,0.0754139851473748,0.0059));
#13693=CARTESIAN_POINT('',(-0.0848527606575789,0.0928527606575789,0.0059));
#13694=CARTESIAN_POINT('',(-0.0832539324736113,0.0929139851473748,0.0059));
#13695=CARTESIAN_POINT('',(-0.0864515888415465,0.0929139851473748,0.0059));
#13696=CARTESIAN_POINT('',(-0.0848527606575789,0.0943527606575789,0.0059));
#13697=CARTESIAN_POINT('',(-0.0832539324736113,0.0942915361677829,0.0059));
#13698=CARTESIAN_POINT('',(-0.0864515888415465,0.0942915361677829,0.0059));
#13699=CARTESIAN_POINT('',(-0.0928527606575789,0.0848527606575789,0.0059));
#13700=CARTESIAN_POINT('',(-0.0929139851473748,0.0832539324736112,0.0059));
#13701=CARTESIAN_POINT('',(-0.0929139851473748,0.0864515888415465,0.0059));
#13702=CARTESIAN_POINT('',(-0.0943527606575789,0.0848527606575789,0.0059));
#13703=CARTESIAN_POINT('',(-0.094291536167783,0.0832539324736112,0.0059));
#13704=CARTESIAN_POINT('',(-0.094291536167783,0.0864515888415465,0.0059));
#13705=CARTESIAN_POINT('',(-0.104438405911182,0.0761027606575787,0.0059));
#13706=CARTESIAN_POINT('',(-0.0652671154039754,0.0761027606575791,0.0059));
#13707=CARTESIAN_POINT('',(-0.0761027606575787,0.0652671154039754,0.0059));
#13708=CARTESIAN_POINT('',(-0.076102760657579,0.104438405911182,0.0059));
#13709=CARTESIAN_POINT('',(-0.0652671154039754,0.0936027606575789,0.0059));
#13710=CARTESIAN_POINT('',(-0.104438405911182,0.0936027606575789,0.0059));
#13711=CARTESIAN_POINT('',(-0.093602760657579,0.0652671154039754,0.0059));
#13712=CARTESIAN_POINT('',(-0.093602760657579,0.104438405911182,0.0059));
#13713=CARTESIAN_POINT('',(-0.069656138050324,0.0723617387429294,0.012));
#13714=CARTESIAN_POINT('',(-0.0737145390892321,0.0683033377040213,0.012));
#13715=CARTESIAN_POINT('',(-0.0737145390892321,0.0683033377040213,0.012));
#13716=CARTESIAN_POINT('',(-0.069656138050324,0.0723617387429294,0.012));
#13717=CARTESIAN_POINT('',(-0.0683033377040213,0.0737145390892321,0.012));
#13718=CARTESIAN_POINT('',(-0.0683033377040213,0.0737145390892321,0.012));
#13719=CARTESIAN_POINT('',(-0.0540668225861363,0.0486556212009254,0.012));
#13720=CARTESIAN_POINT('',(-0.0344191060830404,0.0290079046978295,0.012));
#13721=CARTESIAN_POINT('',(-0.0344191060830404,0.0290079046978295,0.012));
#13722=CARTESIAN_POINT('',(-0.0540668225861363,0.0486556212009254,0.012));
#13723=CARTESIAN_POINT('',(-0.0324500789129913,0.028265163395813,0.012));
#13724=CARTESIAN_POINT('',(-0.0304810517429423,0.0275224220937964,0.012));
#13725=CARTESIAN_POINT('',(-0.0304810517429423,0.0275224220937964,0.012));
#13726=CARTESIAN_POINT('',(-0.0324500789129913,0.028265163395813,0.012));
#13727=CARTESIAN_POINT('',(-0.0292544141858375,0.0277750993612646,0.012));
#13728=CARTESIAN_POINT('',(-0.0280277766287327,0.0280277766287327,0.012));
#13729=CARTESIAN_POINT('',(-0.0280277766287327,0.0280277766287327,0.012));
#13730=CARTESIAN_POINT('',(-0.0292544141858375,0.0277750993612646,0.012));
#13731=CARTESIAN_POINT('',(-0.0277750993612646,0.0292544141858375,0.012));
#13732=CARTESIAN_POINT('',(-0.0275224220937964,0.0304810517429423,0.012));
#13733=CARTESIAN_POINT('',(-0.0275224220937964,0.0304810517429423,0.012));
#13734=CARTESIAN_POINT('',(-0.0277750993612646,0.0292544141858375,0.012));
#13735=CARTESIAN_POINT('',(-0.028265163395813,0.0324500789129913,0.012));
#13736=CARTESIAN_POINT('',(-0.0290079046978296,0.0344191060830404,0.012));
#13737=CARTESIAN_POINT('',(-0.0290079046978296,0.0344191060830404,0.012));
#13738=CARTESIAN_POINT('',(-0.028265163395813,0.0324500789129913,0.012));
#13739=CARTESIAN_POINT('',(-0.0486556212009254,0.0540668225861363,0.012));
#13740=CARTESIAN_POINT('',(-0.0486556212009254,0.0540668225861363,0.012));
#13741=CARTESIAN_POINT('',(-0.0509295225591055,0.0509295225591054,0.012));
#13742=CARTESIAN_POINT('',(3.77528505554961E-06,0.0249962247149444,0.01));
#13743=CARTESIAN_POINT('',(-0.0249962247149444,0.0249962247149444,0.01));
#13744=CARTESIAN_POINT('',(-0.0249962247149444,-3.77528505554961E-06,0.01));
#13745=CARTESIAN_POINT('',(-2.66952966369513E-06,0.0176776695296637,-0.015));
#13746=CARTESIAN_POINT('',(-0.00707106781186549,0.0176776695296637,0.005));
#13747=CARTESIAN_POINT('',(-0.0106065547656223,0.0176776695296637,0.00473012117173456));
#13748=CARTESIAN_POINT('',(-0.0141420413550885,0.0176776695296637,0.00446023756017028));
#13749=CARTESIAN_POINT('',(-0.0176776695296637,0.0176776695296637,0.00419221302396336));
#13750=CARTESIAN_POINT('',(-0.0176776695296637,0.0176776695296637,0.00419221302396335));
#13751=CARTESIAN_POINT('',(-0.0176776695296637,0.0176776695296637,-0.015));
#13752=CARTESIAN_POINT('',(-0.0176776695296637,2.66952966369166E-06,-0.015));
#13753=CARTESIAN_POINT('',(-0.0176776695296637,0.00707106781186546,0.005));
#13754=CARTESIAN_POINT('',(-0.0176776695296637,0.0106065547656223,0.00473012117173456));
#13755=CARTESIAN_POINT('',(-0.0176776695296637,0.0141420413550885,0.00446023756017028));
#13756=CARTESIAN_POINT('',(-0.0176776695296637,0.0176776695296637,0.00419221302396335));
#13757=CARTESIAN_POINT('',(-0.00707106781186547,0.0176776695296637,0.005));
#13758=CARTESIAN_POINT('',(-0.0176776695296638,0.0070710678118654,0.005));
#13759=CARTESIAN_POINT('',(-0.014967857938105,0.0255744596559032,0.00379440852465146));
#13760=CARTESIAN_POINT('',(-0.0255744596559033,0.014967857938105,0.00379440852465146));
#13761=CARTESIAN_POINT('',(-0.0228646480643446,0.0334712497821428,0.00258881704930291));
#13762=CARTESIAN_POINT('',(-0.0334712497821428,0.0228646480643445,0.00258881704930291));
#13763=CARTESIAN_POINT('',(-0.0301602925478483,0.0407668942656465,0.00164019343428457));
#13764=CARTESIAN_POINT('',(-0.0407668942656466,0.0301602925478483,0.00164019343428457));
#13765=CARTESIAN_POINT('',(-0.019635033356682,0.0153248781714994,0.00422219712512237));
#13766=CARTESIAN_POINT('',(-0.0194674497450642,0.0171438247119525,0.00409698948225314));
#13767=CARTESIAN_POINT('',(-0.0206271716217983,0.0185430960568954,0.00390368991101952));
#13768=CARTESIAN_POINT('',(-0.0224386415636537,0.018718924975491,0.00375433978016838));
#13769=CARTESIAN_POINT('',(-0.0238505219921949,0.0175550072450136,0.00373575858418754));
#13770=CARTESIAN_POINT('',(-0.0240181998336785,0.0157350728758891,0.00385979911845041));
#13771=CARTESIAN_POINT('',(-0.0228608660194144,0.0143381218851946,0.00405251048826755));
#13772=CARTESIAN_POINT('',(-0.0210496530335371,0.014159119982963,0.00420330864349242));
#13773=CARTESIAN_POINT('',(-0.019635033356682,0.0153248781714994,0.00422219712512237));
#13774=CARTESIAN_POINT('',(-0.0194674497450642,0.0171438247119525,0.00409698948225314));
#13775=CARTESIAN_POINT('',(-0.0206271716217983,0.0185430960568954,0.00390368991101952));
#13776=CARTESIAN_POINT('',(-0.0196886673264562,0.0170738788460341,0.00408564082752574));
#13777=CARTESIAN_POINT('',(-0.014757887890005,0.020053015593028,0.00423350991676952));
#13778=CARTESIAN_POINT('',(-0.014057092900802,0.0217458529996785,0.00415823813943858));
#13779=CARTESIAN_POINT('',(-0.0147551364823104,0.0234247735371758,0.00397838072402952));
#13780=CARTESIAN_POINT('',(-0.016429850915559,0.0241256862890289,0.00379950378701435));
#13781=CARTESIAN_POINT('',(-0.0181228024985452,0.0234336072146283,0.00372445886836368));
#13782=CARTESIAN_POINT('',(-0.0188227912899517,0.0217419442937615,0.00379881310493081));
#13783=CARTESIAN_POINT('',(-0.0181274274781743,0.0200644692810598,0.00397747579573695));
#13784=CARTESIAN_POINT('',(-0.0164517749037227,0.0193609542860846,0.00415749646526675));
#13785=CARTESIAN_POINT('',(-0.014757887890005,0.020053015593028,0.00423350991676952));
#13786=CARTESIAN_POINT('',(-0.014057092900802,0.0217458529996785,0.00415823813943858));
#13787=CARTESIAN_POINT('',(-0.0147551364823104,0.0234247735371758,0.00397838072402952));
#13788=CARTESIAN_POINT('',(-0.0142902326625872,0.0217435335214863,0.00414080719975889));
#13789=CARTESIAN_POINT('',(-0.0407668942614516,0.0301602925436533,0.00164019343483004));
#13790=CARTESIAN_POINT('',(-0.0607454936976429,0.0607454936976429,0.390514671124226));
#13791=CARTESIAN_POINT('',(-0.0408700988286708,0.0656188361701999,0.005));
#13792=CARTESIAN_POINT('',(-0.0523680942321007,0.0771168315736298,0.005));
#13793=CARTESIAN_POINT('',(-0.0333690726304631,0.0581178099719922,0.005));
#13794=CARTESIAN_POINT('',(-0.0333690726304631,0.0581178099719922,0.0075));
#13795=CARTESIAN_POINT('',(-0.0333690726304631,0.0581178099719922,0.01));
#13796=CARTESIAN_POINT('',(-0.0428685834312819,0.067617320772811,0.01));
#13797=CARTESIAN_POINT('',(-0.0523680942321007,0.0771168315736298,0.01));
#13798=CARTESIAN_POINT('',(-0.0523680942321007,0.0771168315736298,0.0075));
#13799=CARTESIAN_POINT('',(-0.0164402326625873,0.0217435335214863,-0.015));
#13800=CARTESIAN_POINT('',(-0.021743011748025,0.0164397108891259,-0.015));
#13801=CARTESIAN_POINT('',(0.,0.,0.));
#13802=CARTESIAN_POINT('',(0.0846,0.0853,0.0207));
#13803=CARTESIAN_POINT('',(0.0846,0.0853,0.0061));
#13804=CARTESIAN_POINT('',(0.07085,0.0853,0.0061));
#13805=CARTESIAN_POINT('',(0.0846,0.0853,0.0177));
#13806=CARTESIAN_POINT('',(0.07085,0.0853,0.0177));
#13807=CARTESIAN_POINT('',(0.0846,0.0853,0.0207));
#13808=CARTESIAN_POINT('',(0.0846,0.0853,0.0207));
#13809=CARTESIAN_POINT('',(0.0826,0.0853,0.0207));
#13810=CARTESIAN_POINT('',(0.0846,0.0853,0.0207));
#13811=CARTESIAN_POINT('',(0.07385,0.0853,0.0207));
#13812=CARTESIAN_POINT('',(0.0846,0.0853,0.0031));
#13813=CARTESIAN_POINT('',(0.0846,0.0853,0.0031));
#13814=CARTESIAN_POINT('',(0.07385,0.0853,0.0031));
#13815=CARTESIAN_POINT('',(0.0846,0.0853,0.0061));
#13816=CARTESIAN_POINT('',(0.0846,0.0853,0.0177));
#13817=CARTESIAN_POINT('',(0.0846,0.0853,0.0257));
#13818=CARTESIAN_POINT('',(0.0846,0.0853,0.0257));
#13819=CARTESIAN_POINT('',(0.0826,0.0853,0.0257));
#13820=CARTESIAN_POINT('',(0.0846,0.0853,0.0257));
#13821=CARTESIAN_POINT('',(0.0846,0.0853,0.0257));
#13822=CARTESIAN_POINT('',(0.0831,0.0853,0.0257));
#13823=CARTESIAN_POINT('',(0.0846,0.0853,0.0332));
#13824=CARTESIAN_POINT('',(0.0846,0.0853,0.0332));
#13825=CARTESIAN_POINT('',(0.0831,0.0853,0.0332));
#13826=CARTESIAN_POINT('',(0.0846,0.0853,0.0332));
#13827=CARTESIAN_POINT('',(0.,0.,0.));
#13828=CARTESIAN_POINT('',(-0.08451,0.0856,0.033));
#13829=CARTESIAN_POINT('',(-0.08451,0.0856,0.0292087405829074));
#13830=CARTESIAN_POINT('',(-0.0858090381056767,0.08485,0.0295995408406154));
#13831=CARTESIAN_POINT('',(-0.08376,0.0868990381056767,0.0287574833149333));
#13832=CARTESIAN_POINT('',(-0.08451,0.0856,0.0292087405829074));
#13833=CARTESIAN_POINT('',(-0.08376,0.0843009618943234,0.0289831119489204));
#13834=CARTESIAN_POINT('',(-0.08376,0.0843009618943234,0.033));
#13835=CARTESIAN_POINT('',(-0.08376,0.0843009618943234,0.0287574833149333));
#13836=CARTESIAN_POINT('',(-0.08451,0.0856,0.0292087405829074));
#13837=CARTESIAN_POINT('',(-0.0832109618943234,0.08485,0.0288179403251995));
#13838=CARTESIAN_POINT('',(-0.08451,0.0856,0.0292087405829074));
#13839=CARTESIAN_POINT('',(-0.08301,0.0856,0.0287574833149333));
#13840=CARTESIAN_POINT('',(-0.08301,0.0856,0.033));
#13841=CARTESIAN_POINT('',(-0.08301,0.0856,0.0289831119489204));
#13842=CARTESIAN_POINT('',(-0.08451,0.0856,0.0292087405829074));
#13843=CARTESIAN_POINT('',(-0.08376,0.0868990381056767,0.0294343692168945));
#13844=CARTESIAN_POINT('',(-0.08376,0.0868990381056767,0.033));
#13845=CARTESIAN_POINT('',(-0.08451,0.0856,0.028));
#13846=CARTESIAN_POINT('',(-0.08301,0.0856,0.028));
#13847=CARTESIAN_POINT('',(-0.08451,0.0856,0.033));
#13848=CARTESIAN_POINT('',(-0.08451,0.0856,0.028));
#13849=CARTESIAN_POINT('',(-0.08051,0.0856,0.028));
#13850=CARTESIAN_POINT('',(-0.08451,0.0856,0.033));
#13851=CARTESIAN_POINT('',(-0.08051,0.0856,0.033));
#13852=CARTESIAN_POINT('',(-0.08051,0.0856,0.033));
#13853=CARTESIAN_POINT('',(-0.08051,0.0856,0.0280053878683098));
#13854=CARTESIAN_POINT('',(-0.08051,0.0856,0.0286070642256086));
#13855=CARTESIAN_POINT('',(-0.08451,0.0856,0.0292087405829074));
#13856=CARTESIAN_POINT('',(-0.0810458983848623,0.0836,0.0281666065623529));
#13857=CARTESIAN_POINT('',(-0.08451,0.0856,0.0292087405829074));
#13858=CARTESIAN_POINT('',(-0.08251,0.0821358983848623,0.0280053878683098));
#13859=CARTESIAN_POINT('',(-0.08251,0.0821358983848623,0.033));
#13860=CARTESIAN_POINT('',(-0.08251,0.0821358983848623,0.0286070642256086));
#13861=CARTESIAN_POINT('',(-0.08451,0.0856,0.0292087405829074));
#13862=CARTESIAN_POINT('',(-0.0879741016151378,0.0836,0.030250874603462));
#13863=CARTESIAN_POINT('',(-0.08451,0.0856,0.0292087405829074));
#13864=CARTESIAN_POINT('',(-0.08251,0.0890641016151378,0.0280053878683098));
#13865=CARTESIAN_POINT('',(-0.08251,0.0890641016151378,0.033));
#13866=CARTESIAN_POINT('',(-0.08251,0.0890641016151378,0.0294404283721476));
#13867=CARTESIAN_POINT('',(-0.08451,0.0856,0.0312146295508911));
#13868=CARTESIAN_POINT('',(-0.0884991822812713,0.085306019172749,0.0322122566663278));
#13869=CARTESIAN_POINT('',(-0.08451,0.0856,-0.305642970579299));
#13870=CARTESIAN_POINT('',(-0.0885083429014683,0.0854848737984721,0.0329880957230925));
#13871=CARTESIAN_POINT('',(-0.08451,0.0856,0.0312146295508911));
#13872=CARTESIAN_POINT('',(-0.0879741016151378,0.0836,0.0327511328431073));
#13873=CARTESIAN_POINT('',(-0.08451,0.0856,0.0312146295508911));
#13874=CARTESIAN_POINT('',(-0.0866088736658985,0.0821948965750512,0.0329880957230925));
#13875=CARTESIAN_POINT('',(-0.08451,0.0856,-0.305642970579298));
#13876=CARTESIAN_POINT('',(-0.0867591860052606,0.0822922572177179,0.0322122566663278));
#13877=CARTESIAN_POINT('',(-0.08451,0.0856,0.0312146295508911));
#13878=CARTESIAN_POINT('',(-0.0810458983848623,0.0836,0.0296781262586749));
#13879=CARTESIAN_POINT('',(-0.08451,0.0856,0.0312146295508911));
#13880=CARTESIAN_POINT('',(-0.0864094692355698,0.0891202296264766,0.0329880957230925));
#13881=CARTESIAN_POINT('',(-0.08451,0.0856,-0.305642970579298));
#13882=CARTESIAN_POINT('',(-0.0860553331398598,0.0892894370148915,0.0304024101439863));
#13883=CARTESIAN_POINT('',(-0.08451,0.0856,0.0292087405829074));
#13884=CARTESIAN_POINT('',(-0.08451,0.0856,0.033));
#13885=CARTESIAN_POINT('',(-0.08451,0.0856,0.0312146295508911));
#13886=CARTESIAN_POINT('',(-0.0832109618943234,0.08485,0.03063844081631));
#13887=CARTESIAN_POINT('',(-0.08526,0.0868990381056767,0.0318799549929199));
#13888=CARTESIAN_POINT('',(-0.08451,0.0856,0.0312146295508911));
#13889=CARTESIAN_POINT('',(-0.08526,0.0843009618943234,0.0315472922719055));
#13890=CARTESIAN_POINT('',(-0.08526,0.0843009618943234,0.033));
#13891=CARTESIAN_POINT('',(-0.08526,0.0843009618943234,0.0318799549929199));
#13892=CARTESIAN_POINT('',(-0.08451,0.0856,0.0312146295508911));
#13893=CARTESIAN_POINT('',(-0.0858090381056767,0.08485,0.0317908182854722));
#13894=CARTESIAN_POINT('',(-0.08451,0.0856,0.0312146295508911));
#13895=CARTESIAN_POINT('',(-0.08601,0.0856,0.0318799549929199));
#13896=CARTESIAN_POINT('',(-0.08601,0.0856,0.033));
#13897=CARTESIAN_POINT('',(-0.08601,0.0856,0.0315472922719055));
#13898=CARTESIAN_POINT('',(-0.08451,0.0856,0.0312146295508911));
#13899=CARTESIAN_POINT('',(-0.08526,0.0868990381056767,0.0308819668298767));
#13900=CARTESIAN_POINT('',(-0.08526,0.0868990381056767,0.033));
#13901=CARTESIAN_POINT('',(-0.08451,0.0856,0.033));
#13902=CARTESIAN_POINT('',(-0.08301,0.0856,0.033));
#13903=CARTESIAN_POINT('',(-0.08451,0.0856,0.033));
#13904=CARTESIAN_POINT('',(-0.08451,0.0856,0.028));
#13905=CARTESIAN_POINT('',(-0.0845002166891843,0.0221,0.0312102901604958));
#13906=CARTESIAN_POINT('',(-0.0885083429014683,0.0221,0.0329880957230925));
#13907=CARTESIAN_POINT('',(-0.0885083429014683,0.0832915556495249,0.0329880957230925));
#13908=CARTESIAN_POINT('',(-0.10846317163273,0.071770629909898,0.0418390658872501));
#13909=CARTESIAN_POINT('',(-0.0884930778259784,0.0221,0.0316952529335394));
#13910=CARTESIAN_POINT('',(-0.0887486874044685,0.0304386675382394,0.0533435573071895));
#13911=CARTESIAN_POINT('',(-0.139497721484904,0.1173584725957,0.0312102901604958));
#13912=CARTESIAN_POINT('',(-0.141501784591046,0.113887333474287,0.0329880957230925));
#13913=CARTESIAN_POINT('',(-0.141494152053301,0.113900553417452,0.0316952529335394));
#13914=CARTESIAN_POINT('',(-0.0624069949551723,0.0683797795090689,0.0214108351498142));
#13915=CARTESIAN_POINT('',(-0.0295048626665354,0.117328307461136,0.0292012050719932));
#13916=CARTESIAN_POINT('',(-0.0587422618977631,0.0707229894702657,0.0214568211843153));
#13917=CARTESIAN_POINT('',(-0.0804920904769003,0.0832802588552589,0.028));
#13918=CARTESIAN_POINT('',(-0.0275084320981383,0.113870388282888,0.028));
#13919=CARTESIAN_POINT('',(-0.0825010452384502,0.0821203882828883,0.028));
#13920=CARTESIAN_POINT('',(-0.0844974758068472,0.0855783074611356,0.0292012050719932));
#13921=CARTESIAN_POINT('',(-0.0275084320981383,0.113870388282888,0.0287162422989495));
#13922=CARTESIAN_POINT('',(-0.10835811024498,0.0671918048409145,0.0363831626332378));
#13923=CARTESIAN_POINT('',(-0.0825010452384502,0.0821203882828883,0.0286043702914538));
#13924=CARTESIAN_POINT('',(-0.0825010452384502,0.0821203882828883,0.0287162422989495));
#13925=CARTESIAN_POINT('',(-0.0844849516136945,0.0221,0.0292012050719932));
#13926=CARTESIAN_POINT('',(-0.0844849516136945,0.0856,0.0292012050719932));
#13927=CARTESIAN_POINT('',(-0.0804920904769004,0.0856,0.028));
#13928=CARTESIAN_POINT('',(-0.0804920904769004,0.0221,0.028));
#13929=CARTESIAN_POINT('',(-0.0804920904769004,0.0221,0.0287162422989495));
#13930=CARTESIAN_POINT('',(-0.0804920904769004,0.0261635559578736,0.0131191851921821));
#13931=CARTESIAN_POINT('',(-0.0804920904769004,0.0856,0.0286043702914538));
#13932=CARTESIAN_POINT('',(-0.0804920904769004,0.0856,0.0287162422989495));
#13933=CARTESIAN_POINT('',(-0.0295124952042803,0.1173415274043,0.0312102901604958));
#13934=CARTESIAN_POINT('',(-0.0605415244305939,0.0717617941779384,0.0205834051489096));
#13935=CARTESIAN_POINT('',(-0.0804920904769004,0.0832802588552589,0.029432484597899));
#13936=CARTESIAN_POINT('',(-0.0275084320981383,0.113870388282888,0.029432484597899));
#13937=CARTESIAN_POINT('',(-0.0419099532879243,0.105555666147225,0.029432484597899));
#13938=CARTESIAN_POINT('',(-0.0402919331935359,0.102753173136077,0.0279971380185517));
#13939=CARTESIAN_POINT('',(-0.04191973659874,0.105572611338624,0.0294411633786896));
#13940=CARTESIAN_POINT('',(-0.0295408322518707,0.117336463794667,0.0312146295501825));
#13941=CARTESIAN_POINT('',(-0.0333233766340812,0.112849541746437,0.0303299612631225));
#13942=CARTESIAN_POINT('',(-0.0371075989475105,0.108365380663947,0.0294467256577434));
#13943=CARTESIAN_POINT('',(-0.0419197365987399,0.105572611338624,0.0294411633786896));
#13944=CARTESIAN_POINT('',(-0.0295408322518707,0.117336463794667,0.0312146295501825));
#13945=CARTESIAN_POINT('',(-0.0295408322345238,0.11733646380082,0.0312146295486986));
#13946=CARTESIAN_POINT('',(-0.0353178929105157,0.116304145297876,0.0320992978367289));
#13947=CARTESIAN_POINT('',(-0.0410934014866801,0.115268993182889,0.0329825334440327));
#13948=CARTESIAN_POINT('',(-0.0459180795002083,0.11249794439005,0.0329880957230925));
#13949=CARTESIAN_POINT('',(-0.0459180795002083,0.11249794439005,0.0329880957230925));
#13950=CARTESIAN_POINT('',(-0.0315165583104223,0.120812666525713,0.0329880957230925));
#13951=CARTESIAN_POINT('',(-0.0315089257726774,0.120799446582548,0.0316952529335394));
#13952=CARTESIAN_POINT('',(-0.0459180704007222,0.112497949629975,0.0329880957178433));
#13953=CARTESIAN_POINT('',(-0.0447766396015215,0.113156848547496,0.0329802871637653));
#13954=CARTESIAN_POINT('',(-0.0425667862352128,0.114424538208027,0.0323810640004181));
#13955=CARTESIAN_POINT('',(-0.0405648456071543,0.115563082324223,0.0311138742780641));
#13956=CARTESIAN_POINT('',(-0.0396095367894488,0.116104930040528,0.0304024101439863));
#13957=CARTESIAN_POINT('',(-0.0396095367894487,0.116104930040528,0.0304024101439863));
#13958=CARTESIAN_POINT('',(-0.0315012932349324,0.120786226639383,0.0304024101439863));
#13959=CARTESIAN_POINT('',(-0.0295048626665354,0.117328307461136,0.0292012050719932));
#13960=CARTESIAN_POINT('',(-0.0396095367894487,0.116104930040528,0.0304024101439863));
#13961=CARTESIAN_POINT('',(-0.0364301083082534,0.116981394142971,0.0301525116720096));
#13962=CARTESIAN_POINT('',(-0.0331784901081827,0.117495586025396,0.0297973704369654));
#13963=CARTESIAN_POINT('',(-0.0299333166647334,0.118016266775122,0.0294448891836854));
#13964=CARTESIAN_POINT('',(-0.0299333166821737,0.118016266769132,0.029444889184748));
#13965=CARTESIAN_POINT('',(-0.0422005716207869,0.106059031865354,0.028174858179881));
#13966=CARTESIAN_POINT('',(-0.0397024716112619,0.107509248082898,0.0281769261657719));
#13967=CARTESIAN_POINT('',(-0.0353506697707759,0.111338659353845,0.0285200220370416));
#13968=CARTESIAN_POINT('',(-0.0317405372784117,0.115793694314714,0.0291376750690689));
#13969=CARTESIAN_POINT('',(-0.0299333166821737,0.118016266769132,0.029444889184748));
#13970=CARTESIAN_POINT('',(-0.0422005716207869,0.106059031865354,0.028174858179881));
#13971=CARTESIAN_POINT('',(-0.0439063838563213,0.109013585325472,0.0292012050719932));
#13972=CARTESIAN_POINT('',(-0.0419099532879243,0.105555666147225,0.028));
#13973=CARTESIAN_POINT('',(-0.0275084320981383,0.113870388282888,0.028));
#13974=CARTESIAN_POINT('',(-0.0846894903093134,0.0856,0.029235739351777));
#13975=CARTESIAN_POINT('',(-0.0275084320981383,0.113870388282888,0.0287162422989495));
#13976=CARTESIAN_POINT('',(-0.0804920904769004,0.0832802588552589,0.0287162422989495));
#13977=CARTESIAN_POINT('',(-0.0419099532879243,0.105555666147225,0.0287162422989495));
#13978=CARTESIAN_POINT('',(-0.0299356715887555,0.118020345586979,0.0294342707425554));
#13979=CARTESIAN_POINT('',(-0.0295408322518707,0.117336463794668,0.0312146295501826));
#13980=CARTESIAN_POINT('',(-0.033718215970966,0.113533423538748,0.0285496024554954));
#13981=CARTESIAN_POINT('',(-0.0333233766340812,0.112849541746437,0.0303299612631225));
#13982=CARTESIAN_POINT('',(-0.0375024382843952,0.109049262456258,0.0276663668501164));
#13983=CARTESIAN_POINT('',(-0.0371075989475104,0.108365380663947,0.0294467256577435));
#13984=CARTESIAN_POINT('',(-0.0423145759356248,0.106256493130936,0.0276608045710626));
#13985=CARTESIAN_POINT('',(-0.0419197365987399,0.105572611338624,0.0294411633786897));
#13986=CARTESIAN_POINT('',(-0.0469879343348294,0.114350987320337,0.00658829732579395));
#13987=CARTESIAN_POINT('',(-0.0346090299879602,0.12611483977638,0.00836176349728683));
#13988=CARTESIAN_POINT('',(-0.0300203530382158,0.1181670181961,0.0290524359510975));
#13989=CARTESIAN_POINT('',(-0.0295408322345238,0.11733646380082,0.0312146295486987));
#13990=CARTESIAN_POINT('',(-0.0357974137142076,0.117134699693157,0.0299371042391277));
#13991=CARTESIAN_POINT('',(-0.0353178929105156,0.116304145297876,0.0320992978367289));
#13992=CARTESIAN_POINT('',(-0.0415729222903721,0.11609954757817,0.0308203398464315));
#13993=CARTESIAN_POINT('',(-0.0410934014866801,0.115268993182889,0.0329825334440327));
#13994=CARTESIAN_POINT('',(-0.0463976003039002,0.11332849878533,0.0308259021254915));
#13995=CARTESIAN_POINT('',(-0.0459180795002082,0.11249794439005,0.0329880957230927));
#13996=CARTESIAN_POINT('',(-0.0453601309296253,0.11153154911779,0.00514427196565604));
#13997=CARTESIAN_POINT('',(-0.139497721484904,0.1173584725957,0.0312102901604958));
#13998=CARTESIAN_POINT('',(-0.0845051083445922,0.0856084725956995,0.0312102901604958));
#13999=CARTESIAN_POINT('',(-0.0825010452384502,0.0890796117171117,0.029432484597899));
#14000=CARTESIAN_POINT('',(-0.137493658378762,0.120829611717112,0.029432484597899));
#14001=CARTESIAN_POINT('',(-0.123092137188976,0.112514889581449,0.029432484597899));
#14002=CARTESIAN_POINT('',(-0.121474117094588,0.115317382592597,0.0279971380185517));
#14003=CARTESIAN_POINT('',(-0.123101920499792,0.11249794439005,0.0294411633786896));
#14004=CARTESIAN_POINT('',(-0.139479167746532,0.117336463797435,0.0312146295501825));
#14005=CARTESIAN_POINT('',(-0.133702107076858,0.116304145295614,0.0303299612631225));
#14006=CARTESIAN_POINT('',(-0.127926598508046,0.115268993179861,0.0294467256577434));
#14007=CARTESIAN_POINT('',(-0.123101920499792,0.11249794439005,0.0294411633786896));
#14008=CARTESIAN_POINT('',(-0.139479167746532,0.117336463797435,0.0312146295501825));
#14009=CARTESIAN_POINT('',(-0.139479167760533,0.117336463809381,0.0312146295486986));
#14010=CARTESIAN_POINT('',(-0.135696623374192,0.11284954175624,0.0320992978367289));
#14011=CARTESIAN_POINT('',(-0.13191240105775,0.108365380667,0.0329825334440327));
#14012=CARTESIAN_POINT('',(-0.12710026340126,0.105572611338624,0.0329880957230925));
#14013=CARTESIAN_POINT('',(-0.12710026340126,0.105572611338624,0.0329880957230925));
#14014=CARTESIAN_POINT('',(-0.141501784591046,0.113887333474287,0.0329880957230925));
#14015=CARTESIAN_POINT('',(-0.141494152053301,0.113900553417452,0.0316952529335394));
#14016=CARTESIAN_POINT('',(-0.141486519515556,0.113913773360617,0.0304024101439863));
#14017=CARTESIAN_POINT('',(-0.13337827596104,0.109232476761762,0.0304024101439863));
#14018=CARTESIAN_POINT('',(-0.0884778127504885,0.0833091822404114,0.0304024101439863));
#14019=CARTESIAN_POINT('',(-0.0884980029726556,0.0832975254102083,0.0321123776554776));
#14020=CARTESIAN_POINT('',(-0.127100272488912,0.105572616599048,0.0329880957178433));
#14021=CARTESIAN_POINT('',(-0.128241611089611,0.106231675209057,0.0329802871637653));
#14022=CARTESIAN_POINT('',(-0.1304443892229,0.107511619532653,0.0323810640004178));
#14023=CARTESIAN_POINT('',(-0.132431367664885,0.108676078915322,0.0311138742780641));
#14024=CARTESIAN_POINT('',(-0.13337827596104,0.109232476761762,0.0304024101439863));
#14025=CARTESIAN_POINT('',(-0.139490088947159,0.117371692538864,0.0292012050719932));
#14026=CARTESIAN_POINT('',(-0.110239369445184,0.070745141624744,0.0369491172245944));
#14027=CARTESIAN_POINT('',(-0.13337827596104,0.109232476761762,0.0304024101439863));
#14028=CARTESIAN_POINT('',(-0.135727030379858,0.111547710544771,0.0301525116720096));
#14029=CARTESIAN_POINT('',(-0.137798142712494,0.114106598568228,0.0297973704369654));
#14030=CARTESIAN_POINT('',(-0.139871652190743,0.116656660835079,0.0294448891836854));
#14031=CARTESIAN_POINT('',(-0.139871652176835,0.11665666082297,0.029444889184748));
#14032=CARTESIAN_POINT('',(-0.123382755521839,0.11201152386332,0.028174858179881));
#14033=CARTESIAN_POINT('',(-0.125887729611975,0.11344983382399,0.028176926165772));
#14034=CARTESIAN_POINT('',(-0.131379997974396,0.115303899134614,0.0285200220370417));
#14035=CARTESIAN_POINT('',(-0.137043237671438,0.116202848103594,0.0291376750690689));
#14036=CARTESIAN_POINT('',(-0.139871652176835,0.11665666082297,0.029444889184748));
#14037=CARTESIAN_POINT('',(-0.123382755521839,0.11201152386332,0.028174858179881));
#14038=CARTESIAN_POINT('',(-0.125088567757373,0.109056970403201,0.0292012050719932));
#14039=CARTESIAN_POINT('',(-0.123092137188976,0.112514889581449,0.028));
#14040=CARTESIAN_POINT('',(-0.137493658378762,0.120829611717112,0.028));
#14041=CARTESIAN_POINT('',(-0.0825010452384502,0.0890796117171117,0.028));
#14042=CARTESIAN_POINT('',(-0.0844974758068472,0.0856216925388644,0.0292012050719932));
#14043=CARTESIAN_POINT('',(-0.137493658378762,0.120829611717112,0.0287162422989495));
#14044=CARTESIAN_POINT('',(-0.123092137188976,0.112514889581449,0.0287162422989495));
#14045=CARTESIAN_POINT('',(-0.0825010452384502,0.0890796117171117,0.0287162422989495));
#14046=CARTESIAN_POINT('',(-0.139874007083417,0.116652582005123,0.0294342707425554));
#14047=CARTESIAN_POINT('',(-0.139479167746532,0.117336463797434,0.0312146295501826));
#14048=CARTESIAN_POINT('',(-0.134096946413743,0.115620263503302,0.0285496024554954));
#14049=CARTESIAN_POINT('',(-0.133702107076858,0.116304145295614,0.0303299612631225));
#14050=CARTESIAN_POINT('',(-0.128321437844931,0.114585111387549,0.0276663668501164));
#14051=CARTESIAN_POINT('',(-0.127926598508046,0.115268993179861,0.0294467256577436));
#14052=CARTESIAN_POINT('',(-0.123496759836677,0.111814062597738,0.0276608045710626));
#14053=CARTESIAN_POINT('',(-0.123101920499792,0.11249794439005,0.0294411633786897));
#14054=CARTESIAN_POINT('',(-0.128170118235881,0.103719568408337,0.00658829732579395));
#14055=CARTESIAN_POINT('',(-0.144547365482621,0.108558087815722,0.00836176349728683));
#14056=CARTESIAN_POINT('',(-0.139958688564225,0.116505909414101,0.0290524359510975));
#14057=CARTESIAN_POINT('',(-0.139479167760533,0.117336463809381,0.0312146295486987));
#14058=CARTESIAN_POINT('',(-0.136176144177884,0.112018987360959,0.0299371042391277));
#14059=CARTESIAN_POINT('',(-0.135696623374192,0.11284954175624,0.0320992978367289));
#14060=CARTESIAN_POINT('',(-0.132391921861442,0.107534826271719,0.0308203398464315));
#14061=CARTESIAN_POINT('',(-0.13191240105775,0.108365380667,0.0329825334440327));
#14062=CARTESIAN_POINT('',(-0.127579784204952,0.104742056943344,0.0308259021254915));
#14063=CARTESIAN_POINT('',(-0.12710026340126,0.105572611338624,0.0329880957230926));
#14064=CARTESIAN_POINT('',(-0.126542314830677,0.106539006610884,0.00514427196565604));
#14065=CARTESIAN_POINT('',(-0.0873924457603025,0.0387294442713261,0.00514427196565604));
#14066=CARTESIAN_POINT('',(-0.0844849516136945,0.0387294442713261,0.0292012050719932));
#14067=CARTESIAN_POINT('',(-0.0810733271426256,0.0387294442713261,0.028174858179881));
#14068=CARTESIAN_POINT('',(-0.0804920904769004,0.0387294442713261,0.028));
#14069=CARTESIAN_POINT('',(-0.0804920904769004,0.0387294442713261,0.0287162422989495));
#14070=CARTESIAN_POINT('',(-0.0804920904769004,0.0387294442713261,0.029432484597899));
#14071=CARTESIAN_POINT('',(-0.0772560502881236,0.0387294442713261,0.0279971380185517));
#14072=CARTESIAN_POINT('',(-0.0805116570985317,0.0387294442713261,0.0294411633786896));
#14073=CARTESIAN_POINT('',(-0.0906480525707106,0.0387294442713261,0.00658829732579395));
#14074=CARTESIAN_POINT('',(-0.0854690416024409,0.0221270723897991,0.0290524359510975));
#14075=CARTESIAN_POINT('',(-0.084509999995057,0.0221270723897991,0.0312146295486987));
#14076=CARTESIAN_POINT('',(-0.0874635578920913,0.0276463129458837,0.0299371042391277));
#14077=CARTESIAN_POINT('',(-0.0865045162847074,0.0276463129458837,0.0320992978367289));
#14078=CARTESIAN_POINT('',(-0.0894548441518136,0.0331656261501106,0.0308203398464315));
#14079=CARTESIAN_POINT('',(-0.0884958025444297,0.0331656261501106,0.0329825334440327));
#14080=CARTESIAN_POINT('',(-0.0894673845088522,0.0387294442713261,0.0308259021254915));
#14081=CARTESIAN_POINT('',(-0.0885083429014683,0.0387294442713261,0.0329880957230926));
#14082=CARTESIAN_POINT('',(-0.0885083428896338,0.0387294337709773,0.0329880957178433));
#14083=CARTESIAN_POINT('',(-0.0885082506911326,0.0374114762434471,0.0329802871637653));
#14084=CARTESIAN_POINT('',(-0.0885011754581131,0.0348638422593195,0.0323810640004181));
#14085=CARTESIAN_POINT('',(-0.088486213272039,0.0325608387604547,0.0311138742780641));
#14086=CARTESIAN_POINT('',(-0.0884778127504885,0.0314625931977101,0.0304024101439863));
#14087=CARTESIAN_POINT('',(-0.0885083429014683,0.0387294442713261,0.0329880957230925));
#14088=CARTESIAN_POINT('',(-0.0884778127504885,0.0314625931977101,0.0304024101439863));
#14089=CARTESIAN_POINT('',(-0.0884778127504885,0.0314625931977101,0.0304024101439863));
#14090=CARTESIAN_POINT('',(-0.0876471386881118,0.0282708953122576,0.0301525116720096));
#14091=CARTESIAN_POINT('',(-0.0864666328206766,0.0251978154063758,0.0297973704369655));
#14092=CARTESIAN_POINT('',(-0.0852949688554762,0.0221270723897991,0.0294448891836854));
#14093=CARTESIAN_POINT('',(-0.0852949688590084,0.0221270724078981,0.029444889184748));
#14094=CARTESIAN_POINT('',(-0.0946463954705814,0.0221270724078981,0.00836176349728683));
#14095=CARTESIAN_POINT('',(-0.0845099999984025,0.0221270724078981,0.0312146295501825));
#14096=CARTESIAN_POINT('',(-0.084509999995057,0.0221270723897991,0.0312146295486986));
#14097=CARTESIAN_POINT('',(-0.0865045162847074,0.0276463129458838,0.0320992978367289));
#14098=CARTESIAN_POINT('',(-0.0884958025444298,0.0331656261501106,0.0329825334440327));
#14099=CARTESIAN_POINT('',(-0.0885083429014683,0.0387294442713261,0.0329880957230925));
#14100=CARTESIAN_POINT('',(-0.0852996786721721,0.0221270724078981,0.0294342707425554));
#14101=CARTESIAN_POINT('',(-0.0845099999984025,0.0221270724078981,0.0312146295501826));
#14102=CARTESIAN_POINT('',(-0.0833051623847089,0.0276463129579499,0.0285496024554954));
#14103=CARTESIAN_POINT('',(-0.0825154837109393,0.0276463129579499,0.0303299612631225));
#14104=CARTESIAN_POINT('',(-0.0813138761293262,0.0331656261561923,0.0276663668501164));
#14105=CARTESIAN_POINT('',(-0.0805241974555566,0.0331656261561923,0.0294467256577435));
#14106=CARTESIAN_POINT('',(-0.0813013357723013,0.038729444271326,0.0276608045710626));
#14107=CARTESIAN_POINT('',(-0.0805116570985317,0.038729444271326,0.0294411633786897));
#14108=CARTESIAN_POINT('',(-0.0845099999984025,0.0221270724078981,0.0312146295501825));
#14109=CARTESIAN_POINT('',(-0.0825154837109393,0.0276463129579499,0.0303299612631225));
#14110=CARTESIAN_POINT('',(-0.0805241974555566,0.0331656261561923,0.0294467256577434));
#14111=CARTESIAN_POINT('',(-0.0805116570985317,0.038729444271326,0.0294411633786896));
#14112=CARTESIAN_POINT('',(-0.0810733271426256,0.038729444271326,0.028174858179881));
#14113=CARTESIAN_POINT('',(-0.0810802012232367,0.0358409180931112,0.028176926165772));
#14114=CARTESIAN_POINT('',(-0.082220667745172,0.030157441511541,0.0285200220370416));
#14115=CARTESIAN_POINT('',(-0.0842737749498497,0.0248034575816918,0.0291376750690689));
#14116=CARTESIAN_POINT('',(-0.0852949688590084,0.0221270724078981,0.029444889184748));
#14117=CARTESIAN_POINT('',(-0.0804920904769004,0.0221,0.0287162422989495));
#14118=CARTESIAN_POINT('',(-0.0804920904769004,0.0221,0.029432484597899));
#14119=CARTESIAN_POINT('',(-0.0804920904769004,0.0221,0.028));
#14120=CARTESIAN_POINT('',(-0.0884930778259784,0.0221,0.0316952529335394));
#14121=CARTESIAN_POINT('',(-0.0884778127504885,0.0221,0.0304024101439863));
#14122=CARTESIAN_POINT('',(-0.0885083429014683,0.0221,0.0329880957230925));
#14123=CARTESIAN_POINT('',(-0.0844849516136945,0.0221,0.0292012050719932));
#14124=CARTESIAN_POINT('',(-0.0576153796470098,0.0390171510983448,0.0211178119804464));
#14125=CARTESIAN_POINT('',(-0.0845002166891843,0.0221,0.0312102901604958));
#14126=CARTESIAN_POINT('',(-0.0845051083445922,0.0855915274043005,0.0304940478615463));
#14127=CARTESIAN_POINT('',(-0.0845002166891843,0.0856,0.0304940478615463));
#14128=CARTESIAN_POINT('',(-0.0845051083445922,0.0856084725956995,0.0304940478615463));
#14129=CARTESIAN_POINT('',(-0.0845051083445922,0.0856084725956995,0.0304940478615463));
#14130=CARTESIAN_POINT('',(-0.110714530281011,0.0402124221648122,0.0428376566791386));
#14131=CARTESIAN_POINT('',(-0.08451,0.0856,0.0312146295508911));
#14132=CARTESIAN_POINT('',(-0.0845051083445922,0.0856084725956995,0.0312102901604958));
#14133=CARTESIAN_POINT('',(-0.0845002166891843,0.0221,0.0312102901604958));
#14134=CARTESIAN_POINT('',(-0.0845002166891843,0.0856,0.0312102901604958));
#14135=CARTESIAN_POINT('',(-0.10846317163273,0.071770629909898,0.0418390658872501));
#14136=CARTESIAN_POINT('',(-0.0845002166891843,0.0856,0.0304940478615463));
#14137=CARTESIAN_POINT('',(-0.0843483597288637,0.0856,0.0311787817559433));
#14138=CARTESIAN_POINT('',(-0.139497721484904,0.1173584725957,0.0312102901604958));
#14139=CARTESIAN_POINT('',(-0.0295124952042803,0.1173415274043,0.0312102901604958));
#14140=CARTESIAN_POINT('',(-0.0605415244305939,0.0717617941779384,0.0205834051489096));
#14141=CARTESIAN_POINT('',(-0.0845051083445922,0.0855915274043005,0.0312102901604958));
#14142=CARTESIAN_POINT('',(-0.0845051083445922,0.0855915274043005,0.0304940478615463));
#14143=CARTESIAN_POINT('',(-0.0845814954520029,0.0857238337553791,0.0311829177220865));
#14144=CARTESIAN_POINT('',(-0.139497721484904,0.1173584725957,0.0312102901604958));
#14145=CARTESIAN_POINT('',(-0.0845002166891843,0.0221,0.0312102901604958));
#14146=CARTESIAN_POINT('',(-0.0844849516136945,0.0221,0.0292012050719932));
#14147=CARTESIAN_POINT('',(-0.0576153796470098,0.0390171510983448,0.0211178119804464));
#14148=CARTESIAN_POINT('',(-0.08451,0.0856,0.0292087405829074));
#14149=CARTESIAN_POINT('',(-0.110239369445184,0.070745141624744,0.0369491172245944));
#14150=CARTESIAN_POINT('',(-0.139490088947159,0.117371692538864,0.0292012050719932));
#14151=CARTESIAN_POINT('',(-0.0844974758068472,0.0856216925388644,0.0292012050719932));
#14152=CARTESIAN_POINT('',(-0.0295048626665354,0.117328307461136,0.0292012050719932));
#14153=CARTESIAN_POINT('',(-0.0576287351446649,0.132159716501156,0.037295651341779));
#14154=CARTESIAN_POINT('',(-0.0846894903093134,0.0856,0.029235739351777));
#14155=CARTESIAN_POINT('',(-0.0844849516136945,0.0221,0.0292012050719932));
#14156=CARTESIAN_POINT('',(-0.0844849516136945,0.0856,0.0292012050719932));
#14157=CARTESIAN_POINT('',(-0.0587422618977631,0.0707229894702657,0.0214568211843153));
#14158=CARTESIAN_POINT('',(-0.0295048626665354,0.117328307461136,0.0292012050719932));
#14159=CARTESIAN_POINT('',(-0.0844974758068472,0.0855783074611356,0.0292012050719932));
#14160=CARTESIAN_POINT('',(-0.0845051083445922,0.0856084725956995,0.0304940478615463));
#14161=CARTESIAN_POINT('',(-0.0845002166891843,0.0856,0.0304940478615463));
#14162=CARTESIAN_POINT('',(-0.0845051083445922,0.0855915274043005,0.0304940478615463));
#14163=CARTESIAN_POINT('',(0.,0.,0.));
#14164=CARTESIAN_POINT('',(-0.000944662403315306,0.0137063031941652,0.007));
#14165=CARTESIAN_POINT('',(0.,0.0137063031941652,0.00837849432285583));
#14166=CARTESIAN_POINT('',(0.,0.0137063031941652,0.0071014325886147));
#14167=CARTESIAN_POINT('',(-0.000944662403315306,0.0137063031941652,0.01));
#14168=CARTESIAN_POINT('',(-0.00644466240331531,0.0137063031941652,0.01));
#14169=CARTESIAN_POINT('',(0.00455533759668469,0.0137063031941652,0.01));
#14170=CARTESIAN_POINT('',(-0.00644466240331531,0.0137063031941652,0.007));
#14171=CARTESIAN_POINT('',(-0.00644466240331531,0.0137063031941652,0.007));
#14172=CARTESIAN_POINT('',(-0.000944662403315306,0.0137063031941652,0.007));
#14173=CARTESIAN_POINT('',(0.00455533759668469,0.0137063031941652,0.007));
#14174=CARTESIAN_POINT('',(0.00455533759668469,0.0137063031941652,0.007));
#14175=CARTESIAN_POINT('',(-0.00644466240331531,0.0222063031941653,0.007));
#14176=CARTESIAN_POINT('',(-0.00644466240331531,0.0222063031941653,0.01));
#14177=CARTESIAN_POINT('',(-0.00644466240331531,0.0307063031941652,0.01));
#14178=CARTESIAN_POINT('',(-0.00644466240331531,0.0307063031941652,0.007));
#14179=CARTESIAN_POINT('',(-0.00644466240331531,0.0307063031941652,0.007));
#14180=CARTESIAN_POINT('',(-0.00644466240331531,0.0222063031941653,0.007));
#14181=CARTESIAN_POINT('',(-0.000944662403315305,0.0307063031941652,0.007));
#14182=CARTESIAN_POINT('',(-0.000944662403315305,0.0307063031941652,0.01));
#14183=CARTESIAN_POINT('',(0.00455533759668469,0.0307063031941652,0.01));
#14184=CARTESIAN_POINT('',(0.00455533759668469,0.0307063031941652,0.007));
#14185=CARTESIAN_POINT('',(0.00455533759668469,0.0307063031941652,0.007));
#14186=CARTESIAN_POINT('',(-0.000944662403315305,0.0307063031941652,0.007));
#14187=CARTESIAN_POINT('',(0.00455533759668469,0.0222063031941653,0.007));
#14188=CARTESIAN_POINT('',(0.00455533759668469,0.0222063031941653,0.01));
#14189=CARTESIAN_POINT('',(0.00455533759668469,0.0222063031941653,0.007));
#14190=CARTESIAN_POINT('',(-0.000944662403315307,0.0222063031941653,0.007));
#14191=CARTESIAN_POINT('',(-0.000944662403315307,0.0222063031941653,0.01));
#14192=CARTESIAN_POINT('',(0.,-0.0562936968058348,0.00837849432285583));
#14193=CARTESIAN_POINT('',(0.,-0.0535857751965523,0.00837849432285583));
#14194=CARTESIAN_POINT('',(0.,-0.0535857751965523,0.00965555605709697));
#14195=CARTESIAN_POINT('',(0.000873681157827377,-0.0535857751965523,0.0098));
#14196=CARTESIAN_POINT('',(0.000873681157827377,-0.0535857751965523,0.0068));
#14197=CARTESIAN_POINT('',(-0.0243174582719803,-0.0535857751965523,0.0068));
#14198=CARTESIAN_POINT('',(0.026064820587635,-0.0535857751965523,0.0068));
#14199=CARTESIAN_POINT('',(-0.0243174582719803,-0.0535857751965523,0.0098));
#14200=CARTESIAN_POINT('',(-0.0243174582719803,-0.0535857751965523,0.0098));
#14201=CARTESIAN_POINT('',(0.000873681157827377,-0.0535857751965523,0.0098));
#14202=CARTESIAN_POINT('',(0.026064820587635,-0.0535857751965523,0.0098));
#14203=CARTESIAN_POINT('',(0.026064820587635,-0.0535857751965523,0.0098));
#14204=CARTESIAN_POINT('',(-0.0243174582719803,-0.0550419110804796,0.0098));
#14205=CARTESIAN_POINT('',(-0.0243174582719803,-0.0550419110804796,0.0068));
#14206=CARTESIAN_POINT('',(-0.0243174582719803,-0.056498046964407,0.0068));
#14207=CARTESIAN_POINT('',(-0.0243174582719803,-0.056498046964407,0.0098));
#14208=CARTESIAN_POINT('',(-0.0243174582719803,-0.056498046964407,0.0098));
#14209=CARTESIAN_POINT('',(-0.0243174582719803,-0.0550419110804796,0.0098));
#14210=CARTESIAN_POINT('',(0.000873681157827377,-0.056498046964407,0.0098));
#14211=CARTESIAN_POINT('',(0.000873681157827377,-0.056498046964407,0.0068));
#14212=CARTESIAN_POINT('',(0.026064820587635,-0.056498046964407,0.0068));
#14213=CARTESIAN_POINT('',(0.026064820587635,-0.056498046964407,0.0098));
#14214=CARTESIAN_POINT('',(0.026064820587635,-0.056498046964407,0.0098));
#14215=CARTESIAN_POINT('',(0.000873681157827377,-0.056498046964407,0.0098));
#14216=CARTESIAN_POINT('',(0.026064820587635,-0.0550419110804796,0.0098));
#14217=CARTESIAN_POINT('',(0.026064820587635,-0.0550419110804796,0.0068));
#14218=CARTESIAN_POINT('',(0.026064820587635,-0.0550419110804796,0.0098));
#14219=CARTESIAN_POINT('',(0.000873681157827377,-0.0550419110804796,0.0098));
#14220=CARTESIAN_POINT('',(0.000873681157827377,-0.0550419110804796,0.0068));
#14221=CARTESIAN_POINT('',(0.,0.,0.));
#14222=CARTESIAN_POINT('',(0.,0.,0.015));
#14223=CARTESIAN_POINT('',(0.,2.4492935982947E-19,0.015));
#14224=CARTESIAN_POINT('',(0.00533974596215561,2.4492935982947E-19,0.015));
#14225=CARTESIAN_POINT('',(0.01525,-0.01525,0.015));
#14226=CARTESIAN_POINT('',(0.0174,-0.01525,0.015));
#14227=CARTESIAN_POINT('',(-0.01525,-0.01525,0.015));
#14228=CARTESIAN_POINT('',(-0.0131,-0.01525,0.015));
#14229=CARTESIAN_POINT('',(-0.0157577035704489,0.0287549951980881,0.015));
#14230=CARTESIAN_POINT('',(-0.0143896229971463,0.0249962247149444,0.015));
#14231=CARTESIAN_POINT('',(-0.0171257841437516,0.0325137656812317,0.015));
#14232=CARTESIAN_POINT('',(-0.0196929238560454,0.0249962247149444,0.015));
#14233=CARTESIAN_POINT('',(-0.0249962247149444,0.0249962247149444,0.015));
#14234=CARTESIAN_POINT('',(-0.0249962247149444,0.0196929238560454,0.015));
#14235=CARTESIAN_POINT('',(-0.0249962247149444,0.0143896229971463,0.015));
#14236=CARTESIAN_POINT('',(-0.0287549951980881,0.0157577035704489,0.015));
#14237=CARTESIAN_POINT('',(-0.0325137656812317,0.0171257841437516,0.015));
#14238=CARTESIAN_POINT('',(-0.0325137656812318,1.7347234759768E-17,0.015));
#14239=CARTESIAN_POINT('',(-0.0325137656812318,-0.0171257841437516,0.015));
#14240=CARTESIAN_POINT('',(-0.0287549951980881,-0.0157577035704489,0.015));
#14241=CARTESIAN_POINT('',(-0.0249962247149444,-0.0143896229971462,0.015));
#14242=CARTESIAN_POINT('',(-0.0249962247149444,-0.0196929238560454,0.015));
#14243=CARTESIAN_POINT('',(-0.0249962247149444,-0.0249962247149444,0.015));
#14244=CARTESIAN_POINT('',(-0.0196929238560454,-0.0249962247149444,0.015));
#14245=CARTESIAN_POINT('',(-0.0143896229971463,-0.0249962247149444,0.015));
#14246=CARTESIAN_POINT('',(-0.0157577035704489,-0.0287549951980881,0.015));
#14247=CARTESIAN_POINT('',(-0.0171257841437516,-0.0325137656812317,0.015));
#14248=CARTESIAN_POINT('',(0.,-0.0325137656812317,0.015));
#14249=CARTESIAN_POINT('',(0.0171257841437516,-0.0325137656812317,0.015));
#14250=CARTESIAN_POINT('',(0.0157577035704489,-0.0287549951980881,0.015));
#14251=CARTESIAN_POINT('',(0.0143896229971463,-0.0249962247149444,0.015));
#14252=CARTESIAN_POINT('',(0.0196929238560454,-0.0249962247149444,0.015));
#14253=CARTESIAN_POINT('',(0.0249962247149444,-0.0249962247149444,0.015));
#14254=CARTESIAN_POINT('',(0.0249962247149444,-0.0196929238560454,0.015));
#14255=CARTESIAN_POINT('',(0.0249962247149444,-0.0143896229971462,0.015));
#14256=CARTESIAN_POINT('',(0.0287549951980881,-0.0157577035704489,0.015));
#14257=CARTESIAN_POINT('',(0.0325137656812318,-0.0171257841437516,0.015));
#14258=CARTESIAN_POINT('',(0.0325137656812318,1.7347234759768E-17,0.015));
#14259=CARTESIAN_POINT('',(0.0325137656812317,0.0171257841437516,0.015));
#14260=CARTESIAN_POINT('',(0.0287549951980881,0.0157577035704489,0.015));
#14261=CARTESIAN_POINT('',(0.0249962247149444,0.0143896229971463,0.015));
#14262=CARTESIAN_POINT('',(0.0249962247149444,0.0196929238560454,0.015));
#14263=CARTESIAN_POINT('',(0.0249962247149444,0.0249962247149444,0.015));
#14264=CARTESIAN_POINT('',(0.0196929238560454,0.0249962247149444,0.015));
#14265=CARTESIAN_POINT('',(0.0143896229971463,0.0249962247149444,0.015));
#14266=CARTESIAN_POINT('',(0.0157577035704489,0.0287549951980881,0.015));
#14267=CARTESIAN_POINT('',(0.0171257841437516,0.0325137656812317,0.015));
#14268=CARTESIAN_POINT('',(0.,0.0325137656812317,0.015));
#14269=CARTESIAN_POINT('',(0.0164402326625873,0.0217435335214863,0.015));
#14270=CARTESIAN_POINT('',(0.0185902326625873,0.0217435335214863,0.015));
#14271=CARTESIAN_POINT('',(0.021743011748025,0.0164397108891259,0.015));
#14272=CARTESIAN_POINT('',(0.023893011748025,0.0164397108891259,0.015));
#14273=CARTESIAN_POINT('',(-0.021743011748025,-0.0164397108891259,0.015));
#14274=CARTESIAN_POINT('',(-0.019593011748025,-0.0164397108891259,0.015));
#14275=CARTESIAN_POINT('',(-0.0164402326625873,-0.0217435335214863,0.015));
#14276=CARTESIAN_POINT('',(-0.0142902326625873,-0.0217435335214863,0.015));
#14277=CARTESIAN_POINT('',(-0.021743011748025,0.0164397108891259,0.015));
#14278=CARTESIAN_POINT('',(-0.019593011748025,0.0164397108891259,0.015));
#14279=CARTESIAN_POINT('',(-0.0164402326625872,0.0217435335214863,0.015));
#14280=CARTESIAN_POINT('',(-0.0142902326625872,0.0217435335214863,0.015));
#14281=CARTESIAN_POINT('',(0.021743011748025,-0.0164397108891259,0.015));
#14282=CARTESIAN_POINT('',(0.023893011748025,-0.0164397108891259,0.015));
#14283=CARTESIAN_POINT('',(0.0164402326625873,-0.0217435335214863,0.015));
#14284=CARTESIAN_POINT('',(0.0185902326625873,-0.0217435335214863,0.015));
#14285=CARTESIAN_POINT('',(0.01525,0.01525,0.015));
#14286=CARTESIAN_POINT('',(0.0174,0.01525,0.015));
#14287=CARTESIAN_POINT('',(-0.01525,0.01525,0.015));
#14288=CARTESIAN_POINT('',(-0.0131,0.01525,0.015));
#14289=CARTESIAN_POINT('',(0.,0.,0.01));
#14290=CARTESIAN_POINT('',(0.,2.4492935982947E-19,0.01));
#14291=CARTESIAN_POINT('',(0.014,2.4492935982947E-19,0.01));
#14292=CARTESIAN_POINT('',(0.01525,0.01525,0.01));
#14293=CARTESIAN_POINT('',(0.0174,0.01525,0.01));
#14294=CARTESIAN_POINT('',(-0.01525,-0.01525,0.01));
#14295=CARTESIAN_POINT('',(-0.0131,-0.01525,0.01));
#14296=CARTESIAN_POINT('',(-0.0157577035704489,0.0287549951980881,0.01));
#14297=CARTESIAN_POINT('',(-0.0143896229971463,0.0249962247149444,0.01));
#14298=CARTESIAN_POINT('',(-0.0171257841437516,0.0325137656812317,0.01));
#14299=CARTESIAN_POINT('',(0.,0.0325137656812317,0.01));
#14300=CARTESIAN_POINT('',(0.0171257841437516,0.0325137656812317,0.01));
#14301=CARTESIAN_POINT('',(0.0157577035704489,0.0287549951980881,0.01));
#14302=CARTESIAN_POINT('',(0.0143896229971463,0.0249962247149444,0.01));
#14303=CARTESIAN_POINT('',(0.0196929238560454,0.0249962247149444,0.01));
#14304=CARTESIAN_POINT('',(0.0249962247149444,0.0249962247149444,0.01));
#14305=CARTESIAN_POINT('',(0.0249962247149444,0.0196929238560454,0.01));
#14306=CARTESIAN_POINT('',(0.0249962247149444,0.0143896229971463,0.01));
#14307=CARTESIAN_POINT('',(0.0287549951980881,0.0157577035704489,0.01));
#14308=CARTESIAN_POINT('',(0.0325137656812317,0.0171257841437516,0.01));
#14309=CARTESIAN_POINT('',(0.0325137656812318,1.7347234759768E-17,0.01));
#14310=CARTESIAN_POINT('',(0.0325137656812318,-0.0171257841437516,0.01));
#14311=CARTESIAN_POINT('',(0.0287549951980881,-0.0157577035704489,0.01));
#14312=CARTESIAN_POINT('',(0.0249962247149444,-0.0143896229971462,0.01));
#14313=CARTESIAN_POINT('',(0.0249962247149444,-0.0196929238560454,0.01));
#14314=CARTESIAN_POINT('',(0.0249962247149444,-0.0249962247149444,0.01));
#14315=CARTESIAN_POINT('',(0.0196929238560454,-0.0249962247149444,0.01));
#14316=CARTESIAN_POINT('',(0.0143896229971463,-0.0249962247149444,0.01));
#14317=CARTESIAN_POINT('',(0.0157577035704489,-0.0287549951980881,0.01));
#14318=CARTESIAN_POINT('',(0.0171257841437516,-0.0325137656812317,0.01));
#14319=CARTESIAN_POINT('',(0.,-0.0325137656812317,0.01));
#14320=CARTESIAN_POINT('',(-0.0171257841437516,-0.0325137656812317,0.01));
#14321=CARTESIAN_POINT('',(-0.0157577035704489,-0.0287549951980881,0.01));
#14322=CARTESIAN_POINT('',(-0.0143896229971463,-0.0249962247149444,0.01));
#14323=CARTESIAN_POINT('',(-0.0196929238560454,-0.0249962247149444,0.01));
#14324=CARTESIAN_POINT('',(-0.0249962247149444,-0.0249962247149444,0.01));
#14325=CARTESIAN_POINT('',(-0.0249962247149444,-0.0196929238560454,0.01));
#14326=CARTESIAN_POINT('',(-0.0249962247149444,-0.0143896229971462,0.01));
#14327=CARTESIAN_POINT('',(-0.0287549951980881,-0.0157577035704489,0.01));
#14328=CARTESIAN_POINT('',(-0.0325137656812318,-0.0171257841437516,0.01));
#14329=CARTESIAN_POINT('',(-0.0325137656812318,1.7347234759768E-17,0.01));
#14330=CARTESIAN_POINT('',(-0.0325137656812317,0.0171257841437516,0.01));
#14331=CARTESIAN_POINT('',(-0.0287549951980881,0.0157577035704489,0.01));
#14332=CARTESIAN_POINT('',(-0.0249962247149444,0.0143896229971463,0.01));
#14333=CARTESIAN_POINT('',(-0.0249962247149444,0.0196929238560454,0.01));
#14334=CARTESIAN_POINT('',(-0.0249962247149444,0.0249962247149444,0.01));
#14335=CARTESIAN_POINT('',(-0.0196929238560454,0.0249962247149444,0.01));
#14336=CARTESIAN_POINT('',(0.0164402326625873,0.0217435335214863,0.01));
#14337=CARTESIAN_POINT('',(0.0185902326625873,0.0217435335214863,0.01));
#14338=CARTESIAN_POINT('',(0.021743011748025,0.0164397108891259,0.01));
#14339=CARTESIAN_POINT('',(0.023893011748025,0.0164397108891259,0.01));
#14340=CARTESIAN_POINT('',(-0.021743011748025,-0.0164397108891259,0.01));
#14341=CARTESIAN_POINT('',(-0.019593011748025,-0.0164397108891259,0.01));
#14342=CARTESIAN_POINT('',(-0.0164402326625873,-0.0217435335214863,0.01));
#14343=CARTESIAN_POINT('',(-0.0142902326625873,-0.0217435335214863,0.01));
#14344=CARTESIAN_POINT('',(-0.021743011748025,0.0164397108891259,0.01));
#14345=CARTESIAN_POINT('',(-0.019593011748025,0.0164397108891259,0.01));
#14346=CARTESIAN_POINT('',(-0.0164402326625872,0.0217435335214863,0.01));
#14347=CARTESIAN_POINT('',(-0.0142902326625872,0.0217435335214863,0.01));
#14348=CARTESIAN_POINT('',(0.021743011748025,-0.0164397108891259,0.01));
#14349=CARTESIAN_POINT('',(0.023893011748025,-0.0164397108891259,0.01));
#14350=CARTESIAN_POINT('',(0.0164402326625873,-0.0217435335214863,0.01));
#14351=CARTESIAN_POINT('',(0.0185902326625873,-0.0217435335214863,0.01));
#14352=CARTESIAN_POINT('',(0.01525,-0.01525,0.01));
#14353=CARTESIAN_POINT('',(0.0174,-0.01525,0.01));
#14354=CARTESIAN_POINT('',(-0.01525,0.01525,0.01));
#14355=CARTESIAN_POINT('',(-0.0131,0.01525,0.01));
#14356=CARTESIAN_POINT('',(-0.0157577035704489,0.0287549951980881,0.015));
#14357=CARTESIAN_POINT('',(-0.0143896229971463,0.0249962247149444,0.015));
#14358=CARTESIAN_POINT('',(-0.0171257841437516,0.0325137656812317,0.015));
#14359=CARTESIAN_POINT('',(-0.0196929238560454,0.0249962247149444,0.015));
#14360=CARTESIAN_POINT('',(-0.0249962247149444,0.0249962247149444,0.015));
#14361=CARTESIAN_POINT('',(-0.0249962247149444,0.0196929238560454,0.015));
#14362=CARTESIAN_POINT('',(-0.0249962247149444,0.0143896229971463,0.015));
#14363=CARTESIAN_POINT('',(-0.0287549951980881,0.0157577035704489,0.015));
#14364=CARTESIAN_POINT('',(-0.0325137656812317,0.0171257841437516,0.015));
#14365=CARTESIAN_POINT('',(-0.0325137656812318,1.7347234759768E-17,0.015));
#14366=CARTESIAN_POINT('',(-0.0325137656812318,-0.0171257841437516,0.015));
#14367=CARTESIAN_POINT('',(-0.0287549951980881,-0.0157577035704489,0.015));
#14368=CARTESIAN_POINT('',(-0.0249962247149444,-0.0143896229971462,0.015));
#14369=CARTESIAN_POINT('',(-0.0249962247149444,-0.0196929238560454,0.015));
#14370=CARTESIAN_POINT('',(-0.0249962247149444,-0.0249962247149444,0.015));
#14371=CARTESIAN_POINT('',(-0.0196929238560454,-0.0249962247149444,0.015));
#14372=CARTESIAN_POINT('',(-0.0143896229971463,-0.0249962247149444,0.015));
#14373=CARTESIAN_POINT('',(-0.0157577035704489,-0.0287549951980881,0.015));
#14374=CARTESIAN_POINT('',(-0.0171257841437516,-0.0325137656812317,0.015));
#14375=CARTESIAN_POINT('',(0.,-0.0325137656812317,0.015));
#14376=CARTESIAN_POINT('',(0.0171257841437516,-0.0325137656812317,0.015));
#14377=CARTESIAN_POINT('',(0.0157577035704489,-0.0287549951980881,0.015));
#14378=CARTESIAN_POINT('',(0.0143896229971463,-0.0249962247149444,0.015));
#14379=CARTESIAN_POINT('',(0.0196929238560454,-0.0249962247149444,0.015));
#14380=CARTESIAN_POINT('',(0.0249962247149444,-0.0249962247149444,0.015));
#14381=CARTESIAN_POINT('',(0.0249962247149444,-0.0196929238560454,0.015));
#14382=CARTESIAN_POINT('',(0.0249962247149444,-0.0143896229971462,0.015));
#14383=CARTESIAN_POINT('',(0.0287549951980881,-0.0157577035704489,0.015));
#14384=CARTESIAN_POINT('',(0.0325137656812318,-0.0171257841437516,0.015));
#14385=CARTESIAN_POINT('',(0.0325137656812318,1.7347234759768E-17,0.015));
#14386=CARTESIAN_POINT('',(0.0325137656812317,0.0171257841437516,0.015));
#14387=CARTESIAN_POINT('',(0.0287549951980881,0.0157577035704489,0.015));
#14388=CARTESIAN_POINT('',(0.0249962247149444,0.0143896229971463,0.015));
#14389=CARTESIAN_POINT('',(0.0249962247149444,0.0196929238560454,0.015));
#14390=CARTESIAN_POINT('',(0.0249962247149444,0.0249962247149444,0.015));
#14391=CARTESIAN_POINT('',(0.0196929238560454,0.0249962247149444,0.015));
#14392=CARTESIAN_POINT('',(0.0143896229971463,0.0249962247149444,0.015));
#14393=CARTESIAN_POINT('',(0.0157577035704489,0.0287549951980881,0.015));
#14394=CARTESIAN_POINT('',(0.0171257841437516,0.0325137656812317,0.015));
#14395=CARTESIAN_POINT('',(0.021743011748025,-0.0164397108891259,0.015));
#14396=CARTESIAN_POINT('',(-0.0164402326625872,0.0217435335214863,0.015));
#14397=CARTESIAN_POINT('',(-0.021743011748025,0.0164397108891259,0.015));
#14398=CARTESIAN_POINT('',(-0.0164402326625873,-0.0217435335214863,0.015));
#14399=CARTESIAN_POINT('',(-0.021743011748025,-0.0164397108891259,0.015));
#14400=CARTESIAN_POINT('',(0.021743011748025,0.0164397108891259,0.015));
#14401=CARTESIAN_POINT('',(0.0164402326625873,0.0217435335214863,0.015));
#14402=CARTESIAN_POINT('',(0.,0.0325137656812317,0.015));
#14403=CARTESIAN_POINT('',(0.0164402326625873,-0.0217435335214863,0.015));
#14404=CARTESIAN_POINT('',(-0.01525,-0.01525,-0.01));
#14405=CARTESIAN_POINT('',(0.01525,-0.01525,-0.01));
#14406=CARTESIAN_POINT('',(0.01525,0.01525,-0.01));
#14407=CARTESIAN_POINT('',(-0.01525,0.01525,-0.01));
#14408=CARTESIAN_POINT('',(0.,2.4492935982947E-19,0.02));
#14409=CARTESIAN_POINT('',(0.,0.,0.));
#14410=CARTESIAN_POINT('',(0.08451,-0.0856,0.033));
#14411=CARTESIAN_POINT('',(0.08451,-0.0856,0.0292087405829074));
#14412=CARTESIAN_POINT('',(0.0858090381056767,-0.08485,0.0295995408406154));
#14413=CARTESIAN_POINT('',(0.08376,-0.0868990381056767,0.0287574833149333));
#14414=CARTESIAN_POINT('',(0.08451,-0.0856,0.0292087405829074));
#14415=CARTESIAN_POINT('',(0.08376,-0.0843009618943234,0.0289831119489204));
#14416=CARTESIAN_POINT('',(0.08376,-0.0843009618943234,0.033));
#14417=CARTESIAN_POINT('',(0.08376,-0.0843009618943234,0.0287574833149333));
#14418=CARTESIAN_POINT('',(0.08451,-0.0856,0.0292087405829074));
#14419=CARTESIAN_POINT('',(0.0832109618943234,-0.08485,0.0288179403251995));
#14420=CARTESIAN_POINT('',(0.08451,-0.0856,0.0292087405829074));
#14421=CARTESIAN_POINT('',(0.08301,-0.0856,0.0287574833149333));
#14422=CARTESIAN_POINT('',(0.08301,-0.0856,0.033));
#14423=CARTESIAN_POINT('',(0.08301,-0.0856,0.0289831119489204));
#14424=CARTESIAN_POINT('',(0.08451,-0.0856,0.0292087405829074));
#14425=CARTESIAN_POINT('',(0.08376,-0.0868990381056767,0.0294343692168945));
#14426=CARTESIAN_POINT('',(0.08376,-0.0868990381056767,0.033));
#14427=CARTESIAN_POINT('',(0.08451,-0.0856,0.028));
#14428=CARTESIAN_POINT('',(0.08301,-0.0856,0.028));
#14429=CARTESIAN_POINT('',(0.08451,-0.0856,0.033));
#14430=CARTESIAN_POINT('',(0.08451,-0.0856,0.028));
#14431=CARTESIAN_POINT('',(0.08051,-0.0856,0.028));
#14432=CARTESIAN_POINT('',(0.08451,-0.0856,0.033));
#14433=CARTESIAN_POINT('',(0.08051,-0.0856,0.033));
#14434=CARTESIAN_POINT('',(0.08051,-0.0856,0.033));
#14435=CARTESIAN_POINT('',(0.08051,-0.0856,0.0280053878683098));
#14436=CARTESIAN_POINT('',(0.08051,-0.0856,0.0286070642256086));
#14437=CARTESIAN_POINT('',(0.08451,-0.0856,0.0292087405829074));
#14438=CARTESIAN_POINT('',(0.0810458983848623,-0.0836,0.0281666065623529));
#14439=CARTESIAN_POINT('',(0.08451,-0.0856,0.0292087405829074));
#14440=CARTESIAN_POINT('',(0.08251,-0.0821358983848623,0.0280053878683098));
#14441=CARTESIAN_POINT('',(0.08251,-0.0821358983848623,0.033));
#14442=CARTESIAN_POINT('',(0.08251,-0.0821358983848623,0.0286070642256086));
#14443=CARTESIAN_POINT('',(0.08451,-0.0856,0.0292087405829074));
#14444=CARTESIAN_POINT('',(0.0879741016151378,-0.0836,0.030250874603462));
#14445=CARTESIAN_POINT('',(0.08451,-0.0856,0.0292087405829074));
#14446=CARTESIAN_POINT('',(0.08251,-0.0890641016151378,0.0280053878683098));
#14447=CARTESIAN_POINT('',(0.08251,-0.0890641016151378,0.033));
#14448=CARTESIAN_POINT('',(0.08251,-0.0890641016151378,0.0294404283721476));
#14449=CARTESIAN_POINT('',(0.08451,-0.0856,0.0312146295508911));
#14450=CARTESIAN_POINT('',(0.0884991822812713,-0.085306019172749,0.0322122566663278));
#14451=CARTESIAN_POINT('',(0.08451,-0.0856,-0.305642970579299));
#14452=CARTESIAN_POINT('',(0.0885083429014683,-0.0854848737984721,0.0329880957230925));
#14453=CARTESIAN_POINT('',(0.08451,-0.0856,0.0312146295508911));
#14454=CARTESIAN_POINT('',(0.0879741016151378,-0.0836,0.0327511328431073));
#14455=CARTESIAN_POINT('',(0.08451,-0.0856,0.0312146295508911));
#14456=CARTESIAN_POINT('',(0.0866088736658985,-0.0821948965750512,0.0329880957230925));
#14457=CARTESIAN_POINT('',(0.08451,-0.0856,-0.305642970579298));
#14458=CARTESIAN_POINT('',(0.0867591860052606,-0.0822922572177179,0.0322122566663278));
#14459=CARTESIAN_POINT('',(0.08451,-0.0856,0.0312146295508911));
#14460=CARTESIAN_POINT('',(0.0810458983848623,-0.0836,0.0296781262586749));
#14461=CARTESIAN_POINT('',(0.08451,-0.0856,0.0312146295508911));
#14462=CARTESIAN_POINT('',(0.0864094692355698,-0.0891202296264766,0.0329880957230925));
#14463=CARTESIAN_POINT('',(0.08451,-0.0856,-0.305642970579298));
#14464=CARTESIAN_POINT('',(0.0860553331398598,-0.0892894370148915,0.0304024101439863));
#14465=CARTESIAN_POINT('',(0.08451,-0.0856,0.0292087405829074));
#14466=CARTESIAN_POINT('',(0.08451,-0.0856,0.033));
#14467=CARTESIAN_POINT('',(0.08451,-0.0856,0.0312146295508911));
#14468=CARTESIAN_POINT('',(0.0832109618943234,-0.08485,0.03063844081631));
#14469=CARTESIAN_POINT('',(0.08526,-0.0868990381056767,0.0318799549929199));
#14470=CARTESIAN_POINT('',(0.08451,-0.0856,0.0312146295508911));
#14471=CARTESIAN_POINT('',(0.08526,-0.0843009618943234,0.0315472922719055));
#14472=CARTESIAN_POINT('',(0.08526,-0.0843009618943234,0.033));
#14473=CARTESIAN_POINT('',(0.08526,-0.0843009618943234,0.0318799549929199));
#14474=CARTESIAN_POINT('',(0.08451,-0.0856,0.0312146295508911));
#14475=CARTESIAN_POINT('',(0.0858090381056767,-0.08485,0.0317908182854722));
#14476=CARTESIAN_POINT('',(0.08451,-0.0856,0.0312146295508911));
#14477=CARTESIAN_POINT('',(0.08601,-0.0856,0.0318799549929199));
#14478=CARTESIAN_POINT('',(0.08601,-0.0856,0.033));
#14479=CARTESIAN_POINT('',(0.08601,-0.0856,0.0315472922719055));
#14480=CARTESIAN_POINT('',(0.08451,-0.0856,0.0312146295508911));
#14481=CARTESIAN_POINT('',(0.08526,-0.0868990381056767,0.0308819668298767));
#14482=CARTESIAN_POINT('',(0.08526,-0.0868990381056767,0.033));
#14483=CARTESIAN_POINT('',(0.08451,-0.0856,0.033));
#14484=CARTESIAN_POINT('',(0.08301,-0.0856,0.033));
#14485=CARTESIAN_POINT('',(0.08451,-0.0856,0.033));
#14486=CARTESIAN_POINT('',(0.08451,-0.0856,0.028));
#14487=CARTESIAN_POINT('',(0.0845002166891843,-0.0221,0.0312102901604958));
#14488=CARTESIAN_POINT('',(0.0885083429014683,-0.0221,0.0329880957230925));
#14489=CARTESIAN_POINT('',(0.0885083429014683,-0.0832915556495249,0.0329880957230925));
#14490=CARTESIAN_POINT('',(0.10846317163273,-0.071770629909898,0.0418390658872501));
#14491=CARTESIAN_POINT('',(0.0884930778259784,-0.0221,0.0316952529335394));
#14492=CARTESIAN_POINT('',(0.0887486874044685,-0.0304386675382394,0.0533435573071895));
#14493=CARTESIAN_POINT('',(0.139497721484904,-0.1173584725957,0.0312102901604958));
#14494=CARTESIAN_POINT('',(0.141501784591046,-0.113887333474287,0.0329880957230925));
#14495=CARTESIAN_POINT('',(0.141494152053301,-0.113900553417452,0.0316952529335394));
#14496=CARTESIAN_POINT('',(0.0624069949551723,-0.0683797795090689,0.0214108351498142));
#14497=CARTESIAN_POINT('',(0.0295048626665354,-0.117328307461136,0.0292012050719932));
#14498=CARTESIAN_POINT('',(0.0587422618977631,-0.0707229894702657,0.0214568211843153));
#14499=CARTESIAN_POINT('',(0.0804920904769003,-0.0832802588552589,0.028));
#14500=CARTESIAN_POINT('',(0.0275084320981383,-0.113870388282888,0.028));
#14501=CARTESIAN_POINT('',(0.0825010452384502,-0.0821203882828883,0.028));
#14502=CARTESIAN_POINT('',(0.0844974758068472,-0.0855783074611356,0.0292012050719932));
#14503=CARTESIAN_POINT('',(0.0275084320981383,-0.113870388282888,0.0287162422989495));
#14504=CARTESIAN_POINT('',(0.10835811024498,-0.0671918048409145,0.0363831626332378));
#14505=CARTESIAN_POINT('',(0.0825010452384502,-0.0821203882828883,0.0286043702914538));
#14506=CARTESIAN_POINT('',(0.0825010452384502,-0.0821203882828883,0.0287162422989495));
#14507=CARTESIAN_POINT('',(0.0844849516136945,-0.0221,0.0292012050719932));
#14508=CARTESIAN_POINT('',(0.0844849516136945,-0.0856,0.0292012050719932));
#14509=CARTESIAN_POINT('',(0.0804920904769004,-0.0856,0.028));
#14510=CARTESIAN_POINT('',(0.0804920904769004,-0.0221,0.028));
#14511=CARTESIAN_POINT('',(0.0804920904769004,-0.0221,0.0287162422989495));
#14512=CARTESIAN_POINT('',(0.0804920904769004,-0.0261635559578736,0.0131191851921821));
#14513=CARTESIAN_POINT('',(0.0804920904769004,-0.0856,0.0286043702914538));
#14514=CARTESIAN_POINT('',(0.0804920904769004,-0.0856,0.0287162422989495));
#14515=CARTESIAN_POINT('',(0.0295124952042803,-0.1173415274043,0.0312102901604958));
#14516=CARTESIAN_POINT('',(0.0605415244305939,-0.0717617941779384,0.0205834051489096));
#14517=CARTESIAN_POINT('',(0.0804920904769004,-0.0832802588552589,0.029432484597899));
#14518=CARTESIAN_POINT('',(0.0275084320981383,-0.113870388282888,0.029432484597899));
#14519=CARTESIAN_POINT('',(0.0419099532879243,-0.105555666147225,0.029432484597899));
#14520=CARTESIAN_POINT('',(0.0402919331935359,-0.102753173136077,0.0279971380185517));
#14521=CARTESIAN_POINT('',(0.04191973659874,-0.105572611338624,0.0294411633786896));
#14522=CARTESIAN_POINT('',(0.0295408322518707,-0.117336463794667,0.0312146295501825));
#14523=CARTESIAN_POINT('',(0.0333233766340812,-0.112849541746437,0.0303299612631225));
#14524=CARTESIAN_POINT('',(0.0371075989475105,-0.108365380663947,0.0294467256577434));
#14525=CARTESIAN_POINT('',(0.0419197365987399,-0.105572611338624,0.0294411633786896));
#14526=CARTESIAN_POINT('',(0.0295408322518707,-0.117336463794667,0.0312146295501825));
#14527=CARTESIAN_POINT('',(0.0295408322345238,-0.11733646380082,0.0312146295486986));
#14528=CARTESIAN_POINT('',(0.0353178929105157,-0.116304145297876,0.0320992978367289));
#14529=CARTESIAN_POINT('',(0.0410934014866801,-0.115268993182889,0.0329825334440327));
#14530=CARTESIAN_POINT('',(0.0459180795002083,-0.11249794439005,0.0329880957230925));
#14531=CARTESIAN_POINT('',(0.0459180795002083,-0.11249794439005,0.0329880957230925));
#14532=CARTESIAN_POINT('',(0.0315165583104223,-0.120812666525713,0.0329880957230925));
#14533=CARTESIAN_POINT('',(0.0315089257726774,-0.120799446582548,0.0316952529335394));
#14534=CARTESIAN_POINT('',(0.0459180704007222,-0.112497949629975,0.0329880957178433));
#14535=CARTESIAN_POINT('',(0.0447766396015215,-0.113156848547496,0.0329802871637653));
#14536=CARTESIAN_POINT('',(0.0425667862352128,-0.114424538208027,0.0323810640004181));
#14537=CARTESIAN_POINT('',(0.0405648456071543,-0.115563082324223,0.0311138742780641));
#14538=CARTESIAN_POINT('',(0.0396095367894488,-0.116104930040528,0.0304024101439863));
#14539=CARTESIAN_POINT('',(0.0396095367894487,-0.116104930040528,0.0304024101439863));
#14540=CARTESIAN_POINT('',(0.0315012932349324,-0.120786226639383,0.0304024101439863));
#14541=CARTESIAN_POINT('',(0.0295048626665354,-0.117328307461136,0.0292012050719932));
#14542=CARTESIAN_POINT('',(0.0396095367894487,-0.116104930040528,0.0304024101439863));
#14543=CARTESIAN_POINT('',(0.0364301083082534,-0.116981394142971,0.0301525116720096));
#14544=CARTESIAN_POINT('',(0.0331784901081827,-0.117495586025396,0.0297973704369654));
#14545=CARTESIAN_POINT('',(0.0299333166647334,-0.118016266775122,0.0294448891836854));
#14546=CARTESIAN_POINT('',(0.0299333166821737,-0.118016266769132,0.029444889184748));
#14547=CARTESIAN_POINT('',(0.0422005716207869,-0.106059031865354,0.028174858179881));
#14548=CARTESIAN_POINT('',(0.0397024716112619,-0.107509248082898,0.0281769261657719));
#14549=CARTESIAN_POINT('',(0.0353506697707759,-0.111338659353845,0.0285200220370416));
#14550=CARTESIAN_POINT('',(0.0317405372784117,-0.115793694314714,0.0291376750690689));
#14551=CARTESIAN_POINT('',(0.0299333166821737,-0.118016266769132,0.029444889184748));
#14552=CARTESIAN_POINT('',(0.0422005716207869,-0.106059031865354,0.028174858179881));
#14553=CARTESIAN_POINT('',(0.0439063838563213,-0.109013585325472,0.0292012050719932));
#14554=CARTESIAN_POINT('',(0.0419099532879243,-0.105555666147225,0.028));
#14555=CARTESIAN_POINT('',(0.0275084320981383,-0.113870388282888,0.028));
#14556=CARTESIAN_POINT('',(0.0846894903093134,-0.0856,0.029235739351777));
#14557=CARTESIAN_POINT('',(0.0275084320981383,-0.113870388282888,0.0287162422989495));
#14558=CARTESIAN_POINT('',(0.0804920904769004,-0.0832802588552589,0.0287162422989495));
#14559=CARTESIAN_POINT('',(0.0419099532879243,-0.105555666147225,0.0287162422989495));
#14560=CARTESIAN_POINT('',(0.0299356715887555,-0.118020345586979,0.0294342707425554));
#14561=CARTESIAN_POINT('',(0.0295408322518707,-0.117336463794668,0.0312146295501826));
#14562=CARTESIAN_POINT('',(0.033718215970966,-0.113533423538748,0.0285496024554954));
#14563=CARTESIAN_POINT('',(0.0333233766340812,-0.112849541746437,0.0303299612631225));
#14564=CARTESIAN_POINT('',(0.0375024382843952,-0.109049262456258,0.0276663668501164));
#14565=CARTESIAN_POINT('',(0.0371075989475104,-0.108365380663947,0.0294467256577435));
#14566=CARTESIAN_POINT('',(0.0423145759356248,-0.106256493130936,0.0276608045710626));
#14567=CARTESIAN_POINT('',(0.0419197365987399,-0.105572611338624,0.0294411633786897));
#14568=CARTESIAN_POINT('',(0.0469879343348294,-0.114350987320337,0.00658829732579395));
#14569=CARTESIAN_POINT('',(0.0346090299879602,-0.12611483977638,0.00836176349728683));
#14570=CARTESIAN_POINT('',(0.0300203530382158,-0.1181670181961,0.0290524359510975));
#14571=CARTESIAN_POINT('',(0.0295408322345238,-0.11733646380082,0.0312146295486987));
#14572=CARTESIAN_POINT('',(0.0357974137142076,-0.117134699693157,0.0299371042391277));
#14573=CARTESIAN_POINT('',(0.0353178929105156,-0.116304145297876,0.0320992978367289));
#14574=CARTESIAN_POINT('',(0.0415729222903721,-0.11609954757817,0.0308203398464315));
#14575=CARTESIAN_POINT('',(0.0410934014866801,-0.115268993182889,0.0329825334440327));
#14576=CARTESIAN_POINT('',(0.0463976003039002,-0.11332849878533,0.0308259021254915));
#14577=CARTESIAN_POINT('',(0.0459180795002082,-0.11249794439005,0.0329880957230927));
#14578=CARTESIAN_POINT('',(0.0453601309296253,-0.11153154911779,0.00514427196565604));
#14579=CARTESIAN_POINT('',(0.139497721484904,-0.1173584725957,0.0312102901604958));
#14580=CARTESIAN_POINT('',(0.0845051083445922,-0.0856084725956995,0.0312102901604958));
#14581=CARTESIAN_POINT('',(0.0825010452384502,-0.0890796117171117,0.029432484597899));
#14582=CARTESIAN_POINT('',(0.137493658378762,-0.120829611717112,0.029432484597899));
#14583=CARTESIAN_POINT('',(0.123092137188976,-0.112514889581449,0.029432484597899));
#14584=CARTESIAN_POINT('',(0.121474117094588,-0.115317382592597,0.0279971380185517));
#14585=CARTESIAN_POINT('',(0.123101920499792,-0.11249794439005,0.0294411633786896));
#14586=CARTESIAN_POINT('',(0.139479167746532,-0.117336463797435,0.0312146295501825));
#14587=CARTESIAN_POINT('',(0.133702107076858,-0.116304145295614,0.0303299612631225));
#14588=CARTESIAN_POINT('',(0.127926598508046,-0.115268993179861,0.0294467256577434));
#14589=CARTESIAN_POINT('',(0.123101920499792,-0.11249794439005,0.0294411633786896));
#14590=CARTESIAN_POINT('',(0.139479167746532,-0.117336463797435,0.0312146295501825));
#14591=CARTESIAN_POINT('',(0.139479167760533,-0.117336463809381,0.0312146295486986));
#14592=CARTESIAN_POINT('',(0.135696623374192,-0.11284954175624,0.0320992978367289));
#14593=CARTESIAN_POINT('',(0.13191240105775,-0.108365380667,0.0329825334440327));
#14594=CARTESIAN_POINT('',(0.12710026340126,-0.105572611338624,0.0329880957230925));
#14595=CARTESIAN_POINT('',(0.12710026340126,-0.105572611338624,0.0329880957230925));
#14596=CARTESIAN_POINT('',(0.141501784591046,-0.113887333474287,0.0329880957230925));
#14597=CARTESIAN_POINT('',(0.141494152053301,-0.113900553417452,0.0316952529335394));
#14598=CARTESIAN_POINT('',(0.141486519515556,-0.113913773360617,0.0304024101439863));
#14599=CARTESIAN_POINT('',(0.13337827596104,-0.109232476761762,0.0304024101439863));
#14600=CARTESIAN_POINT('',(0.0884778127504885,-0.0833091822404114,0.0304024101439863));
#14601=CARTESIAN_POINT('',(0.0884980029726556,-0.0832975254102083,0.0321123776554776));
#14602=CARTESIAN_POINT('',(0.127100272488912,-0.105572616599048,0.0329880957178433));
#14603=CARTESIAN_POINT('',(0.128241611089611,-0.106231675209057,0.0329802871637653));
#14604=CARTESIAN_POINT('',(0.1304443892229,-0.107511619532653,0.0323810640004178));
#14605=CARTESIAN_POINT('',(0.132431367664885,-0.108676078915322,0.0311138742780641));
#14606=CARTESIAN_POINT('',(0.13337827596104,-0.109232476761762,0.0304024101439863));
#14607=CARTESIAN_POINT('',(0.139490088947159,-0.117371692538864,0.0292012050719932));
#14608=CARTESIAN_POINT('',(0.110239369445184,-0.070745141624744,0.0369491172245944));
#14609=CARTESIAN_POINT('',(0.13337827596104,-0.109232476761762,0.0304024101439863));
#14610=CARTESIAN_POINT('',(0.135727030379858,-0.111547710544771,0.0301525116720096));
#14611=CARTESIAN_POINT('',(0.137798142712494,-0.114106598568228,0.0297973704369654));
#14612=CARTESIAN_POINT('',(0.139871652190743,-0.116656660835079,0.0294448891836854));
#14613=CARTESIAN_POINT('',(0.139871652176835,-0.11665666082297,0.029444889184748));
#14614=CARTESIAN_POINT('',(0.123382755521839,-0.11201152386332,0.028174858179881));
#14615=CARTESIAN_POINT('',(0.125887729611975,-0.11344983382399,0.028176926165772));
#14616=CARTESIAN_POINT('',(0.131379997974396,-0.115303899134614,0.0285200220370417));
#14617=CARTESIAN_POINT('',(0.137043237671438,-0.116202848103594,0.0291376750690689));
#14618=CARTESIAN_POINT('',(0.139871652176835,-0.11665666082297,0.029444889184748));
#14619=CARTESIAN_POINT('',(0.123382755521839,-0.11201152386332,0.028174858179881));
#14620=CARTESIAN_POINT('',(0.125088567757373,-0.109056970403201,0.0292012050719932));
#14621=CARTESIAN_POINT('',(0.123092137188976,-0.112514889581449,0.028));
#14622=CARTESIAN_POINT('',(0.137493658378762,-0.120829611717112,0.028));
#14623=CARTESIAN_POINT('',(0.0825010452384502,-0.0890796117171117,0.028));
#14624=CARTESIAN_POINT('',(0.0844974758068472,-0.0856216925388644,0.0292012050719932));
#14625=CARTESIAN_POINT('',(0.137493658378762,-0.120829611717112,0.0287162422989495));
#14626=CARTESIAN_POINT('',(0.123092137188976,-0.112514889581449,0.0287162422989495));
#14627=CARTESIAN_POINT('',(0.0825010452384502,-0.0890796117171117,0.0287162422989495));
#14628=CARTESIAN_POINT('',(0.139874007083417,-0.116652582005123,0.0294342707425554));
#14629=CARTESIAN_POINT('',(0.139479167746532,-0.117336463797434,0.0312146295501826));
#14630=CARTESIAN_POINT('',(0.134096946413743,-0.115620263503302,0.0285496024554954));
#14631=CARTESIAN_POINT('',(0.133702107076858,-0.116304145295614,0.0303299612631225));
#14632=CARTESIAN_POINT('',(0.128321437844931,-0.114585111387549,0.0276663668501164));
#14633=CARTESIAN_POINT('',(0.127926598508046,-0.115268993179861,0.0294467256577436));
#14634=CARTESIAN_POINT('',(0.123496759836677,-0.111814062597738,0.0276608045710626));
#14635=CARTESIAN_POINT('',(0.123101920499792,-0.11249794439005,0.0294411633786897));
#14636=CARTESIAN_POINT('',(0.128170118235881,-0.103719568408337,0.00658829732579395));
#14637=CARTESIAN_POINT('',(0.144547365482621,-0.108558087815722,0.00836176349728683));
#14638=CARTESIAN_POINT('',(0.139958688564225,-0.116505909414101,0.0290524359510975));
#14639=CARTESIAN_POINT('',(0.139479167760533,-0.117336463809381,0.0312146295486987));
#14640=CARTESIAN_POINT('',(0.136176144177884,-0.112018987360959,0.0299371042391277));
#14641=CARTESIAN_POINT('',(0.135696623374192,-0.11284954175624,0.0320992978367289));
#14642=CARTESIAN_POINT('',(0.132391921861442,-0.107534826271719,0.0308203398464315));
#14643=CARTESIAN_POINT('',(0.13191240105775,-0.108365380667,0.0329825334440327));
#14644=CARTESIAN_POINT('',(0.127579784204952,-0.104742056943344,0.0308259021254915));
#14645=CARTESIAN_POINT('',(0.12710026340126,-0.105572611338624,0.0329880957230926));
#14646=CARTESIAN_POINT('',(0.126542314830677,-0.106539006610884,0.00514427196565604));
#14647=CARTESIAN_POINT('',(0.0873924457603025,-0.0387294442713261,0.00514427196565604));
#14648=CARTESIAN_POINT('',(0.0844849516136945,-0.0387294442713261,0.0292012050719932));
#14649=CARTESIAN_POINT('',(0.0810733271426256,-0.0387294442713261,0.028174858179881));
#14650=CARTESIAN_POINT('',(0.0804920904769004,-0.0387294442713261,0.028));
#14651=CARTESIAN_POINT('',(0.0804920904769004,-0.0387294442713261,0.0287162422989495));
#14652=CARTESIAN_POINT('',(0.0804920904769004,-0.0387294442713261,0.029432484597899));
#14653=CARTESIAN_POINT('',(0.0772560502881236,-0.0387294442713261,0.0279971380185517));
#14654=CARTESIAN_POINT('',(0.0805116570985317,-0.0387294442713261,0.0294411633786896));
#14655=CARTESIAN_POINT('',(0.0906480525707106,-0.0387294442713261,0.00658829732579395));
#14656=CARTESIAN_POINT('',(0.0854690416024409,-0.0221270723897991,0.0290524359510975));
#14657=CARTESIAN_POINT('',(0.084509999995057,-0.0221270723897991,0.0312146295486987));
#14658=CARTESIAN_POINT('',(0.0874635578920913,-0.0276463129458837,0.0299371042391277));
#14659=CARTESIAN_POINT('',(0.0865045162847074,-0.0276463129458837,0.0320992978367289));
#14660=CARTESIAN_POINT('',(0.0894548441518136,-0.0331656261501106,0.0308203398464315));
#14661=CARTESIAN_POINT('',(0.0884958025444297,-0.0331656261501106,0.0329825334440327));
#14662=CARTESIAN_POINT('',(0.0894673845088522,-0.0387294442713261,0.0308259021254915));
#14663=CARTESIAN_POINT('',(0.0885083429014683,-0.0387294442713261,0.0329880957230926));
#14664=CARTESIAN_POINT('',(0.0885083428896338,-0.0387294337709773,0.0329880957178433));
#14665=CARTESIAN_POINT('',(0.0885082506911326,-0.0374114762434471,0.0329802871637653));
#14666=CARTESIAN_POINT('',(0.0885011754581131,-0.0348638422593195,0.0323810640004181));
#14667=CARTESIAN_POINT('',(0.088486213272039,-0.0325608387604547,0.0311138742780641));
#14668=CARTESIAN_POINT('',(0.0884778127504885,-0.0314625931977101,0.0304024101439863));
#14669=CARTESIAN_POINT('',(0.0885083429014683,-0.0387294442713261,0.0329880957230925));
#14670=CARTESIAN_POINT('',(0.0884778127504885,-0.0314625931977101,0.0304024101439863));
#14671=CARTESIAN_POINT('',(0.0884778127504885,-0.0314625931977101,0.0304024101439863));
#14672=CARTESIAN_POINT('',(0.0876471386881118,-0.0282708953122576,0.0301525116720096));
#14673=CARTESIAN_POINT('',(0.0864666328206766,-0.0251978154063758,0.0297973704369655));
#14674=CARTESIAN_POINT('',(0.0852949688554762,-0.0221270723897991,0.0294448891836854));
#14675=CARTESIAN_POINT('',(0.0852949688590084,-0.0221270724078981,0.029444889184748));
#14676=CARTESIAN_POINT('',(0.0946463954705814,-0.0221270724078981,0.00836176349728683));
#14677=CARTESIAN_POINT('',(0.0845099999984025,-0.0221270724078981,0.0312146295501825));
#14678=CARTESIAN_POINT('',(0.084509999995057,-0.0221270723897991,0.0312146295486986));
#14679=CARTESIAN_POINT('',(0.0865045162847074,-0.0276463129458838,0.0320992978367289));
#14680=CARTESIAN_POINT('',(0.0884958025444298,-0.0331656261501106,0.0329825334440327));
#14681=CARTESIAN_POINT('',(0.0885083429014683,-0.0387294442713261,0.0329880957230925));
#14682=CARTESIAN_POINT('',(0.0852996786721721,-0.0221270724078981,0.0294342707425554));
#14683=CARTESIAN_POINT('',(0.0845099999984025,-0.0221270724078981,0.0312146295501826));
#14684=CARTESIAN_POINT('',(0.0833051623847089,-0.0276463129579499,0.0285496024554954));
#14685=CARTESIAN_POINT('',(0.0825154837109393,-0.0276463129579499,0.0303299612631225));
#14686=CARTESIAN_POINT('',(0.0813138761293262,-0.0331656261561923,0.0276663668501164));
#14687=CARTESIAN_POINT('',(0.0805241974555566,-0.0331656261561923,0.0294467256577435));
#14688=CARTESIAN_POINT('',(0.0813013357723013,-0.038729444271326,0.0276608045710626));
#14689=CARTESIAN_POINT('',(0.0805116570985317,-0.038729444271326,0.0294411633786897));
#14690=CARTESIAN_POINT('',(0.0845099999984025,-0.0221270724078981,0.0312146295501825));
#14691=CARTESIAN_POINT('',(0.0825154837109393,-0.0276463129579499,0.0303299612631225));
#14692=CARTESIAN_POINT('',(0.0805241974555566,-0.0331656261561923,0.0294467256577434));
#14693=CARTESIAN_POINT('',(0.0805116570985317,-0.038729444271326,0.0294411633786896));
#14694=CARTESIAN_POINT('',(0.0810733271426256,-0.038729444271326,0.028174858179881));
#14695=CARTESIAN_POINT('',(0.0810802012232367,-0.0358409180931112,0.028176926165772));
#14696=CARTESIAN_POINT('',(0.082220667745172,-0.030157441511541,0.0285200220370416));
#14697=CARTESIAN_POINT('',(0.0842737749498497,-0.0248034575816918,0.0291376750690689));
#14698=CARTESIAN_POINT('',(0.0852949688590084,-0.0221270724078981,0.029444889184748));
#14699=CARTESIAN_POINT('',(0.0804920904769004,-0.0221,0.0287162422989495));
#14700=CARTESIAN_POINT('',(0.0804920904769004,-0.0221,0.029432484597899));
#14701=CARTESIAN_POINT('',(0.0804920904769004,-0.0221,0.028));
#14702=CARTESIAN_POINT('',(0.0884930778259784,-0.0221,0.0316952529335394));
#14703=CARTESIAN_POINT('',(0.0884778127504885,-0.0221,0.0304024101439863));
#14704=CARTESIAN_POINT('',(0.0885083429014683,-0.0221,0.0329880957230925));
#14705=CARTESIAN_POINT('',(0.0844849516136945,-0.0221,0.0292012050719932));
#14706=CARTESIAN_POINT('',(0.0576153796470098,-0.0390171510983448,0.0211178119804464));
#14707=CARTESIAN_POINT('',(0.0845002166891843,-0.0221,0.0312102901604958));
#14708=CARTESIAN_POINT('',(0.0845051083445922,-0.0855915274043005,0.0304940478615463));
#14709=CARTESIAN_POINT('',(0.0845002166891843,-0.0856,0.0304940478615463));
#14710=CARTESIAN_POINT('',(0.0845051083445922,-0.0856084725956995,0.0304940478615463));
#14711=CARTESIAN_POINT('',(0.0845051083445922,-0.0856084725956995,0.0304940478615463));
#14712=CARTESIAN_POINT('',(0.110714530281011,-0.0402124221648122,0.0428376566791386));
#14713=CARTESIAN_POINT('',(0.08451,-0.0856,0.0312146295508911));
#14714=CARTESIAN_POINT('',(0.0845051083445922,-0.0856084725956995,0.0312102901604958));
#14715=CARTESIAN_POINT('',(0.0845002166891843,-0.0221,0.0312102901604958));
#14716=CARTESIAN_POINT('',(0.0845002166891843,-0.0856,0.0312102901604958));
#14717=CARTESIAN_POINT('',(0.10846317163273,-0.071770629909898,0.0418390658872501));
#14718=CARTESIAN_POINT('',(0.0845002166891843,-0.0856,0.0304940478615463));
#14719=CARTESIAN_POINT('',(0.0843483597288637,-0.0856,0.0311787817559433));
#14720=CARTESIAN_POINT('',(0.139497721484904,-0.1173584725957,0.0312102901604958));
#14721=CARTESIAN_POINT('',(0.0295124952042803,-0.1173415274043,0.0312102901604958));
#14722=CARTESIAN_POINT('',(0.0605415244305939,-0.0717617941779384,0.0205834051489096));
#14723=CARTESIAN_POINT('',(0.0845051083445922,-0.0855915274043005,0.0312102901604958));
#14724=CARTESIAN_POINT('',(0.0845051083445922,-0.0855915274043005,0.0304940478615463));
#14725=CARTESIAN_POINT('',(0.0845814954520029,-0.0857238337553791,0.0311829177220865));
#14726=CARTESIAN_POINT('',(0.139497721484904,-0.1173584725957,0.0312102901604958));
#14727=CARTESIAN_POINT('',(0.0845002166891843,-0.0221,0.0312102901604958));
#14728=CARTESIAN_POINT('',(0.0844849516136945,-0.0221,0.0292012050719932));
#14729=CARTESIAN_POINT('',(0.0576153796470098,-0.0390171510983448,0.0211178119804464));
#14730=CARTESIAN_POINT('',(0.08451,-0.0856,0.0292087405829074));
#14731=CARTESIAN_POINT('',(0.110239369445184,-0.070745141624744,0.0369491172245944));
#14732=CARTESIAN_POINT('',(0.139490088947159,-0.117371692538864,0.0292012050719932));
#14733=CARTESIAN_POINT('',(0.0844974758068472,-0.0856216925388644,0.0292012050719932));
#14734=CARTESIAN_POINT('',(0.0295048626665354,-0.117328307461136,0.0292012050719932));
#14735=CARTESIAN_POINT('',(0.0576287351446649,-0.132159716501156,0.037295651341779));
#14736=CARTESIAN_POINT('',(0.0846894903093134,-0.0856,0.029235739351777));
#14737=CARTESIAN_POINT('',(0.0844849516136945,-0.0221,0.0292012050719932));
#14738=CARTESIAN_POINT('',(0.0844849516136945,-0.0856,0.0292012050719932));
#14739=CARTESIAN_POINT('',(0.0587422618977631,-0.0707229894702657,0.0214568211843153));
#14740=CARTESIAN_POINT('',(0.0295048626665354,-0.117328307461136,0.0292012050719932));
#14741=CARTESIAN_POINT('',(0.0844974758068472,-0.0855783074611356,0.0292012050719932));
#14742=CARTESIAN_POINT('',(0.0845051083445922,-0.0856084725956995,0.0304940478615463));
#14743=CARTESIAN_POINT('',(0.0845002166891843,-0.0856,0.0304940478615463));
#14744=CARTESIAN_POINT('',(0.0845051083445922,-0.0855915274043005,0.0304940478615463));
#14745=CARTESIAN_POINT('',(0.,0.,0.));
#14746=CARTESIAN_POINT('',(0.0371231060122938,-0.047729707730092,0.015));
#14747=CARTESIAN_POINT('',(0.00707106781186548,-0.0176776695296637,0.005));
#14748=CARTESIAN_POINT('',(0.0212047494434976,-0.0318113511612958,0.00284223136008552));
#14749=CARTESIAN_POINT('',(0.0353384310751297,-0.0459450327929279,0.000684462720171043));
#14750=CARTESIAN_POINT('',(0.0460254893316342,-0.0566320910494324,4.33680868994202E-19));
#14751=CARTESIAN_POINT('',(0.00707106781186547,-0.0176776695296637,0.005));
#14752=CARTESIAN_POINT('',(0.0301602925436533,-0.0407668942614515,0.00164019343483004));
#14753=CARTESIAN_POINT('',(0.0554421928387438,-0.066048794556542,0.390514671124226));
#14754=CARTESIAN_POINT('',(0.0554421928387438,-0.066048794556542,0.));
#14755=CARTESIAN_POINT('',(0.0371231060122938,-0.047729707730092,0.));
#14756=CARTESIAN_POINT('',(0.0657056375377276,-0.0763122392555258,0.));
#14757=CARTESIAN_POINT('',(0.0657056375377276,-0.0763122392555258,0.015));
#14758=CARTESIAN_POINT('',(0.0657056375377276,-0.0763122392555258,0.015));
#14759=CARTESIAN_POINT('',(0.0371231060122938,-0.047729707730092,0.015));
#14760=CARTESIAN_POINT('',(0.0143896229971463,-0.0249962247149444,0.015));
#14761=CARTESIAN_POINT('',(0.0143896229971463,-0.0249962247149444,0.015));
#14762=CARTESIAN_POINT('',(0.0143896229971463,-0.0249962247149444,0.01));
#14763=CARTESIAN_POINT('',(0.0371231060122938,-0.047729707730092,0.01));
#14764=CARTESIAN_POINT('',(0.00707106781186551,-0.0176776695296637,0.01));
#14765=CARTESIAN_POINT('',(0.0070710678118655,-0.0176776695296637,0.015));
#14766=CARTESIAN_POINT('',(0.0594391620439662,-0.0700457637617643,0.0075));
#14767=CARTESIAN_POINT('',(0.0594391620439662,-0.0700457637617643,0.005));
#14768=CARTESIAN_POINT('',(0.0594391620439662,-0.0700457637617643,0.01));
#14769=CARTESIAN_POINT('',(0.0371231060122938,-0.047729707730092,0.005));
#14770=CARTESIAN_POINT('',(0.0404401404423286,-0.0510467421601268,0.005));
#14771=CARTESIAN_POINT('',(0.0404401404423286,-0.0510467421601268,0.0075));
#14772=CARTESIAN_POINT('',(0.0404401404423286,-0.0510467421601268,0.01));
#14773=CARTESIAN_POINT('',(0.0371231060122938,-0.047729707730092,0.01));
#14774=CARTESIAN_POINT('',(0.047729707730092,-0.0371231060122938,0.015));
#14775=CARTESIAN_POINT('',(0.047729707730092,-0.0371231060122938,0.));
#14776=CARTESIAN_POINT('',(0.066048794556542,-0.0554421928387438,0.));
#14777=CARTESIAN_POINT('',(0.0763122392555258,-0.0657056375377276,0.));
#14778=CARTESIAN_POINT('',(0.066048794556542,-0.0554421928387438,0.390514671124226));
#14779=CARTESIAN_POINT('',(0.0407668942614516,-0.0301602925436533,0.00164019343483004));
#14780=CARTESIAN_POINT('',(0.0176776695296637,-0.00707106781186546,0.005));
#14781=CARTESIAN_POINT('',(0.0318113511612959,-0.0212047494434976,0.00284223136008552));
#14782=CARTESIAN_POINT('',(0.045945032792928,-0.0353384310751297,0.000684462720171043));
#14783=CARTESIAN_POINT('',(0.0566320910494324,-0.0460254893316342,4.33680868994202E-19));
#14784=CARTESIAN_POINT('',(0.0176776695296637,-0.00707106781186546,0.005));
#14785=CARTESIAN_POINT('',(0.0176776695296637,-0.00707106781186546,0.015));
#14786=CARTESIAN_POINT('',(0.0176776695296637,-0.00707106781186546,0.01));
#14787=CARTESIAN_POINT('',(0.047729707730092,-0.0371231060122938,0.01));
#14788=CARTESIAN_POINT('',(0.0249962247149444,-0.0143896229971462,0.01));
#14789=CARTESIAN_POINT('',(0.0249962247149444,-0.0143896229971462,0.015));
#14790=CARTESIAN_POINT('',(0.0249962247149444,-0.0143896229971462,0.015));
#14791=CARTESIAN_POINT('',(0.047729707730092,-0.0371231060122938,0.015));
#14792=CARTESIAN_POINT('',(0.0763122392555258,-0.0657056375377276,0.015));
#14793=CARTESIAN_POINT('',(0.0763122392555258,-0.0657056375377276,0.015));
#14794=CARTESIAN_POINT('',(0.0585477683583344,-0.0479411666405362,0.005));
#14795=CARTESIAN_POINT('',(0.0700457637617644,-0.0594391620439661,0.005));
#14796=CARTESIAN_POINT('',(0.0510467421601268,-0.0404401404423285,0.005));
#14797=CARTESIAN_POINT('',(0.0700457637617644,-0.0594391620439661,0.0075));
#14798=CARTESIAN_POINT('',(0.0700457637617644,-0.0594391620439661,0.01));
#14799=CARTESIAN_POINT('',(0.0605462529609456,-0.0499396512431473,0.01));
#14800=CARTESIAN_POINT('',(0.0510467421601268,-0.0404401404423285,0.01));
#14801=CARTESIAN_POINT('',(0.0510467421601268,-0.0404401404423285,0.0075));
#14802=CARTESIAN_POINT('',(0.0424264068711928,-0.0424264068711928,0.));
#14803=CARTESIAN_POINT('',(0.0848527606575789,-0.0928527606575789,0.));
#14804=CARTESIAN_POINT('',(0.0864515888415465,-0.0929139851473748,0.));
#14805=CARTESIAN_POINT('',(0.0832539324736113,-0.0929139851473748,0.));
#14806=CARTESIAN_POINT('',(0.0652671154039754,-0.0936027606575789,0.));
#14807=CARTESIAN_POINT('',(0.0832539324736113,-0.0942915361677829,0.));
#14808=CARTESIAN_POINT('',(0.0848527606575789,-0.0943527606575789,0.));
#14809=CARTESIAN_POINT('',(0.0864515888415465,-0.0942915361677829,0.));
#14810=CARTESIAN_POINT('',(0.104438405911182,-0.0936027606575789,0.));
#14811=CARTESIAN_POINT('',(0.0848527606575789,-0.0848527606575789,0.));
#14812=CARTESIAN_POINT('',(0.0888527606575789,-0.0848527606575789,0.));
#14813=CARTESIAN_POINT('',(0.0768527606575789,-0.0848527606575789,0.));
#14814=CARTESIAN_POINT('',(0.076791536167783,-0.0832539324736112,0.));
#14815=CARTESIAN_POINT('',(0.076791536167783,-0.0864515888415465,0.));
#14816=CARTESIAN_POINT('',(0.0761027606575787,-0.0652671154039754,0.));
#14817=CARTESIAN_POINT('',(0.0754139851473748,-0.0832539324736113,0.));
#14818=CARTESIAN_POINT('',(0.0753527606575789,-0.0848527606575789,0.));
#14819=CARTESIAN_POINT('',(0.0754139851473748,-0.0864515888415465,0.));
#14820=CARTESIAN_POINT('',(0.076102760657579,-0.104438405911182,0.));
#14821=CARTESIAN_POINT('',(0.0848527606575789,-0.0768527606575789,0.));
#14822=CARTESIAN_POINT('',(0.0832539324736113,-0.076791536167783,0.));
#14823=CARTESIAN_POINT('',(0.0864515888415465,-0.0767915361677829,0.));
#14824=CARTESIAN_POINT('',(0.104438405911182,-0.0761027606575787,0.));
#14825=CARTESIAN_POINT('',(0.0864515888415465,-0.0754139851473748,0.));
#14826=CARTESIAN_POINT('',(0.0848527606575789,-0.0753527606575789,0.));
#14827=CARTESIAN_POINT('',(0.0832539324736113,-0.0754139851473748,0.));
#14828=CARTESIAN_POINT('',(0.0652671154039754,-0.0761027606575791,0.));
#14829=CARTESIAN_POINT('',(0.0943527606575789,-0.0848527606575789,0.));
#14830=CARTESIAN_POINT('',(0.094291536167783,-0.0832539324736112,0.));
#14831=CARTESIAN_POINT('',(0.094291536167783,-0.0864515888415465,0.));
#14832=CARTESIAN_POINT('',(0.093602760657579,-0.0652671154039754,0.));
#14833=CARTESIAN_POINT('',(0.0929139851473748,-0.0832539324736112,0.));
#14834=CARTESIAN_POINT('',(0.0928527606575789,-0.0848527606575789,0.));
#14835=CARTESIAN_POINT('',(0.0929139851473748,-0.0864515888415465,0.));
#14836=CARTESIAN_POINT('',(0.093602760657579,-0.104438405911182,0.));
#14837=CARTESIAN_POINT('',(0.0607454936976429,-0.0607454936976429,0.));
#14838=CARTESIAN_POINT('',(0.081409661654528,-0.0654722152000764,0.));
#14839=CARTESIAN_POINT('',(0.0865070840535301,-0.0652387928624253,0.));
#14840=CARTESIAN_POINT('',(0.094073055482462,-0.0699785401074033,0.));
#14841=CARTESIAN_POINT('',(0.101639026911394,-0.0747182873523812,0.));
#14842=CARTESIAN_POINT('',(0.101639026911394,-0.083766812633644,0.));
#14843=CARTESIAN_POINT('',(0.101639026911394,-0.0928153379149067,0.));
#14844=CARTESIAN_POINT('',(0.0950212601640285,-0.0994331046622721,0.));
#14845=CARTESIAN_POINT('',(0.0928153379149067,-0.101639026911394,0.));
#14846=CARTESIAN_POINT('',(0.083766812633644,-0.101639026911394,0.));
#14847=CARTESIAN_POINT('',(0.0747182873523813,-0.101639026911394,0.));
#14848=CARTESIAN_POINT('',(0.0699785401074033,-0.0940730554824619,0.));
#14849=CARTESIAN_POINT('',(0.0652387928624253,-0.0865070840535301,0.));
#14850=CARTESIAN_POINT('',(0.0654722152000765,-0.0814096616545279,0.));
#14851=CARTESIAN_POINT('',(-3.77528505555308E-06,3.77528505554614E-06,0.01));
#14852=CARTESIAN_POINT('',(0.021743011748025,-0.0164397108891259,0.01));
#14853=CARTESIAN_POINT('',(0.019593011748025,-0.0164397108891259,0.01));
#14854=CARTESIAN_POINT('',(0.0164402326625873,-0.0217435335214863,0.01));
#14855=CARTESIAN_POINT('',(0.0142902326625873,-0.0217435335214863,0.01));
#14856=CARTESIAN_POINT('',(0.0176776695296637,-2.66952966369166E-06,0.01));
#14857=CARTESIAN_POINT('',(0.0176776695296637,-0.0176776695296637,0.01));
#14858=CARTESIAN_POINT('',(2.66952966369513E-06,-0.0176776695296637,0.01));
#14859=CARTESIAN_POINT('',(-3.77528505554961E-06,-0.0249962247149444,0.01));
#14860=CARTESIAN_POINT('',(0.0249962247149444,-0.0249962247149444,0.01));
#14861=CARTESIAN_POINT('',(0.0249962247149444,3.77528505554961E-06,0.01));
#14862=CARTESIAN_POINT('',(0.0424264068711928,-0.0424264068711928,0.015));
#14863=CARTESIAN_POINT('',(-3.77528505554961E-06,-0.0249962247149444,0.015));
#14864=CARTESIAN_POINT('',(0.0249962247149444,-0.0249962247149444,0.015));
#14865=CARTESIAN_POINT('',(0.0654722152000765,-0.0814096616545279,0.015));
#14866=CARTESIAN_POINT('',(0.0652387928624253,-0.0865070840535301,0.015));
#14867=CARTESIAN_POINT('',(0.0699785401074033,-0.0940730554824619,0.015));
#14868=CARTESIAN_POINT('',(0.0747182873523813,-0.101639026911394,0.015));
#14869=CARTESIAN_POINT('',(0.083766812633644,-0.101639026911394,0.015));
#14870=CARTESIAN_POINT('',(0.0928153379149067,-0.101639026911394,0.015));
#14871=CARTESIAN_POINT('',(0.0950212601640285,-0.0994331046622721,0.015));
#14872=CARTESIAN_POINT('',(0.101639026911394,-0.0928153379149067,0.015));
#14873=CARTESIAN_POINT('',(0.101639026911394,-0.083766812633644,0.015));
#14874=CARTESIAN_POINT('',(0.101639026911394,-0.0747182873523812,0.015));
#14875=CARTESIAN_POINT('',(0.094073055482462,-0.0699785401074033,0.015));
#14876=CARTESIAN_POINT('',(0.0865070840535301,-0.0652387928624253,0.015));
#14877=CARTESIAN_POINT('',(0.081409661654528,-0.0654722152000764,0.015));
#14878=CARTESIAN_POINT('',(0.0249962247149444,3.77528505554961E-06,0.015));
#14879=CARTESIAN_POINT('',(0.0848528137423857,-0.0848528137423857,0.015));
#14880=CARTESIAN_POINT('',(0.0688528137423857,-0.0848528137423857,0.015));
#14881=CARTESIAN_POINT('',(0.0540668225861363,-0.0486556212009254,0.015));
#14882=CARTESIAN_POINT('',(0.0737145390892321,-0.0683033377040213,0.015));
#14883=CARTESIAN_POINT('',(0.0344191060830404,-0.0290079046978295,0.015));
#14884=CARTESIAN_POINT('',(0.069656138050324,-0.0723617387429294,0.015));
#14885=CARTESIAN_POINT('',(0.0683033377040213,-0.0737145390892321,0.015));
#14886=CARTESIAN_POINT('',(0.0486556212009254,-0.0540668225861363,0.015));
#14887=CARTESIAN_POINT('',(0.0290079046978296,-0.0344191060830404,0.015));
#14888=CARTESIAN_POINT('',(0.028265163395813,-0.0324500789129913,0.015));
#14889=CARTESIAN_POINT('',(0.0275224220937964,-0.0304810517429423,0.015));
#14890=CARTESIAN_POINT('',(0.0277750993612646,-0.0292544141858375,0.015));
#14891=CARTESIAN_POINT('',(0.0280277766287327,-0.0280277766287327,0.015));
#14892=CARTESIAN_POINT('',(0.0292544141858375,-0.0277750993612646,0.015));
#14893=CARTESIAN_POINT('',(0.0304810517429423,-0.0275224220937964,0.015));
#14894=CARTESIAN_POINT('',(0.0324500789129913,-0.028265163395813,0.015));
#14895=CARTESIAN_POINT('',(0.0834951645809925,-0.0834951645809925,0.004));
#14896=CARTESIAN_POINT('',(0.0928527606575789,-0.0848527606575789,0.004));
#14897=CARTESIAN_POINT('',(0.0929139851473748,-0.0864515888415465,0.004));
#14898=CARTESIAN_POINT('',(0.0929139851473748,-0.0832539324736112,0.004));
#14899=CARTESIAN_POINT('',(0.093602760657579,-0.0652671154039754,0.004));
#14900=CARTESIAN_POINT('',(0.094291536167783,-0.0832539324736112,0.004));
#14901=CARTESIAN_POINT('',(0.0943527606575789,-0.0848527606575789,0.004));
#14902=CARTESIAN_POINT('',(0.094291536167783,-0.0864515888415465,0.004));
#14903=CARTESIAN_POINT('',(0.093602760657579,-0.104438405911182,0.004));
#14904=CARTESIAN_POINT('',(0.0848527606575789,-0.0753527606575789,0.004));
#14905=CARTESIAN_POINT('',(0.0864515888415465,-0.0754139851473748,0.004));
#14906=CARTESIAN_POINT('',(0.0832539324736113,-0.0754139851473748,0.004));
#14907=CARTESIAN_POINT('',(0.104438405911182,-0.0761027606575787,0.004));
#14908=CARTESIAN_POINT('',(0.0864515888415465,-0.0767915361677829,0.004));
#14909=CARTESIAN_POINT('',(0.0848527606575789,-0.0768527606575789,0.004));
#14910=CARTESIAN_POINT('',(0.0832539324736113,-0.076791536167783,0.004));
#14911=CARTESIAN_POINT('',(0.0652671154039754,-0.0761027606575791,0.004));
#14912=CARTESIAN_POINT('',(0.0753527606575789,-0.0848527606575789,0.004));
#14913=CARTESIAN_POINT('',(0.0754139851473748,-0.0864515888415465,0.004));
#14914=CARTESIAN_POINT('',(0.0754139851473748,-0.0832539324736113,0.004));
#14915=CARTESIAN_POINT('',(0.0761027606575787,-0.0652671154039754,0.004));
#14916=CARTESIAN_POINT('',(0.076791536167783,-0.0832539324736112,0.004));
#14917=CARTESIAN_POINT('',(0.0768527606575789,-0.0848527606575789,0.004));
#14918=CARTESIAN_POINT('',(0.076791536167783,-0.0864515888415465,0.004));
#14919=CARTESIAN_POINT('',(0.076102760657579,-0.104438405911182,0.004));
#14920=CARTESIAN_POINT('',(0.0848527606575789,-0.0848527606575789,0.004));
#14921=CARTESIAN_POINT('',(0.0888527606575789,-0.0848527606575789,0.004));
#14922=CARTESIAN_POINT('',(0.0848528137423857,-0.0848528137423857,0.004));
#14923=CARTESIAN_POINT('',(0.100852813742386,-0.0848528137423857,0.004));
#14924=CARTESIAN_POINT('',(0.0848527606575789,-0.0943527606575789,0.004));
#14925=CARTESIAN_POINT('',(0.0832539324736113,-0.0942915361677829,0.004));
#14926=CARTESIAN_POINT('',(0.0864515888415465,-0.0942915361677829,0.004));
#14927=CARTESIAN_POINT('',(0.0652671154039754,-0.0936027606575789,0.004));
#14928=CARTESIAN_POINT('',(0.0832539324736113,-0.0929139851473748,0.004));
#14929=CARTESIAN_POINT('',(0.0848527606575789,-0.0928527606575789,0.004));
#14930=CARTESIAN_POINT('',(0.0864515888415465,-0.0929139851473748,0.004));
#14931=CARTESIAN_POINT('',(0.104438405911182,-0.0936027606575789,0.004));
#14932=CARTESIAN_POINT('',(0.0848528137423857,-0.0848528137423857,0.015));
#14933=CARTESIAN_POINT('',(0.101639026911394,-0.083766812633644,0.015));
#14934=CARTESIAN_POINT('',(0.101639026911394,-0.0747182873523812,0.015));
#14935=CARTESIAN_POINT('',(0.101639026911394,-0.0928153379149067,0.015));
#14936=CARTESIAN_POINT('',(0.094073055482462,-0.0699785401074033,0.015));
#14937=CARTESIAN_POINT('',(0.0865070840535301,-0.0652387928624253,0.015));
#14938=CARTESIAN_POINT('',(0.081409661654528,-0.0654722152000764,0.015));
#14939=CARTESIAN_POINT('',(0.0654722152000765,-0.0814096616545279,0.015));
#14940=CARTESIAN_POINT('',(0.0652387928624253,-0.0865070840535301,0.015));
#14941=CARTESIAN_POINT('',(0.0699785401074033,-0.0940730554824619,0.015));
#14942=CARTESIAN_POINT('',(0.0747182873523813,-0.101639026911394,0.015));
#14943=CARTESIAN_POINT('',(0.083766812633644,-0.101639026911394,0.015));
#14944=CARTESIAN_POINT('',(0.0928153379149067,-0.101639026911394,0.015));
#14945=CARTESIAN_POINT('',(0.0950212601640285,-0.0994331046622721,0.015));
#14946=CARTESIAN_POINT('',(0.0848527606575789,-0.0848527606575789,0.0059));
#14947=CARTESIAN_POINT('',(0.0768527606575789,-0.0848527606575789,0.0059));
#14948=CARTESIAN_POINT('',(0.076791536167783,-0.0832539324736112,0.0059));
#14949=CARTESIAN_POINT('',(0.076791536167783,-0.0864515888415465,0.0059));
#14950=CARTESIAN_POINT('',(0.0753527606575789,-0.0848527606575789,0.0059));
#14951=CARTESIAN_POINT('',(0.0754139851473748,-0.0832539324736113,0.0059));
#14952=CARTESIAN_POINT('',(0.0754139851473748,-0.0864515888415465,0.0059));
#14953=CARTESIAN_POINT('',(0.0848527606575789,-0.0768527606575789,0.0059));
#14954=CARTESIAN_POINT('',(0.0864515888415465,-0.0767915361677829,0.0059));
#14955=CARTESIAN_POINT('',(0.0832539324736113,-0.076791536167783,0.0059));
#14956=CARTESIAN_POINT('',(0.0848527606575789,-0.0753527606575789,0.0059));
#14957=CARTESIAN_POINT('',(0.0864515888415465,-0.0754139851473748,0.0059));
#14958=CARTESIAN_POINT('',(0.0832539324736113,-0.0754139851473748,0.0059));
#14959=CARTESIAN_POINT('',(0.0848527606575789,-0.0928527606575789,0.0059));
#14960=CARTESIAN_POINT('',(0.0832539324736113,-0.0929139851473748,0.0059));
#14961=CARTESIAN_POINT('',(0.0864515888415465,-0.0929139851473748,0.0059));
#14962=CARTESIAN_POINT('',(0.0848527606575789,-0.0943527606575789,0.0059));
#14963=CARTESIAN_POINT('',(0.0832539324736113,-0.0942915361677829,0.0059));
#14964=CARTESIAN_POINT('',(0.0864515888415465,-0.0942915361677829,0.0059));
#14965=CARTESIAN_POINT('',(0.0928527606575789,-0.0848527606575789,0.0059));
#14966=CARTESIAN_POINT('',(0.0929139851473748,-0.0832539324736112,0.0059));
#14967=CARTESIAN_POINT('',(0.0929139851473748,-0.0864515888415465,0.0059));
#14968=CARTESIAN_POINT('',(0.0943527606575789,-0.0848527606575789,0.0059));
#14969=CARTESIAN_POINT('',(0.094291536167783,-0.0832539324736112,0.0059));
#14970=CARTESIAN_POINT('',(0.094291536167783,-0.0864515888415465,0.0059));
#14971=CARTESIAN_POINT('',(0.104438405911182,-0.0761027606575787,0.0059));
#14972=CARTESIAN_POINT('',(0.0652671154039754,-0.0761027606575791,0.0059));
#14973=CARTESIAN_POINT('',(0.0761027606575787,-0.0652671154039754,0.0059));
#14974=CARTESIAN_POINT('',(0.076102760657579,-0.104438405911182,0.0059));
#14975=CARTESIAN_POINT('',(0.0652671154039754,-0.0936027606575789,0.0059));
#14976=CARTESIAN_POINT('',(0.104438405911182,-0.0936027606575789,0.0059));
#14977=CARTESIAN_POINT('',(0.093602760657579,-0.0652671154039754,0.0059));
#14978=CARTESIAN_POINT('',(0.093602760657579,-0.104438405911182,0.0059));
#14979=CARTESIAN_POINT('',(0.069656138050324,-0.0723617387429294,0.012));
#14980=CARTESIAN_POINT('',(0.0737145390892321,-0.0683033377040213,0.012));
#14981=CARTESIAN_POINT('',(0.0737145390892321,-0.0683033377040213,0.012));
#14982=CARTESIAN_POINT('',(0.069656138050324,-0.0723617387429294,0.012));
#14983=CARTESIAN_POINT('',(0.0683033377040213,-0.0737145390892321,0.012));
#14984=CARTESIAN_POINT('',(0.0683033377040213,-0.0737145390892321,0.012));
#14985=CARTESIAN_POINT('',(0.0540668225861363,-0.0486556212009254,0.012));
#14986=CARTESIAN_POINT('',(0.0344191060830404,-0.0290079046978295,0.012));
#14987=CARTESIAN_POINT('',(0.0344191060830404,-0.0290079046978295,0.012));
#14988=CARTESIAN_POINT('',(0.0540668225861363,-0.0486556212009254,0.012));
#14989=CARTESIAN_POINT('',(0.0324500789129913,-0.028265163395813,0.012));
#14990=CARTESIAN_POINT('',(0.0304810517429423,-0.0275224220937964,0.012));
#14991=CARTESIAN_POINT('',(0.0304810517429423,-0.0275224220937964,0.012));
#14992=CARTESIAN_POINT('',(0.0324500789129913,-0.028265163395813,0.012));
#14993=CARTESIAN_POINT('',(0.0292544141858375,-0.0277750993612646,0.012));
#14994=CARTESIAN_POINT('',(0.0280277766287327,-0.0280277766287327,0.012));
#14995=CARTESIAN_POINT('',(0.0280277766287327,-0.0280277766287327,0.012));
#14996=CARTESIAN_POINT('',(0.0292544141858375,-0.0277750993612646,0.012));
#14997=CARTESIAN_POINT('',(0.0277750993612646,-0.0292544141858375,0.012));
#14998=CARTESIAN_POINT('',(0.0275224220937964,-0.0304810517429423,0.012));
#14999=CARTESIAN_POINT('',(0.0275224220937964,-0.0304810517429423,0.012));
#15000=CARTESIAN_POINT('',(0.0277750993612646,-0.0292544141858375,0.012));
#15001=CARTESIAN_POINT('',(0.028265163395813,-0.0324500789129913,0.012));
#15002=CARTESIAN_POINT('',(0.0290079046978296,-0.0344191060830404,0.012));
#15003=CARTESIAN_POINT('',(0.0290079046978296,-0.0344191060830404,0.012));
#15004=CARTESIAN_POINT('',(0.028265163395813,-0.0324500789129913,0.012));
#15005=CARTESIAN_POINT('',(0.0486556212009254,-0.0540668225861363,0.012));
#15006=CARTESIAN_POINT('',(0.0486556212009254,-0.0540668225861363,0.012));
#15007=CARTESIAN_POINT('',(0.0509295225591055,-0.0509295225591054,0.012));
#15008=CARTESIAN_POINT('',(-3.77528505554961E-06,-0.0249962247149444,0.01));
#15009=CARTESIAN_POINT('',(0.0249962247149444,-0.0249962247149444,0.01));
#15010=CARTESIAN_POINT('',(0.0249962247149444,3.77528505554961E-06,0.01));
#15011=CARTESIAN_POINT('',(2.66952966369513E-06,-0.0176776695296637,-0.015));
#15012=CARTESIAN_POINT('',(0.00707106781186549,-0.0176776695296637,0.005));
#15013=CARTESIAN_POINT('',(0.0106065547656223,-0.0176776695296637,0.00473012117173456));
#15014=CARTESIAN_POINT('',(0.0141420413550885,-0.0176776695296637,0.00446023756017028));
#15015=CARTESIAN_POINT('',(0.0176776695296637,-0.0176776695296637,0.00419221302396336));
#15016=CARTESIAN_POINT('',(0.0176776695296637,-0.0176776695296637,0.00419221302396335));
#15017=CARTESIAN_POINT('',(0.0176776695296637,-0.0176776695296637,-0.015));
#15018=CARTESIAN_POINT('',(0.0176776695296637,-2.66952966369166E-06,-0.015));
#15019=CARTESIAN_POINT('',(0.0176776695296637,-0.00707106781186546,0.005));
#15020=CARTESIAN_POINT('',(0.0176776695296637,-0.0106065547656223,0.00473012117173456));
#15021=CARTESIAN_POINT('',(0.0176776695296637,-0.0141420413550885,0.00446023756017028));
#15022=CARTESIAN_POINT('',(0.0176776695296637,-0.0176776695296637,0.00419221302396335));
#15023=CARTESIAN_POINT('',(0.00707106781186547,-0.0176776695296637,0.005));
#15024=CARTESIAN_POINT('',(0.0176776695296638,-0.0070710678118654,0.005));
#15025=CARTESIAN_POINT('',(0.014967857938105,-0.0255744596559032,0.00379440852465146));
#15026=CARTESIAN_POINT('',(0.0255744596559033,-0.014967857938105,0.00379440852465146));
#15027=CARTESIAN_POINT('',(0.0228646480643446,-0.0334712497821428,0.00258881704930291));
#15028=CARTESIAN_POINT('',(0.0334712497821428,-0.0228646480643445,0.00258881704930291));
#15029=CARTESIAN_POINT('',(0.0301602925478483,-0.0407668942656465,0.00164019343428457));
#15030=CARTESIAN_POINT('',(0.0407668942656466,-0.0301602925478483,0.00164019343428457));
#15031=CARTESIAN_POINT('',(0.019635033356682,-0.0153248781714994,0.00422219712512237));
#15032=CARTESIAN_POINT('',(0.0194674497450642,-0.0171438247119525,0.00409698948225314));
#15033=CARTESIAN_POINT('',(0.0206271716217983,-0.0185430960568954,0.00390368991101952));
#15034=CARTESIAN_POINT('',(0.0224386415636537,-0.018718924975491,0.00375433978016838));
#15035=CARTESIAN_POINT('',(0.0238505219921949,-0.0175550072450136,0.00373575858418754));
#15036=CARTESIAN_POINT('',(0.0240181998336785,-0.0157350728758891,0.00385979911845041));
#15037=CARTESIAN_POINT('',(0.0228608660194144,-0.0143381218851946,0.00405251048826755));
#15038=CARTESIAN_POINT('',(0.0210496530335371,-0.014159119982963,0.00420330864349242));
#15039=CARTESIAN_POINT('',(0.019635033356682,-0.0153248781714994,0.00422219712512237));
#15040=CARTESIAN_POINT('',(0.0194674497450642,-0.0171438247119525,0.00409698948225314));
#15041=CARTESIAN_POINT('',(0.0206271716217983,-0.0185430960568954,0.00390368991101952));
#15042=CARTESIAN_POINT('',(0.0196886673264562,-0.0170738788460341,0.00408564082752574));
#15043=CARTESIAN_POINT('',(0.014757887890005,-0.020053015593028,0.00423350991676952));
#15044=CARTESIAN_POINT('',(0.014057092900802,-0.0217458529996785,0.00415823813943858));
#15045=CARTESIAN_POINT('',(0.0147551364823104,-0.0234247735371758,0.00397838072402952));
#15046=CARTESIAN_POINT('',(0.016429850915559,-0.0241256862890289,0.00379950378701435));
#15047=CARTESIAN_POINT('',(0.0181228024985452,-0.0234336072146283,0.00372445886836368));
#15048=CARTESIAN_POINT('',(0.0188227912899517,-0.0217419442937615,0.00379881310493081));
#15049=CARTESIAN_POINT('',(0.0181274274781743,-0.0200644692810598,0.00397747579573695));
#15050=CARTESIAN_POINT('',(0.0164517749037227,-0.0193609542860846,0.00415749646526675));
#15051=CARTESIAN_POINT('',(0.014757887890005,-0.020053015593028,0.00423350991676952));
#15052=CARTESIAN_POINT('',(0.014057092900802,-0.0217458529996785,0.00415823813943858));
#15053=CARTESIAN_POINT('',(0.0147551364823104,-0.0234247735371758,0.00397838072402952));
#15054=CARTESIAN_POINT('',(0.0142902326625872,-0.0217435335214863,0.00414080719975889));
#15055=CARTESIAN_POINT('',(0.0407668942614516,-0.0301602925436533,0.00164019343483004));
#15056=CARTESIAN_POINT('',(0.0607454936976429,-0.0607454936976429,0.390514671124226));
#15057=CARTESIAN_POINT('',(0.0408700988286708,-0.0656188361701999,0.005));
#15058=CARTESIAN_POINT('',(0.0523680942321007,-0.0771168315736298,0.005));
#15059=CARTESIAN_POINT('',(0.0333690726304631,-0.0581178099719922,0.005));
#15060=CARTESIAN_POINT('',(0.0333690726304631,-0.0581178099719922,0.0075));
#15061=CARTESIAN_POINT('',(0.0333690726304631,-0.0581178099719922,0.01));
#15062=CARTESIAN_POINT('',(0.0428685834312819,-0.067617320772811,0.01));
#15063=CARTESIAN_POINT('',(0.0523680942321007,-0.0771168315736298,0.01));
#15064=CARTESIAN_POINT('',(0.0523680942321007,-0.0771168315736298,0.0075));
#15065=CARTESIAN_POINT('',(0.0164402326625873,-0.0217435335214863,-0.015));
#15066=CARTESIAN_POINT('',(0.021743011748025,-0.0164397108891259,-0.015));
#15067=CARTESIAN_POINT('',(0.,0.,0.));
#15068=CARTESIAN_POINT('',(0.0371231060122938,0.047729707730092,0.015));
#15069=CARTESIAN_POINT('',(0.00707106781186548,0.0176776695296637,0.005));
#15070=CARTESIAN_POINT('',(0.0212047494434976,0.0318113511612958,0.00284223136008552));
#15071=CARTESIAN_POINT('',(0.0353384310751297,0.0459450327929279,0.000684462720171043));
#15072=CARTESIAN_POINT('',(0.0460254893316342,0.0566320910494324,4.33680868994202E-19));
#15073=CARTESIAN_POINT('',(0.00707106781186547,0.0176776695296637,0.005));
#15074=CARTESIAN_POINT('',(0.0301602925436533,0.0407668942614515,0.00164019343483004));
#15075=CARTESIAN_POINT('',(0.0070710678118655,0.0176776695296637,0.015));
#15076=CARTESIAN_POINT('',(0.00707106781186551,0.0176776695296637,0.01));
#15077=CARTESIAN_POINT('',(0.0371231060122938,0.047729707730092,0.01));
#15078=CARTESIAN_POINT('',(0.0143896229971463,0.0249962247149444,0.01));
#15079=CARTESIAN_POINT('',(0.0143896229971463,0.0249962247149444,0.015));
#15080=CARTESIAN_POINT('',(0.0143896229971463,0.0249962247149444,0.015));
#15081=CARTESIAN_POINT('',(0.0371231060122938,0.047729707730092,0.015));
#15082=CARTESIAN_POINT('',(0.0657056375377276,0.0763122392555258,0.015));
#15083=CARTESIAN_POINT('',(0.0657056375377276,0.0763122392555258,0.015));
#15084=CARTESIAN_POINT('',(0.0657056375377276,0.0763122392555258,0.));
#15085=CARTESIAN_POINT('',(0.0371231060122938,0.047729707730092,0.));
#15086=CARTESIAN_POINT('',(0.0554421928387438,0.066048794556542,0.));
#15087=CARTESIAN_POINT('',(0.0554421928387438,0.066048794556542,0.390514671124226));
#15088=CARTESIAN_POINT('',(0.0594391620439662,0.0700457637617643,0.0075));
#15089=CARTESIAN_POINT('',(0.0594391620439662,0.0700457637617643,0.005));
#15090=CARTESIAN_POINT('',(0.0594391620439662,0.0700457637617643,0.01));
#15091=CARTESIAN_POINT('',(0.0371231060122938,0.047729707730092,0.01));
#15092=CARTESIAN_POINT('',(0.0404401404423286,0.0510467421601268,0.01));
#15093=CARTESIAN_POINT('',(0.0404401404423286,0.0510467421601268,0.0075));
#15094=CARTESIAN_POINT('',(0.0404401404423286,0.0510467421601268,0.005));
#15095=CARTESIAN_POINT('',(0.0371231060122938,0.047729707730092,0.005));
#15096=CARTESIAN_POINT('',(0.047729707730092,0.0371231060122938,0.015));
#15097=CARTESIAN_POINT('',(0.047729707730092,0.0371231060122938,0.));
#15098=CARTESIAN_POINT('',(0.066048794556542,0.0554421928387438,0.));
#15099=CARTESIAN_POINT('',(0.0763122392555258,0.0657056375377276,0.));
#15100=CARTESIAN_POINT('',(0.0763122392555258,0.0657056375377276,0.015));
#15101=CARTESIAN_POINT('',(0.0763122392555258,0.0657056375377276,0.015));
#15102=CARTESIAN_POINT('',(0.047729707730092,0.0371231060122938,0.015));
#15103=CARTESIAN_POINT('',(0.0249962247149444,0.0143896229971462,0.015));
#15104=CARTESIAN_POINT('',(0.0249962247149444,0.0143896229971462,0.015));
#15105=CARTESIAN_POINT('',(0.0249962247149444,0.0143896229971462,0.01));
#15106=CARTESIAN_POINT('',(0.047729707730092,0.0371231060122938,0.01));
#15107=CARTESIAN_POINT('',(0.0176776695296637,0.00707106781186546,0.01));
#15108=CARTESIAN_POINT('',(0.0176776695296637,0.00707106781186546,0.015));
#15109=CARTESIAN_POINT('',(0.0176776695296637,0.00707106781186546,0.005));
#15110=CARTESIAN_POINT('',(0.0176776695296637,0.00707106781186546,0.005));
#15111=CARTESIAN_POINT('',(0.0318113511612959,0.0212047494434976,0.00284223136008552));
#15112=CARTESIAN_POINT('',(0.045945032792928,0.0353384310751297,0.000684462720171043));
#15113=CARTESIAN_POINT('',(0.0566320910494324,0.0460254893316342,4.33680868994202E-19));
#15114=CARTESIAN_POINT('',(0.0407668942614516,0.0301602925436533,0.00164019343483004));
#15115=CARTESIAN_POINT('',(0.066048794556542,0.0554421928387438,0.390514671124226));
#15116=CARTESIAN_POINT('',(0.0585477683583344,0.0479411666405362,0.005));
#15117=CARTESIAN_POINT('',(0.0700457637617644,0.0594391620439661,0.005));
#15118=CARTESIAN_POINT('',(0.0510467421601268,0.0404401404423285,0.005));
#15119=CARTESIAN_POINT('',(0.0510467421601268,0.0404401404423285,0.0075));
#15120=CARTESIAN_POINT('',(0.0510467421601268,0.0404401404423285,0.01));
#15121=CARTESIAN_POINT('',(0.0605462529609456,0.0499396512431473,0.01));
#15122=CARTESIAN_POINT('',(0.0700457637617644,0.0594391620439661,0.01));
#15123=CARTESIAN_POINT('',(0.0700457637617644,0.0594391620439661,0.0075));
#15124=CARTESIAN_POINT('',(0.0424264068711928,0.0424264068711928,0.));
#15125=CARTESIAN_POINT('',(0.0848527606575789,0.0928527606575789,0.));
#15126=CARTESIAN_POINT('',(0.0864515888415465,0.0929139851473748,0.));
#15127=CARTESIAN_POINT('',(0.0832539324736113,0.0929139851473748,0.));
#15128=CARTESIAN_POINT('',(0.104438405911182,0.0936027606575789,0.));
#15129=CARTESIAN_POINT('',(0.0864515888415465,0.0942915361677829,0.));
#15130=CARTESIAN_POINT('',(0.0848527606575789,0.0943527606575789,0.));
#15131=CARTESIAN_POINT('',(0.0832539324736113,0.0942915361677829,0.));
#15132=CARTESIAN_POINT('',(0.0652671154039754,0.0936027606575789,0.));
#15133=CARTESIAN_POINT('',(0.0848527606575789,0.0848527606575789,0.));
#15134=CARTESIAN_POINT('',(0.0888527606575789,0.0848527606575789,0.));
#15135=CARTESIAN_POINT('',(0.0768527606575789,0.0848527606575789,0.));
#15136=CARTESIAN_POINT('',(0.076791536167783,0.0832539324736112,0.));
#15137=CARTESIAN_POINT('',(0.076791536167783,0.0864515888415465,0.));
#15138=CARTESIAN_POINT('',(0.076102760657579,0.104438405911182,0.));
#15139=CARTESIAN_POINT('',(0.0754139851473748,0.0864515888415465,0.));
#15140=CARTESIAN_POINT('',(0.0753527606575789,0.0848527606575789,0.));
#15141=CARTESIAN_POINT('',(0.0754139851473748,0.0832539324736113,0.));
#15142=CARTESIAN_POINT('',(0.0761027606575787,0.0652671154039754,0.));
#15143=CARTESIAN_POINT('',(0.0848527606575789,0.0768527606575789,0.));
#15144=CARTESIAN_POINT('',(0.0832539324736113,0.076791536167783,0.));
#15145=CARTESIAN_POINT('',(0.0864515888415465,0.0767915361677829,0.));
#15146=CARTESIAN_POINT('',(0.0652671154039754,0.0761027606575791,0.));
#15147=CARTESIAN_POINT('',(0.0832539324736113,0.0754139851473748,0.));
#15148=CARTESIAN_POINT('',(0.0848527606575789,0.0753527606575789,0.));
#15149=CARTESIAN_POINT('',(0.0864515888415465,0.0754139851473748,0.));
#15150=CARTESIAN_POINT('',(0.104438405911182,0.0761027606575787,0.));
#15151=CARTESIAN_POINT('',(0.0943527606575789,0.0848527606575789,0.));
#15152=CARTESIAN_POINT('',(0.094291536167783,0.0832539324736112,0.));
#15153=CARTESIAN_POINT('',(0.094291536167783,0.0864515888415465,0.));
#15154=CARTESIAN_POINT('',(0.093602760657579,0.104438405911182,0.));
#15155=CARTESIAN_POINT('',(0.0929139851473748,0.0864515888415465,0.));
#15156=CARTESIAN_POINT('',(0.0928527606575789,0.0848527606575789,0.));
#15157=CARTESIAN_POINT('',(0.0929139851473748,0.0832539324736112,0.));
#15158=CARTESIAN_POINT('',(0.093602760657579,0.0652671154039754,0.));
#15159=CARTESIAN_POINT('',(0.0654722152000765,0.0814096616545279,0.));
#15160=CARTESIAN_POINT('',(0.0652387928624253,0.0865070840535301,0.));
#15161=CARTESIAN_POINT('',(0.0699785401074033,0.0940730554824619,0.));
#15162=CARTESIAN_POINT('',(0.0747182873523813,0.101639026911394,0.));
#15163=CARTESIAN_POINT('',(0.083766812633644,0.101639026911394,0.));
#15164=CARTESIAN_POINT('',(0.0928153379149067,0.101639026911394,0.));
#15165=CARTESIAN_POINT('',(0.0950212601640285,0.0994331046622721,0.));
#15166=CARTESIAN_POINT('',(0.101639026911394,0.0928153379149067,0.));
#15167=CARTESIAN_POINT('',(0.101639026911394,0.083766812633644,0.));
#15168=CARTESIAN_POINT('',(0.101639026911394,0.0747182873523812,0.));
#15169=CARTESIAN_POINT('',(0.094073055482462,0.0699785401074033,0.));
#15170=CARTESIAN_POINT('',(0.0865070840535301,0.0652387928624253,0.));
#15171=CARTESIAN_POINT('',(0.081409661654528,0.0654722152000764,0.));
#15172=CARTESIAN_POINT('',(0.0607454936976429,0.0607454936976429,0.));
#15173=CARTESIAN_POINT('',(-3.77528505555308E-06,-3.77528505554614E-06,0.01));
#15174=CARTESIAN_POINT('',(0.021743011748025,0.0164397108891259,0.01));
#15175=CARTESIAN_POINT('',(0.019593011748025,0.0164397108891259,0.01));
#15176=CARTESIAN_POINT('',(0.0164402326625873,0.0217435335214863,0.01));
#15177=CARTESIAN_POINT('',(0.0142902326625873,0.0217435335214863,0.01));
#15178=CARTESIAN_POINT('',(0.0176776695296637,2.66952966369166E-06,0.01));
#15179=CARTESIAN_POINT('',(0.0176776695296637,0.0176776695296637,0.01));
#15180=CARTESIAN_POINT('',(0.0249962247149444,-3.77528505554961E-06,0.01));
#15181=CARTESIAN_POINT('',(0.0249962247149444,0.0249962247149444,0.01));
#15182=CARTESIAN_POINT('',(-3.77528505554961E-06,0.0249962247149444,0.01));
#15183=CARTESIAN_POINT('',(2.66952966369513E-06,0.0176776695296637,0.01));
#15184=CARTESIAN_POINT('',(0.0424264068711928,0.0424264068711928,0.015));
#15185=CARTESIAN_POINT('',(-3.77528505554961E-06,0.0249962247149444,0.015));
#15186=CARTESIAN_POINT('',(0.0249962247149444,0.0249962247149444,0.015));
#15187=CARTESIAN_POINT('',(0.0249962247149444,-3.77528505554961E-06,0.015));
#15188=CARTESIAN_POINT('',(0.081409661654528,0.0654722152000764,0.015));
#15189=CARTESIAN_POINT('',(0.0865070840535301,0.0652387928624253,0.015));
#15190=CARTESIAN_POINT('',(0.094073055482462,0.0699785401074033,0.015));
#15191=CARTESIAN_POINT('',(0.101639026911394,0.0747182873523812,0.015));
#15192=CARTESIAN_POINT('',(0.101639026911394,0.083766812633644,0.015));
#15193=CARTESIAN_POINT('',(0.101639026911394,0.0928153379149067,0.015));
#15194=CARTESIAN_POINT('',(0.0950212601640285,0.0994331046622721,0.015));
#15195=CARTESIAN_POINT('',(0.0928153379149067,0.101639026911394,0.015));
#15196=CARTESIAN_POINT('',(0.083766812633644,0.101639026911394,0.015));
#15197=CARTESIAN_POINT('',(0.0747182873523813,0.101639026911394,0.015));
#15198=CARTESIAN_POINT('',(0.0699785401074033,0.0940730554824619,0.015));
#15199=CARTESIAN_POINT('',(0.0652387928624253,0.0865070840535301,0.015));
#15200=CARTESIAN_POINT('',(0.0654722152000765,0.0814096616545279,0.015));
#15201=CARTESIAN_POINT('',(0.0848528137423857,0.0848528137423857,0.015));
#15202=CARTESIAN_POINT('',(0.0688528137423857,0.0848528137423857,0.015));
#15203=CARTESIAN_POINT('',(0.0540668225861363,0.0486556212009254,0.015));
#15204=CARTESIAN_POINT('',(0.0737145390892321,0.0683033377040213,0.015));
#15205=CARTESIAN_POINT('',(0.0344191060830404,0.0290079046978295,0.015));
#15206=CARTESIAN_POINT('',(0.0324500789129913,0.028265163395813,0.015));
#15207=CARTESIAN_POINT('',(0.0304810517429423,0.0275224220937964,0.015));
#15208=CARTESIAN_POINT('',(0.0292544141858375,0.0277750993612646,0.015));
#15209=CARTESIAN_POINT('',(0.0280277766287327,0.0280277766287327,0.015));
#15210=CARTESIAN_POINT('',(0.0277750993612646,0.0292544141858375,0.015));
#15211=CARTESIAN_POINT('',(0.0275224220937964,0.0304810517429423,0.015));
#15212=CARTESIAN_POINT('',(0.028265163395813,0.0324500789129913,0.015));
#15213=CARTESIAN_POINT('',(0.0290079046978296,0.0344191060830404,0.015));
#15214=CARTESIAN_POINT('',(0.0486556212009254,0.0540668225861363,0.015));
#15215=CARTESIAN_POINT('',(0.0683033377040213,0.0737145390892321,0.015));
#15216=CARTESIAN_POINT('',(0.069656138050324,0.0723617387429294,0.015));
#15217=CARTESIAN_POINT('',(0.0834951645809925,0.0834951645809925,0.004));
#15218=CARTESIAN_POINT('',(0.0928527606575789,0.0848527606575789,0.004));
#15219=CARTESIAN_POINT('',(0.0929139851473748,0.0864515888415465,0.004));
#15220=CARTESIAN_POINT('',(0.0929139851473748,0.0832539324736112,0.004));
#15221=CARTESIAN_POINT('',(0.093602760657579,0.104438405911182,0.004));
#15222=CARTESIAN_POINT('',(0.094291536167783,0.0864515888415465,0.004));
#15223=CARTESIAN_POINT('',(0.0943527606575789,0.0848527606575789,0.004));
#15224=CARTESIAN_POINT('',(0.094291536167783,0.0832539324736112,0.004));
#15225=CARTESIAN_POINT('',(0.093602760657579,0.0652671154039754,0.004));
#15226=CARTESIAN_POINT('',(0.0848527606575789,0.0753527606575789,0.004));
#15227=CARTESIAN_POINT('',(0.0864515888415465,0.0754139851473748,0.004));
#15228=CARTESIAN_POINT('',(0.0832539324736113,0.0754139851473748,0.004));
#15229=CARTESIAN_POINT('',(0.0652671154039754,0.0761027606575791,0.004));
#15230=CARTESIAN_POINT('',(0.0832539324736113,0.076791536167783,0.004));
#15231=CARTESIAN_POINT('',(0.0848527606575789,0.0768527606575789,0.004));
#15232=CARTESIAN_POINT('',(0.0864515888415465,0.0767915361677829,0.004));
#15233=CARTESIAN_POINT('',(0.104438405911182,0.0761027606575787,0.004));
#15234=CARTESIAN_POINT('',(0.0753527606575789,0.0848527606575789,0.004));
#15235=CARTESIAN_POINT('',(0.0754139851473748,0.0864515888415465,0.004));
#15236=CARTESIAN_POINT('',(0.0754139851473748,0.0832539324736113,0.004));
#15237=CARTESIAN_POINT('',(0.076102760657579,0.104438405911182,0.004));
#15238=CARTESIAN_POINT('',(0.076791536167783,0.0864515888415465,0.004));
#15239=CARTESIAN_POINT('',(0.0768527606575789,0.0848527606575789,0.004));
#15240=CARTESIAN_POINT('',(0.076791536167783,0.0832539324736112,0.004));
#15241=CARTESIAN_POINT('',(0.0761027606575787,0.0652671154039754,0.004));
#15242=CARTESIAN_POINT('',(0.0848527606575789,0.0848527606575789,0.004));
#15243=CARTESIAN_POINT('',(0.0888527606575789,0.0848527606575789,0.004));
#15244=CARTESIAN_POINT('',(0.0848528137423857,0.0848528137423857,0.004));
#15245=CARTESIAN_POINT('',(0.100852813742386,0.0848528137423857,0.004));
#15246=CARTESIAN_POINT('',(0.0848527606575789,0.0943527606575789,0.004));
#15247=CARTESIAN_POINT('',(0.0832539324736113,0.0942915361677829,0.004));
#15248=CARTESIAN_POINT('',(0.0864515888415465,0.0942915361677829,0.004));
#15249=CARTESIAN_POINT('',(0.104438405911182,0.0936027606575789,0.004));
#15250=CARTESIAN_POINT('',(0.0864515888415465,0.0929139851473748,0.004));
#15251=CARTESIAN_POINT('',(0.0848527606575789,0.0928527606575789,0.004));
#15252=CARTESIAN_POINT('',(0.0832539324736113,0.0929139851473748,0.004));
#15253=CARTESIAN_POINT('',(0.0652671154039754,0.0936027606575789,0.004));
#15254=CARTESIAN_POINT('',(0.0848528137423857,0.0848528137423857,0.015));
#15255=CARTESIAN_POINT('',(0.101639026911394,0.083766812633644,0.015));
#15256=CARTESIAN_POINT('',(0.101639026911394,0.0928153379149067,0.015));
#15257=CARTESIAN_POINT('',(0.101639026911394,0.0747182873523812,0.015));
#15258=CARTESIAN_POINT('',(0.094073055482462,0.0699785401074033,0.015));
#15259=CARTESIAN_POINT('',(0.0865070840535301,0.0652387928624253,0.015));
#15260=CARTESIAN_POINT('',(0.081409661654528,0.0654722152000764,0.015));
#15261=CARTESIAN_POINT('',(0.0654722152000765,0.0814096616545279,0.015));
#15262=CARTESIAN_POINT('',(0.0652387928624253,0.0865070840535301,0.015));
#15263=CARTESIAN_POINT('',(0.0699785401074033,0.0940730554824619,0.015));
#15264=CARTESIAN_POINT('',(0.0747182873523813,0.101639026911394,0.015));
#15265=CARTESIAN_POINT('',(0.083766812633644,0.101639026911394,0.015));
#15266=CARTESIAN_POINT('',(0.0928153379149067,0.101639026911394,0.015));
#15267=CARTESIAN_POINT('',(0.0950212601640285,0.0994331046622721,0.015));
#15268=CARTESIAN_POINT('',(0.0848527606575789,0.0848527606575789,0.0059));
#15269=CARTESIAN_POINT('',(0.0768527606575789,0.0848527606575789,0.0059));
#15270=CARTESIAN_POINT('',(0.076791536167783,0.0864515888415465,0.0059));
#15271=CARTESIAN_POINT('',(0.076791536167783,0.0832539324736112,0.0059));
#15272=CARTESIAN_POINT('',(0.0753527606575789,0.0848527606575789,0.0059));
#15273=CARTESIAN_POINT('',(0.0754139851473748,0.0864515888415465,0.0059));
#15274=CARTESIAN_POINT('',(0.0754139851473748,0.0832539324736113,0.0059));
#15275=CARTESIAN_POINT('',(0.0848527606575789,0.0768527606575789,0.0059));
#15276=CARTESIAN_POINT('',(0.0832539324736113,0.076791536167783,0.0059));
#15277=CARTESIAN_POINT('',(0.0864515888415465,0.0767915361677829,0.0059));
#15278=CARTESIAN_POINT('',(0.0848527606575789,0.0753527606575789,0.0059));
#15279=CARTESIAN_POINT('',(0.0832539324736113,0.0754139851473748,0.0059));
#15280=CARTESIAN_POINT('',(0.0864515888415465,0.0754139851473748,0.0059));
#15281=CARTESIAN_POINT('',(0.0848527606575789,0.0928527606575789,0.0059));
#15282=CARTESIAN_POINT('',(0.0864515888415465,0.0929139851473748,0.0059));
#15283=CARTESIAN_POINT('',(0.0832539324736113,0.0929139851473748,0.0059));
#15284=CARTESIAN_POINT('',(0.0848527606575789,0.0943527606575789,0.0059));
#15285=CARTESIAN_POINT('',(0.0864515888415465,0.0942915361677829,0.0059));
#15286=CARTESIAN_POINT('',(0.0832539324736113,0.0942915361677829,0.0059));
#15287=CARTESIAN_POINT('',(0.0928527606575789,0.0848527606575789,0.0059));
#15288=CARTESIAN_POINT('',(0.0929139851473748,0.0864515888415465,0.0059));
#15289=CARTESIAN_POINT('',(0.0929139851473748,0.0832539324736112,0.0059));
#15290=CARTESIAN_POINT('',(0.0943527606575789,0.0848527606575789,0.0059));
#15291=CARTESIAN_POINT('',(0.094291536167783,0.0864515888415465,0.0059));
#15292=CARTESIAN_POINT('',(0.094291536167783,0.0832539324736112,0.0059));
#15293=CARTESIAN_POINT('',(0.104438405911182,0.0761027606575787,0.0059));
#15294=CARTESIAN_POINT('',(0.0652671154039754,0.0761027606575791,0.0059));
#15295=CARTESIAN_POINT('',(0.0761027606575787,0.0652671154039754,0.0059));
#15296=CARTESIAN_POINT('',(0.076102760657579,0.104438405911182,0.0059));
#15297=CARTESIAN_POINT('',(0.0652671154039754,0.0936027606575789,0.0059));
#15298=CARTESIAN_POINT('',(0.104438405911182,0.0936027606575789,0.0059));
#15299=CARTESIAN_POINT('',(0.093602760657579,0.0652671154039754,0.0059));
#15300=CARTESIAN_POINT('',(0.093602760657579,0.104438405911182,0.0059));
#15301=CARTESIAN_POINT('',(0.069656138050324,0.0723617387429294,0.012));
#15302=CARTESIAN_POINT('',(0.0683033377040213,0.0737145390892321,0.012));
#15303=CARTESIAN_POINT('',(0.0683033377040213,0.0737145390892321,0.012));
#15304=CARTESIAN_POINT('',(0.069656138050324,0.0723617387429294,0.012));
#15305=CARTESIAN_POINT('',(0.0737145390892321,0.0683033377040213,0.012));
#15306=CARTESIAN_POINT('',(0.0737145390892321,0.0683033377040213,0.012));
#15307=CARTESIAN_POINT('',(0.0540668225861363,0.0486556212009254,0.012));
#15308=CARTESIAN_POINT('',(0.0540668225861363,0.0486556212009254,0.012));
#15309=CARTESIAN_POINT('',(0.0344191060830404,0.0290079046978295,0.012));
#15310=CARTESIAN_POINT('',(0.0344191060830404,0.0290079046978295,0.012));
#15311=CARTESIAN_POINT('',(0.0324500789129913,0.028265163395813,0.012));
#15312=CARTESIAN_POINT('',(0.0324500789129913,0.028265163395813,0.012));
#15313=CARTESIAN_POINT('',(0.0304810517429423,0.0275224220937964,0.012));
#15314=CARTESIAN_POINT('',(0.0304810517429423,0.0275224220937964,0.012));
#15315=CARTESIAN_POINT('',(0.0292544141858375,0.0277750993612646,0.012));
#15316=CARTESIAN_POINT('',(0.0292544141858375,0.0277750993612646,0.012));
#15317=CARTESIAN_POINT('',(0.0280277766287327,0.0280277766287327,0.012));
#15318=CARTESIAN_POINT('',(0.0280277766287327,0.0280277766287327,0.012));
#15319=CARTESIAN_POINT('',(0.0277750993612646,0.0292544141858375,0.012));
#15320=CARTESIAN_POINT('',(0.0277750993612646,0.0292544141858375,0.012));
#15321=CARTESIAN_POINT('',(0.0275224220937964,0.0304810517429423,0.012));
#15322=CARTESIAN_POINT('',(0.0275224220937964,0.0304810517429423,0.012));
#15323=CARTESIAN_POINT('',(0.028265163395813,0.0324500789129913,0.012));
#15324=CARTESIAN_POINT('',(0.028265163395813,0.0324500789129913,0.012));
#15325=CARTESIAN_POINT('',(0.0290079046978296,0.0344191060830404,0.012));
#15326=CARTESIAN_POINT('',(0.0290079046978296,0.0344191060830404,0.012));
#15327=CARTESIAN_POINT('',(0.0486556212009254,0.0540668225861363,0.012));
#15328=CARTESIAN_POINT('',(0.0486556212009254,0.0540668225861363,0.012));
#15329=CARTESIAN_POINT('',(0.0509295225591055,0.0509295225591054,0.012));
#15330=CARTESIAN_POINT('',(-3.77528505554961E-06,0.0249962247149444,0.01));
#15331=CARTESIAN_POINT('',(0.0249962247149444,0.0249962247149444,0.01));
#15332=CARTESIAN_POINT('',(0.0249962247149444,-3.77528505554961E-06,0.01));
#15333=CARTESIAN_POINT('',(2.66952966369513E-06,0.0176776695296637,-0.015));
#15334=CARTESIAN_POINT('',(0.00707106781186549,0.0176776695296637,0.005));
#15335=CARTESIAN_POINT('',(0.0106065547656223,0.0176776695296637,0.00473012117173456));
#15336=CARTESIAN_POINT('',(0.0141420413550885,0.0176776695296637,0.00446023756017028));
#15337=CARTESIAN_POINT('',(0.0176776695296637,0.0176776695296637,0.00419221302396336));
#15338=CARTESIAN_POINT('',(0.0176776695296637,0.0176776695296637,0.00419221302396335));
#15339=CARTESIAN_POINT('',(0.0176776695296637,0.0176776695296637,-0.015));
#15340=CARTESIAN_POINT('',(0.0176776695296637,2.66952966369166E-06,-0.015));
#15341=CARTESIAN_POINT('',(0.0176776695296637,0.00707106781186546,0.005));
#15342=CARTESIAN_POINT('',(0.0176776695296637,0.0106065547656223,0.00473012117173456));
#15343=CARTESIAN_POINT('',(0.0176776695296637,0.0141420413550885,0.00446023756017028));
#15344=CARTESIAN_POINT('',(0.0176776695296637,0.0176776695296637,0.00419221302396335));
#15345=CARTESIAN_POINT('',(0.00707106781186547,0.0176776695296637,0.005));
#15346=CARTESIAN_POINT('',(0.0176776695296638,0.0070710678118654,0.005));
#15347=CARTESIAN_POINT('',(0.014967857938105,0.0255744596559032,0.00379440852465146));
#15348=CARTESIAN_POINT('',(0.0255744596559033,0.014967857938105,0.00379440852465146));
#15349=CARTESIAN_POINT('',(0.0228646480643446,0.0334712497821428,0.00258881704930291));
#15350=CARTESIAN_POINT('',(0.0334712497821428,0.0228646480643445,0.00258881704930291));
#15351=CARTESIAN_POINT('',(0.0301602925478483,0.0407668942656465,0.00164019343428457));
#15352=CARTESIAN_POINT('',(0.0407668942656466,0.0301602925478483,0.00164019343428457));
#15353=CARTESIAN_POINT('',(0.019635033356682,0.0153248781714994,0.00422219712512237));
#15354=CARTESIAN_POINT('',(0.0194674497450642,0.0171438247119525,0.00409698948225314));
#15355=CARTESIAN_POINT('',(0.0206271716217983,0.0185430960568954,0.00390368991101952));
#15356=CARTESIAN_POINT('',(0.0224386415636537,0.018718924975491,0.00375433978016838));
#15357=CARTESIAN_POINT('',(0.0238505219921949,0.0175550072450136,0.00373575858418754));
#15358=CARTESIAN_POINT('',(0.0240181998336785,0.0157350728758891,0.00385979911845041));
#15359=CARTESIAN_POINT('',(0.0228608660194144,0.0143381218851946,0.00405251048826755));
#15360=CARTESIAN_POINT('',(0.0210496530335371,0.014159119982963,0.00420330864349242));
#15361=CARTESIAN_POINT('',(0.019635033356682,0.0153248781714994,0.00422219712512237));
#15362=CARTESIAN_POINT('',(0.0194674497450642,0.0171438247119525,0.00409698948225314));
#15363=CARTESIAN_POINT('',(0.0206271716217983,0.0185430960568954,0.00390368991101952));
#15364=CARTESIAN_POINT('',(0.0196886673264562,0.0170738788460341,0.00408564082752574));
#15365=CARTESIAN_POINT('',(0.014757887890005,0.020053015593028,0.00423350991676952));
#15366=CARTESIAN_POINT('',(0.014057092900802,0.0217458529996785,0.00415823813943858));
#15367=CARTESIAN_POINT('',(0.0147551364823104,0.0234247735371758,0.00397838072402952));
#15368=CARTESIAN_POINT('',(0.016429850915559,0.0241256862890289,0.00379950378701435));
#15369=CARTESIAN_POINT('',(0.0181228024985452,0.0234336072146283,0.00372445886836368));
#15370=CARTESIAN_POINT('',(0.0188227912899517,0.0217419442937615,0.00379881310493081));
#15371=CARTESIAN_POINT('',(0.0181274274781743,0.0200644692810598,0.00397747579573695));
#15372=CARTESIAN_POINT('',(0.0164517749037227,0.0193609542860846,0.00415749646526675));
#15373=CARTESIAN_POINT('',(0.014757887890005,0.020053015593028,0.00423350991676952));
#15374=CARTESIAN_POINT('',(0.014057092900802,0.0217458529996785,0.00415823813943858));
#15375=CARTESIAN_POINT('',(0.0147551364823104,0.0234247735371758,0.00397838072402952));
#15376=CARTESIAN_POINT('',(0.0142902326625872,0.0217435335214863,0.00414080719975889));
#15377=CARTESIAN_POINT('',(0.0407668942614516,0.0301602925436533,0.00164019343483004));
#15378=CARTESIAN_POINT('',(0.0607454936976429,0.0607454936976429,0.390514671124226));
#15379=CARTESIAN_POINT('',(0.0408700988286708,0.0656188361701999,0.005));
#15380=CARTESIAN_POINT('',(0.0523680942321007,0.0771168315736298,0.005));
#15381=CARTESIAN_POINT('',(0.0333690726304631,0.0581178099719922,0.005));
#15382=CARTESIAN_POINT('',(0.0333690726304631,0.0581178099719922,0.0075));
#15383=CARTESIAN_POINT('',(0.0333690726304631,0.0581178099719922,0.01));
#15384=CARTESIAN_POINT('',(0.0428685834312819,0.067617320772811,0.01));
#15385=CARTESIAN_POINT('',(0.0523680942321007,0.0771168315736298,0.01));
#15386=CARTESIAN_POINT('',(0.0523680942321007,0.0771168315736298,0.0075));
#15387=CARTESIAN_POINT('',(0.0164402326625873,0.0217435335214863,-0.015));
#15388=CARTESIAN_POINT('',(0.021743011748025,0.0164397108891259,-0.015));
#15389=CARTESIAN_POINT('',(0.,0.,0.));
#15390=CARTESIAN_POINT('',(-0.08451,-0.0856,0.033));
#15391=CARTESIAN_POINT('',(-0.08451,-0.0856,0.0292087405829074));
#15392=CARTESIAN_POINT('',(-0.0858090381056767,-0.08485,0.0295995408406154));
#15393=CARTESIAN_POINT('',(-0.08376,-0.0868990381056767,0.0287574833149333));
#15394=CARTESIAN_POINT('',(-0.08376,-0.0868990381056767,0.033));
#15395=CARTESIAN_POINT('',(-0.08376,-0.0868990381056767,0.0294343692168945));
#15396=CARTESIAN_POINT('',(-0.08451,-0.0856,0.0292087405829074));
#15397=CARTESIAN_POINT('',(-0.08301,-0.0856,0.0289831119489204));
#15398=CARTESIAN_POINT('',(-0.08301,-0.0856,0.033));
#15399=CARTESIAN_POINT('',(-0.08301,-0.0856,0.0287574833149333));
#15400=CARTESIAN_POINT('',(-0.08451,-0.0856,0.0292087405829074));
#15401=CARTESIAN_POINT('',(-0.0832109618943234,-0.08485,0.0288179403251995));
#15402=CARTESIAN_POINT('',(-0.08451,-0.0856,0.0292087405829074));
#15403=CARTESIAN_POINT('',(-0.08376,-0.0843009618943234,0.0287574833149333));
#15404=CARTESIAN_POINT('',(-0.08376,-0.0843009618943234,0.033));
#15405=CARTESIAN_POINT('',(-0.08376,-0.0843009618943234,0.0289831119489204));
#15406=CARTESIAN_POINT('',(-0.08451,-0.0856,0.0292087405829074));
#15407=CARTESIAN_POINT('',(-0.08451,-0.0856,0.028));
#15408=CARTESIAN_POINT('',(-0.08301,-0.0856,0.028));
#15409=CARTESIAN_POINT('',(-0.08451,-0.0856,0.033));
#15410=CARTESIAN_POINT('',(-0.08451,-0.0856,0.028));
#15411=CARTESIAN_POINT('',(-0.08051,-0.0856,0.028));
#15412=CARTESIAN_POINT('',(-0.08451,-0.0856,0.033));
#15413=CARTESIAN_POINT('',(-0.08051,-0.0856,0.033));
#15414=CARTESIAN_POINT('',(-0.08051,-0.0856,0.033));
#15415=CARTESIAN_POINT('',(-0.08051,-0.0856,0.0280053878683098));
#15416=CARTESIAN_POINT('',(-0.08051,-0.0856,0.0286070642256086));
#15417=CARTESIAN_POINT('',(-0.08451,-0.0856,0.0292087405829074));
#15418=CARTESIAN_POINT('',(-0.0860553331398598,-0.0892894370148915,0.0304024101439863));
#15419=CARTESIAN_POINT('',(-0.08451,-0.0856,-0.305642970579298));
#15420=CARTESIAN_POINT('',(-0.0864094692355698,-0.0891202296264766,0.0329880957230925));
#15421=CARTESIAN_POINT('',(-0.08451,-0.0856,0.0312146295508911));
#15422=CARTESIAN_POINT('',(-0.0810458983848623,-0.0836,0.0296781262586749));
#15423=CARTESIAN_POINT('',(-0.08451,-0.0856,0.0312146295508911));
#15424=CARTESIAN_POINT('',(-0.0867591860052606,-0.0822922572177179,0.0322122566663278));
#15425=CARTESIAN_POINT('',(-0.08451,-0.0856,-0.305642970579298));
#15426=CARTESIAN_POINT('',(-0.0866088736658985,-0.0821948965750512,0.0329880957230925));
#15427=CARTESIAN_POINT('',(-0.08451,-0.0856,0.0312146295508911));
#15428=CARTESIAN_POINT('',(-0.0879741016151378,-0.0836,0.0327511328431073));
#15429=CARTESIAN_POINT('',(-0.08451,-0.0856,0.0312146295508911));
#15430=CARTESIAN_POINT('',(-0.0885083429014683,-0.0854848737984721,0.0329880957230925));
#15431=CARTESIAN_POINT('',(-0.08451,-0.0856,-0.305642970579299));
#15432=CARTESIAN_POINT('',(-0.0884991822812713,-0.085306019172749,0.0322122566663278));
#15433=CARTESIAN_POINT('',(-0.08451,-0.0856,0.0312146295508911));
#15434=CARTESIAN_POINT('',(-0.08251,-0.0890641016151378,0.0294404283721476));
#15435=CARTESIAN_POINT('',(-0.08251,-0.0890641016151378,0.033));
#15436=CARTESIAN_POINT('',(-0.08251,-0.0890641016151378,0.0280053878683098));
#15437=CARTESIAN_POINT('',(-0.08451,-0.0856,0.0292087405829074));
#15438=CARTESIAN_POINT('',(-0.0879741016151378,-0.0836,0.030250874603462));
#15439=CARTESIAN_POINT('',(-0.08451,-0.0856,0.0292087405829074));
#15440=CARTESIAN_POINT('',(-0.08251,-0.0821358983848623,0.0286070642256086));
#15441=CARTESIAN_POINT('',(-0.08251,-0.0821358983848623,0.033));
#15442=CARTESIAN_POINT('',(-0.08251,-0.0821358983848623,0.0280053878683098));
#15443=CARTESIAN_POINT('',(-0.08451,-0.0856,0.0292087405829074));
#15444=CARTESIAN_POINT('',(-0.0810458983848623,-0.0836,0.0281666065623529));
#15445=CARTESIAN_POINT('',(-0.08451,-0.0856,0.0292087405829074));
#15446=CARTESIAN_POINT('',(-0.08451,-0.0856,0.033));
#15447=CARTESIAN_POINT('',(-0.08451,-0.0856,0.0312146295508911));
#15448=CARTESIAN_POINT('',(-0.0832109618943234,-0.08485,0.03063844081631));
#15449=CARTESIAN_POINT('',(-0.08526,-0.0868990381056767,0.0318799549929199));
#15450=CARTESIAN_POINT('',(-0.08526,-0.0868990381056767,0.033));
#15451=CARTESIAN_POINT('',(-0.08526,-0.0868990381056767,0.0308819668298767));
#15452=CARTESIAN_POINT('',(-0.08451,-0.0856,0.0312146295508911));
#15453=CARTESIAN_POINT('',(-0.08601,-0.0856,0.0315472922719055));
#15454=CARTESIAN_POINT('',(-0.08601,-0.0856,0.033));
#15455=CARTESIAN_POINT('',(-0.08601,-0.0856,0.0318799549929199));
#15456=CARTESIAN_POINT('',(-0.08451,-0.0856,0.0312146295508911));
#15457=CARTESIAN_POINT('',(-0.0858090381056767,-0.08485,0.0317908182854722));
#15458=CARTESIAN_POINT('',(-0.08451,-0.0856,0.0312146295508911));
#15459=CARTESIAN_POINT('',(-0.08526,-0.0843009618943234,0.0318799549929199));
#15460=CARTESIAN_POINT('',(-0.08526,-0.0843009618943234,0.033));
#15461=CARTESIAN_POINT('',(-0.08526,-0.0843009618943234,0.0315472922719055));
#15462=CARTESIAN_POINT('',(-0.08451,-0.0856,0.0312146295508911));
#15463=CARTESIAN_POINT('',(-0.08451,-0.0856,0.033));
#15464=CARTESIAN_POINT('',(-0.08301,-0.0856,0.033));
#15465=CARTESIAN_POINT('',(-0.08451,-0.0856,0.033));
#15466=CARTESIAN_POINT('',(-0.08451,-0.0856,0.028));
#15467=CARTESIAN_POINT('',(-0.0845002166891843,-0.0221,0.0312102901604958));
#15468=CARTESIAN_POINT('',(-0.10846317163273,-0.071770629909898,0.0418390658872501));
#15469=CARTESIAN_POINT('',(-0.0885083429014683,-0.0832915556495249,0.0329880957230925));
#15470=CARTESIAN_POINT('',(-0.0885083429014683,-0.0221,0.0329880957230925));
#15471=CARTESIAN_POINT('',(-0.0884930778259784,-0.0221,0.0316952529335394));
#15472=CARTESIAN_POINT('',(-0.0887486874044685,-0.0304386675382394,0.0533435573071895));
#15473=CARTESIAN_POINT('',(-0.139497721484904,-0.1173584725957,0.0312102901604958));
#15474=CARTESIAN_POINT('',(-0.141501784591046,-0.113887333474287,0.0329880957230925));
#15475=CARTESIAN_POINT('',(-0.141494152053301,-0.113900553417452,0.0316952529335394));
#15476=CARTESIAN_POINT('',(-0.0624069949551723,-0.0683797795090689,0.0214108351498142));
#15477=CARTESIAN_POINT('',(-0.0295048626665354,-0.117328307461136,0.0292012050719932));
#15478=CARTESIAN_POINT('',(-0.0844974758068472,-0.0855783074611356,0.0292012050719932));
#15479=CARTESIAN_POINT('',(-0.0825010452384502,-0.0821203882828883,0.028));
#15480=CARTESIAN_POINT('',(-0.0275084320981383,-0.113870388282888,0.028));
#15481=CARTESIAN_POINT('',(-0.0804920904769003,-0.0832802588552589,0.028));
#15482=CARTESIAN_POINT('',(-0.0587422618977631,-0.0707229894702657,0.0214568211843153));
#15483=CARTESIAN_POINT('',(-0.0275084320981383,-0.113870388282888,0.0287162422989495));
#15484=CARTESIAN_POINT('',(-0.0825010452384502,-0.0821203882828883,0.0287162422989495));
#15485=CARTESIAN_POINT('',(-0.0825010452384502,-0.0821203882828883,0.0286043702914538));
#15486=CARTESIAN_POINT('',(-0.10835811024498,-0.0671918048409145,0.0363831626332378));
#15487=CARTESIAN_POINT('',(-0.0844849516136945,-0.0221,0.0292012050719932));
#15488=CARTESIAN_POINT('',(-0.0804920904769004,-0.0221,0.028));
#15489=CARTESIAN_POINT('',(-0.0804920904769004,-0.0856,0.028));
#15490=CARTESIAN_POINT('',(-0.0844849516136945,-0.0856,0.0292012050719932));
#15491=CARTESIAN_POINT('',(-0.0804920904769004,-0.0221,0.0287162422989495));
#15492=CARTESIAN_POINT('',(-0.0804920904769004,-0.0261635559578736,0.0131191851921821));
#15493=CARTESIAN_POINT('',(-0.0804920904769004,-0.0856,0.0286043702914538));
#15494=CARTESIAN_POINT('',(-0.0804920904769004,-0.0856,0.0287162422989495));
#15495=CARTESIAN_POINT('',(-0.0295124952042803,-0.1173415274043,0.0312102901604958));
#15496=CARTESIAN_POINT('',(-0.0315165583104223,-0.120812666525713,0.0329880957230925));
#15497=CARTESIAN_POINT('',(-0.0459180795002083,-0.11249794439005,0.0329880957230925));
#15498=CARTESIAN_POINT('',(-0.0295408322345238,-0.11733646380082,0.0312146295486986));
#15499=CARTESIAN_POINT('',(-0.0353178929105157,-0.116304145297876,0.0320992978367289));
#15500=CARTESIAN_POINT('',(-0.0410934014866801,-0.115268993182889,0.0329825334440327));
#15501=CARTESIAN_POINT('',(-0.0459180795002083,-0.11249794439005,0.0329880957230925));
#15502=CARTESIAN_POINT('',(-0.0295408322518707,-0.117336463794667,0.0312146295501825));
#15503=CARTESIAN_POINT('',(-0.0295408322518707,-0.117336463794667,0.0312146295501825));
#15504=CARTESIAN_POINT('',(-0.0333233766340812,-0.112849541746437,0.0303299612631225));
#15505=CARTESIAN_POINT('',(-0.0371075989475105,-0.108365380663947,0.0294467256577434));
#15506=CARTESIAN_POINT('',(-0.0419197365987399,-0.105572611338624,0.0294411633786896));
#15507=CARTESIAN_POINT('',(-0.04191973659874,-0.105572611338624,0.0294411633786896));
#15508=CARTESIAN_POINT('',(-0.0402919331935359,-0.102753173136077,0.0279971380185517));
#15509=CARTESIAN_POINT('',(-0.0419099532879243,-0.105555666147225,0.029432484597899));
#15510=CARTESIAN_POINT('',(-0.0275084320981383,-0.113870388282888,0.029432484597899));
#15511=CARTESIAN_POINT('',(-0.0804920904769004,-0.0832802588552589,0.029432484597899));
#15512=CARTESIAN_POINT('',(-0.0605415244305939,-0.0717617941779384,0.0205834051489096));
#15513=CARTESIAN_POINT('',(-0.0315089257726774,-0.120799446582548,0.0316952529335394));
#15514=CARTESIAN_POINT('',(-0.0315012932349324,-0.120786226639383,0.0304024101439863));
#15515=CARTESIAN_POINT('',(-0.0396095367894487,-0.116104930040528,0.0304024101439863));
#15516=CARTESIAN_POINT('',(-0.0459180704007222,-0.112497949629975,0.0329880957178433));
#15517=CARTESIAN_POINT('',(-0.0447766396015215,-0.113156848547496,0.0329802871637653));
#15518=CARTESIAN_POINT('',(-0.0425667862352128,-0.114424538208027,0.0323810640004181));
#15519=CARTESIAN_POINT('',(-0.0405648456071543,-0.115563082324223,0.0311138742780641));
#15520=CARTESIAN_POINT('',(-0.0396095367894488,-0.116104930040528,0.0304024101439863));
#15521=CARTESIAN_POINT('',(-0.0295048626665354,-0.117328307461136,0.0292012050719932));
#15522=CARTESIAN_POINT('',(-0.0846894903093134,-0.0856,0.029235739351777));
#15523=CARTESIAN_POINT('',(-0.0275084320981383,-0.113870388282888,0.028));
#15524=CARTESIAN_POINT('',(-0.0419099532879243,-0.105555666147225,0.028));
#15525=CARTESIAN_POINT('',(-0.0439063838563213,-0.109013585325472,0.0292012050719932));
#15526=CARTESIAN_POINT('',(-0.0422005716207869,-0.106059031865354,0.028174858179881));
#15527=CARTESIAN_POINT('',(-0.0422005716207869,-0.106059031865354,0.028174858179881));
#15528=CARTESIAN_POINT('',(-0.0397024716112619,-0.107509248082898,0.0281769261657719));
#15529=CARTESIAN_POINT('',(-0.0353506697707759,-0.111338659353845,0.0285200220370416));
#15530=CARTESIAN_POINT('',(-0.0317405372784117,-0.115793694314714,0.0291376750690689));
#15531=CARTESIAN_POINT('',(-0.0299333166821737,-0.118016266769132,0.029444889184748));
#15532=CARTESIAN_POINT('',(-0.0299333166821737,-0.118016266769132,0.029444889184748));
#15533=CARTESIAN_POINT('',(-0.0396095367894487,-0.116104930040528,0.0304024101439863));
#15534=CARTESIAN_POINT('',(-0.0364301083082534,-0.116981394142971,0.0301525116720096));
#15535=CARTESIAN_POINT('',(-0.0331784901081827,-0.117495586025396,0.0297973704369654));
#15536=CARTESIAN_POINT('',(-0.0299333166647334,-0.118016266775122,0.0294448891836854));
#15537=CARTESIAN_POINT('',(-0.0275084320981383,-0.113870388282888,0.0287162422989495));
#15538=CARTESIAN_POINT('',(-0.0419099532879243,-0.105555666147225,0.0287162422989495));
#15539=CARTESIAN_POINT('',(-0.0804920904769004,-0.0832802588552589,0.0287162422989495));
#15540=CARTESIAN_POINT('',(-0.0299356715887555,-0.118020345586979,0.0294342707425554));
#15541=CARTESIAN_POINT('',(-0.0295408322518707,-0.117336463794668,0.0312146295501826));
#15542=CARTESIAN_POINT('',(-0.033718215970966,-0.113533423538748,0.0285496024554954));
#15543=CARTESIAN_POINT('',(-0.0333233766340812,-0.112849541746437,0.0303299612631225));
#15544=CARTESIAN_POINT('',(-0.0375024382843952,-0.109049262456258,0.0276663668501164));
#15545=CARTESIAN_POINT('',(-0.0371075989475104,-0.108365380663947,0.0294467256577435));
#15546=CARTESIAN_POINT('',(-0.0423145759356248,-0.106256493130936,0.0276608045710626));
#15547=CARTESIAN_POINT('',(-0.0419197365987399,-0.105572611338624,0.0294411633786897));
#15548=CARTESIAN_POINT('',(-0.0469879343348294,-0.114350987320337,0.00658829732579395));
#15549=CARTESIAN_POINT('',(-0.0346090299879602,-0.12611483977638,0.00836176349728683));
#15550=CARTESIAN_POINT('',(-0.0300203530382158,-0.1181670181961,0.0290524359510975));
#15551=CARTESIAN_POINT('',(-0.0295408322345238,-0.11733646380082,0.0312146295486987));
#15552=CARTESIAN_POINT('',(-0.0357974137142076,-0.117134699693157,0.0299371042391277));
#15553=CARTESIAN_POINT('',(-0.0353178929105156,-0.116304145297876,0.0320992978367289));
#15554=CARTESIAN_POINT('',(-0.0415729222903721,-0.11609954757817,0.0308203398464315));
#15555=CARTESIAN_POINT('',(-0.0410934014866801,-0.115268993182889,0.0329825334440327));
#15556=CARTESIAN_POINT('',(-0.0463976003039002,-0.11332849878533,0.0308259021254915));
#15557=CARTESIAN_POINT('',(-0.0459180795002082,-0.11249794439005,0.0329880957230927));
#15558=CARTESIAN_POINT('',(-0.0453601309296253,-0.11153154911779,0.00514427196565604));
#15559=CARTESIAN_POINT('',(-0.139497721484904,-0.1173584725957,0.0312102901604958));
#15560=CARTESIAN_POINT('',(-0.141501784591046,-0.113887333474287,0.0329880957230925));
#15561=CARTESIAN_POINT('',(-0.12710026340126,-0.105572611338624,0.0329880957230925));
#15562=CARTESIAN_POINT('',(-0.139479167760533,-0.117336463809381,0.0312146295486986));
#15563=CARTESIAN_POINT('',(-0.135696623374192,-0.11284954175624,0.0320992978367289));
#15564=CARTESIAN_POINT('',(-0.13191240105775,-0.108365380667,0.0329825334440327));
#15565=CARTESIAN_POINT('',(-0.12710026340126,-0.105572611338624,0.0329880957230925));
#15566=CARTESIAN_POINT('',(-0.139479167746532,-0.117336463797435,0.0312146295501825));
#15567=CARTESIAN_POINT('',(-0.139479167746532,-0.117336463797435,0.0312146295501825));
#15568=CARTESIAN_POINT('',(-0.133702107076858,-0.116304145295614,0.0303299612631225));
#15569=CARTESIAN_POINT('',(-0.127926598508046,-0.115268993179861,0.0294467256577434));
#15570=CARTESIAN_POINT('',(-0.123101920499792,-0.11249794439005,0.0294411633786896));
#15571=CARTESIAN_POINT('',(-0.123101920499792,-0.11249794439005,0.0294411633786896));
#15572=CARTESIAN_POINT('',(-0.121474117094588,-0.115317382592597,0.0279971380185517));
#15573=CARTESIAN_POINT('',(-0.123092137188976,-0.112514889581449,0.029432484597899));
#15574=CARTESIAN_POINT('',(-0.137493658378762,-0.120829611717112,0.029432484597899));
#15575=CARTESIAN_POINT('',(-0.0825010452384502,-0.0890796117171117,0.029432484597899));
#15576=CARTESIAN_POINT('',(-0.0845051083445922,-0.0856084725956995,0.0312102901604958));
#15577=CARTESIAN_POINT('',(-0.141494152053301,-0.113900553417452,0.0316952529335394));
#15578=CARTESIAN_POINT('',(-0.141486519515556,-0.113913773360617,0.0304024101439863));
#15579=CARTESIAN_POINT('',(-0.13337827596104,-0.109232476761762,0.0304024101439863));
#15580=CARTESIAN_POINT('',(-0.0884778127504885,-0.0833091822404114,0.0304024101439863));
#15581=CARTESIAN_POINT('',(-0.127100272488912,-0.105572616599048,0.0329880957178433));
#15582=CARTESIAN_POINT('',(-0.128241611089611,-0.106231675209057,0.0329802871637653));
#15583=CARTESIAN_POINT('',(-0.1304443892229,-0.107511619532653,0.0323810640004178));
#15584=CARTESIAN_POINT('',(-0.132431367664885,-0.108676078915322,0.0311138742780641));
#15585=CARTESIAN_POINT('',(-0.13337827596104,-0.109232476761762,0.0304024101439863));
#15586=CARTESIAN_POINT('',(-0.0884980029726556,-0.0832975254102083,0.0321123776554776));
#15587=CARTESIAN_POINT('',(-0.139490088947159,-0.117371692538864,0.0292012050719932));
#15588=CARTESIAN_POINT('',(-0.0844974758068472,-0.0856216925388644,0.0292012050719932));
#15589=CARTESIAN_POINT('',(-0.0825010452384502,-0.0890796117171117,0.028));
#15590=CARTESIAN_POINT('',(-0.137493658378762,-0.120829611717112,0.028));
#15591=CARTESIAN_POINT('',(-0.123092137188976,-0.112514889581449,0.028));
#15592=CARTESIAN_POINT('',(-0.125088567757373,-0.109056970403201,0.0292012050719932));
#15593=CARTESIAN_POINT('',(-0.123382755521839,-0.11201152386332,0.028174858179881));
#15594=CARTESIAN_POINT('',(-0.123382755521839,-0.11201152386332,0.028174858179881));
#15595=CARTESIAN_POINT('',(-0.125887729611975,-0.11344983382399,0.028176926165772));
#15596=CARTESIAN_POINT('',(-0.131379997974396,-0.115303899134614,0.0285200220370417));
#15597=CARTESIAN_POINT('',(-0.137043237671438,-0.116202848103594,0.0291376750690689));
#15598=CARTESIAN_POINT('',(-0.139871652176835,-0.11665666082297,0.029444889184748));
#15599=CARTESIAN_POINT('',(-0.139871652176835,-0.11665666082297,0.029444889184748));
#15600=CARTESIAN_POINT('',(-0.13337827596104,-0.109232476761762,0.0304024101439863));
#15601=CARTESIAN_POINT('',(-0.135727030379858,-0.111547710544771,0.0301525116720096));
#15602=CARTESIAN_POINT('',(-0.137798142712494,-0.114106598568228,0.0297973704369654));
#15603=CARTESIAN_POINT('',(-0.139871652190743,-0.116656660835079,0.0294448891836854));
#15604=CARTESIAN_POINT('',(-0.110239369445184,-0.070745141624744,0.0369491172245944));
#15605=CARTESIAN_POINT('',(-0.137493658378762,-0.120829611717112,0.0287162422989495));
#15606=CARTESIAN_POINT('',(-0.123092137188976,-0.112514889581449,0.0287162422989495));
#15607=CARTESIAN_POINT('',(-0.0825010452384502,-0.0890796117171117,0.0287162422989495));
#15608=CARTESIAN_POINT('',(-0.139874007083417,-0.116652582005123,0.0294342707425554));
#15609=CARTESIAN_POINT('',(-0.139479167746532,-0.117336463797434,0.0312146295501826));
#15610=CARTESIAN_POINT('',(-0.134096946413743,-0.115620263503302,0.0285496024554954));
#15611=CARTESIAN_POINT('',(-0.133702107076858,-0.116304145295614,0.0303299612631225));
#15612=CARTESIAN_POINT('',(-0.128321437844931,-0.114585111387549,0.0276663668501164));
#15613=CARTESIAN_POINT('',(-0.127926598508046,-0.115268993179861,0.0294467256577436));
#15614=CARTESIAN_POINT('',(-0.123496759836677,-0.111814062597738,0.0276608045710626));
#15615=CARTESIAN_POINT('',(-0.123101920499792,-0.11249794439005,0.0294411633786897));
#15616=CARTESIAN_POINT('',(-0.128170118235881,-0.103719568408337,0.00658829732579395));
#15617=CARTESIAN_POINT('',(-0.144547365482621,-0.108558087815722,0.00836176349728683));
#15618=CARTESIAN_POINT('',(-0.139958688564225,-0.116505909414101,0.0290524359510975));
#15619=CARTESIAN_POINT('',(-0.139479167760533,-0.117336463809381,0.0312146295486987));
#15620=CARTESIAN_POINT('',(-0.136176144177884,-0.112018987360959,0.0299371042391277));
#15621=CARTESIAN_POINT('',(-0.135696623374192,-0.11284954175624,0.0320992978367289));
#15622=CARTESIAN_POINT('',(-0.132391921861442,-0.107534826271719,0.0308203398464315));
#15623=CARTESIAN_POINT('',(-0.13191240105775,-0.108365380667,0.0329825334440327));
#15624=CARTESIAN_POINT('',(-0.127579784204952,-0.104742056943344,0.0308259021254915));
#15625=CARTESIAN_POINT('',(-0.12710026340126,-0.105572611338624,0.0329880957230926));
#15626=CARTESIAN_POINT('',(-0.126542314830677,-0.106539006610884,0.00514427196565604));
#15627=CARTESIAN_POINT('',(-0.0873924457603025,-0.0387294442713261,0.00514427196565604));
#15628=CARTESIAN_POINT('',(-0.0844849516136945,-0.0387294442713261,0.0292012050719932));
#15629=CARTESIAN_POINT('',(-0.0810733271426256,-0.0387294442713261,0.028174858179881));
#15630=CARTESIAN_POINT('',(-0.0804920904769004,-0.0387294442713261,0.028));
#15631=CARTESIAN_POINT('',(-0.0906480525707106,-0.0387294442713261,0.00658829732579395));
#15632=CARTESIAN_POINT('',(-0.0805116570985317,-0.0387294442713261,0.0294411633786896));
#15633=CARTESIAN_POINT('',(-0.0772560502881236,-0.0387294442713261,0.0279971380185517));
#15634=CARTESIAN_POINT('',(-0.0804920904769004,-0.0387294442713261,0.029432484597899));
#15635=CARTESIAN_POINT('',(-0.0804920904769004,-0.0387294442713261,0.0287162422989495));
#15636=CARTESIAN_POINT('',(-0.0854690416024409,-0.0221270723897991,0.0290524359510975));
#15637=CARTESIAN_POINT('',(-0.084509999995057,-0.0221270723897991,0.0312146295486987));
#15638=CARTESIAN_POINT('',(-0.0874635578920913,-0.0276463129458837,0.0299371042391277));
#15639=CARTESIAN_POINT('',(-0.0865045162847074,-0.0276463129458837,0.0320992978367289));
#15640=CARTESIAN_POINT('',(-0.0894548441518136,-0.0331656261501106,0.0308203398464315));
#15641=CARTESIAN_POINT('',(-0.0884958025444297,-0.0331656261501106,0.0329825334440327));
#15642=CARTESIAN_POINT('',(-0.0894673845088522,-0.0387294442713261,0.0308259021254915));
#15643=CARTESIAN_POINT('',(-0.0885083429014683,-0.0387294442713261,0.0329880957230926));
#15644=CARTESIAN_POINT('',(-0.0885083428896338,-0.0387294337709773,0.0329880957178433));
#15645=CARTESIAN_POINT('',(-0.0885082506911326,-0.0374114762434471,0.0329802871637653));
#15646=CARTESIAN_POINT('',(-0.0885011754581131,-0.0348638422593195,0.0323810640004181));
#15647=CARTESIAN_POINT('',(-0.088486213272039,-0.0325608387604547,0.0311138742780641));
#15648=CARTESIAN_POINT('',(-0.0884778127504885,-0.0314625931977101,0.0304024101439863));
#15649=CARTESIAN_POINT('',(-0.0885083429014683,-0.0387294442713261,0.0329880957230925));
#15650=CARTESIAN_POINT('',(-0.0884778127504885,-0.0314625931977101,0.0304024101439863));
#15651=CARTESIAN_POINT('',(-0.084509999995057,-0.0221270723897991,0.0312146295486986));
#15652=CARTESIAN_POINT('',(-0.0865045162847074,-0.0276463129458838,0.0320992978367289));
#15653=CARTESIAN_POINT('',(-0.0884958025444298,-0.0331656261501106,0.0329825334440327));
#15654=CARTESIAN_POINT('',(-0.0885083429014683,-0.0387294442713261,0.0329880957230925));
#15655=CARTESIAN_POINT('',(-0.0845099999984025,-0.0221270724078981,0.0312146295501825));
#15656=CARTESIAN_POINT('',(-0.0946463954705814,-0.0221270724078981,0.00836176349728683));
#15657=CARTESIAN_POINT('',(-0.0852949688590084,-0.0221270724078981,0.029444889184748));
#15658=CARTESIAN_POINT('',(-0.0884778127504885,-0.0314625931977101,0.0304024101439863));
#15659=CARTESIAN_POINT('',(-0.0876471386881118,-0.0282708953122576,0.0301525116720096));
#15660=CARTESIAN_POINT('',(-0.0864666328206766,-0.0251978154063758,0.0297973704369655));
#15661=CARTESIAN_POINT('',(-0.0852949688554762,-0.0221270723897991,0.0294448891836854));
#15662=CARTESIAN_POINT('',(-0.0852996786721721,-0.0221270724078981,0.0294342707425554));
#15663=CARTESIAN_POINT('',(-0.0845099999984025,-0.0221270724078981,0.0312146295501826));
#15664=CARTESIAN_POINT('',(-0.0833051623847089,-0.0276463129579499,0.0285496024554954));
#15665=CARTESIAN_POINT('',(-0.0825154837109393,-0.0276463129579499,0.0303299612631225));
#15666=CARTESIAN_POINT('',(-0.0813138761293262,-0.0331656261561923,0.0276663668501164));
#15667=CARTESIAN_POINT('',(-0.0805241974555566,-0.0331656261561923,0.0294467256577435));
#15668=CARTESIAN_POINT('',(-0.0813013357723013,-0.038729444271326,0.0276608045710626));
#15669=CARTESIAN_POINT('',(-0.0805116570985317,-0.038729444271326,0.0294411633786897));
#15670=CARTESIAN_POINT('',(-0.0810733271426256,-0.038729444271326,0.028174858179881));
#15671=CARTESIAN_POINT('',(-0.0810802012232367,-0.0358409180931112,0.028176926165772));
#15672=CARTESIAN_POINT('',(-0.082220667745172,-0.030157441511541,0.0285200220370416));
#15673=CARTESIAN_POINT('',(-0.0842737749498497,-0.0248034575816918,0.0291376750690689));
#15674=CARTESIAN_POINT('',(-0.0852949688590084,-0.0221270724078981,0.029444889184748));
#15675=CARTESIAN_POINT('',(-0.0845099999984025,-0.0221270724078981,0.0312146295501825));
#15676=CARTESIAN_POINT('',(-0.0825154837109393,-0.0276463129579499,0.0303299612631225));
#15677=CARTESIAN_POINT('',(-0.0805241974555566,-0.0331656261561923,0.0294467256577434));
#15678=CARTESIAN_POINT('',(-0.0805116570985317,-0.038729444271326,0.0294411633786896));
#15679=CARTESIAN_POINT('',(-0.0804920904769004,-0.0221,0.0287162422989495));
#15680=CARTESIAN_POINT('',(-0.0804920904769004,-0.0221,0.028));
#15681=CARTESIAN_POINT('',(-0.0804920904769004,-0.0221,0.029432484597899));
#15682=CARTESIAN_POINT('',(-0.0884930778259784,-0.0221,0.0316952529335394));
#15683=CARTESIAN_POINT('',(-0.0885083429014683,-0.0221,0.0329880957230925));
#15684=CARTESIAN_POINT('',(-0.0884778127504885,-0.0221,0.0304024101439863));
#15685=CARTESIAN_POINT('',(-0.0844849516136945,-0.0221,0.0292012050719932));
#15686=CARTESIAN_POINT('',(-0.0576153796470098,-0.0390171510983448,0.0211178119804464));
#15687=CARTESIAN_POINT('',(-0.0845002166891843,-0.0221,0.0312102901604958));
#15688=CARTESIAN_POINT('',(-0.0845051083445922,-0.0855915274043005,0.0304940478615463));
#15689=CARTESIAN_POINT('',(-0.0845002166891843,-0.0856,0.0304940478615463));
#15690=CARTESIAN_POINT('',(-0.0845051083445922,-0.0856084725956995,0.0304940478615463));
#15691=CARTESIAN_POINT('',(-0.0845051083445922,-0.0856084725956995,0.0304940478615463));
#15692=CARTESIAN_POINT('',(-0.0845051083445922,-0.0856084725956995,0.0312102901604958));
#15693=CARTESIAN_POINT('',(-0.08451,-0.0856,0.0312146295508911));
#15694=CARTESIAN_POINT('',(-0.110714530281011,-0.0402124221648122,0.0428376566791386));
#15695=CARTESIAN_POINT('',(-0.0845002166891843,-0.0221,0.0312102901604958));
#15696=CARTESIAN_POINT('',(-0.0845002166891843,-0.0856,0.0312102901604958));
#15697=CARTESIAN_POINT('',(-0.10846317163273,-0.071770629909898,0.0418390658872501));
#15698=CARTESIAN_POINT('',(-0.0845002166891843,-0.0856,0.0304940478615463));
#15699=CARTESIAN_POINT('',(-0.0843483597288637,-0.0856,0.0311787817559433));
#15700=CARTESIAN_POINT('',(-0.139497721484904,-0.1173584725957,0.0312102901604958));
#15701=CARTESIAN_POINT('',(-0.0295124952042803,-0.1173415274043,0.0312102901604958));
#15702=CARTESIAN_POINT('',(-0.0605415244305939,-0.0717617941779384,0.0205834051489096));
#15703=CARTESIAN_POINT('',(-0.0845051083445922,-0.0855915274043005,0.0312102901604958));
#15704=CARTESIAN_POINT('',(-0.0845051083445922,-0.0855915274043005,0.0304940478615463));
#15705=CARTESIAN_POINT('',(-0.0845814954520029,-0.0857238337553791,0.0311829177220865));
#15706=CARTESIAN_POINT('',(-0.139497721484904,-0.1173584725957,0.0312102901604958));
#15707=CARTESIAN_POINT('',(-0.0845002166891843,-0.0221,0.0312102901604958));
#15708=CARTESIAN_POINT('',(-0.0844849516136945,-0.0221,0.0292012050719932));
#15709=CARTESIAN_POINT('',(-0.0576153796470098,-0.0390171510983448,0.0211178119804464));
#15710=CARTESIAN_POINT('',(-0.08451,-0.0856,0.0292087405829074));
#15711=CARTESIAN_POINT('',(-0.110239369445184,-0.070745141624744,0.0369491172245944));
#15712=CARTESIAN_POINT('',(-0.139490088947159,-0.117371692538864,0.0292012050719932));
#15713=CARTESIAN_POINT('',(-0.0844974758068472,-0.0856216925388644,0.0292012050719932));
#15714=CARTESIAN_POINT('',(-0.0295048626665354,-0.117328307461136,0.0292012050719932));
#15715=CARTESIAN_POINT('',(-0.0576287351446649,-0.132159716501156,0.037295651341779));
#15716=CARTESIAN_POINT('',(-0.0846894903093134,-0.0856,0.029235739351777));
#15717=CARTESIAN_POINT('',(-0.0844849516136945,-0.0221,0.0292012050719932));
#15718=CARTESIAN_POINT('',(-0.0844849516136945,-0.0856,0.0292012050719932));
#15719=CARTESIAN_POINT('',(-0.0587422618977631,-0.0707229894702657,0.0214568211843153));
#15720=CARTESIAN_POINT('',(-0.0295048626665354,-0.117328307461136,0.0292012050719932));
#15721=CARTESIAN_POINT('',(-0.0844974758068472,-0.0855783074611356,0.0292012050719932));
#15722=CARTESIAN_POINT('',(-0.0845051083445922,-0.0856084725956995,0.0304940478615463));
#15723=CARTESIAN_POINT('',(-0.0845002166891843,-0.0856,0.0304940478615463));
#15724=CARTESIAN_POINT('',(-0.0845051083445922,-0.0855915274043005,0.0304940478615463));
#15725=CARTESIAN_POINT('',(0.,0.,0.));
#15726=CARTESIAN_POINT('',(-0.0371231060122938,-0.047729707730092,0.015));
#15727=CARTESIAN_POINT('',(-0.00707106781186548,-0.0176776695296637,0.005));
#15728=CARTESIAN_POINT('',(-0.0212047494434976,-0.0318113511612958,0.00284223136008552));
#15729=CARTESIAN_POINT('',(-0.0353384310751297,-0.0459450327929279,0.000684462720171043));
#15730=CARTESIAN_POINT('',(-0.0460254893316342,-0.0566320910494324,4.33680868994202E-19));
#15731=CARTESIAN_POINT('',(-0.00707106781186547,-0.0176776695296637,0.005));
#15732=CARTESIAN_POINT('',(-0.0301602925436533,-0.0407668942614515,0.00164019343483004));
#15733=CARTESIAN_POINT('',(-0.0070710678118655,-0.0176776695296637,0.015));
#15734=CARTESIAN_POINT('',(-0.00707106781186551,-0.0176776695296637,0.01));
#15735=CARTESIAN_POINT('',(-0.0371231060122938,-0.047729707730092,0.01));
#15736=CARTESIAN_POINT('',(-0.0143896229971463,-0.0249962247149444,0.01));
#15737=CARTESIAN_POINT('',(-0.0143896229971463,-0.0249962247149444,0.015));
#15738=CARTESIAN_POINT('',(-0.0143896229971463,-0.0249962247149444,0.015));
#15739=CARTESIAN_POINT('',(-0.0371231060122938,-0.047729707730092,0.015));
#15740=CARTESIAN_POINT('',(-0.0657056375377276,-0.0763122392555258,0.015));
#15741=CARTESIAN_POINT('',(-0.0657056375377276,-0.0763122392555258,0.015));
#15742=CARTESIAN_POINT('',(-0.0657056375377276,-0.0763122392555258,0.));
#15743=CARTESIAN_POINT('',(-0.0371231060122938,-0.047729707730092,0.));
#15744=CARTESIAN_POINT('',(-0.0554421928387438,-0.066048794556542,0.));
#15745=CARTESIAN_POINT('',(-0.0554421928387438,-0.066048794556542,0.390514671124226));
#15746=CARTESIAN_POINT('',(-0.0594391620439662,-0.0700457637617643,0.0075));
#15747=CARTESIAN_POINT('',(-0.0594391620439662,-0.0700457637617643,0.005));
#15748=CARTESIAN_POINT('',(-0.0594391620439662,-0.0700457637617643,0.01));
#15749=CARTESIAN_POINT('',(-0.0371231060122938,-0.047729707730092,0.01));
#15750=CARTESIAN_POINT('',(-0.0404401404423286,-0.0510467421601268,0.01));
#15751=CARTESIAN_POINT('',(-0.0404401404423286,-0.0510467421601268,0.0075));
#15752=CARTESIAN_POINT('',(-0.0404401404423286,-0.0510467421601268,0.005));
#15753=CARTESIAN_POINT('',(-0.0371231060122938,-0.047729707730092,0.005));
#15754=CARTESIAN_POINT('',(-0.047729707730092,-0.0371231060122938,0.015));
#15755=CARTESIAN_POINT('',(-0.047729707730092,-0.0371231060122938,0.));
#15756=CARTESIAN_POINT('',(-0.066048794556542,-0.0554421928387438,0.));
#15757=CARTESIAN_POINT('',(-0.0763122392555258,-0.0657056375377276,0.));
#15758=CARTESIAN_POINT('',(-0.0763122392555258,-0.0657056375377276,0.015));
#15759=CARTESIAN_POINT('',(-0.0763122392555258,-0.0657056375377276,0.015));
#15760=CARTESIAN_POINT('',(-0.047729707730092,-0.0371231060122938,0.015));
#15761=CARTESIAN_POINT('',(-0.0249962247149444,-0.0143896229971462,0.015));
#15762=CARTESIAN_POINT('',(-0.0249962247149444,-0.0143896229971462,0.015));
#15763=CARTESIAN_POINT('',(-0.0249962247149444,-0.0143896229971462,0.01));
#15764=CARTESIAN_POINT('',(-0.047729707730092,-0.0371231060122938,0.01));
#15765=CARTESIAN_POINT('',(-0.0176776695296637,-0.00707106781186546,0.01));
#15766=CARTESIAN_POINT('',(-0.0176776695296637,-0.00707106781186546,0.015));
#15767=CARTESIAN_POINT('',(-0.0176776695296637,-0.00707106781186546,0.005));
#15768=CARTESIAN_POINT('',(-0.0176776695296637,-0.00707106781186546,0.005));
#15769=CARTESIAN_POINT('',(-0.0318113511612959,-0.0212047494434976,0.00284223136008552));
#15770=CARTESIAN_POINT('',(-0.045945032792928,-0.0353384310751297,0.000684462720171043));
#15771=CARTESIAN_POINT('',(-0.0566320910494324,-0.0460254893316342,4.33680868994202E-19));
#15772=CARTESIAN_POINT('',(-0.0407668942614516,-0.0301602925436533,0.00164019343483004));
#15773=CARTESIAN_POINT('',(-0.066048794556542,-0.0554421928387438,0.390514671124226));
#15774=CARTESIAN_POINT('',(-0.0585477683583344,-0.0479411666405362,0.005));
#15775=CARTESIAN_POINT('',(-0.0700457637617644,-0.0594391620439661,0.005));
#15776=CARTESIAN_POINT('',(-0.0510467421601268,-0.0404401404423285,0.005));
#15777=CARTESIAN_POINT('',(-0.0510467421601268,-0.0404401404423285,0.0075));
#15778=CARTESIAN_POINT('',(-0.0510467421601268,-0.0404401404423285,0.01));
#15779=CARTESIAN_POINT('',(-0.0605462529609456,-0.0499396512431473,0.01));
#15780=CARTESIAN_POINT('',(-0.0700457637617644,-0.0594391620439661,0.01));
#15781=CARTESIAN_POINT('',(-0.0700457637617644,-0.0594391620439661,0.0075));
#15782=CARTESIAN_POINT('',(-0.0424264068711928,-0.0424264068711928,0.));
#15783=CARTESIAN_POINT('',(-0.0848527606575789,-0.0928527606575789,0.));
#15784=CARTESIAN_POINT('',(-0.0864515888415465,-0.0929139851473748,0.));
#15785=CARTESIAN_POINT('',(-0.0832539324736113,-0.0929139851473748,0.));
#15786=CARTESIAN_POINT('',(-0.104438405911182,-0.0936027606575789,0.));
#15787=CARTESIAN_POINT('',(-0.0864515888415465,-0.0942915361677829,0.));
#15788=CARTESIAN_POINT('',(-0.0848527606575789,-0.0943527606575789,0.));
#15789=CARTESIAN_POINT('',(-0.0832539324736113,-0.0942915361677829,0.));
#15790=CARTESIAN_POINT('',(-0.0652671154039754,-0.0936027606575789,0.));
#15791=CARTESIAN_POINT('',(-0.0848527606575789,-0.0848527606575789,0.));
#15792=CARTESIAN_POINT('',(-0.0888527606575789,-0.0848527606575789,0.));
#15793=CARTESIAN_POINT('',(-0.0768527606575789,-0.0848527606575789,0.));
#15794=CARTESIAN_POINT('',(-0.076791536167783,-0.0832539324736112,0.));
#15795=CARTESIAN_POINT('',(-0.076791536167783,-0.0864515888415465,0.));
#15796=CARTESIAN_POINT('',(-0.076102760657579,-0.104438405911182,0.));
#15797=CARTESIAN_POINT('',(-0.0754139851473748,-0.0864515888415465,0.));
#15798=CARTESIAN_POINT('',(-0.0753527606575789,-0.0848527606575789,0.));
#15799=CARTESIAN_POINT('',(-0.0754139851473748,-0.0832539324736113,0.));
#15800=CARTESIAN_POINT('',(-0.0761027606575787,-0.0652671154039754,0.));
#15801=CARTESIAN_POINT('',(-0.0848527606575789,-0.0768527606575789,0.));
#15802=CARTESIAN_POINT('',(-0.0832539324736113,-0.076791536167783,0.));
#15803=CARTESIAN_POINT('',(-0.0864515888415465,-0.0767915361677829,0.));
#15804=CARTESIAN_POINT('',(-0.0652671154039754,-0.0761027606575791,0.));
#15805=CARTESIAN_POINT('',(-0.0832539324736113,-0.0754139851473748,0.));
#15806=CARTESIAN_POINT('',(-0.0848527606575789,-0.0753527606575789,0.));
#15807=CARTESIAN_POINT('',(-0.0864515888415465,-0.0754139851473748,0.));
#15808=CARTESIAN_POINT('',(-0.104438405911182,-0.0761027606575787,0.));
#15809=CARTESIAN_POINT('',(-0.0943527606575789,-0.0848527606575789,0.));
#15810=CARTESIAN_POINT('',(-0.094291536167783,-0.0832539324736112,0.));
#15811=CARTESIAN_POINT('',(-0.094291536167783,-0.0864515888415465,0.));
#15812=CARTESIAN_POINT('',(-0.093602760657579,-0.104438405911182,0.));
#15813=CARTESIAN_POINT('',(-0.0929139851473748,-0.0864515888415465,0.));
#15814=CARTESIAN_POINT('',(-0.0928527606575789,-0.0848527606575789,0.));
#15815=CARTESIAN_POINT('',(-0.0929139851473748,-0.0832539324736112,0.));
#15816=CARTESIAN_POINT('',(-0.093602760657579,-0.0652671154039754,0.));
#15817=CARTESIAN_POINT('',(-0.0654722152000765,-0.0814096616545279,0.));
#15818=CARTESIAN_POINT('',(-0.0652387928624253,-0.0865070840535301,0.));
#15819=CARTESIAN_POINT('',(-0.0699785401074033,-0.0940730554824619,0.));
#15820=CARTESIAN_POINT('',(-0.0747182873523813,-0.101639026911394,0.));
#15821=CARTESIAN_POINT('',(-0.083766812633644,-0.101639026911394,0.));
#15822=CARTESIAN_POINT('',(-0.0928153379149067,-0.101639026911394,0.));
#15823=CARTESIAN_POINT('',(-0.0950212601640285,-0.0994331046622721,0.));
#15824=CARTESIAN_POINT('',(-0.101639026911394,-0.0928153379149067,0.));
#15825=CARTESIAN_POINT('',(-0.101639026911394,-0.083766812633644,0.));
#15826=CARTESIAN_POINT('',(-0.101639026911394,-0.0747182873523812,0.));
#15827=CARTESIAN_POINT('',(-0.094073055482462,-0.0699785401074033,0.));
#15828=CARTESIAN_POINT('',(-0.0865070840535301,-0.0652387928624253,0.));
#15829=CARTESIAN_POINT('',(-0.081409661654528,-0.0654722152000764,0.));
#15830=CARTESIAN_POINT('',(-0.0607454936976429,-0.0607454936976429,0.));
#15831=CARTESIAN_POINT('',(3.77528505555308E-06,3.77528505554614E-06,0.01));
#15832=CARTESIAN_POINT('',(-0.021743011748025,-0.0164397108891259,0.01));
#15833=CARTESIAN_POINT('',(-0.019593011748025,-0.0164397108891259,0.01));
#15834=CARTESIAN_POINT('',(-0.0164402326625873,-0.0217435335214863,0.01));
#15835=CARTESIAN_POINT('',(-0.0142902326625873,-0.0217435335214863,0.01));
#15836=CARTESIAN_POINT('',(-0.0176776695296637,-2.66952966369166E-06,0.01));
#15837=CARTESIAN_POINT('',(-0.0176776695296637,-0.0176776695296637,0.01));
#15838=CARTESIAN_POINT('',(-0.0249962247149444,3.77528505554961E-06,0.01));
#15839=CARTESIAN_POINT('',(-0.0249962247149444,-0.0249962247149444,0.01));
#15840=CARTESIAN_POINT('',(3.77528505554961E-06,-0.0249962247149444,0.01));
#15841=CARTESIAN_POINT('',(-2.66952966369513E-06,-0.0176776695296637,0.01));
#15842=CARTESIAN_POINT('',(-0.0424264068711928,-0.0424264068711928,0.015));
#15843=CARTESIAN_POINT('',(3.77528505554961E-06,-0.0249962247149444,0.015));
#15844=CARTESIAN_POINT('',(-0.0249962247149444,-0.0249962247149444,0.015));
#15845=CARTESIAN_POINT('',(-0.0249962247149444,3.77528505554961E-06,0.015));
#15846=CARTESIAN_POINT('',(-0.081409661654528,-0.0654722152000764,0.015));
#15847=CARTESIAN_POINT('',(-0.0865070840535301,-0.0652387928624253,0.015));
#15848=CARTESIAN_POINT('',(-0.094073055482462,-0.0699785401074033,0.015));
#15849=CARTESIAN_POINT('',(-0.101639026911394,-0.0747182873523812,0.015));
#15850=CARTESIAN_POINT('',(-0.101639026911394,-0.083766812633644,0.015));
#15851=CARTESIAN_POINT('',(-0.101639026911394,-0.0928153379149067,0.015));
#15852=CARTESIAN_POINT('',(-0.0950212601640285,-0.0994331046622721,0.015));
#15853=CARTESIAN_POINT('',(-0.0928153379149067,-0.101639026911394,0.015));
#15854=CARTESIAN_POINT('',(-0.083766812633644,-0.101639026911394,0.015));
#15855=CARTESIAN_POINT('',(-0.0747182873523813,-0.101639026911394,0.015));
#15856=CARTESIAN_POINT('',(-0.0699785401074033,-0.0940730554824619,0.015));
#15857=CARTESIAN_POINT('',(-0.0652387928624253,-0.0865070840535301,0.015));
#15858=CARTESIAN_POINT('',(-0.0654722152000765,-0.0814096616545279,0.015));
#15859=CARTESIAN_POINT('',(-0.0848528137423857,-0.0848528137423857,0.015));
#15860=CARTESIAN_POINT('',(-0.0688528137423857,-0.0848528137423857,0.015));
#15861=CARTESIAN_POINT('',(-0.0540668225861363,-0.0486556212009254,0.015));
#15862=CARTESIAN_POINT('',(-0.0737145390892321,-0.0683033377040213,0.015));
#15863=CARTESIAN_POINT('',(-0.0344191060830404,-0.0290079046978295,0.015));
#15864=CARTESIAN_POINT('',(-0.0324500789129913,-0.028265163395813,0.015));
#15865=CARTESIAN_POINT('',(-0.0304810517429423,-0.0275224220937964,0.015));
#15866=CARTESIAN_POINT('',(-0.0292544141858375,-0.0277750993612646,0.015));
#15867=CARTESIAN_POINT('',(-0.0280277766287327,-0.0280277766287327,0.015));
#15868=CARTESIAN_POINT('',(-0.0277750993612646,-0.0292544141858375,0.015));
#15869=CARTESIAN_POINT('',(-0.0275224220937964,-0.0304810517429423,0.015));
#15870=CARTESIAN_POINT('',(-0.028265163395813,-0.0324500789129913,0.015));
#15871=CARTESIAN_POINT('',(-0.0290079046978296,-0.0344191060830404,0.015));
#15872=CARTESIAN_POINT('',(-0.0486556212009254,-0.0540668225861363,0.015));
#15873=CARTESIAN_POINT('',(-0.0683033377040213,-0.0737145390892321,0.015));
#15874=CARTESIAN_POINT('',(-0.069656138050324,-0.0723617387429294,0.015));
#15875=CARTESIAN_POINT('',(-0.0834951645809925,-0.0834951645809925,0.004));
#15876=CARTESIAN_POINT('',(-0.0928527606575789,-0.0848527606575789,0.004));
#15877=CARTESIAN_POINT('',(-0.0929139851473748,-0.0864515888415465,0.004));
#15878=CARTESIAN_POINT('',(-0.0929139851473748,-0.0832539324736112,0.004));
#15879=CARTESIAN_POINT('',(-0.093602760657579,-0.104438405911182,0.004));
#15880=CARTESIAN_POINT('',(-0.094291536167783,-0.0864515888415465,0.004));
#15881=CARTESIAN_POINT('',(-0.0943527606575789,-0.0848527606575789,0.004));
#15882=CARTESIAN_POINT('',(-0.094291536167783,-0.0832539324736112,0.004));
#15883=CARTESIAN_POINT('',(-0.093602760657579,-0.0652671154039754,0.004));
#15884=CARTESIAN_POINT('',(-0.0848527606575789,-0.0753527606575789,0.004));
#15885=CARTESIAN_POINT('',(-0.0864515888415465,-0.0754139851473748,0.004));
#15886=CARTESIAN_POINT('',(-0.0832539324736113,-0.0754139851473748,0.004));
#15887=CARTESIAN_POINT('',(-0.0652671154039754,-0.0761027606575791,0.004));
#15888=CARTESIAN_POINT('',(-0.0832539324736113,-0.076791536167783,0.004));
#15889=CARTESIAN_POINT('',(-0.0848527606575789,-0.0768527606575789,0.004));
#15890=CARTESIAN_POINT('',(-0.0864515888415465,-0.0767915361677829,0.004));
#15891=CARTESIAN_POINT('',(-0.104438405911182,-0.0761027606575787,0.004));
#15892=CARTESIAN_POINT('',(-0.0753527606575789,-0.0848527606575789,0.004));
#15893=CARTESIAN_POINT('',(-0.0754139851473748,-0.0864515888415465,0.004));
#15894=CARTESIAN_POINT('',(-0.0754139851473748,-0.0832539324736113,0.004));
#15895=CARTESIAN_POINT('',(-0.076102760657579,-0.104438405911182,0.004));
#15896=CARTESIAN_POINT('',(-0.076791536167783,-0.0864515888415465,0.004));
#15897=CARTESIAN_POINT('',(-0.0768527606575789,-0.0848527606575789,0.004));
#15898=CARTESIAN_POINT('',(-0.076791536167783,-0.0832539324736112,0.004));
#15899=CARTESIAN_POINT('',(-0.0761027606575787,-0.0652671154039754,0.004));
#15900=CARTESIAN_POINT('',(-0.0848527606575789,-0.0848527606575789,0.004));
#15901=CARTESIAN_POINT('',(-0.0888527606575789,-0.0848527606575789,0.004));
#15902=CARTESIAN_POINT('',(-0.0848528137423857,-0.0848528137423857,0.004));
#15903=CARTESIAN_POINT('',(-0.100852813742386,-0.0848528137423857,0.004));
#15904=CARTESIAN_POINT('',(-0.0848527606575789,-0.0943527606575789,0.004));
#15905=CARTESIAN_POINT('',(-0.0832539324736113,-0.0942915361677829,0.004));
#15906=CARTESIAN_POINT('',(-0.0864515888415465,-0.0942915361677829,0.004));
#15907=CARTESIAN_POINT('',(-0.104438405911182,-0.0936027606575789,0.004));
#15908=CARTESIAN_POINT('',(-0.0864515888415465,-0.0929139851473748,0.004));
#15909=CARTESIAN_POINT('',(-0.0848527606575789,-0.0928527606575789,0.004));
#15910=CARTESIAN_POINT('',(-0.0832539324736113,-0.0929139851473748,0.004));
#15911=CARTESIAN_POINT('',(-0.0652671154039754,-0.0936027606575789,0.004));
#15912=CARTESIAN_POINT('',(-0.0848528137423857,-0.0848528137423857,0.015));
#15913=CARTESIAN_POINT('',(-0.101639026911394,-0.083766812633644,0.015));
#15914=CARTESIAN_POINT('',(-0.101639026911394,-0.0928153379149067,0.015));
#15915=CARTESIAN_POINT('',(-0.101639026911394,-0.0747182873523812,0.015));
#15916=CARTESIAN_POINT('',(-0.094073055482462,-0.0699785401074033,0.015));
#15917=CARTESIAN_POINT('',(-0.0865070840535301,-0.0652387928624253,0.015));
#15918=CARTESIAN_POINT('',(-0.081409661654528,-0.0654722152000764,0.015));
#15919=CARTESIAN_POINT('',(-0.0654722152000765,-0.0814096616545279,0.015));
#15920=CARTESIAN_POINT('',(-0.0652387928624253,-0.0865070840535301,0.015));
#15921=CARTESIAN_POINT('',(-0.0699785401074033,-0.0940730554824619,0.015));
#15922=CARTESIAN_POINT('',(-0.0747182873523813,-0.101639026911394,0.015));
#15923=CARTESIAN_POINT('',(-0.083766812633644,-0.101639026911394,0.015));
#15924=CARTESIAN_POINT('',(-0.0928153379149067,-0.101639026911394,0.015));
#15925=CARTESIAN_POINT('',(-0.0950212601640285,-0.0994331046622721,0.015));
#15926=CARTESIAN_POINT('',(-0.0848527606575789,-0.0848527606575789,0.0059));
#15927=CARTESIAN_POINT('',(-0.0768527606575789,-0.0848527606575789,0.0059));
#15928=CARTESIAN_POINT('',(-0.076791536167783,-0.0864515888415465,0.0059));
#15929=CARTESIAN_POINT('',(-0.076791536167783,-0.0832539324736112,0.0059));
#15930=CARTESIAN_POINT('',(-0.0753527606575789,-0.0848527606575789,0.0059));
#15931=CARTESIAN_POINT('',(-0.0754139851473748,-0.0864515888415465,0.0059));
#15932=CARTESIAN_POINT('',(-0.0754139851473748,-0.0832539324736113,0.0059));
#15933=CARTESIAN_POINT('',(-0.0848527606575789,-0.0768527606575789,0.0059));
#15934=CARTESIAN_POINT('',(-0.0832539324736113,-0.076791536167783,0.0059));
#15935=CARTESIAN_POINT('',(-0.0864515888415465,-0.0767915361677829,0.0059));
#15936=CARTESIAN_POINT('',(-0.0848527606575789,-0.0753527606575789,0.0059));
#15937=CARTESIAN_POINT('',(-0.0832539324736113,-0.0754139851473748,0.0059));
#15938=CARTESIAN_POINT('',(-0.0864515888415465,-0.0754139851473748,0.0059));
#15939=CARTESIAN_POINT('',(-0.0848527606575789,-0.0928527606575789,0.0059));
#15940=CARTESIAN_POINT('',(-0.0864515888415465,-0.0929139851473748,0.0059));
#15941=CARTESIAN_POINT('',(-0.0832539324736113,-0.0929139851473748,0.0059));
#15942=CARTESIAN_POINT('',(-0.0848527606575789,-0.0943527606575789,0.0059));
#15943=CARTESIAN_POINT('',(-0.0864515888415465,-0.0942915361677829,0.0059));
#15944=CARTESIAN_POINT('',(-0.0832539324736113,-0.0942915361677829,0.0059));
#15945=CARTESIAN_POINT('',(-0.0928527606575789,-0.0848527606575789,0.0059));
#15946=CARTESIAN_POINT('',(-0.0929139851473748,-0.0864515888415465,0.0059));
#15947=CARTESIAN_POINT('',(-0.0929139851473748,-0.0832539324736112,0.0059));
#15948=CARTESIAN_POINT('',(-0.0943527606575789,-0.0848527606575789,0.0059));
#15949=CARTESIAN_POINT('',(-0.094291536167783,-0.0864515888415465,0.0059));
#15950=CARTESIAN_POINT('',(-0.094291536167783,-0.0832539324736112,0.0059));
#15951=CARTESIAN_POINT('',(-0.104438405911182,-0.0761027606575787,0.0059));
#15952=CARTESIAN_POINT('',(-0.0652671154039754,-0.0761027606575791,0.0059));
#15953=CARTESIAN_POINT('',(-0.0761027606575787,-0.0652671154039754,0.0059));
#15954=CARTESIAN_POINT('',(-0.076102760657579,-0.104438405911182,0.0059));
#15955=CARTESIAN_POINT('',(-0.0652671154039754,-0.0936027606575789,0.0059));
#15956=CARTESIAN_POINT('',(-0.104438405911182,-0.0936027606575789,0.0059));
#15957=CARTESIAN_POINT('',(-0.093602760657579,-0.0652671154039754,0.0059));
#15958=CARTESIAN_POINT('',(-0.093602760657579,-0.104438405911182,0.0059));
#15959=CARTESIAN_POINT('',(-0.069656138050324,-0.0723617387429294,0.012));
#15960=CARTESIAN_POINT('',(-0.0683033377040213,-0.0737145390892321,0.012));
#15961=CARTESIAN_POINT('',(-0.0683033377040213,-0.0737145390892321,0.012));
#15962=CARTESIAN_POINT('',(-0.069656138050324,-0.0723617387429294,0.012));
#15963=CARTESIAN_POINT('',(-0.0737145390892321,-0.0683033377040213,0.012));
#15964=CARTESIAN_POINT('',(-0.0737145390892321,-0.0683033377040213,0.012));
#15965=CARTESIAN_POINT('',(-0.0540668225861363,-0.0486556212009254,0.012));
#15966=CARTESIAN_POINT('',(-0.0540668225861363,-0.0486556212009254,0.012));
#15967=CARTESIAN_POINT('',(-0.0344191060830404,-0.0290079046978295,0.012));
#15968=CARTESIAN_POINT('',(-0.0344191060830404,-0.0290079046978295,0.012));
#15969=CARTESIAN_POINT('',(-0.0324500789129913,-0.028265163395813,0.012));
#15970=CARTESIAN_POINT('',(-0.0324500789129913,-0.028265163395813,0.012));
#15971=CARTESIAN_POINT('',(-0.0304810517429423,-0.0275224220937964,0.012));
#15972=CARTESIAN_POINT('',(-0.0304810517429423,-0.0275224220937964,0.012));
#15973=CARTESIAN_POINT('',(-0.0292544141858375,-0.0277750993612646,0.012));
#15974=CARTESIAN_POINT('',(-0.0292544141858375,-0.0277750993612646,0.012));
#15975=CARTESIAN_POINT('',(-0.0280277766287327,-0.0280277766287327,0.012));
#15976=CARTESIAN_POINT('',(-0.0280277766287327,-0.0280277766287327,0.012));
#15977=CARTESIAN_POINT('',(-0.0277750993612646,-0.0292544141858375,0.012));
#15978=CARTESIAN_POINT('',(-0.0277750993612646,-0.0292544141858375,0.012));
#15979=CARTESIAN_POINT('',(-0.0275224220937964,-0.0304810517429423,0.012));
#15980=CARTESIAN_POINT('',(-0.0275224220937964,-0.0304810517429423,0.012));
#15981=CARTESIAN_POINT('',(-0.028265163395813,-0.0324500789129913,0.012));
#15982=CARTESIAN_POINT('',(-0.028265163395813,-0.0324500789129913,0.012));
#15983=CARTESIAN_POINT('',(-0.0290079046978296,-0.0344191060830404,0.012));
#15984=CARTESIAN_POINT('',(-0.0290079046978296,-0.0344191060830404,0.012));
#15985=CARTESIAN_POINT('',(-0.0486556212009254,-0.0540668225861363,0.012));
#15986=CARTESIAN_POINT('',(-0.0486556212009254,-0.0540668225861363,0.012));
#15987=CARTESIAN_POINT('',(-0.0509295225591055,-0.0509295225591054,0.012));
#15988=CARTESIAN_POINT('',(3.77528505554961E-06,-0.0249962247149444,0.01));
#15989=CARTESIAN_POINT('',(-0.0249962247149444,-0.0249962247149444,0.01));
#15990=CARTESIAN_POINT('',(-0.0249962247149444,3.77528505554961E-06,0.01));
#15991=CARTESIAN_POINT('',(-2.66952966369513E-06,-0.0176776695296637,-0.015));
#15992=CARTESIAN_POINT('',(-0.00707106781186549,-0.0176776695296637,0.005));
#15993=CARTESIAN_POINT('',(-0.0106065547656223,-0.0176776695296637,0.00473012117173456));
#15994=CARTESIAN_POINT('',(-0.0141420413550885,-0.0176776695296637,0.00446023756017028));
#15995=CARTESIAN_POINT('',(-0.0176776695296637,-0.0176776695296637,0.00419221302396336));
#15996=CARTESIAN_POINT('',(-0.0176776695296637,-0.0176776695296637,0.00419221302396335));
#15997=CARTESIAN_POINT('',(-0.0176776695296637,-0.0176776695296637,-0.015));
#15998=CARTESIAN_POINT('',(-0.0176776695296637,-2.66952966369166E-06,-0.015));
#15999=CARTESIAN_POINT('',(-0.0176776695296637,-0.00707106781186546,0.005));
#16000=CARTESIAN_POINT('',(-0.0176776695296637,-0.0106065547656223,0.00473012117173456));
#16001=CARTESIAN_POINT('',(-0.0176776695296637,-0.0141420413550885,0.00446023756017028));
#16002=CARTESIAN_POINT('',(-0.0176776695296637,-0.0176776695296637,0.00419221302396335));
#16003=CARTESIAN_POINT('',(-0.00707106781186547,-0.0176776695296637,0.005));
#16004=CARTESIAN_POINT('',(-0.0176776695296638,-0.0070710678118654,0.005));
#16005=CARTESIAN_POINT('',(-0.014967857938105,-0.0255744596559032,0.00379440852465146));
#16006=CARTESIAN_POINT('',(-0.0255744596559033,-0.014967857938105,0.00379440852465146));
#16007=CARTESIAN_POINT('',(-0.0228646480643446,-0.0334712497821428,0.00258881704930291));
#16008=CARTESIAN_POINT('',(-0.0334712497821428,-0.0228646480643445,0.00258881704930291));
#16009=CARTESIAN_POINT('',(-0.0301602925478483,-0.0407668942656465,0.00164019343428457));
#16010=CARTESIAN_POINT('',(-0.0407668942656466,-0.0301602925478483,0.00164019343428457));
#16011=CARTESIAN_POINT('',(-0.019635033356682,-0.0153248781714994,0.00422219712512237));
#16012=CARTESIAN_POINT('',(-0.0194674497450642,-0.0171438247119525,0.00409698948225314));
#16013=CARTESIAN_POINT('',(-0.0206271716217983,-0.0185430960568954,0.00390368991101952));
#16014=CARTESIAN_POINT('',(-0.0224386415636537,-0.018718924975491,0.00375433978016838));
#16015=CARTESIAN_POINT('',(-0.0238505219921949,-0.0175550072450136,0.00373575858418754));
#16016=CARTESIAN_POINT('',(-0.0240181998336785,-0.0157350728758891,0.00385979911845041));
#16017=CARTESIAN_POINT('',(-0.0228608660194144,-0.0143381218851946,0.00405251048826755));
#16018=CARTESIAN_POINT('',(-0.0210496530335371,-0.014159119982963,0.00420330864349242));
#16019=CARTESIAN_POINT('',(-0.019635033356682,-0.0153248781714994,0.00422219712512237));
#16020=CARTESIAN_POINT('',(-0.0194674497450642,-0.0171438247119525,0.00409698948225314));
#16021=CARTESIAN_POINT('',(-0.0206271716217983,-0.0185430960568954,0.00390368991101952));
#16022=CARTESIAN_POINT('',(-0.0196886673264562,-0.0170738788460341,0.00408564082752574));
#16023=CARTESIAN_POINT('',(-0.014757887890005,-0.020053015593028,0.00423350991676952));
#16024=CARTESIAN_POINT('',(-0.014057092900802,-0.0217458529996785,0.00415823813943858));
#16025=CARTESIAN_POINT('',(-0.0147551364823104,-0.0234247735371758,0.00397838072402952));
#16026=CARTESIAN_POINT('',(-0.016429850915559,-0.0241256862890289,0.00379950378701435));
#16027=CARTESIAN_POINT('',(-0.0181228024985452,-0.0234336072146283,0.00372445886836368));
#16028=CARTESIAN_POINT('',(-0.0188227912899517,-0.0217419442937615,0.00379881310493081));
#16029=CARTESIAN_POINT('',(-0.0181274274781743,-0.0200644692810598,0.00397747579573695));
#16030=CARTESIAN_POINT('',(-0.0164517749037227,-0.0193609542860846,0.00415749646526675));
#16031=CARTESIAN_POINT('',(-0.014757887890005,-0.020053015593028,0.00423350991676952));
#16032=CARTESIAN_POINT('',(-0.014057092900802,-0.0217458529996785,0.00415823813943858));
#16033=CARTESIAN_POINT('',(-0.0147551364823104,-0.0234247735371758,0.00397838072402952));
#16034=CARTESIAN_POINT('',(-0.0142902326625872,-0.0217435335214863,0.00414080719975889));
#16035=CARTESIAN_POINT('',(-0.0407668942614516,-0.0301602925436533,0.00164019343483004));
#16036=CARTESIAN_POINT('',(-0.0607454936976429,-0.0607454936976429,0.390514671124226));
#16037=CARTESIAN_POINT('',(-0.0408700988286708,-0.0656188361701999,0.005));
#16038=CARTESIAN_POINT('',(-0.0523680942321007,-0.0771168315736298,0.005));
#16039=CARTESIAN_POINT('',(-0.0333690726304631,-0.0581178099719922,0.005));
#16040=CARTESIAN_POINT('',(-0.0333690726304631,-0.0581178099719922,0.0075));
#16041=CARTESIAN_POINT('',(-0.0333690726304631,-0.0581178099719922,0.01));
#16042=CARTESIAN_POINT('',(-0.0428685834312819,-0.067617320772811,0.01));
#16043=CARTESIAN_POINT('',(-0.0523680942321007,-0.0771168315736298,0.01));
#16044=CARTESIAN_POINT('',(-0.0523680942321007,-0.0771168315736298,0.0075));
#16045=CARTESIAN_POINT('',(-0.0164402326625873,-0.0217435335214863,-0.015));
#16046=CARTESIAN_POINT('',(-0.021743011748025,-0.0164397108891259,-0.015));
#16047=CARTESIAN_POINT('',(0.,0.,0.));
#16048=CARTESIAN_POINT('',(0.08451,0.0856,0.033));
#16049=CARTESIAN_POINT('',(0.08451,0.0856,0.0292087405829074));
#16050=CARTESIAN_POINT('',(0.0858090381056767,0.08485,0.0295995408406154));
#16051=CARTESIAN_POINT('',(0.08376,0.0868990381056767,0.0287574833149333));
#16052=CARTESIAN_POINT('',(0.08376,0.0868990381056767,0.033));
#16053=CARTESIAN_POINT('',(0.08376,0.0868990381056767,0.0294343692168945));
#16054=CARTESIAN_POINT('',(0.08451,0.0856,0.0292087405829074));
#16055=CARTESIAN_POINT('',(0.08301,0.0856,0.0289831119489204));
#16056=CARTESIAN_POINT('',(0.08301,0.0856,0.033));
#16057=CARTESIAN_POINT('',(0.08301,0.0856,0.0287574833149333));
#16058=CARTESIAN_POINT('',(0.08451,0.0856,0.0292087405829074));
#16059=CARTESIAN_POINT('',(0.0832109618943234,0.08485,0.0288179403251995));
#16060=CARTESIAN_POINT('',(0.08451,0.0856,0.0292087405829074));
#16061=CARTESIAN_POINT('',(0.08376,0.0843009618943234,0.0287574833149333));
#16062=CARTESIAN_POINT('',(0.08376,0.0843009618943234,0.033));
#16063=CARTESIAN_POINT('',(0.08376,0.0843009618943234,0.0289831119489204));
#16064=CARTESIAN_POINT('',(0.08451,0.0856,0.0292087405829074));
#16065=CARTESIAN_POINT('',(0.08451,0.0856,0.028));
#16066=CARTESIAN_POINT('',(0.08301,0.0856,0.028));
#16067=CARTESIAN_POINT('',(0.08451,0.0856,0.033));
#16068=CARTESIAN_POINT('',(0.08451,0.0856,0.028));
#16069=CARTESIAN_POINT('',(0.08051,0.0856,0.028));
#16070=CARTESIAN_POINT('',(0.08451,0.0856,0.033));
#16071=CARTESIAN_POINT('',(0.08051,0.0856,0.033));
#16072=CARTESIAN_POINT('',(0.08051,0.0856,0.033));
#16073=CARTESIAN_POINT('',(0.08051,0.0856,0.0280053878683098));
#16074=CARTESIAN_POINT('',(0.08051,0.0856,0.0286070642256086));
#16075=CARTESIAN_POINT('',(0.08451,0.0856,0.0292087405829074));
#16076=CARTESIAN_POINT('',(0.0860553331398598,0.0892894370148915,0.0304024101439863));
#16077=CARTESIAN_POINT('',(0.08451,0.0856,-0.305642970579298));
#16078=CARTESIAN_POINT('',(0.0864094692355698,0.0891202296264766,0.0329880957230925));
#16079=CARTESIAN_POINT('',(0.08451,0.0856,0.0312146295508911));
#16080=CARTESIAN_POINT('',(0.0810458983848623,0.0836,0.0296781262586749));
#16081=CARTESIAN_POINT('',(0.08451,0.0856,0.0312146295508911));
#16082=CARTESIAN_POINT('',(0.0867591860052606,0.0822922572177179,0.0322122566663278));
#16083=CARTESIAN_POINT('',(0.08451,0.0856,-0.305642970579298));
#16084=CARTESIAN_POINT('',(0.0866088736658985,0.0821948965750512,0.0329880957230925));
#16085=CARTESIAN_POINT('',(0.08451,0.0856,0.0312146295508911));
#16086=CARTESIAN_POINT('',(0.0879741016151378,0.0836,0.0327511328431073));
#16087=CARTESIAN_POINT('',(0.08451,0.0856,0.0312146295508911));
#16088=CARTESIAN_POINT('',(0.0885083429014683,0.0854848737984721,0.0329880957230925));
#16089=CARTESIAN_POINT('',(0.08451,0.0856,-0.305642970579299));
#16090=CARTESIAN_POINT('',(0.0884991822812713,0.085306019172749,0.0322122566663278));
#16091=CARTESIAN_POINT('',(0.08451,0.0856,0.0312146295508911));
#16092=CARTESIAN_POINT('',(0.08251,0.0890641016151378,0.0294404283721476));
#16093=CARTESIAN_POINT('',(0.08251,0.0890641016151378,0.033));
#16094=CARTESIAN_POINT('',(0.08251,0.0890641016151378,0.0280053878683098));
#16095=CARTESIAN_POINT('',(0.08451,0.0856,0.0292087405829074));
#16096=CARTESIAN_POINT('',(0.0879741016151378,0.0836,0.030250874603462));
#16097=CARTESIAN_POINT('',(0.08451,0.0856,0.0292087405829074));
#16098=CARTESIAN_POINT('',(0.08251,0.0821358983848623,0.0286070642256086));
#16099=CARTESIAN_POINT('',(0.08251,0.0821358983848623,0.033));
#16100=CARTESIAN_POINT('',(0.08251,0.0821358983848623,0.0280053878683098));
#16101=CARTESIAN_POINT('',(0.08451,0.0856,0.0292087405829074));
#16102=CARTESIAN_POINT('',(0.0810458983848623,0.0836,0.0281666065623529));
#16103=CARTESIAN_POINT('',(0.08451,0.0856,0.0292087405829074));
#16104=CARTESIAN_POINT('',(0.08451,0.0856,0.033));
#16105=CARTESIAN_POINT('',(0.08451,0.0856,0.0312146295508911));
#16106=CARTESIAN_POINT('',(0.0832109618943234,0.08485,0.03063844081631));
#16107=CARTESIAN_POINT('',(0.08526,0.0868990381056767,0.0318799549929199));
#16108=CARTESIAN_POINT('',(0.08526,0.0868990381056767,0.033));
#16109=CARTESIAN_POINT('',(0.08526,0.0868990381056767,0.0308819668298767));
#16110=CARTESIAN_POINT('',(0.08451,0.0856,0.0312146295508911));
#16111=CARTESIAN_POINT('',(0.08601,0.0856,0.0315472922719055));
#16112=CARTESIAN_POINT('',(0.08601,0.0856,0.033));
#16113=CARTESIAN_POINT('',(0.08601,0.0856,0.0318799549929199));
#16114=CARTESIAN_POINT('',(0.08451,0.0856,0.0312146295508911));
#16115=CARTESIAN_POINT('',(0.0858090381056767,0.08485,0.0317908182854722));
#16116=CARTESIAN_POINT('',(0.08451,0.0856,0.0312146295508911));
#16117=CARTESIAN_POINT('',(0.08526,0.0843009618943234,0.0318799549929199));
#16118=CARTESIAN_POINT('',(0.08526,0.0843009618943234,0.033));
#16119=CARTESIAN_POINT('',(0.08526,0.0843009618943234,0.0315472922719055));
#16120=CARTESIAN_POINT('',(0.08451,0.0856,0.0312146295508911));
#16121=CARTESIAN_POINT('',(0.08451,0.0856,0.033));
#16122=CARTESIAN_POINT('',(0.08301,0.0856,0.033));
#16123=CARTESIAN_POINT('',(0.08451,0.0856,0.033));
#16124=CARTESIAN_POINT('',(0.08451,0.0856,0.028));
#16125=CARTESIAN_POINT('',(0.0845002166891843,0.0221,0.0312102901604958));
#16126=CARTESIAN_POINT('',(0.10846317163273,0.071770629909898,0.0418390658872501));
#16127=CARTESIAN_POINT('',(0.0885083429014683,0.0832915556495249,0.0329880957230925));
#16128=CARTESIAN_POINT('',(0.0885083429014683,0.0221,0.0329880957230925));
#16129=CARTESIAN_POINT('',(0.0884930778259784,0.0221,0.0316952529335394));
#16130=CARTESIAN_POINT('',(0.0887486874044685,0.0304386675382394,0.0533435573071895));
#16131=CARTESIAN_POINT('',(0.139497721484904,0.1173584725957,0.0312102901604958));
#16132=CARTESIAN_POINT('',(0.141501784591046,0.113887333474287,0.0329880957230925));
#16133=CARTESIAN_POINT('',(0.141494152053301,0.113900553417452,0.0316952529335394));
#16134=CARTESIAN_POINT('',(0.0624069949551723,0.0683797795090689,0.0214108351498142));
#16135=CARTESIAN_POINT('',(0.0295048626665354,0.117328307461136,0.0292012050719932));
#16136=CARTESIAN_POINT('',(0.0844974758068472,0.0855783074611356,0.0292012050719932));
#16137=CARTESIAN_POINT('',(0.0825010452384502,0.0821203882828883,0.028));
#16138=CARTESIAN_POINT('',(0.0275084320981383,0.113870388282888,0.028));
#16139=CARTESIAN_POINT('',(0.0804920904769003,0.0832802588552589,0.028));
#16140=CARTESIAN_POINT('',(0.0587422618977631,0.0707229894702657,0.0214568211843153));
#16141=CARTESIAN_POINT('',(0.0275084320981383,0.113870388282888,0.0287162422989495));
#16142=CARTESIAN_POINT('',(0.0825010452384502,0.0821203882828883,0.0287162422989495));
#16143=CARTESIAN_POINT('',(0.0825010452384502,0.0821203882828883,0.0286043702914538));
#16144=CARTESIAN_POINT('',(0.10835811024498,0.0671918048409145,0.0363831626332378));
#16145=CARTESIAN_POINT('',(0.0844849516136945,0.0221,0.0292012050719932));
#16146=CARTESIAN_POINT('',(0.0804920904769004,0.0221,0.028));
#16147=CARTESIAN_POINT('',(0.0804920904769004,0.0856,0.028));
#16148=CARTESIAN_POINT('',(0.0844849516136945,0.0856,0.0292012050719932));
#16149=CARTESIAN_POINT('',(0.0804920904769004,0.0221,0.0287162422989495));
#16150=CARTESIAN_POINT('',(0.0804920904769004,0.0261635559578736,0.0131191851921821));
#16151=CARTESIAN_POINT('',(0.0804920904769004,0.0856,0.0286043702914538));
#16152=CARTESIAN_POINT('',(0.0804920904769004,0.0856,0.0287162422989495));
#16153=CARTESIAN_POINT('',(0.0295124952042803,0.1173415274043,0.0312102901604958));
#16154=CARTESIAN_POINT('',(0.0315165583104223,0.120812666525713,0.0329880957230925));
#16155=CARTESIAN_POINT('',(0.0459180795002083,0.11249794439005,0.0329880957230925));
#16156=CARTESIAN_POINT('',(0.0295408322345238,0.11733646380082,0.0312146295486986));
#16157=CARTESIAN_POINT('',(0.0353178929105157,0.116304145297876,0.0320992978367289));
#16158=CARTESIAN_POINT('',(0.0410934014866801,0.115268993182889,0.0329825334440327));
#16159=CARTESIAN_POINT('',(0.0459180795002083,0.11249794439005,0.0329880957230925));
#16160=CARTESIAN_POINT('',(0.0295408322518707,0.117336463794667,0.0312146295501825));
#16161=CARTESIAN_POINT('',(0.0295408322518707,0.117336463794667,0.0312146295501825));
#16162=CARTESIAN_POINT('',(0.0333233766340812,0.112849541746437,0.0303299612631225));
#16163=CARTESIAN_POINT('',(0.0371075989475105,0.108365380663947,0.0294467256577434));
#16164=CARTESIAN_POINT('',(0.0419197365987399,0.105572611338624,0.0294411633786896));
#16165=CARTESIAN_POINT('',(0.04191973659874,0.105572611338624,0.0294411633786896));
#16166=CARTESIAN_POINT('',(0.0402919331935359,0.102753173136077,0.0279971380185517));
#16167=CARTESIAN_POINT('',(0.0419099532879243,0.105555666147225,0.029432484597899));
#16168=CARTESIAN_POINT('',(0.0275084320981383,0.113870388282888,0.029432484597899));
#16169=CARTESIAN_POINT('',(0.0804920904769004,0.0832802588552589,0.029432484597899));
#16170=CARTESIAN_POINT('',(0.0605415244305939,0.0717617941779384,0.0205834051489096));
#16171=CARTESIAN_POINT('',(0.0315089257726774,0.120799446582548,0.0316952529335394));
#16172=CARTESIAN_POINT('',(0.0315012932349324,0.120786226639383,0.0304024101439863));
#16173=CARTESIAN_POINT('',(0.0396095367894487,0.116104930040528,0.0304024101439863));
#16174=CARTESIAN_POINT('',(0.0459180704007222,0.112497949629975,0.0329880957178433));
#16175=CARTESIAN_POINT('',(0.0447766396015215,0.113156848547496,0.0329802871637653));
#16176=CARTESIAN_POINT('',(0.0425667862352128,0.114424538208027,0.0323810640004181));
#16177=CARTESIAN_POINT('',(0.0405648456071543,0.115563082324223,0.0311138742780641));
#16178=CARTESIAN_POINT('',(0.0396095367894488,0.116104930040528,0.0304024101439863));
#16179=CARTESIAN_POINT('',(0.0295048626665354,0.117328307461136,0.0292012050719932));
#16180=CARTESIAN_POINT('',(0.0846894903093134,0.0856,0.029235739351777));
#16181=CARTESIAN_POINT('',(0.0275084320981383,0.113870388282888,0.028));
#16182=CARTESIAN_POINT('',(0.0419099532879243,0.105555666147225,0.028));
#16183=CARTESIAN_POINT('',(0.0439063838563213,0.109013585325472,0.0292012050719932));
#16184=CARTESIAN_POINT('',(0.0422005716207869,0.106059031865354,0.028174858179881));
#16185=CARTESIAN_POINT('',(0.0422005716207869,0.106059031865354,0.028174858179881));
#16186=CARTESIAN_POINT('',(0.0397024716112619,0.107509248082898,0.0281769261657719));
#16187=CARTESIAN_POINT('',(0.0353506697707759,0.111338659353845,0.0285200220370416));
#16188=CARTESIAN_POINT('',(0.0317405372784117,0.115793694314714,0.0291376750690689));
#16189=CARTESIAN_POINT('',(0.0299333166821737,0.118016266769132,0.029444889184748));
#16190=CARTESIAN_POINT('',(0.0299333166821737,0.118016266769132,0.029444889184748));
#16191=CARTESIAN_POINT('',(0.0396095367894487,0.116104930040528,0.0304024101439863));
#16192=CARTESIAN_POINT('',(0.0364301083082534,0.116981394142971,0.0301525116720096));
#16193=CARTESIAN_POINT('',(0.0331784901081827,0.117495586025396,0.0297973704369654));
#16194=CARTESIAN_POINT('',(0.0299333166647334,0.118016266775122,0.0294448891836854));
#16195=CARTESIAN_POINT('',(0.0275084320981383,0.113870388282888,0.0287162422989495));
#16196=CARTESIAN_POINT('',(0.0419099532879243,0.105555666147225,0.0287162422989495));
#16197=CARTESIAN_POINT('',(0.0804920904769004,0.0832802588552589,0.0287162422989495));
#16198=CARTESIAN_POINT('',(0.0299356715887555,0.118020345586979,0.0294342707425554));
#16199=CARTESIAN_POINT('',(0.0295408322518707,0.117336463794668,0.0312146295501826));
#16200=CARTESIAN_POINT('',(0.033718215970966,0.113533423538748,0.0285496024554954));
#16201=CARTESIAN_POINT('',(0.0333233766340812,0.112849541746437,0.0303299612631225));
#16202=CARTESIAN_POINT('',(0.0375024382843952,0.109049262456258,0.0276663668501164));
#16203=CARTESIAN_POINT('',(0.0371075989475104,0.108365380663947,0.0294467256577435));
#16204=CARTESIAN_POINT('',(0.0423145759356248,0.106256493130936,0.0276608045710626));
#16205=CARTESIAN_POINT('',(0.0419197365987399,0.105572611338624,0.0294411633786897));
#16206=CARTESIAN_POINT('',(0.0469879343348294,0.114350987320337,0.00658829732579395));
#16207=CARTESIAN_POINT('',(0.0346090299879602,0.12611483977638,0.00836176349728683));
#16208=CARTESIAN_POINT('',(0.0300203530382158,0.1181670181961,0.0290524359510975));
#16209=CARTESIAN_POINT('',(0.0295408322345238,0.11733646380082,0.0312146295486987));
#16210=CARTESIAN_POINT('',(0.0357974137142076,0.117134699693157,0.0299371042391277));
#16211=CARTESIAN_POINT('',(0.0353178929105156,0.116304145297876,0.0320992978367289));
#16212=CARTESIAN_POINT('',(0.0415729222903721,0.11609954757817,0.0308203398464315));
#16213=CARTESIAN_POINT('',(0.0410934014866801,0.115268993182889,0.0329825334440327));
#16214=CARTESIAN_POINT('',(0.0463976003039002,0.11332849878533,0.0308259021254915));
#16215=CARTESIAN_POINT('',(0.0459180795002082,0.11249794439005,0.0329880957230927));
#16216=CARTESIAN_POINT('',(0.0453601309296253,0.11153154911779,0.00514427196565604));
#16217=CARTESIAN_POINT('',(0.139497721484904,0.1173584725957,0.0312102901604958));
#16218=CARTESIAN_POINT('',(0.141501784591046,0.113887333474287,0.0329880957230925));
#16219=CARTESIAN_POINT('',(0.12710026340126,0.105572611338624,0.0329880957230925));
#16220=CARTESIAN_POINT('',(0.139479167760533,0.117336463809381,0.0312146295486986));
#16221=CARTESIAN_POINT('',(0.135696623374192,0.11284954175624,0.0320992978367289));
#16222=CARTESIAN_POINT('',(0.13191240105775,0.108365380667,0.0329825334440327));
#16223=CARTESIAN_POINT('',(0.12710026340126,0.105572611338624,0.0329880957230925));
#16224=CARTESIAN_POINT('',(0.139479167746532,0.117336463797435,0.0312146295501825));
#16225=CARTESIAN_POINT('',(0.139479167746532,0.117336463797435,0.0312146295501825));
#16226=CARTESIAN_POINT('',(0.133702107076858,0.116304145295614,0.0303299612631225));
#16227=CARTESIAN_POINT('',(0.127926598508046,0.115268993179861,0.0294467256577434));
#16228=CARTESIAN_POINT('',(0.123101920499792,0.11249794439005,0.0294411633786896));
#16229=CARTESIAN_POINT('',(0.123101920499792,0.11249794439005,0.0294411633786896));
#16230=CARTESIAN_POINT('',(0.121474117094588,0.115317382592597,0.0279971380185517));
#16231=CARTESIAN_POINT('',(0.123092137188976,0.112514889581449,0.029432484597899));
#16232=CARTESIAN_POINT('',(0.137493658378762,0.120829611717112,0.029432484597899));
#16233=CARTESIAN_POINT('',(0.0825010452384502,0.0890796117171117,0.029432484597899));
#16234=CARTESIAN_POINT('',(0.0845051083445922,0.0856084725956995,0.0312102901604958));
#16235=CARTESIAN_POINT('',(0.141494152053301,0.113900553417452,0.0316952529335394));
#16236=CARTESIAN_POINT('',(0.141486519515556,0.113913773360617,0.0304024101439863));
#16237=CARTESIAN_POINT('',(0.13337827596104,0.109232476761762,0.0304024101439863));
#16238=CARTESIAN_POINT('',(0.0884778127504885,0.0833091822404114,0.0304024101439863));
#16239=CARTESIAN_POINT('',(0.127100272488912,0.105572616599048,0.0329880957178433));
#16240=CARTESIAN_POINT('',(0.128241611089611,0.106231675209057,0.0329802871637653));
#16241=CARTESIAN_POINT('',(0.1304443892229,0.107511619532653,0.0323810640004178));
#16242=CARTESIAN_POINT('',(0.132431367664885,0.108676078915322,0.0311138742780641));
#16243=CARTESIAN_POINT('',(0.13337827596104,0.109232476761762,0.0304024101439863));
#16244=CARTESIAN_POINT('',(0.0884980029726556,0.0832975254102083,0.0321123776554776));
#16245=CARTESIAN_POINT('',(0.139490088947159,0.117371692538864,0.0292012050719932));
#16246=CARTESIAN_POINT('',(0.0844974758068472,0.0856216925388644,0.0292012050719932));
#16247=CARTESIAN_POINT('',(0.0825010452384502,0.0890796117171117,0.028));
#16248=CARTESIAN_POINT('',(0.137493658378762,0.120829611717112,0.028));
#16249=CARTESIAN_POINT('',(0.123092137188976,0.112514889581449,0.028));
#16250=CARTESIAN_POINT('',(0.125088567757373,0.109056970403201,0.0292012050719932));
#16251=CARTESIAN_POINT('',(0.123382755521839,0.11201152386332,0.028174858179881));
#16252=CARTESIAN_POINT('',(0.123382755521839,0.11201152386332,0.028174858179881));
#16253=CARTESIAN_POINT('',(0.125887729611975,0.11344983382399,0.028176926165772));
#16254=CARTESIAN_POINT('',(0.131379997974396,0.115303899134614,0.0285200220370417));
#16255=CARTESIAN_POINT('',(0.137043237671438,0.116202848103594,0.0291376750690689));
#16256=CARTESIAN_POINT('',(0.139871652176835,0.11665666082297,0.029444889184748));
#16257=CARTESIAN_POINT('',(0.139871652176835,0.11665666082297,0.029444889184748));
#16258=CARTESIAN_POINT('',(0.13337827596104,0.109232476761762,0.0304024101439863));
#16259=CARTESIAN_POINT('',(0.135727030379858,0.111547710544771,0.0301525116720096));
#16260=CARTESIAN_POINT('',(0.137798142712494,0.114106598568228,0.0297973704369654));
#16261=CARTESIAN_POINT('',(0.139871652190743,0.116656660835079,0.0294448891836854));
#16262=CARTESIAN_POINT('',(0.110239369445184,0.070745141624744,0.0369491172245944));
#16263=CARTESIAN_POINT('',(0.137493658378762,0.120829611717112,0.0287162422989495));
#16264=CARTESIAN_POINT('',(0.123092137188976,0.112514889581449,0.0287162422989495));
#16265=CARTESIAN_POINT('',(0.0825010452384502,0.0890796117171117,0.0287162422989495));
#16266=CARTESIAN_POINT('',(0.139874007083417,0.116652582005123,0.0294342707425554));
#16267=CARTESIAN_POINT('',(0.139479167746532,0.117336463797434,0.0312146295501826));
#16268=CARTESIAN_POINT('',(0.134096946413743,0.115620263503302,0.0285496024554954));
#16269=CARTESIAN_POINT('',(0.133702107076858,0.116304145295614,0.0303299612631225));
#16270=CARTESIAN_POINT('',(0.128321437844931,0.114585111387549,0.0276663668501164));
#16271=CARTESIAN_POINT('',(0.127926598508046,0.115268993179861,0.0294467256577436));
#16272=CARTESIAN_POINT('',(0.123496759836677,0.111814062597738,0.0276608045710626));
#16273=CARTESIAN_POINT('',(0.123101920499792,0.11249794439005,0.0294411633786897));
#16274=CARTESIAN_POINT('',(0.128170118235881,0.103719568408337,0.00658829732579395));
#16275=CARTESIAN_POINT('',(0.144547365482621,0.108558087815722,0.00836176349728683));
#16276=CARTESIAN_POINT('',(0.139958688564225,0.116505909414101,0.0290524359510975));
#16277=CARTESIAN_POINT('',(0.139479167760533,0.117336463809381,0.0312146295486987));
#16278=CARTESIAN_POINT('',(0.136176144177884,0.112018987360959,0.0299371042391277));
#16279=CARTESIAN_POINT('',(0.135696623374192,0.11284954175624,0.0320992978367289));
#16280=CARTESIAN_POINT('',(0.132391921861442,0.107534826271719,0.0308203398464315));
#16281=CARTESIAN_POINT('',(0.13191240105775,0.108365380667,0.0329825334440327));
#16282=CARTESIAN_POINT('',(0.127579784204952,0.104742056943344,0.0308259021254915));
#16283=CARTESIAN_POINT('',(0.12710026340126,0.105572611338624,0.0329880957230926));
#16284=CARTESIAN_POINT('',(0.126542314830677,0.106539006610884,0.00514427196565604));
#16285=CARTESIAN_POINT('',(0.0873924457603025,0.0387294442713261,0.00514427196565604));
#16286=CARTESIAN_POINT('',(0.0844849516136945,0.0387294442713261,0.0292012050719932));
#16287=CARTESIAN_POINT('',(0.0810733271426256,0.0387294442713261,0.028174858179881));
#16288=CARTESIAN_POINT('',(0.0804920904769004,0.0387294442713261,0.028));
#16289=CARTESIAN_POINT('',(0.0906480525707106,0.0387294442713261,0.00658829732579395));
#16290=CARTESIAN_POINT('',(0.0805116570985317,0.0387294442713261,0.0294411633786896));
#16291=CARTESIAN_POINT('',(0.0772560502881236,0.0387294442713261,0.0279971380185517));
#16292=CARTESIAN_POINT('',(0.0804920904769004,0.0387294442713261,0.029432484597899));
#16293=CARTESIAN_POINT('',(0.0804920904769004,0.0387294442713261,0.0287162422989495));
#16294=CARTESIAN_POINT('',(0.0854690416024409,0.0221270723897991,0.0290524359510975));
#16295=CARTESIAN_POINT('',(0.084509999995057,0.0221270723897991,0.0312146295486987));
#16296=CARTESIAN_POINT('',(0.0874635578920913,0.0276463129458837,0.0299371042391277));
#16297=CARTESIAN_POINT('',(0.0865045162847074,0.0276463129458837,0.0320992978367289));
#16298=CARTESIAN_POINT('',(0.0894548441518136,0.0331656261501106,0.0308203398464315));
#16299=CARTESIAN_POINT('',(0.0884958025444297,0.0331656261501106,0.0329825334440327));
#16300=CARTESIAN_POINT('',(0.0894673845088522,0.0387294442713261,0.0308259021254915));
#16301=CARTESIAN_POINT('',(0.0885083429014683,0.0387294442713261,0.0329880957230926));
#16302=CARTESIAN_POINT('',(0.0885083428896338,0.0387294337709773,0.0329880957178433));
#16303=CARTESIAN_POINT('',(0.0885082506911326,0.0374114762434471,0.0329802871637653));
#16304=CARTESIAN_POINT('',(0.0885011754581131,0.0348638422593195,0.0323810640004181));
#16305=CARTESIAN_POINT('',(0.088486213272039,0.0325608387604547,0.0311138742780641));
#16306=CARTESIAN_POINT('',(0.0884778127504885,0.0314625931977101,0.0304024101439863));
#16307=CARTESIAN_POINT('',(0.0885083429014683,0.0387294442713261,0.0329880957230925));
#16308=CARTESIAN_POINT('',(0.0884778127504885,0.0314625931977101,0.0304024101439863));
#16309=CARTESIAN_POINT('',(0.084509999995057,0.0221270723897991,0.0312146295486986));
#16310=CARTESIAN_POINT('',(0.0865045162847074,0.0276463129458838,0.0320992978367289));
#16311=CARTESIAN_POINT('',(0.0884958025444298,0.0331656261501106,0.0329825334440327));
#16312=CARTESIAN_POINT('',(0.0885083429014683,0.0387294442713261,0.0329880957230925));
#16313=CARTESIAN_POINT('',(0.0845099999984025,0.0221270724078981,0.0312146295501825));
#16314=CARTESIAN_POINT('',(0.0946463954705814,0.0221270724078981,0.00836176349728683));
#16315=CARTESIAN_POINT('',(0.0852949688590084,0.0221270724078981,0.029444889184748));
#16316=CARTESIAN_POINT('',(0.0884778127504885,0.0314625931977101,0.0304024101439863));
#16317=CARTESIAN_POINT('',(0.0876471386881118,0.0282708953122576,0.0301525116720096));
#16318=CARTESIAN_POINT('',(0.0864666328206766,0.0251978154063758,0.0297973704369655));
#16319=CARTESIAN_POINT('',(0.0852949688554762,0.0221270723897991,0.0294448891836854));
#16320=CARTESIAN_POINT('',(0.0852996786721721,0.0221270724078981,0.0294342707425554));
#16321=CARTESIAN_POINT('',(0.0845099999984025,0.0221270724078981,0.0312146295501826));
#16322=CARTESIAN_POINT('',(0.0833051623847089,0.0276463129579499,0.0285496024554954));
#16323=CARTESIAN_POINT('',(0.0825154837109393,0.0276463129579499,0.0303299612631225));
#16324=CARTESIAN_POINT('',(0.0813138761293262,0.0331656261561923,0.0276663668501164));
#16325=CARTESIAN_POINT('',(0.0805241974555566,0.0331656261561923,0.0294467256577435));
#16326=CARTESIAN_POINT('',(0.0813013357723013,0.038729444271326,0.0276608045710626));
#16327=CARTESIAN_POINT('',(0.0805116570985317,0.038729444271326,0.0294411633786897));
#16328=CARTESIAN_POINT('',(0.0810733271426256,0.038729444271326,0.028174858179881));
#16329=CARTESIAN_POINT('',(0.0810802012232367,0.0358409180931112,0.028176926165772));
#16330=CARTESIAN_POINT('',(0.082220667745172,0.030157441511541,0.0285200220370416));
#16331=CARTESIAN_POINT('',(0.0842737749498497,0.0248034575816918,0.0291376750690689));
#16332=CARTESIAN_POINT('',(0.0852949688590084,0.0221270724078981,0.029444889184748));
#16333=CARTESIAN_POINT('',(0.0845099999984025,0.0221270724078981,0.0312146295501825));
#16334=CARTESIAN_POINT('',(0.0825154837109393,0.0276463129579499,0.0303299612631225));
#16335=CARTESIAN_POINT('',(0.0805241974555566,0.0331656261561923,0.0294467256577434));
#16336=CARTESIAN_POINT('',(0.0805116570985317,0.038729444271326,0.0294411633786896));
#16337=CARTESIAN_POINT('',(0.0804920904769004,0.0221,0.0287162422989495));
#16338=CARTESIAN_POINT('',(0.0804920904769004,0.0221,0.028));
#16339=CARTESIAN_POINT('',(0.0804920904769004,0.0221,0.029432484597899));
#16340=CARTESIAN_POINT('',(0.0884930778259784,0.0221,0.0316952529335394));
#16341=CARTESIAN_POINT('',(0.0885083429014683,0.0221,0.0329880957230925));
#16342=CARTESIAN_POINT('',(0.0884778127504885,0.0221,0.0304024101439863));
#16343=CARTESIAN_POINT('',(0.0844849516136945,0.0221,0.0292012050719932));
#16344=CARTESIAN_POINT('',(0.0576153796470098,0.0390171510983448,0.0211178119804464));
#16345=CARTESIAN_POINT('',(0.0845002166891843,0.0221,0.0312102901604958));
#16346=CARTESIAN_POINT('',(0.0845051083445922,0.0855915274043005,0.0304940478615463));
#16347=CARTESIAN_POINT('',(0.0845002166891843,0.0856,0.0304940478615463));
#16348=CARTESIAN_POINT('',(0.0845051083445922,0.0856084725956995,0.0304940478615463));
#16349=CARTESIAN_POINT('',(0.0845051083445922,0.0856084725956995,0.0304940478615463));
#16350=CARTESIAN_POINT('',(0.0845051083445922,0.0856084725956995,0.0312102901604958));
#16351=CARTESIAN_POINT('',(0.08451,0.0856,0.0312146295508911));
#16352=CARTESIAN_POINT('',(0.110714530281011,0.0402124221648122,0.0428376566791386));
#16353=CARTESIAN_POINT('',(0.0845002166891843,0.0221,0.0312102901604958));
#16354=CARTESIAN_POINT('',(0.0845002166891843,0.0856,0.0312102901604958));
#16355=CARTESIAN_POINT('',(0.10846317163273,0.071770629909898,0.0418390658872501));
#16356=CARTESIAN_POINT('',(0.0845002166891843,0.0856,0.0304940478615463));
#16357=CARTESIAN_POINT('',(0.0843483597288637,0.0856,0.0311787817559433));
#16358=CARTESIAN_POINT('',(0.139497721484904,0.1173584725957,0.0312102901604958));
#16359=CARTESIAN_POINT('',(0.0295124952042803,0.1173415274043,0.0312102901604958));
#16360=CARTESIAN_POINT('',(0.0605415244305939,0.0717617941779384,0.0205834051489096));
#16361=CARTESIAN_POINT('',(0.0845051083445922,0.0855915274043005,0.0312102901604958));
#16362=CARTESIAN_POINT('',(0.0845051083445922,0.0855915274043005,0.0304940478615463));
#16363=CARTESIAN_POINT('',(0.0845814954520029,0.0857238337553791,0.0311829177220865));
#16364=CARTESIAN_POINT('',(0.139497721484904,0.1173584725957,0.0312102901604958));
#16365=CARTESIAN_POINT('',(0.0845002166891843,0.0221,0.0312102901604958));
#16366=CARTESIAN_POINT('',(0.0844849516136945,0.0221,0.0292012050719932));
#16367=CARTESIAN_POINT('',(0.0576153796470098,0.0390171510983448,0.0211178119804464));
#16368=CARTESIAN_POINT('',(0.08451,0.0856,0.0292087405829074));
#16369=CARTESIAN_POINT('',(0.110239369445184,0.070745141624744,0.0369491172245944));
#16370=CARTESIAN_POINT('',(0.139490088947159,0.117371692538864,0.0292012050719932));
#16371=CARTESIAN_POINT('',(0.0844974758068472,0.0856216925388644,0.0292012050719932));
#16372=CARTESIAN_POINT('',(0.0295048626665354,0.117328307461136,0.0292012050719932));
#16373=CARTESIAN_POINT('',(0.0576287351446649,0.132159716501156,0.037295651341779));
#16374=CARTESIAN_POINT('',(0.0846894903093134,0.0856,0.029235739351777));
#16375=CARTESIAN_POINT('',(0.0844849516136945,0.0221,0.0292012050719932));
#16376=CARTESIAN_POINT('',(0.0844849516136945,0.0856,0.0292012050719932));
#16377=CARTESIAN_POINT('',(0.0587422618977631,0.0707229894702657,0.0214568211843153));
#16378=CARTESIAN_POINT('',(0.0295048626665354,0.117328307461136,0.0292012050719932));
#16379=CARTESIAN_POINT('',(0.0844974758068472,0.0855783074611356,0.0292012050719932));
#16380=CARTESIAN_POINT('',(0.0845051083445922,0.0856084725956995,0.0304940478615463));
#16381=CARTESIAN_POINT('',(0.0845002166891843,0.0856,0.0304940478615463));
#16382=CARTESIAN_POINT('',(0.0845051083445922,0.0855915274043005,0.0304940478615463));
#16383=CARTESIAN_POINT('',(0.,0.,0.));
#16384=CARTESIAN_POINT('',(-2.89321881344904E-05,-0.0380316906375308,-0.0348));
#16385=CARTESIAN_POINT('',(-2.89321881344904E-05,-0.0380316906375308,-0.0348));
#16386=CARTESIAN_POINT('',(-0.00802893218813449,-0.0380316906375308,-0.0348));
#16387=CARTESIAN_POINT('',(0.00797106781186552,-0.0380316906375308,-0.0348));
#16388=CARTESIAN_POINT('',(0.00797106781186552,-0.0380316906375308,-0.0348));
#16389=CARTESIAN_POINT('',(0.00797106781186552,-0.0380316906375308,0.0012));
#16390=CARTESIAN_POINT('',(-2.89321881344904E-05,-0.0380316906375308,0.0012));
#16391=CARTESIAN_POINT('',(-0.00802893218813449,-0.0380316906375308,0.0012));
#16392=CARTESIAN_POINT('',(-0.00802893218813449,-0.0380316906375308,-0.0348));
#16393=CARTESIAN_POINT('',(-0.0180289321881345,-3.16906375307365E-05,-0.0348));
#16394=CARTESIAN_POINT('',(-0.0180289321881345,-3.16906375307365E-05,-0.0348));
#16395=CARTESIAN_POINT('',(-0.0180289321881345,-0.0280316906375307,-0.0348));
#16396=CARTESIAN_POINT('',(-0.0180289321881345,0.0279683093624692,-0.0348));
#16397=CARTESIAN_POINT('',(-0.0180289321881345,-0.0280316906375307,0.0012));
#16398=CARTESIAN_POINT('',(-0.0180289321881345,-0.0280316906375307,0.0012));
#16399=CARTESIAN_POINT('',(-0.0180289321881345,-3.16906375307365E-05,0.0012));
#16400=CARTESIAN_POINT('',(-0.0180289321881345,0.0279683093624692,0.0012));
#16401=CARTESIAN_POINT('',(-0.0180289321881345,0.0279683093624692,-0.0348));
#16402=CARTESIAN_POINT('',(-2.89321881344869E-05,0.0379683093624693,-0.0348));
#16403=CARTESIAN_POINT('',(-2.89321881344869E-05,0.0379683093624693,-0.0088));
#16404=CARTESIAN_POINT('',(-0.00802893218813449,0.0379683093624693,-0.0088));
#16405=CARTESIAN_POINT('',(0.00797106781186552,0.0379683093624693,-0.0088));
#16406=CARTESIAN_POINT('',(0.00797106781186552,0.0379683093624693,-0.0348));
#16407=CARTESIAN_POINT('',(0.00797106781186552,0.0379683093624693,-0.0348));
#16408=CARTESIAN_POINT('',(-2.89321881344869E-05,0.0379683093624693,-0.0348));
#16409=CARTESIAN_POINT('',(-0.00802893218813449,0.0379683093624693,-0.0348));
#16410=CARTESIAN_POINT('',(-0.00802893218813449,0.0379683093624693,-0.0348));
#16411=CARTESIAN_POINT('',(0.0179710678118655,-3.16906375307417E-05,-0.0348));
#16412=CARTESIAN_POINT('',(0.0179710678118655,-3.16906375307417E-05,0.0012));
#16413=CARTESIAN_POINT('',(0.0179710678118655,-0.0280316906375307,0.0012));
#16414=CARTESIAN_POINT('',(0.0179710678118655,0.0279683093624692,0.0012));
#16415=CARTESIAN_POINT('',(0.0179710678118655,-0.0280316906375307,-0.0348));
#16416=CARTESIAN_POINT('',(0.0179710678118655,-0.0280316906375307,-0.0348));
#16417=CARTESIAN_POINT('',(0.0179710678118655,-3.16906375307417E-05,-0.0348));
#16418=CARTESIAN_POINT('',(0.0179710678118655,0.0279683093624692,-0.0348));
#16419=CARTESIAN_POINT('',(0.0179710678118655,0.0279683093624692,0.0012));
#16420=CARTESIAN_POINT('',(-2.89321881344904E-05,-3.16906375307365E-05,-0.0348));
#16421=CARTESIAN_POINT('',(0.00797106781186552,-0.0280316906375307,-0.0348));
#16422=CARTESIAN_POINT('',(-0.00802893218813449,-0.0280316906375307,-0.0348));
#16423=CARTESIAN_POINT('',(-0.00802893218813449,0.0279683093624692,-0.0348));
#16424=CARTESIAN_POINT('',(0.00797106781186552,0.0279683093624692,-0.0348));
#16425=CARTESIAN_POINT('',(-2.89321881344904E-05,-3.16906375307365E-05,0.0012));
#16426=CARTESIAN_POINT('',(0.00797106781186552,-0.0280316906375307,0.0012));
#16427=CARTESIAN_POINT('',(-2.89321881344904E-05,0.0279683093624692,0.0012));
#16428=CARTESIAN_POINT('',(-0.00802893218813449,-0.0280316906375307,0.0012));
#16429=CARTESIAN_POINT('',(0.00797106781186552,-0.0280316906375307,-0.0348));
#16430=CARTESIAN_POINT('',(-0.00802893218813449,-0.0280316906375307,-0.0348));
#16431=CARTESIAN_POINT('',(-0.00802893218813449,0.0279683093624692,-0.0348));
#16432=CARTESIAN_POINT('',(-0.00802893218813449,0.0279683093624692,-0.0088));
#16433=CARTESIAN_POINT('',(-2.89321881344869E-05,0.0279683093624692,-0.0088));
#16434=CARTESIAN_POINT('',(0.00797106781186552,0.0279683093624692,-0.0088));
#16435=CARTESIAN_POINT('',(0.00797106781186552,0.0279683093624692,-0.0348));
#16436=CARTESIAN_POINT('',(0.,0.,0.));
#16437=CARTESIAN_POINT('',(0.,-0.0155883887181492,0.0214));
#16438=CARTESIAN_POINT('',(0.01525,-0.01525,0.0214));
#16439=CARTESIAN_POINT('',(0.01125,-0.01525,0.0214));
#16440=CARTESIAN_POINT('',(0.01525,0.01525,0.0214));
#16441=CARTESIAN_POINT('',(0.01125,0.01525,0.0214));
#16442=CARTESIAN_POINT('',(-0.01525,-0.01525,0.0214));
#16443=CARTESIAN_POINT('',(-0.01125,-0.01525,0.0214));
#16444=CARTESIAN_POINT('',(-0.0193326688036323,-0.0197430611774326,0.0214));
#16445=CARTESIAN_POINT('',(-0.0166653376072645,-0.0225,0.0214));
#16446=CARTESIAN_POINT('',(-0.022,-0.0169861223548651,0.0214));
#16447=CARTESIAN_POINT('',(-0.0166653376072645,-0.0225,0.0214));
#16448=CARTESIAN_POINT('',(-0.0140012517687865,-0.0235699872189242,0.0214));
#16449=CARTESIAN_POINT('',(-0.0113371659303085,-0.0246399744378485,0.0214));
#16450=CARTESIAN_POINT('',(-0.00999999999999029,-0.0275000000000208,0.0214));
#16451=CARTESIAN_POINT('',(-0.01,-0.0275,0.0214));
#16452=CARTESIAN_POINT('',(-0.00905822554603219,-0.0275,0.0214));
#16453=CARTESIAN_POINT('',(-0.00811645109206438,-0.0275,0.0214));
#16454=CARTESIAN_POINT('',(-0.00607656058855355,-0.0275,0.0214));
#16455=CARTESIAN_POINT('',(-0.00403667008504272,-0.0275,0.0214));
#16456=CARTESIAN_POINT('',(-0.00297594093717635,-0.0275,0.0214));
#16457=CARTESIAN_POINT('',(-0.00191521178930998,-0.0275,0.0214));
#16458=CARTESIAN_POINT('',(-0.00191521178930998,-0.0275,0.0214));
#16459=CARTESIAN_POINT('',(-0.00126665050288662,-0.0250241733735252,0.0214));
#16460=CARTESIAN_POINT('',(-0.000178760399152642,-0.0199986396043287,0.0214));
#16461=CARTESIAN_POINT('',(0.00170266368166987,-0.0249755050360505,0.0214));
#16462=CARTESIAN_POINT('',(0.00262136827223003,-0.0275,0.0214));
#16463=CARTESIAN_POINT('',(0.00262136827223003,-0.0275,0.0214));
#16464=CARTESIAN_POINT('',(0.00332901917863637,-0.0275,0.0214));
#16465=CARTESIAN_POINT('',(0.00403667008504272,-0.0275,0.0214));
#16466=CARTESIAN_POINT('',(0.00607656058855355,-0.0275,0.0214));
#16467=CARTESIAN_POINT('',(0.00811645109206438,-0.0275,0.0214));
#16468=CARTESIAN_POINT('',(0.00905822554603219,-0.0275,0.0214));
#16469=CARTESIAN_POINT('',(0.01,-0.0275,0.0214));
#16470=CARTESIAN_POINT('',(0.0166653376072645,-0.0225,0.0214));
#16471=CARTESIAN_POINT('',(0.0140012517687865,-0.0235699872189242,0.0214));
#16472=CARTESIAN_POINT('',(0.0113371659303085,-0.0246399744378485,0.0214));
#16473=CARTESIAN_POINT('',(0.00999999999999028,-0.0275000000000208,0.0214));
#16474=CARTESIAN_POINT('',(0.0166653376072645,-0.0225,0.0214));
#16475=CARTESIAN_POINT('',(0.0193326688036323,-0.0197430611774326,0.0214));
#16476=CARTESIAN_POINT('',(0.022,-0.0169861223548651,0.0214));
#16477=CARTESIAN_POINT('',(0.022,0.,0.0214));
#16478=CARTESIAN_POINT('',(0.022,0.0169861223548651,0.0214));
#16479=CARTESIAN_POINT('',(0.0193326688036323,0.0197430611774326,0.0214));
#16480=CARTESIAN_POINT('',(0.0166653376072645,0.0225,0.0214));
#16481=CARTESIAN_POINT('',(0.000455073080956939,0.0225,0.0214));
#16482=CARTESIAN_POINT('',(-0.0166653376072645,0.0225,0.0214));
#16483=CARTESIAN_POINT('',(-0.0193326688036323,0.0197430611774326,0.0214));
#16484=CARTESIAN_POINT('',(-0.022,0.0169861223548651,0.0214));
#16485=CARTESIAN_POINT('',(-0.022,0.,0.0214));
#16486=CARTESIAN_POINT('',(-0.01525,0.01525,0.0214));
#16487=CARTESIAN_POINT('',(-0.01125,0.01525,0.0214));
#16488=CARTESIAN_POINT('',(0.,-0.0155883887181492,0.0214));
#16489=CARTESIAN_POINT('',(-0.01525,0.01525,0.0214));
#16490=CARTESIAN_POINT('',(-0.01175,0.01525,0.0214));
#16491=CARTESIAN_POINT('',(-0.01525,0.01525,0.0214));
#16492=CARTESIAN_POINT('',(-0.01325,0.01525,0.0214));
#16493=CARTESIAN_POINT('',(0.,-0.0155883887181492,0.0214));
#16494=CARTESIAN_POINT('',(0.01525,0.01525,0.0214));
#16495=CARTESIAN_POINT('',(0.01725,0.01525,0.0214));
#16496=CARTESIAN_POINT('',(0.01525,0.01525,0.0214));
#16497=CARTESIAN_POINT('',(0.01175,0.01525,0.0214));
#16498=CARTESIAN_POINT('',(0.,-0.0155883887181492,0.0214));
#16499=CARTESIAN_POINT('',(-0.01525,-0.01525,0.0214));
#16500=CARTESIAN_POINT('',(-0.01325,-0.01525,0.0214));
#16501=CARTESIAN_POINT('',(-0.01525,-0.01525,0.0214));
#16502=CARTESIAN_POINT('',(-0.01175,-0.01525,0.0214));
#16503=CARTESIAN_POINT('',(-0.0193326688036323,-0.0197430611774326,0.0214));
#16504=CARTESIAN_POINT('',(-0.0193326688036323,-0.0197430611774326,0.0194));
#16505=CARTESIAN_POINT('',(-0.0166653376072645,-0.0225,0.0194));
#16506=CARTESIAN_POINT('',(-0.022,-0.0169861223548651,0.0194));
#16507=CARTESIAN_POINT('',(-0.0166653376072645,-0.0225,0.0214));
#16508=CARTESIAN_POINT('',(-0.022,-0.0169861223548651,0.0214));
#16509=CARTESIAN_POINT('',(-0.0166653376072645,-0.0225,0.0214));
#16510=CARTESIAN_POINT('',(-0.0166653376072645,-0.0225,0.0194));
#16511=CARTESIAN_POINT('',(-0.0140012517687865,-0.0235699872189242,0.0214));
#16512=CARTESIAN_POINT('',(-0.0140012517687865,-0.0235699872189242,0.0194));
#16513=CARTESIAN_POINT('',(-0.0113371659303085,-0.0246399744378485,0.0214));
#16514=CARTESIAN_POINT('',(-0.0113371659303085,-0.0246399744378485,0.0194));
#16515=CARTESIAN_POINT('',(-0.00999999999999029,-0.0275000000000208,0.0214));
#16516=CARTESIAN_POINT('',(-0.00999999999999029,-0.0275000000000208,0.0194));
#16517=CARTESIAN_POINT('',(-0.0166653376072645,-0.0225,0.0194));
#16518=CARTESIAN_POINT('',(-0.0140012517687865,-0.0235699872189242,0.0194));
#16519=CARTESIAN_POINT('',(-0.0113371659303085,-0.0246399744378485,0.0194));
#16520=CARTESIAN_POINT('',(-0.00999999999999029,-0.0275000000000208,0.0194));
#16521=CARTESIAN_POINT('',(-0.01,-0.0275,0.0194));
#16522=CARTESIAN_POINT('',(-0.01,-0.0275,0.0214));
#16523=CARTESIAN_POINT('',(-0.00905822554603219,-0.0275,0.0214));
#16524=CARTESIAN_POINT('',(-0.00905822554603219,-0.0275,0.0194));
#16525=CARTESIAN_POINT('',(-0.00811645109206438,-0.0275,0.0194));
#16526=CARTESIAN_POINT('',(-0.00811645109206438,-0.0275,0.0214));
#16527=CARTESIAN_POINT('',(-0.00607656058855355,-0.0275,0.0214));
#16528=CARTESIAN_POINT('',(-0.00607656058855355,-0.0275,0.0194));
#16529=CARTESIAN_POINT('',(-0.00403667008504272,-0.0275,0.0194));
#16530=CARTESIAN_POINT('',(-0.00403667008504272,-0.0275,0.0214));
#16531=CARTESIAN_POINT('',(-0.00297594093717635,-0.0275,0.0214));
#16532=CARTESIAN_POINT('',(-0.00297594093717635,-0.0275,0.0194));
#16533=CARTESIAN_POINT('',(-0.00191521178930998,-0.0275,0.0194));
#16534=CARTESIAN_POINT('',(-0.00191521178930998,-0.0275,0.0214));
#16535=CARTESIAN_POINT('',(-0.00191521178930998,-0.0275,0.0214));
#16536=CARTESIAN_POINT('',(-0.00191521178930998,-0.0275,0.0194));
#16537=CARTESIAN_POINT('',(-0.00125794787939249,-0.0249909518608972,0.0214));
#16538=CARTESIAN_POINT('',(-0.00125794787939249,-0.0249909518608972,0.0194));
#16539=CARTESIAN_POINT('',(-0.000169387998449528,-0.0199992988852205,0.0214));
#16540=CARTESIAN_POINT('',(-0.000169387998449528,-0.0199992988852205,0.0194));
#16541=CARTESIAN_POINT('',(0.00171466899988461,-0.0250084942751217,0.0214));
#16542=CARTESIAN_POINT('',(0.00171466899988461,-0.0250084942751217,0.0194));
#16543=CARTESIAN_POINT('',(0.00262136827223003,-0.0275,0.0214));
#16544=CARTESIAN_POINT('',(0.00262136827223003,-0.0275,0.0194));
#16545=CARTESIAN_POINT('',(-0.00191521178930998,-0.0275,0.0194));
#16546=CARTESIAN_POINT('',(-0.00126665050288662,-0.0250241733735252,0.0194));
#16547=CARTESIAN_POINT('',(-0.000178760399152642,-0.0199986396043287,0.0194));
#16548=CARTESIAN_POINT('',(0.00170266368166987,-0.0249755050360505,0.0194));
#16549=CARTESIAN_POINT('',(0.00262136827223003,-0.0275,0.0194));
#16550=CARTESIAN_POINT('',(0.00262136827223003,-0.0275,0.0194));
#16551=CARTESIAN_POINT('',(0.00262136827223003,-0.0275,0.0214));
#16552=CARTESIAN_POINT('',(0.00332901917863637,-0.0275,0.0214));
#16553=CARTESIAN_POINT('',(0.00332901917863637,-0.0275,0.0194));
#16554=CARTESIAN_POINT('',(0.00403667008504272,-0.0275,0.0194));
#16555=CARTESIAN_POINT('',(0.00403667008504272,-0.0275,0.0214));
#16556=CARTESIAN_POINT('',(0.00607656058855355,-0.0275,0.0214));
#16557=CARTESIAN_POINT('',(0.00607656058855355,-0.0275,0.0194));
#16558=CARTESIAN_POINT('',(0.00811645109206438,-0.0275,0.0194));
#16559=CARTESIAN_POINT('',(0.00811645109206438,-0.0275,0.0214));
#16560=CARTESIAN_POINT('',(0.00905822554603219,-0.0275,0.0214));
#16561=CARTESIAN_POINT('',(0.00905822554603219,-0.0275,0.0194));
#16562=CARTESIAN_POINT('',(0.01,-0.0275,0.0194));
#16563=CARTESIAN_POINT('',(0.01,-0.0275,0.0214));
#16564=CARTESIAN_POINT('',(0.0166653376072645,-0.0225,0.0214));
#16565=CARTESIAN_POINT('',(0.0166653376072645,-0.0225,0.0194));
#16566=CARTESIAN_POINT('',(0.0140012517687865,-0.0235699872189242,0.0214));
#16567=CARTESIAN_POINT('',(0.0140012517687865,-0.0235699872189242,0.0194));
#16568=CARTESIAN_POINT('',(0.0113371659303085,-0.0246399744378485,0.0214));
#16569=CARTESIAN_POINT('',(0.0113371659303085,-0.0246399744378485,0.0194));
#16570=CARTESIAN_POINT('',(0.00999999999999028,-0.0275000000000208,0.0214));
#16571=CARTESIAN_POINT('',(0.00999999999999028,-0.0275000000000208,0.0194));
#16572=CARTESIAN_POINT('',(0.0166653376072645,-0.0225,0.0194));
#16573=CARTESIAN_POINT('',(0.0140012517687865,-0.0235699872189242,0.0194));
#16574=CARTESIAN_POINT('',(0.0113371659303085,-0.0246399744378485,0.0194));
#16575=CARTESIAN_POINT('',(0.00999999999999028,-0.0275000000000208,0.0194));
#16576=CARTESIAN_POINT('',(0.0166653376072645,-0.0225,0.0194));
#16577=CARTESIAN_POINT('',(0.0166653376072645,-0.0225,0.0214));
#16578=CARTESIAN_POINT('',(0.0193326688036323,-0.0197430611774326,0.0214));
#16579=CARTESIAN_POINT('',(0.0193326688036323,-0.0197430611774326,0.0194));
#16580=CARTESIAN_POINT('',(0.022,-0.0169861223548651,0.0194));
#16581=CARTESIAN_POINT('',(0.022,-0.0169861223548651,0.0214));
#16582=CARTESIAN_POINT('',(0.022,0.,0.0214));
#16583=CARTESIAN_POINT('',(0.022,0.,0.0194));
#16584=CARTESIAN_POINT('',(0.022,0.0169861223548651,0.0194));
#16585=CARTESIAN_POINT('',(0.022,0.0169861223548651,0.0214));
#16586=CARTESIAN_POINT('',(0.0193326688036323,0.0197430611774326,0.0214));
#16587=CARTESIAN_POINT('',(0.0193326688036323,0.0197430611774326,0.0194));
#16588=CARTESIAN_POINT('',(0.0166653376072645,0.0225,0.0194));
#16589=CARTESIAN_POINT('',(0.0166653376072645,0.0225,0.0214));
#16590=CARTESIAN_POINT('',(0.000455073080956939,0.0225,0.0214));
#16591=CARTESIAN_POINT('',(0.000455073080956939,0.0225,0.0194));
#16592=CARTESIAN_POINT('',(-0.0166653376072645,0.0225,0.0194));
#16593=CARTESIAN_POINT('',(-0.0166653376072645,0.0225,0.0214));
#16594=CARTESIAN_POINT('',(-0.0193326688036323,0.0197430611774326,0.0214));
#16595=CARTESIAN_POINT('',(-0.0193326688036323,0.0197430611774326,0.0194));
#16596=CARTESIAN_POINT('',(-0.022,0.0169861223548651,0.0194));
#16597=CARTESIAN_POINT('',(-0.022,0.0169861223548651,0.0214));
#16598=CARTESIAN_POINT('',(0.01525,-0.01525,0.0214));
#16599=CARTESIAN_POINT('',(0.01525,-0.01525,0.0214));
#16600=CARTESIAN_POINT('',(0.01725,-0.01525,0.0214));
#16601=CARTESIAN_POINT('',(0.01525,-0.01525,0.0194));
#16602=CARTESIAN_POINT('',(0.01725,-0.01525,0.0194));
#16603=CARTESIAN_POINT('',(-0.01525,-0.01525,0.0214));
#16604=CARTESIAN_POINT('',(-0.01525,-0.01525,0.0194));
#16605=CARTESIAN_POINT('',(-0.01325,-0.01525,0.0194));
#16606=CARTESIAN_POINT('',(-0.01525,0.01525,0.0214));
#16607=CARTESIAN_POINT('',(-0.01525,0.01525,0.0194));
#16608=CARTESIAN_POINT('',(-0.01325,0.01525,0.0194));
#16609=CARTESIAN_POINT('',(-0.022,0.,0.0214));
#16610=CARTESIAN_POINT('',(-0.022,0.,0.0194));
#16611=CARTESIAN_POINT('',(0.01525,0.01525,0.0214));
#16612=CARTESIAN_POINT('',(0.01525,0.01525,0.0194));
#16613=CARTESIAN_POINT('',(0.01725,0.01525,0.0194));
#16614=CARTESIAN_POINT('',(0.,-0.0155883887181492,0.0214));
#16615=CARTESIAN_POINT('',(0.01525,-0.01525,0.0214));
#16616=CARTESIAN_POINT('',(0.01175,-0.01525,0.0214));
#16617=CARTESIAN_POINT('',(0.,-0.0155883887181492,0.0194));
#16618=CARTESIAN_POINT('',(-0.01525,-0.01525,0.0344));
#16619=CARTESIAN_POINT('',(-0.01525,-0.01525,0.0344));
#16620=CARTESIAN_POINT('',(-0.01175,-0.01525,0.0344));
#16621=CARTESIAN_POINT('',(-0.01525,-0.01525,0.0344));
#16622=CARTESIAN_POINT('',(-0.01525,-0.01525,0.0344));
#16623=CARTESIAN_POINT('',(-0.01125,-0.01525,0.0344));
#16624=CARTESIAN_POINT('',(0.01525,0.01525,0.0344));
#16625=CARTESIAN_POINT('',(0.01525,0.01525,0.0344));
#16626=CARTESIAN_POINT('',(0.01175,0.01525,0.0344));
#16627=CARTESIAN_POINT('',(0.01525,0.01525,0.0344));
#16628=CARTESIAN_POINT('',(0.01525,0.01525,0.0344));
#16629=CARTESIAN_POINT('',(0.01125,0.01525,0.0344));
#16630=CARTESIAN_POINT('',(0.01525,-0.01525,0.0344));
#16631=CARTESIAN_POINT('',(0.01525,-0.01525,0.0344));
#16632=CARTESIAN_POINT('',(0.01175,-0.01525,0.0344));
#16633=CARTESIAN_POINT('',(0.01525,-0.01525,0.0344));
#16634=CARTESIAN_POINT('',(0.01525,-0.01525,0.0344));
#16635=CARTESIAN_POINT('',(0.01125,-0.01525,0.0344));
#16636=CARTESIAN_POINT('',(-0.01525,0.01525,0.0344));
#16637=CARTESIAN_POINT('',(-0.01525,0.01525,0.0344));
#16638=CARTESIAN_POINT('',(-0.01175,0.01525,0.0344));
#16639=CARTESIAN_POINT('',(-0.01525,0.01525,0.0344));
#16640=CARTESIAN_POINT('',(-0.01525,0.01525,0.0344));
#16641=CARTESIAN_POINT('',(-0.01125,0.01525,0.0344));
#16642=CARTESIAN_POINT('',(0.,0.,0.0344));
#16643=CARTESIAN_POINT('',(0.0178879963085056,-0.0185447826012969,0.0344));
#16644=CARTESIAN_POINT('',(0.0162759926170111,-0.0205,0.0344));
#16645=CARTESIAN_POINT('',(0.0195,-0.0165895652025938,0.0344));
#16646=CARTESIAN_POINT('',(-3.46944695195361E-18,-0.0205,0.0344));
#16647=CARTESIAN_POINT('',(-0.0162759926170111,-0.0205,0.0344));
#16648=CARTESIAN_POINT('',(-0.0178879963085056,-0.0185447826012969,0.0344));
#16649=CARTESIAN_POINT('',(-0.0195,-0.0165895652025938,0.0344));
#16650=CARTESIAN_POINT('',(-0.0195,-3.46944695195361E-18,0.0344));
#16651=CARTESIAN_POINT('',(-0.0195,0.0165895652025938,0.0344));
#16652=CARTESIAN_POINT('',(-0.0178879963085056,0.0185447826012969,0.0344));
#16653=CARTESIAN_POINT('',(-0.0162759926170111,0.0205,0.0344));
#16654=CARTESIAN_POINT('',(3.46944695195361E-18,0.0205,0.0344));
#16655=CARTESIAN_POINT('',(0.0162759926170111,0.0205,0.0344));
#16656=CARTESIAN_POINT('',(0.0178879963085056,0.0185447826012969,0.0344));
#16657=CARTESIAN_POINT('',(0.0195,0.0165895652025938,0.0344));
#16658=CARTESIAN_POINT('',(0.0195,1.7347234759768E-18,0.0344));
#16659=CARTESIAN_POINT('',(0.,0.,0.0344));
#16660=CARTESIAN_POINT('',(-0.01525,-0.01525,0.0344));
#16661=CARTESIAN_POINT('',(-0.01325,-0.01525,0.0344));
#16662=CARTESIAN_POINT('',(0.,0.,0.0344));
#16663=CARTESIAN_POINT('',(0.01525,-0.01525,0.0344));
#16664=CARTESIAN_POINT('',(0.01725,-0.01525,0.0344));
#16665=CARTESIAN_POINT('',(0.,0.,0.0344));
#16666=CARTESIAN_POINT('',(-0.01525,0.01525,0.0344));
#16667=CARTESIAN_POINT('',(-0.01325,0.01525,0.0344));
#16668=CARTESIAN_POINT('',(0.0178879963085056,-0.0185447826012969,0.0364));
#16669=CARTESIAN_POINT('',(0.0195,-0.0165895652025938,0.0364));
#16670=CARTESIAN_POINT('',(0.0195,-0.0165895652025938,0.0364));
#16671=CARTESIAN_POINT('',(0.0178879963085056,-0.0185447826012969,0.0364));
#16672=CARTESIAN_POINT('',(0.0162759926170111,-0.0205,0.0364));
#16673=CARTESIAN_POINT('',(0.0162759926170111,-0.0205,0.0364));
#16674=CARTESIAN_POINT('',(0.0195,1.7347234759768E-18,0.0364));
#16675=CARTESIAN_POINT('',(0.0195,0.0165895652025938,0.0364));
#16676=CARTESIAN_POINT('',(0.0195,0.0165895652025938,0.0364));
#16677=CARTESIAN_POINT('',(0.0195,1.7347234759768E-18,0.0364));
#16678=CARTESIAN_POINT('',(0.0178879963085056,0.0185447826012969,0.0364));
#16679=CARTESIAN_POINT('',(0.0162759926170111,0.0205,0.0364));
#16680=CARTESIAN_POINT('',(0.0162759926170111,0.0205,0.0364));
#16681=CARTESIAN_POINT('',(0.0178879963085056,0.0185447826012969,0.0364));
#16682=CARTESIAN_POINT('',(3.46944695195361E-18,0.0205,0.0364));
#16683=CARTESIAN_POINT('',(-0.0162759926170111,0.0205,0.0364));
#16684=CARTESIAN_POINT('',(-0.0162759926170111,0.0205,0.0364));
#16685=CARTESIAN_POINT('',(3.46944695195361E-18,0.0205,0.0364));
#16686=CARTESIAN_POINT('',(-0.0178879963085056,0.0185447826012969,0.0364));
#16687=CARTESIAN_POINT('',(-0.0195,0.0165895652025938,0.0364));
#16688=CARTESIAN_POINT('',(-0.0195,0.0165895652025938,0.0364));
#16689=CARTESIAN_POINT('',(-0.0178879963085056,0.0185447826012969,0.0364));
#16690=CARTESIAN_POINT('',(-0.0195,-3.46944695195361E-18,0.0364));
#16691=CARTESIAN_POINT('',(-0.0195,-0.0165895652025938,0.0364));
#16692=CARTESIAN_POINT('',(-0.0195,-0.0165895652025938,0.0364));
#16693=CARTESIAN_POINT('',(-0.0195,-3.46944695195361E-18,0.0364));
#16694=CARTESIAN_POINT('',(-0.0178879963085056,-0.0185447826012969,0.0364));
#16695=CARTESIAN_POINT('',(-0.0162759926170111,-0.0205,0.0364));
#16696=CARTESIAN_POINT('',(-0.0162759926170111,-0.0205,0.0364));
#16697=CARTESIAN_POINT('',(-0.0178879963085056,-0.0185447826012969,0.0364));
#16698=CARTESIAN_POINT('',(-0.01525,-0.01525,0.0364));
#16699=CARTESIAN_POINT('',(-0.01525,-0.01525,0.0364));
#16700=CARTESIAN_POINT('',(-0.01325,-0.01525,0.0364));
#16701=CARTESIAN_POINT('',(0.01525,-0.01525,0.0364));
#16702=CARTESIAN_POINT('',(0.01525,-0.01525,0.0364));
#16703=CARTESIAN_POINT('',(0.01725,-0.01525,0.0364));
#16704=CARTESIAN_POINT('',(0.01525,0.01525,0.0364));
#16705=CARTESIAN_POINT('',(0.01525,0.01525,0.0364));
#16706=CARTESIAN_POINT('',(0.01725,0.01525,0.0364));
#16707=CARTESIAN_POINT('',(0.01525,0.01525,0.0344));
#16708=CARTESIAN_POINT('',(0.01725,0.01525,0.0344));
#16709=CARTESIAN_POINT('',(-3.46944695195361E-18,-0.0205,0.0364));
#16710=CARTESIAN_POINT('',(-3.46944695195361E-18,-0.0205,0.0364));
#16711=CARTESIAN_POINT('',(-0.01525,0.01525,0.0364));
#16712=CARTESIAN_POINT('',(-0.01525,0.01525,0.0364));
#16713=CARTESIAN_POINT('',(-0.01325,0.01525,0.0364));
#16714=CARTESIAN_POINT('',(0.,0.,0.0364));
#16715=CARTESIAN_POINT('',(0.,0.,0.0344));
#16716=MECHANICAL_DESIGN_GEOMETRIC_PRESENTATION_REPRESENTATION('',(#9589),#16732);
#16717=MECHANICAL_DESIGN_GEOMETRIC_PRESENTATION_REPRESENTATION('',(#9590),#16733);
#16718=MECHANICAL_DESIGN_GEOMETRIC_PRESENTATION_REPRESENTATION('',(#9591),#16734);
#16719=MECHANICAL_DESIGN_GEOMETRIC_PRESENTATION_REPRESENTATION('',(#9592),#16735);
#16720=MECHANICAL_DESIGN_GEOMETRIC_PRESENTATION_REPRESENTATION('',(#9593),#16736);
#16721=MECHANICAL_DESIGN_GEOMETRIC_PRESENTATION_REPRESENTATION('',(#9594),#16737);
#16722=MECHANICAL_DESIGN_GEOMETRIC_PRESENTATION_REPRESENTATION('',(#9595),#16738);
#16723=MECHANICAL_DESIGN_GEOMETRIC_PRESENTATION_REPRESENTATION('',(#9596),#16739);
#16724=MECHANICAL_DESIGN_GEOMETRIC_PRESENTATION_REPRESENTATION('',(#9597),#16740);
#16725=MECHANICAL_DESIGN_GEOMETRIC_PRESENTATION_REPRESENTATION('',(#9598),#16741);
#16726=MECHANICAL_DESIGN_GEOMETRIC_PRESENTATION_REPRESENTATION('',(#9599),#16742);
#16727=MECHANICAL_DESIGN_GEOMETRIC_PRESENTATION_REPRESENTATION('',(#9600),#16743);
#16728=MECHANICAL_DESIGN_GEOMETRIC_PRESENTATION_REPRESENTATION('',(#9601),#16744);
#16729=MECHANICAL_DESIGN_GEOMETRIC_PRESENTATION_REPRESENTATION('',(#9602),#16745);
#16730=MECHANICAL_DESIGN_GEOMETRIC_PRESENTATION_REPRESENTATION('',(#9603),#16746);
#16731=MECHANICAL_DESIGN_GEOMETRIC_PRESENTATION_REPRESENTATION('',(#9604),#16747);
#16732=(
GEOMETRIC_REPRESENTATION_CONTEXT(3)
GLOBAL_UNCERTAINTY_ASSIGNED_CONTEXT((#16748))
GLOBAL_UNIT_ASSIGNED_CONTEXT((#16796,#16780,#16764))
REPRESENTATION_CONTEXT('motor 3','TOP_LEVEL_ASSEMBLY_PART')
);
#16733=(
GEOMETRIC_REPRESENTATION_CONTEXT(3)
GLOBAL_UNCERTAINTY_ASSIGNED_CONTEXT((#16749))
GLOBAL_UNIT_ASSIGNED_CONTEXT((#16797,#16781,#16765))
REPRESENTATION_CONTEXT('MOTOR1','TOP_LEVEL_ASSEMBLY_PART')
);
#16734=(
GEOMETRIC_REPRESENTATION_CONTEXT(3)
GLOBAL_UNCERTAINTY_ASSIGNED_CONTEXT((#16750))
GLOBAL_UNIT_ASSIGNED_CONTEXT((#16798,#16782,#16766))
REPRESENTATION_CONTEXT('motor2','TOP_LEVEL_ASSEMBLY_PART')
);
#16735=(
GEOMETRIC_REPRESENTATION_CONTEXT(3)
GLOBAL_UNCERTAINTY_ASSIGNED_CONTEXT((#16751))
GLOBAL_UNIT_ASSIGNED_CONTEXT((#16799,#16783,#16767))
REPRESENTATION_CONTEXT('ARM CC1','TOP_LEVEL_ASSEMBLY_PART')
);
#16736=(
GEOMETRIC_REPRESENTATION_CONTEXT(3)
GLOBAL_UNCERTAINTY_ASSIGNED_CONTEXT((#16752))
GLOBAL_UNIT_ASSIGNED_CONTEXT((#16800,#16784,#16768))
REPRESENTATION_CONTEXT('motor4','TOP_LEVEL_ASSEMBLY_PART')
);
#16737=(
GEOMETRIC_REPRESENTATION_CONTEXT(3)
GLOBAL_UNCERTAINTY_ASSIGNED_CONTEXT((#16753))
GLOBAL_UNIT_ASSIGNED_CONTEXT((#16801,#16785,#16769))
REPRESENTATION_CONTEXT('PROP','TOP_LEVEL_ASSEMBLY_PART')
);
#16738=(
GEOMETRIC_REPRESENTATION_CONTEXT(3)
GLOBAL_UNCERTAINTY_ASSIGNED_CONTEXT((#16754))
GLOBAL_UNIT_ASSIGNED_CONTEXT((#16802,#16786,#16770))
REPRESENTATION_CONTEXT('RECIEVER','TOP_LEVEL_ASSEMBLY_PART')
);
#16739=(
GEOMETRIC_REPRESENTATION_CONTEXT(3)
GLOBAL_UNCERTAINTY_ASSIGNED_CONTEXT((#16755))
GLOBAL_UNIT_ASSIGNED_CONTEXT((#16803,#16787,#16771))
REPRESENTATION_CONTEXT('BASE','TOP_LEVEL_ASSEMBLY_PART')
);
#16740=(
GEOMETRIC_REPRESENTATION_CONTEXT(3)
GLOBAL_UNCERTAINTY_ASSIGNED_CONTEXT((#16756))
GLOBAL_UNIT_ASSIGNED_CONTEXT((#16804,#16788,#16772))
REPRESENTATION_CONTEXT('PROP4','TOP_LEVEL_ASSEMBLY_PART')
);
#16741=(
GEOMETRIC_REPRESENTATION_CONTEXT(3)
GLOBAL_UNCERTAINTY_ASSIGNED_CONTEXT((#16757))
GLOBAL_UNIT_ASSIGNED_CONTEXT((#16805,#16789,#16773))
REPRESENTATION_CONTEXT('ARM CC2','TOP_LEVEL_ASSEMBLY_PART')
);
#16742=(
GEOMETRIC_REPRESENTATION_CONTEXT(3)
GLOBAL_UNCERTAINTY_ASSIGNED_CONTEXT((#16758))
GLOBAL_UNIT_ASSIGNED_CONTEXT((#16806,#16790,#16774))
REPRESENTATION_CONTEXT('ARM C1','TOP_LEVEL_ASSEMBLY_PART')
);
#16743=(
GEOMETRIC_REPRESENTATION_CONTEXT(3)
GLOBAL_UNCERTAINTY_ASSIGNED_CONTEXT((#16759))
GLOBAL_UNIT_ASSIGNED_CONTEXT((#16807,#16791,#16775))
REPRESENTATION_CONTEXT('PROP2','TOP_LEVEL_ASSEMBLY_PART')
);
#16744=(
GEOMETRIC_REPRESENTATION_CONTEXT(3)
GLOBAL_UNCERTAINTY_ASSIGNED_CONTEXT((#16760))
GLOBAL_UNIT_ASSIGNED_CONTEXT((#16808,#16792,#16776))
REPRESENTATION_CONTEXT('ARM C2','TOP_LEVEL_ASSEMBLY_PART')
);
#16745=(
GEOMETRIC_REPRESENTATION_CONTEXT(3)
GLOBAL_UNCERTAINTY_ASSIGNED_CONTEXT((#16761))
GLOBAL_UNIT_ASSIGNED_CONTEXT((#16809,#16793,#16777))
REPRESENTATION_CONTEXT('PROP3','TOP_LEVEL_ASSEMBLY_PART')
);
#16746=(
GEOMETRIC_REPRESENTATION_CONTEXT(3)
GLOBAL_UNCERTAINTY_ASSIGNED_CONTEXT((#16762))
GLOBAL_UNIT_ASSIGNED_CONTEXT((#16810,#16794,#16778))
REPRESENTATION_CONTEXT('BATTERY','TOP_LEVEL_ASSEMBLY_PART')
);
#16747=(
GEOMETRIC_REPRESENTATION_CONTEXT(3)
GLOBAL_UNCERTAINTY_ASSIGNED_CONTEXT((#16763))
GLOBAL_UNIT_ASSIGNED_CONTEXT((#16811,#16795,#16779))
REPRESENTATION_CONTEXT('ESC','TOP_LEVEL_ASSEMBLY_PART')
);
#16748=UNCERTAINTY_MEASURE_WITH_UNIT(LENGTH_MEASURE(1.E-08),#16796,'DISTANCE_ACCURACY_VALUE','Maximum Tolerance applied to model');
#16749=UNCERTAINTY_MEASURE_WITH_UNIT(LENGTH_MEASURE(1.E-08),#16797,'DISTANCE_ACCURACY_VALUE','Maximum Tolerance applied to model');
#16750=UNCERTAINTY_MEASURE_WITH_UNIT(LENGTH_MEASURE(1.E-08),#16798,'DISTANCE_ACCURACY_VALUE','Maximum Tolerance applied to model');
#16751=UNCERTAINTY_MEASURE_WITH_UNIT(LENGTH_MEASURE(2.E-05),#16799,'DISTANCE_ACCURACY_VALUE','Maximum Tolerance applied to model');
#16752=UNCERTAINTY_MEASURE_WITH_UNIT(LENGTH_MEASURE(1.E-08),#16800,'DISTANCE_ACCURACY_VALUE','Maximum Tolerance applied to model');
#16753=UNCERTAINTY_MEASURE_WITH_UNIT(LENGTH_MEASURE(2.E-05),#16801,'DISTANCE_ACCURACY_VALUE','Maximum Tolerance applied to model');
#16754=UNCERTAINTY_MEASURE_WITH_UNIT(LENGTH_MEASURE(1.E-08),#16802,'DISTANCE_ACCURACY_VALUE','Maximum Tolerance applied to model');
#16755=UNCERTAINTY_MEASURE_WITH_UNIT(LENGTH_MEASURE(1.E-08),#16803,'DISTANCE_ACCURACY_VALUE','Maximum Tolerance applied to model');
#16756=UNCERTAINTY_MEASURE_WITH_UNIT(LENGTH_MEASURE(2.E-05),#16804,'DISTANCE_ACCURACY_VALUE','Maximum Tolerance applied to model');
#16757=UNCERTAINTY_MEASURE_WITH_UNIT(LENGTH_MEASURE(2.E-05),#16805,'DISTANCE_ACCURACY_VALUE','Maximum Tolerance applied to model');
#16758=UNCERTAINTY_MEASURE_WITH_UNIT(LENGTH_MEASURE(2.E-05),#16806,'DISTANCE_ACCURACY_VALUE','Maximum Tolerance applied to model');
#16759=UNCERTAINTY_MEASURE_WITH_UNIT(LENGTH_MEASURE(2.E-05),#16807,'DISTANCE_ACCURACY_VALUE','Maximum Tolerance applied to model');
#16760=UNCERTAINTY_MEASURE_WITH_UNIT(LENGTH_MEASURE(2.E-05),#16808,'DISTANCE_ACCURACY_VALUE','Maximum Tolerance applied to model');
#16761=UNCERTAINTY_MEASURE_WITH_UNIT(LENGTH_MEASURE(2.E-05),#16809,'DISTANCE_ACCURACY_VALUE','Maximum Tolerance applied to model');
#16762=UNCERTAINTY_MEASURE_WITH_UNIT(LENGTH_MEASURE(1.E-08),#16810,'DISTANCE_ACCURACY_VALUE','Maximum Tolerance applied to model');
#16763=UNCERTAINTY_MEASURE_WITH_UNIT(LENGTH_MEASURE(2.E-05),#16811,'DISTANCE_ACCURACY_VALUE','Maximum Tolerance applied to model');
#16764=(
NAMED_UNIT(*)
SI_UNIT($,.STERADIAN.)
SOLID_ANGLE_UNIT()
);
#16765=(
NAMED_UNIT(*)
SI_UNIT($,.STERADIAN.)
SOLID_ANGLE_UNIT()
);
#16766=(
NAMED_UNIT(*)
SI_UNIT($,.STERADIAN.)
SOLID_ANGLE_UNIT()
);
#16767=(
NAMED_UNIT(*)
SI_UNIT($,.STERADIAN.)
SOLID_ANGLE_UNIT()
);
#16768=(
NAMED_UNIT(*)
SI_UNIT($,.STERADIAN.)
SOLID_ANGLE_UNIT()
);
#16769=(
NAMED_UNIT(*)
SI_UNIT($,.STERADIAN.)
SOLID_ANGLE_UNIT()
);
#16770=(
NAMED_UNIT(*)
SI_UNIT($,.STERADIAN.)
SOLID_ANGLE_UNIT()
);
#16771=(
NAMED_UNIT(*)
SI_UNIT($,.STERADIAN.)
SOLID_ANGLE_UNIT()
);
#16772=(
NAMED_UNIT(*)
SI_UNIT($,.STERADIAN.)
SOLID_ANGLE_UNIT()
);
#16773=(
NAMED_UNIT(*)
SI_UNIT($,.STERADIAN.)
SOLID_ANGLE_UNIT()
);
#16774=(
NAMED_UNIT(*)
SI_UNIT($,.STERADIAN.)
SOLID_ANGLE_UNIT()
);
#16775=(
NAMED_UNIT(*)
SI_UNIT($,.STERADIAN.)
SOLID_ANGLE_UNIT()
);
#16776=(
NAMED_UNIT(*)
SI_UNIT($,.STERADIAN.)
SOLID_ANGLE_UNIT()
);
#16777=(
NAMED_UNIT(*)
SI_UNIT($,.STERADIAN.)
SOLID_ANGLE_UNIT()
);
#16778=(
NAMED_UNIT(*)
SI_UNIT($,.STERADIAN.)
SOLID_ANGLE_UNIT()
);
#16779=(
NAMED_UNIT(*)
SI_UNIT($,.STERADIAN.)
SOLID_ANGLE_UNIT()
);
#16780=(
NAMED_UNIT(*)
PLANE_ANGLE_UNIT()
SI_UNIT($,.RADIAN.)
);
#16781=(
NAMED_UNIT(*)
PLANE_ANGLE_UNIT()
SI_UNIT($,.RADIAN.)
);
#16782=(
NAMED_UNIT(*)
PLANE_ANGLE_UNIT()
SI_UNIT($,.RADIAN.)
);
#16783=(
NAMED_UNIT(*)
PLANE_ANGLE_UNIT()
SI_UNIT($,.RADIAN.)
);
#16784=(
NAMED_UNIT(*)
PLANE_ANGLE_UNIT()
SI_UNIT($,.RADIAN.)
);
#16785=(
NAMED_UNIT(*)
PLANE_ANGLE_UNIT()
SI_UNIT($,.RADIAN.)
);
#16786=(
NAMED_UNIT(*)
PLANE_ANGLE_UNIT()
SI_UNIT($,.RADIAN.)
);
#16787=(
NAMED_UNIT(*)
PLANE_ANGLE_UNIT()
SI_UNIT($,.RADIAN.)
);
#16788=(
NAMED_UNIT(*)
PLANE_ANGLE_UNIT()
SI_UNIT($,.RADIAN.)
);
#16789=(
NAMED_UNIT(*)
PLANE_ANGLE_UNIT()
SI_UNIT($,.RADIAN.)
);
#16790=(
NAMED_UNIT(*)
PLANE_ANGLE_UNIT()
SI_UNIT($,.RADIAN.)
);
#16791=(
NAMED_UNIT(*)
PLANE_ANGLE_UNIT()
SI_UNIT($,.RADIAN.)
);
#16792=(
NAMED_UNIT(*)
PLANE_ANGLE_UNIT()
SI_UNIT($,.RADIAN.)
);
#16793=(
NAMED_UNIT(*)
PLANE_ANGLE_UNIT()
SI_UNIT($,.RADIAN.)
);
#16794=(
NAMED_UNIT(*)
PLANE_ANGLE_UNIT()
SI_UNIT($,.RADIAN.)
);
#16795=(
NAMED_UNIT(*)
PLANE_ANGLE_UNIT()
SI_UNIT($,.RADIAN.)
);
#16796=(
LENGTH_UNIT()
NAMED_UNIT(*)
SI_UNIT($,.METRE.)
);
#16797=(
LENGTH_UNIT()
NAMED_UNIT(*)
SI_UNIT($,.METRE.)
);
#16798=(
LENGTH_UNIT()
NAMED_UNIT(*)
SI_UNIT($,.METRE.)
);
#16799=(
LENGTH_UNIT()
NAMED_UNIT(*)
SI_UNIT($,.METRE.)
);
#16800=(
LENGTH_UNIT()
NAMED_UNIT(*)
SI_UNIT($,.METRE.)
);
#16801=(
LENGTH_UNIT()
NAMED_UNIT(*)
SI_UNIT($,.METRE.)
);
#16802=(
LENGTH_UNIT()
NAMED_UNIT(*)
SI_UNIT($,.METRE.)
);
#16803=(
LENGTH_UNIT()
NAMED_UNIT(*)
SI_UNIT($,.METRE.)
);
#16804=(
LENGTH_UNIT()
NAMED_UNIT(*)
SI_UNIT($,.METRE.)
);
#16805=(
LENGTH_UNIT()
NAMED_UNIT(*)
SI_UNIT($,.METRE.)
);
#16806=(
LENGTH_UNIT()
NAMED_UNIT(*)
SI_UNIT($,.METRE.)
);
#16807=(
LENGTH_UNIT()
NAMED_UNIT(*)
SI_UNIT($,.METRE.)
);
#16808=(
LENGTH_UNIT()
NAMED_UNIT(*)
SI_UNIT($,.METRE.)
);
#16809=(
LENGTH_UNIT()
NAMED_UNIT(*)
SI_UNIT($,.METRE.)
);
#16810=(
LENGTH_UNIT()
NAMED_UNIT(*)
SI_UNIT($,.METRE.)
);
#16811=(
LENGTH_UNIT()
NAMED_UNIT(*)
SI_UNIT($,.METRE.)
);
#16812=PRODUCT_DEFINITION_SHAPE('','',#16828);
#16813=PRODUCT_DEFINITION_SHAPE('','',#16829);
#16814=PRODUCT_DEFINITION_SHAPE('','',#16830);
#16815=PRODUCT_DEFINITION_SHAPE('','',#16831);
#16816=PRODUCT_DEFINITION_SHAPE('','',#16832);
#16817=PRODUCT_DEFINITION_SHAPE('','',#16833);
#16818=PRODUCT_DEFINITION_SHAPE('','',#16834);
#16819=PRODUCT_DEFINITION_SHAPE('','',#16835);
#16820=PRODUCT_DEFINITION_SHAPE('','',#16836);
#16821=PRODUCT_DEFINITION_SHAPE('','',#16837);
#16822=PRODUCT_DEFINITION_SHAPE('','',#16838);
#16823=PRODUCT_DEFINITION_SHAPE('','',#16839);
#16824=PRODUCT_DEFINITION_SHAPE('','',#16840);
#16825=PRODUCT_DEFINITION_SHAPE('','',#16841);
#16826=PRODUCT_DEFINITION_SHAPE('','',#16842);
#16827=PRODUCT_DEFINITION_SHAPE('','',#16843);
#16828=PRODUCT_DEFINITION('','',#16860,#16844);
#16829=PRODUCT_DEFINITION('','',#16861,#16845);
#16830=PRODUCT_DEFINITION('','',#16862,#16846);
#16831=PRODUCT_DEFINITION('','',#16863,#16847);
#16832=PRODUCT_DEFINITION('','',#16864,#16848);
#16833=PRODUCT_DEFINITION('','',#16865,#16849);
#16834=PRODUCT_DEFINITION('','',#16866,#16850);
#16835=PRODUCT_DEFINITION('','',#16867,#16851);
#16836=PRODUCT_DEFINITION('','',#16868,#16852);
#16837=PRODUCT_DEFINITION('','',#16869,#16853);
#16838=PRODUCT_DEFINITION('','',#16870,#16854);
#16839=PRODUCT_DEFINITION('','',#16871,#16855);
#16840=PRODUCT_DEFINITION('','',#16872,#16856);
#16841=PRODUCT_DEFINITION('','',#16873,#16857);
#16842=PRODUCT_DEFINITION('','',#16874,#16858);
#16843=PRODUCT_DEFINITION('','',#16875,#16859);
#16844=PRODUCT_DEFINITION_CONTEXT('',#16956,'design');
#16845=PRODUCT_DEFINITION_CONTEXT('',#16957,'design');
#16846=PRODUCT_DEFINITION_CONTEXT('',#16958,'design');
#16847=PRODUCT_DEFINITION_CONTEXT('',#16959,'design');
#16848=PRODUCT_DEFINITION_CONTEXT('',#16960,'design');
#16849=PRODUCT_DEFINITION_CONTEXT('',#16961,'design');
#16850=PRODUCT_DEFINITION_CONTEXT('',#16962,'design');
#16851=PRODUCT_DEFINITION_CONTEXT('',#16963,'design');
#16852=PRODUCT_DEFINITION_CONTEXT('',#16964,'design');
#16853=PRODUCT_DEFINITION_CONTEXT('',#16965,'design');
#16854=PRODUCT_DEFINITION_CONTEXT('',#16966,'design');
#16855=PRODUCT_DEFINITION_CONTEXT('',#16967,'design');
#16856=PRODUCT_DEFINITION_CONTEXT('',#16968,'design');
#16857=PRODUCT_DEFINITION_CONTEXT('',#16969,'design');
#16858=PRODUCT_DEFINITION_CONTEXT('',#16970,'design');
#16859=PRODUCT_DEFINITION_CONTEXT('',#16971,'design');
#16860=PRODUCT_DEFINITION_FORMATION_WITH_SPECIFIED_SOURCE('','',#16892,.NOT_KNOWN.);
#16861=PRODUCT_DEFINITION_FORMATION_WITH_SPECIFIED_SOURCE('','',#16893,.NOT_KNOWN.);
#16862=PRODUCT_DEFINITION_FORMATION_WITH_SPECIFIED_SOURCE('','',#16894,.NOT_KNOWN.);
#16863=PRODUCT_DEFINITION_FORMATION_WITH_SPECIFIED_SOURCE('','',#16895,.NOT_KNOWN.);
#16864=PRODUCT_DEFINITION_FORMATION_WITH_SPECIFIED_SOURCE('','',#16896,.NOT_KNOWN.);
#16865=PRODUCT_DEFINITION_FORMATION_WITH_SPECIFIED_SOURCE('','',#16897,.NOT_KNOWN.);
#16866=PRODUCT_DEFINITION_FORMATION_WITH_SPECIFIED_SOURCE('','',#16898,.NOT_KNOWN.);
#16867=PRODUCT_DEFINITION_FORMATION_WITH_SPECIFIED_SOURCE('','',#16899,.NOT_KNOWN.);
#16868=PRODUCT_DEFINITION_FORMATION_WITH_SPECIFIED_SOURCE('','',#16900,.NOT_KNOWN.);
#16869=PRODUCT_DEFINITION_FORMATION_WITH_SPECIFIED_SOURCE('','',#16901,.NOT_KNOWN.);
#16870=PRODUCT_DEFINITION_FORMATION_WITH_SPECIFIED_SOURCE('','',#16902,.NOT_KNOWN.);
#16871=PRODUCT_DEFINITION_FORMATION_WITH_SPECIFIED_SOURCE('','',#16903,.NOT_KNOWN.);
#16872=PRODUCT_DEFINITION_FORMATION_WITH_SPECIFIED_SOURCE('','',#16904,.NOT_KNOWN.);
#16873=PRODUCT_DEFINITION_FORMATION_WITH_SPECIFIED_SOURCE('','',#16905,.NOT_KNOWN.);
#16874=PRODUCT_DEFINITION_FORMATION_WITH_SPECIFIED_SOURCE('','',#16906,.NOT_KNOWN.);
#16875=PRODUCT_DEFINITION_FORMATION_WITH_SPECIFIED_SOURCE('','',#16907,.NOT_KNOWN.);
#16876=PRODUCT_RELATED_PRODUCT_CATEGORY('','',(#16892));
#16877=PRODUCT_RELATED_PRODUCT_CATEGORY('','',(#16893));
#16878=PRODUCT_RELATED_PRODUCT_CATEGORY('','',(#16894));
#16879=PRODUCT_RELATED_PRODUCT_CATEGORY('','',(#16895));
#16880=PRODUCT_RELATED_PRODUCT_CATEGORY('','',(#16896));
#16881=PRODUCT_RELATED_PRODUCT_CATEGORY('','',(#16897));
#16882=PRODUCT_RELATED_PRODUCT_CATEGORY('','',(#16898));
#16883=PRODUCT_RELATED_PRODUCT_CATEGORY('','',(#16899));
#16884=PRODUCT_RELATED_PRODUCT_CATEGORY('','',(#16900));
#16885=PRODUCT_RELATED_PRODUCT_CATEGORY('','',(#16901));
#16886=PRODUCT_RELATED_PRODUCT_CATEGORY('','',(#16902));
#16887=PRODUCT_RELATED_PRODUCT_CATEGORY('','',(#16903));
#16888=PRODUCT_RELATED_PRODUCT_CATEGORY('','',(#16904));
#16889=PRODUCT_RELATED_PRODUCT_CATEGORY('','',(#16905));
#16890=PRODUCT_RELATED_PRODUCT_CATEGORY('','',(#16906));
#16891=PRODUCT_RELATED_PRODUCT_CATEGORY('','',(#16907));
#16892=PRODUCT('motor 3','motor 3','motor 3',(#16924));
#16893=PRODUCT('MOTOR1','MOTOR1','MOTOR1',(#16925));
#16894=PRODUCT('motor2','motor2','motor2',(#16926));
#16895=PRODUCT('ARM CC1','ARM CC1','ARM CC1',(#16927));
#16896=PRODUCT('motor4','motor4','motor4',(#16928));
#16897=PRODUCT('PROP','PROP','PROP',(#16929));
#16898=PRODUCT('RECIEVER','RECIEVER','RECIEVER',(#16930));
#16899=PRODUCT('BASE','BASE','BASE',(#16931));
#16900=PRODUCT('PROP4','PROP4','PROP4',(#16932));
#16901=PRODUCT('ARM CC2','ARM CC2','ARM CC2',(#16933));
#16902=PRODUCT('ARM C1','ARM C1','ARM C1',(#16934));
#16903=PRODUCT('PROP2','PROP2','PROP2',(#16935));
#16904=PRODUCT('ARM C2','ARM C2','ARM C2',(#16936));
#16905=PRODUCT('PROP3','PROP3','PROP3',(#16937));
#16906=PRODUCT('BATTERY','BATTERY','BATTERY',(#16938));
#16907=PRODUCT('ESC','ESC','ESC',(#16939));
#16908=PRODUCT_CATEGORY('','');
#16909=PRODUCT_CATEGORY('','');
#16910=PRODUCT_CATEGORY('','');
#16911=PRODUCT_CATEGORY('','');
#16912=PRODUCT_CATEGORY('','');
#16913=PRODUCT_CATEGORY('','');
#16914=PRODUCT_CATEGORY('','');
#16915=PRODUCT_CATEGORY('','');
#16916=PRODUCT_CATEGORY('','');
#16917=PRODUCT_CATEGORY('','');
#16918=PRODUCT_CATEGORY('','');
#16919=PRODUCT_CATEGORY('','');
#16920=PRODUCT_CATEGORY('','');
#16921=PRODUCT_CATEGORY('','');
#16922=PRODUCT_CATEGORY('','');
#16923=PRODUCT_CATEGORY('','');
#16924=PRODUCT_CONTEXT('',#16956,'mechanical');
#16925=PRODUCT_CONTEXT('',#16957,'mechanical');
#16926=PRODUCT_CONTEXT('',#16958,'mechanical');
#16927=PRODUCT_CONTEXT('',#16959,'mechanical');
#16928=PRODUCT_CONTEXT('',#16960,'mechanical');
#16929=PRODUCT_CONTEXT('',#16961,'mechanical');
#16930=PRODUCT_CONTEXT('',#16962,'mechanical');
#16931=PRODUCT_CONTEXT('',#16963,'mechanical');
#16932=PRODUCT_CONTEXT('',#16964,'mechanical');
#16933=PRODUCT_CONTEXT('',#16965,'mechanical');
#16934=PRODUCT_CONTEXT('',#16966,'mechanical');
#16935=PRODUCT_CONTEXT('',#16967,'mechanical');
#16936=PRODUCT_CONTEXT('',#16968,'mechanical');
#16937=PRODUCT_CONTEXT('',#16969,'mechanical');
#16938=PRODUCT_CONTEXT('',#16970,'mechanical');
#16939=PRODUCT_CONTEXT('',#16971,'mechanical');
#16940=APPLICATION_PROTOCOL_DEFINITION('international standard','ap242_managed_model_based_3d_engineering',2020,#16956);
#16941=APPLICATION_PROTOCOL_DEFINITION('international standard','ap242_managed_model_based_3d_engineering',2020,#16957);
#16942=APPLICATION_PROTOCOL_DEFINITION('international standard','ap242_managed_model_based_3d_engineering',2020,#16958);
#16943=APPLICATION_PROTOCOL_DEFINITION('international standard','ap242_managed_model_based_3d_engineering',2020,#16959);
#16944=APPLICATION_PROTOCOL_DEFINITION('international standard','ap242_managed_model_based_3d_engineering',2020,#16960);
#16945=APPLICATION_PROTOCOL_DEFINITION('international standard','ap242_managed_model_based_3d_engineering',2020,#16961);
#16946=APPLICATION_PROTOCOL_DEFINITION('international standard','ap242_managed_model_based_3d_engineering',2020,#16962);
#16947=APPLICATION_PROTOCOL_DEFINITION('international standard','ap242_managed_model_based_3d_engineering',2020,#16963);
#16948=APPLICATION_PROTOCOL_DEFINITION('international standard','ap242_managed_model_based_3d_engineering',2020,#16964);
#16949=APPLICATION_PROTOCOL_DEFINITION('international standard','ap242_managed_model_based_3d_engineering',2020,#16965);
#16950=APPLICATION_PROTOCOL_DEFINITION('international standard','ap242_managed_model_based_3d_engineering',2020,#16966);
#16951=APPLICATION_PROTOCOL_DEFINITION('international standard','ap242_managed_model_based_3d_engineering',2020,#16967);
#16952=APPLICATION_PROTOCOL_DEFINITION('international standard','ap242_managed_model_based_3d_engineering',2020,#16968);
#16953=APPLICATION_PROTOCOL_DEFINITION('international standard','ap242_managed_model_based_3d_engineering',2020,#16969);
#16954=APPLICATION_PROTOCOL_DEFINITION('international standard','ap242_managed_model_based_3d_engineering',2020,#16970);
#16955=APPLICATION_PROTOCOL_DEFINITION('international standard','ap242_managed_model_based_3d_engineering',2020,#16971);
#16956=APPLICATION_CONTEXT('managed model based 3d engineering');
#16957=APPLICATION_CONTEXT('managed model based 3d engineering');
#16958=APPLICATION_CONTEXT('managed model based 3d engineering');
#16959=APPLICATION_CONTEXT('managed model based 3d engineering');
#16960=APPLICATION_CONTEXT('managed model based 3d engineering');
#16961=APPLICATION_CONTEXT('managed model based 3d engineering');
#16962=APPLICATION_CONTEXT('managed model based 3d engineering');
#16963=APPLICATION_CONTEXT('managed model based 3d engineering');
#16964=APPLICATION_CONTEXT('managed model based 3d engineering');
#16965=APPLICATION_CONTEXT('managed model based 3d engineering');
#16966=APPLICATION_CONTEXT('managed model based 3d engineering');
#16967=APPLICATION_CONTEXT('managed model based 3d engineering');
#16968=APPLICATION_CONTEXT('managed model based 3d engineering');
#16969=APPLICATION_CONTEXT('managed model based 3d engineering');
#16970=APPLICATION_CONTEXT('managed model based 3d engineering');
#16971=APPLICATION_CONTEXT('managed model based 3d engineering');
ENDSEC;
END-ISO-10303-21;
