ISO-10303-21;
HEADER;
/*Generated by software containing ST-Developer
 * from STEP Tools, Inc. (www.steptools.com) 
 */
/*OPTION: using custom renumber hook */
/*description */
/*implementation_level */
FILE_DESCRIPTION(('STEP AP242 Edition 2','STEP AP242 Edition 2''CAx-IF Rec.Pracs.---Representation and Presentation of Product Manufa
cturing Information (PMI)---4.0---2014-10-13','STEP AP242 Edition 2''CAx-IF Rec.Pracs.---Representation and Presentation of Product Manufa
cturing Information (PMI)---4.0---2014-10-13''CAx-IF Rec.Pracs.---3D Tessellated Geometry---0.4---2014-09-14','STEP AP242 Edition 2''CAx-IF Rec.Pracs.---Representation and Presentation of Product Manufa
cturing Information (PMI)---4.0---2014-10-13''CAx-IF Rec.Pracs.---3D Tessellated Geometry---0.4---2014-09-14''2;1','STEP AP242 Edition 2''CAx-IF Rec.Pracs.---Representation and Presentation of Product Manufa
cturing Information (PMI)---4.0---2014-10-13''CAx-IF Rec.Pracs.---3D Tessellated Geometry---0.4---2014-09-14''2;1''CAx-IF Rec.Pracs.---User Defined Attributes---1.5---2016-08-15'),'2;1');
/*name */
/*time_stamp */
/*author */
/*organization */
/*preprocessor_version */
/*originating_system */
/*authorisation */
FILE_NAME('/vol/tmp/translate-15476088838298888059/Part Studio 1.step','2026-02-24T09:00:13',(''),(''),'ST-DEVELOPER v20','ONSHAPE BY PTC INC, 1.211','  ');
FILE_SCHEMA(('AP242_MANAGED_MODEL_BASED_3D_ENGINEERING_MIM_LF { 1 0 10303 442 3 1 4 }'));
ENDSEC;
DATA;
#10=B_SPLINE_SURFACE_WITH_KNOTS('',3,1,((#13105,#13106),(#13107,#13108),(#13109,#13110),(#13111,#13112)),.SURF_OF_LINEAR_EXTRUSION.,.F.,.F.,.F.,(4,4),(2,2),(0.00081232681861276,0.497638512698098),(0.,1.),.PIECEWISE_BEZIER_KNOTS.);
#11=B_SPLINE_SURFACE_WITH_KNOTS('',3,1,((#13115,#13116),(#13117,#13118),(#13119,#13120),(#13121,#13122)),.SURF_OF_LINEAR_EXTRUSION.,.F.,.F.,.F.,(4,4),(2,2),(0.000812326275541094,0.497638512698098),(0.,1.),.PIECEWISE_BEZIER_KNOTS.);
#12=B_SPLINE_SURFACE_WITH_KNOTS('',3,1,((#13173,#13174),(#13175,#13176),(#13177,#13178),(#13179,#13180)),.SURF_OF_LINEAR_EXTRUSION.,.F.,.F.,.F.,(4,4),(2,2),(0.00081232681861276,0.497638512698098),(0.,1.),.PIECEWISE_BEZIER_KNOTS.);
#13=B_SPLINE_SURFACE_WITH_KNOTS('',3,1,((#13183,#13184),(#13185,#13186),(#13187,#13188),(#13189,#13190)),.SURF_OF_LINEAR_EXTRUSION.,.F.,.F.,.F.,(4,4),(2,2),(0.000812326275541094,0.497638512698098),(0.,1.),.PIECEWISE_BEZIER_KNOTS.);
#14=B_SPLINE_SURFACE_WITH_KNOTS('',3,1,((#13201,#13202),(#13203,#13204),(#13205,#13206),(#13207,#13208)),.SURF_OF_LINEAR_EXTRUSION.,.F.,.F.,.F.,(4,4),(2,2),(0.000812326275541094,0.497638512698098),(0.,1.),.PIECEWISE_BEZIER_KNOTS.);
#15=B_SPLINE_SURFACE_WITH_KNOTS('',3,1,((#13227,#13228),(#13229,#13230),(#13231,#13232),(#13233,#13234)),.SURF_OF_LINEAR_EXTRUSION.,.F.,.F.,.F.,(4,4),(2,2),(0.00081232681861276,0.497638512698098),(0.,1.),.PIECEWISE_BEZIER_KNOTS.);
#16=B_SPLINE_SURFACE_WITH_KNOTS('',3,1,((#13580,#13581),(#13582,#13583),(#13584,#13585),(#13586,#13587)),.SURF_OF_LINEAR_EXTRUSION.,.F.,.F.,.F.,(4,4),(2,2),(0.,0.715232213132039),(0.,1.),.PIECEWISE_BEZIER_KNOTS.);
#17=B_SPLINE_SURFACE_WITH_KNOTS('',3,1,((#13878,#13879),(#13880,#13881),(#13882,#13883),(#13884,#13885)),.SURF_OF_LINEAR_EXTRUSION.,.F.,.F.,.F.,(4,4),(2,2),(0.,0.715232213132039),(0.,1.),.PIECEWISE_BEZIER_KNOTS.);
#18=B_SPLINE_SURFACE_WITH_KNOTS('',3,1,((#14254,#14255),(#14256,#14257),(#14258,#14259),(#14260,#14261)),.SURF_OF_LINEAR_EXTRUSION.,.F.,.F.,.F.,(4,4),(2,2),(0.,0.715232213132039),(0.,1.),.PIECEWISE_BEZIER_KNOTS.);
#19=B_SPLINE_SURFACE_WITH_KNOTS('',3,1,((#14413,#14414),(#14415,#14416),(#14417,#14418),(#14419,#14420)),.SURF_OF_LINEAR_EXTRUSION.,.F.,.F.,.F.,(4,4),(2,2),(0.00081232681861276,0.497638512698098),(0.,1.),.PIECEWISE_BEZIER_KNOTS.);
#20=B_SPLINE_SURFACE_WITH_KNOTS('',3,1,((#14423,#14424),(#14425,#14426),(#14427,#14428),(#14429,#14430)),.SURF_OF_LINEAR_EXTRUSION.,.F.,.F.,.F.,(4,4),(2,2),(0.000812326275541094,0.497638512698098),(0.,1.),.PIECEWISE_BEZIER_KNOTS.);
#21=B_SPLINE_SURFACE_WITH_KNOTS('',3,1,((#14481,#14482),(#14483,#14484),(#14485,#14486),(#14487,#14488)),.SURF_OF_LINEAR_EXTRUSION.,.F.,.F.,.F.,(4,4),(2,2),(0.00081232681861276,0.497638512698098),(0.,1.),.PIECEWISE_BEZIER_KNOTS.);
#22=B_SPLINE_SURFACE_WITH_KNOTS('',3,1,((#14491,#14492),(#14493,#14494),(#14495,#14496),(#14497,#14498)),.SURF_OF_LINEAR_EXTRUSION.,.F.,.F.,.F.,(4,4),(2,2),(0.000812326275541094,0.497638512698098),(0.,1.),.PIECEWISE_BEZIER_KNOTS.);
#23=B_SPLINE_SURFACE_WITH_KNOTS('',3,1,((#14509,#14510),(#14511,#14512),(#14513,#14514),(#14515,#14516)),.SURF_OF_LINEAR_EXTRUSION.,.F.,.F.,.F.,(4,4),(2,2),(0.000812326275541094,0.497638512698098),(0.,1.),.PIECEWISE_BEZIER_KNOTS.);
#24=B_SPLINE_SURFACE_WITH_KNOTS('',3,1,((#14535,#14536),(#14537,#14538),(#14539,#14540),(#14541,#14542)),.SURF_OF_LINEAR_EXTRUSION.,.F.,.F.,.F.,(4,4),(2,2),(0.00081232681861276,0.497638512698098),(0.,1.),.PIECEWISE_BEZIER_KNOTS.);
#25=B_SPLINE_SURFACE_WITH_KNOTS('',3,1,((#14888,#14889),(#14890,#14891),(#14892,#14893),(#14894,#14895)),.SURF_OF_LINEAR_EXTRUSION.,.F.,.F.,.F.,(4,4),(2,2),(0.,0.715232213132039),(0.,1.),.PIECEWISE_BEZIER_KNOTS.);
#26=B_SPLINE_SURFACE_WITH_KNOTS('',3,1,((#14969,#14970),(#14971,#14972),(#14973,#14974),(#14975,#14976)),.SURF_OF_LINEAR_EXTRUSION.,.F.,.F.,.F.,(4,4),(2,2),(0.,0.355887926420139),(0.,1.),.PIECEWISE_BEZIER_KNOTS.);
#27=B_SPLINE_SURFACE_WITH_KNOTS('',3,1,((#14995,#14996),(#14997,#14998),(#14999,#15000),(#15001,#15002),(#15003,#15004)),.SURF_OF_LINEAR_EXTRUSION.,.F.,.F.,.F.,(4,1,4),(2,2),(0.,0.5,1.),(0.,1.),.UNSPECIFIED.);
#28=B_SPLINE_SURFACE_WITH_KNOTS('',3,1,((#15024,#15025),(#15026,#15027),(#15028,#15029),(#15030,#15031)),.SURF_OF_LINEAR_EXTRUSION.,.F.,.F.,.F.,(4,4),(2,2),(0.,0.355887926420139),(0.,1.),.PIECEWISE_BEZIER_KNOTS.);
#29=B_SPLINE_SURFACE_WITH_KNOTS('',3,1,((#15573,#15574),(#15575,#15576),(#15577,#15578),(#15579,#15580)),.SURF_OF_LINEAR_EXTRUSION.,.F.,.F.,.F.,(4,4),(2,2),(0.00081232681861276,0.497638512698098),(0.,1.),.PIECEWISE_BEZIER_KNOTS.);
#30=B_SPLINE_SURFACE_WITH_KNOTS('',3,1,((#15583,#15584),(#15585,#15586),(#15587,#15588),(#15589,#15590)),.SURF_OF_LINEAR_EXTRUSION.,.F.,.F.,.F.,(4,4),(2,2),(0.000812326275541094,0.497638512698098),(0.,1.),.PIECEWISE_BEZIER_KNOTS.);
#31=B_SPLINE_SURFACE_WITH_KNOTS('',3,1,((#15641,#15642),(#15643,#15644),(#15645,#15646),(#15647,#15648)),.SURF_OF_LINEAR_EXTRUSION.,.F.,.F.,.F.,(4,4),(2,2),(0.00081232681861276,0.497638512698098),(0.,1.),.PIECEWISE_BEZIER_KNOTS.);
#32=B_SPLINE_SURFACE_WITH_KNOTS('',3,1,((#15651,#15652),(#15653,#15654),(#15655,#15656),(#15657,#15658)),.SURF_OF_LINEAR_EXTRUSION.,.F.,.F.,.F.,(4,4),(2,2),(0.000812326275541094,0.497638512698098),(0.,1.),.PIECEWISE_BEZIER_KNOTS.);
#33=B_SPLINE_SURFACE_WITH_KNOTS('',3,1,((#15669,#15670),(#15671,#15672),(#15673,#15674),(#15675,#15676)),.SURF_OF_LINEAR_EXTRUSION.,.F.,.F.,.F.,(4,4),(2,2),(0.000812326275541094,0.497638512698098),(0.,1.),.PIECEWISE_BEZIER_KNOTS.);
#34=B_SPLINE_SURFACE_WITH_KNOTS('',3,1,((#15695,#15696),(#15697,#15698),(#15699,#15700),(#15701,#15702)),.SURF_OF_LINEAR_EXTRUSION.,.F.,.F.,.F.,(4,4),(2,2),(0.00081232681861276,0.497638512698098),(0.,1.),.PIECEWISE_BEZIER_KNOTS.);
#35=B_SPLINE_SURFACE_WITH_KNOTS('',3,1,((#15962,#15963),(#15964,#15965),(#15966,#15967),(#15968,#15969)),.SURF_OF_LINEAR_EXTRUSION.,.F.,.F.,.F.,(4,4),(2,2),(0.00081232681861276,0.497638512698098),(0.,1.),.PIECEWISE_BEZIER_KNOTS.);
#36=B_SPLINE_SURFACE_WITH_KNOTS('',3,1,((#15972,#15973),(#15974,#15975),(#15976,#15977),(#15978,#15979)),.SURF_OF_LINEAR_EXTRUSION.,.F.,.F.,.F.,(4,4),(2,2),(0.000812326275541094,0.497638512698098),(0.,1.),.PIECEWISE_BEZIER_KNOTS.);
#37=B_SPLINE_SURFACE_WITH_KNOTS('',3,1,((#16030,#16031),(#16032,#16033),(#16034,#16035),(#16036,#16037)),.SURF_OF_LINEAR_EXTRUSION.,.F.,.F.,.F.,(4,4),(2,2),(0.00081232681861276,0.497638512698098),(0.,1.),.PIECEWISE_BEZIER_KNOTS.);
#38=B_SPLINE_SURFACE_WITH_KNOTS('',3,1,((#16040,#16041),(#16042,#16043),(#16044,#16045),(#16046,#16047)),.SURF_OF_LINEAR_EXTRUSION.,.F.,.F.,.F.,(4,4),(2,2),(0.000812326275541094,0.497638512698098),(0.,1.),.PIECEWISE_BEZIER_KNOTS.);
#39=B_SPLINE_SURFACE_WITH_KNOTS('',3,1,((#16058,#16059),(#16060,#16061),(#16062,#16063),(#16064,#16065)),.SURF_OF_LINEAR_EXTRUSION.,.F.,.F.,.F.,(4,4),(2,2),(0.000812326275541094,0.497638512698098),(0.,1.),.PIECEWISE_BEZIER_KNOTS.);
#40=B_SPLINE_SURFACE_WITH_KNOTS('',3,1,((#16084,#16085),(#16086,#16087),(#16088,#16089),(#16090,#16091)),.SURF_OF_LINEAR_EXTRUSION.,.F.,.F.,.F.,(4,4),(2,2),(0.00081232681861276,0.497638512698098),(0.,1.),.PIECEWISE_BEZIER_KNOTS.);
#41=B_SPLINE_CURVE_WITH_KNOTS('',3,(#13067,#13068,#13069,#13070),.UNSPECIFIED.,.F.,.F.,(4,4),(0.00081232681861276,0.497638512698098),.PIECEWISE_BEZIER_KNOTS.);
#42=B_SPLINE_CURVE_WITH_KNOTS('',3,(#13072,#13073,#13074,#13075),.UNSPECIFIED.,.F.,.F.,(4,4),(0.000812326275541094,0.497638512698098),.PIECEWISE_BEZIER_KNOTS.);
#43=B_SPLINE_CURVE_WITH_KNOTS('',3,(#13079,#13080,#13081,#13082,#13083),.UNSPECIFIED.,.F.,.F.,(4,1,4),(0.,0.00388245119514945,0.00776490239029889),.UNSPECIFIED.);
#44=B_SPLINE_CURVE_WITH_KNOTS('',3,(#13087,#13088,#13089,#13090),.UNSPECIFIED.,.F.,.F.,(4,4),(0.,0.00991073740690784),.UNSPECIFIED.);
#45=B_SPLINE_CURVE_WITH_KNOTS('',3,(#13092,#13093,#13094,#13095,#13096),.UNSPECIFIED.,.F.,.F.,(4,1,4),(4.44305997370834E-17,0.00862627126898722,0.0172525425379744),.UNSPECIFIED.);
#46=B_SPLINE_CURVE_WITH_KNOTS('',3,(#13131,#13132,#13133,#13134),.UNSPECIFIED.,.F.,.F.,(4,4),(0.00081232681861276,0.497638512698098),.PIECEWISE_BEZIER_KNOTS.);
#47=B_SPLINE_CURVE_WITH_KNOTS('',3,(#13136,#13137,#13138,#13139),.UNSPECIFIED.,.F.,.F.,(4,4),(0.000812326275541094,0.497638512698098),.PIECEWISE_BEZIER_KNOTS.);
#48=B_SPLINE_CURVE_WITH_KNOTS('',3,(#13147,#13148,#13149,#13150,#13151),.UNSPECIFIED.,.F.,.F.,(4,1,4),(0.,0.00388245119514945,0.00776490239029889),.UNSPECIFIED.);
#49=B_SPLINE_CURVE_WITH_KNOTS('',3,(#13154,#13155,#13156,#13157),.UNSPECIFIED.,.F.,.F.,(4,4),(0.,0.00991073740690767),.UNSPECIFIED.);
#50=B_SPLINE_CURVE_WITH_KNOTS('',3,(#13159,#13160,#13161,#13162,#13163),.UNSPECIFIED.,.F.,.F.,(4,1,4),(0.,0.00862627126898713,0.0172525425379743),.UNSPECIFIED.);
#51=B_SPLINE_CURVE_WITH_KNOTS('',3,(#13209,#13210,#13211,#13212,#13213),.UNSPECIFIED.,.F.,.F.,(4,1,4),(0.,0.00388245119514945,0.00776490239029889),.UNSPECIFIED.);
#52=B_SPLINE_CURVE_WITH_KNOTS('',3,(#13216,#13217,#13218,#13219),.UNSPECIFIED.,.F.,.F.,(4,4),(0.,0.00991073740690783),.UNSPECIFIED.);
#53=B_SPLINE_CURVE_WITH_KNOTS('',3,(#13223,#13224,#13225,#13226),.UNSPECIFIED.,.F.,.F.,(4,4),(0.000812326275541094,0.497638512698098),.PIECEWISE_BEZIER_KNOTS.);
#54=B_SPLINE_CURVE_WITH_KNOTS('',3,(#13235,#13236,#13237,#13238),.UNSPECIFIED.,.F.,.F.,(4,4),(0.00081232681861276,0.497638512698098),.PIECEWISE_BEZIER_KNOTS.);
#55=B_SPLINE_CURVE_WITH_KNOTS('',3,(#13239,#13240,#13241,#13242,#13243),.UNSPECIFIED.,.F.,.F.,(4,1,4),(9.81920912502051E-17,0.00862627126898717,0.0172525425379742),.UNSPECIFIED.);
#56=B_SPLINE_CURVE_WITH_KNOTS('',3,(#13305,#13306,#13307,#13308),.UNSPECIFIED.,.F.,.F.,(4,4),(0.,0.715232213132039),.PIECEWISE_BEZIER_KNOTS.);
#57=B_SPLINE_CURVE_WITH_KNOTS('',3,(#13315,#13316,#13317,#13318),.UNSPECIFIED.,.F.,.F.,(4,4),(0.,0.715232213132039),.PIECEWISE_BEZIER_KNOTS.);
#58=B_SPLINE_CURVE_WITH_KNOTS('',3,(#13336,#13337,#13338,#13339),.UNSPECIFIED.,.F.,.F.,(4,4),(0.,0.0107317554372752),.UNSPECIFIED.);
#59=B_SPLINE_CURVE_WITH_KNOTS('',3,(#13341,#13342,#13343,#13344),.UNSPECIFIED.,.F.,.F.,(4,4),(0.,0.0107317554372752),.UNSPECIFIED.);
#60=B_SPLINE_CURVE_WITH_KNOTS('',3,(#13349,#13350,#13351,#13352,#13353,#13354,#13355,#13356,#13357,#13358,#13359),.UNSPECIFIED.,.T.,.F.,(1,1,1,1,1,1,1,1,1,1,1,1,1,1,1),(-0.00506094523504995,-0.0033739634900333,-0.00168698174501665,0.,0.00168698174501665,0.0033739634900333,0.00506094523504995,0.0067479269800666,0.00843490872508324,0.0101218904700999,0.0118088722151165,0.0134958539601332,0.0151828357051498,0.0168698174501665,0.0185567991951831),.UNSPECIFIED.);
#61=B_SPLINE_CURVE_WITH_KNOTS('',3,(#13364,#13365,#13366,#13367,#13368,#13369,#13370,#13371,#13372,#13373,#13374),.UNSPECIFIED.,.T.,.F.,(1,1,1,1,1,1,1,1,1,1,1,1,1,1,1),(-0.0050609476993816,-0.00337396513292107,-0.00168698256646053,0.,0.00168698256646053,0.00337396513292107,0.0050609476993816,0.00674793026584213,0.00843491283230267,0.0101218953987632,0.0118088779652237,0.0134958605316843,0.0151828430981448,0.0168698256646053,0.0185568082310659),.UNSPECIFIED.);
#62=B_SPLINE_CURVE_WITH_KNOTS('',3,(#13595,#13596,#13597,#13598),.UNSPECIFIED.,.F.,.F.,(4,4),(0.,0.715232213132039),.PIECEWISE_BEZIER_KNOTS.);
#63=B_SPLINE_CURVE_WITH_KNOTS('',3,(#13625,#13626,#13627,#13628),.UNSPECIFIED.,.F.,.F.,(4,4),(0.,0.715232213132039),.PIECEWISE_BEZIER_KNOTS.);
#64=B_SPLINE_CURVE_WITH_KNOTS('',3,(#13633,#13634,#13635,#13636),.UNSPECIFIED.,.F.,.F.,(4,4),(0.,0.0107317554372752),.UNSPECIFIED.);
#65=B_SPLINE_CURVE_WITH_KNOTS('',3,(#13639,#13640,#13641,#13642),.UNSPECIFIED.,.F.,.F.,(4,4),(0.,0.0107317554372752),.UNSPECIFIED.);
#66=B_SPLINE_CURVE_WITH_KNOTS('',3,(#13647,#13648,#13649,#13650,#13651,#13652,#13653,#13654,#13655,#13656,#13657),.UNSPECIFIED.,.T.,.F.,(1,1,1,1,1,1,1,1,1,1,1,1,1,1,1),(-0.00506094523504995,-0.0033739634900333,-0.00168698174501665,0.,0.00168698174501665,0.0033739634900333,0.00506094523504995,0.0067479269800666,0.00843490872508324,0.0101218904700999,0.0118088722151165,0.0134958539601332,0.0151828357051498,0.0168698174501665,0.0185567991951831),.UNSPECIFIED.);
#67=B_SPLINE_CURVE_WITH_KNOTS('',3,(#13662,#13663,#13664,#13665,#13666,#13667,#13668,#13669,#13670,#13671,#13672),.UNSPECIFIED.,.T.,.F.,(1,1,1,1,1,1,1,1,1,1,1,1,1,1,1),(-0.0050609476993816,-0.00337396513292107,-0.00168698256646053,0.,0.00168698256646053,0.00337396513292107,0.0050609476993816,0.00674793026584213,0.00843491283230267,0.0101218953987632,0.0118088779652237,0.0134958605316843,0.0151828430981448,0.0168698256646053,0.0185568082310659),.UNSPECIFIED.);
#68=B_SPLINE_CURVE_WITH_KNOTS('',3,(#13979,#13980,#13981,#13982),.UNSPECIFIED.,.F.,.F.,(4,4),(0.,0.715232213132039),.PIECEWISE_BEZIER_KNOTS.);
#69=B_SPLINE_CURVE_WITH_KNOTS('',3,(#13989,#13990,#13991,#13992),.UNSPECIFIED.,.F.,.F.,(4,4),(0.,0.715232213132039),.PIECEWISE_BEZIER_KNOTS.);
#70=B_SPLINE_CURVE_WITH_KNOTS('',3,(#14010,#14011,#14012,#14013),.UNSPECIFIED.,.F.,.F.,(4,4),(0.,0.0107317554372752),.UNSPECIFIED.);
#71=B_SPLINE_CURVE_WITH_KNOTS('',3,(#14015,#14016,#14017,#14018),.UNSPECIFIED.,.F.,.F.,(4,4),(0.,0.0107317554372752),.UNSPECIFIED.);
#72=B_SPLINE_CURVE_WITH_KNOTS('',3,(#14023,#14024,#14025,#14026,#14027,#14028,#14029,#14030,#14031,#14032,#14033),.UNSPECIFIED.,.T.,.F.,(1,1,1,1,1,1,1,1,1,1,1,1,1,1,1),(-0.00506094523504995,-0.0033739634900333,-0.00168698174501665,0.,0.00168698174501665,0.0033739634900333,0.00506094523504995,0.0067479269800666,0.00843490872508324,0.0101218904700999,0.0118088722151165,0.0134958539601332,0.0151828357051498,0.0168698174501665,0.0185567991951831),.UNSPECIFIED.);
#73=B_SPLINE_CURVE_WITH_KNOTS('',3,(#14038,#14039,#14040,#14041,#14042,#14043,#14044,#14045,#14046,#14047,#14048),.UNSPECIFIED.,.T.,.F.,(1,1,1,1,1,1,1,1,1,1,1,1,1,1,1),(-0.0050609476993816,-0.00337396513292107,-0.00168698256646053,0.,0.00168698256646053,0.00337396513292107,0.0050609476993816,0.00674793026584213,0.00843491283230267,0.0101218953987632,0.0118088779652237,0.0134958605316843,0.0151828430981448,0.0168698256646053,0.0185568082310659),.UNSPECIFIED.);
#74=B_SPLINE_CURVE_WITH_KNOTS('',3,(#14375,#14376,#14377,#14378),.UNSPECIFIED.,.F.,.F.,(4,4),(0.00081232681861276,0.497638512698098),.PIECEWISE_BEZIER_KNOTS.);
#75=B_SPLINE_CURVE_WITH_KNOTS('',3,(#14380,#14381,#14382,#14383),.UNSPECIFIED.,.F.,.F.,(4,4),(0.000812326275541094,0.497638512698098),.PIECEWISE_BEZIER_KNOTS.);
#76=B_SPLINE_CURVE_WITH_KNOTS('',3,(#14387,#14388,#14389,#14390,#14391),.UNSPECIFIED.,.F.,.F.,(4,1,4),(0.,0.00388245119514945,0.00776490239029889),.UNSPECIFIED.);
#77=B_SPLINE_CURVE_WITH_KNOTS('',3,(#14395,#14396,#14397,#14398),.UNSPECIFIED.,.F.,.F.,(4,4),(0.,0.00991073740690784),.UNSPECIFIED.);
#78=B_SPLINE_CURVE_WITH_KNOTS('',3,(#14400,#14401,#14402,#14403,#14404),.UNSPECIFIED.,.F.,.F.,(4,1,4),(4.44305997370834E-17,0.00862627126898722,0.0172525425379744),.UNSPECIFIED.);
#79=B_SPLINE_CURVE_WITH_KNOTS('',3,(#14439,#14440,#14441,#14442),.UNSPECIFIED.,.F.,.F.,(4,4),(0.00081232681861276,0.497638512698098),.PIECEWISE_BEZIER_KNOTS.);
#80=B_SPLINE_CURVE_WITH_KNOTS('',3,(#14444,#14445,#14446,#14447),.UNSPECIFIED.,.F.,.F.,(4,4),(0.000812326275541094,0.497638512698098),.PIECEWISE_BEZIER_KNOTS.);
#81=B_SPLINE_CURVE_WITH_KNOTS('',3,(#14455,#14456,#14457,#14458,#14459),.UNSPECIFIED.,.F.,.F.,(4,1,4),(0.,0.00388245119514945,0.00776490239029889),.UNSPECIFIED.);
#82=B_SPLINE_CURVE_WITH_KNOTS('',3,(#14462,#14463,#14464,#14465),.UNSPECIFIED.,.F.,.F.,(4,4),(0.,0.00991073740690767),.UNSPECIFIED.);
#83=B_SPLINE_CURVE_WITH_KNOTS('',3,(#14467,#14468,#14469,#14470,#14471),.UNSPECIFIED.,.F.,.F.,(4,1,4),(0.,0.00862627126898713,0.0172525425379743),.UNSPECIFIED.);
#84=B_SPLINE_CURVE_WITH_KNOTS('',3,(#14517,#14518,#14519,#14520,#14521),.UNSPECIFIED.,.F.,.F.,(4,1,4),(0.,0.00388245119514945,0.00776490239029889),.UNSPECIFIED.);
#85=B_SPLINE_CURVE_WITH_KNOTS('',3,(#14524,#14525,#14526,#14527),.UNSPECIFIED.,.F.,.F.,(4,4),(0.,0.00991073740690783),.UNSPECIFIED.);
#86=B_SPLINE_CURVE_WITH_KNOTS('',3,(#14531,#14532,#14533,#14534),.UNSPECIFIED.,.F.,.F.,(4,4),(0.000812326275541094,0.497638512698098),.PIECEWISE_BEZIER_KNOTS.);
#87=B_SPLINE_CURVE_WITH_KNOTS('',3,(#14543,#14544,#14545,#14546),.UNSPECIFIED.,.F.,.F.,(4,4),(0.00081232681861276,0.497638512698098),.PIECEWISE_BEZIER_KNOTS.);
#88=B_SPLINE_CURVE_WITH_KNOTS('',3,(#14547,#14548,#14549,#14550,#14551),.UNSPECIFIED.,.F.,.F.,(4,1,4),(9.81920912502051E-17,0.00862627126898717,0.0172525425379742),.UNSPECIFIED.);
#89=B_SPLINE_CURVE_WITH_KNOTS('',3,(#14605,#14606,#14607,#14608),.UNSPECIFIED.,.F.,.F.,(4,4),(0.,0.715232213132039),.PIECEWISE_BEZIER_KNOTS.);
#90=B_SPLINE_CURVE_WITH_KNOTS('',3,(#14635,#14636,#14637,#14638),.UNSPECIFIED.,.F.,.F.,(4,4),(0.,0.715232213132039),.PIECEWISE_BEZIER_KNOTS.);
#91=B_SPLINE_CURVE_WITH_KNOTS('',3,(#14643,#14644,#14645,#14646),.UNSPECIFIED.,.F.,.F.,(4,4),(0.,0.0107317554372752),.UNSPECIFIED.);
#92=B_SPLINE_CURVE_WITH_KNOTS('',3,(#14649,#14650,#14651,#14652),.UNSPECIFIED.,.F.,.F.,(4,4),(0.,0.0107317554372752),.UNSPECIFIED.);
#93=B_SPLINE_CURVE_WITH_KNOTS('',3,(#14657,#14658,#14659,#14660,#14661,#14662,#14663,#14664,#14665,#14666,#14667),.UNSPECIFIED.,.T.,.F.,(1,1,1,1,1,1,1,1,1,1,1,1,1,1,1),(-0.00506094523504995,-0.0033739634900333,-0.00168698174501665,0.,0.00168698174501665,0.0033739634900333,0.00506094523504995,0.0067479269800666,0.00843490872508324,0.0101218904700999,0.0118088722151165,0.0134958539601332,0.0151828357051498,0.0168698174501665,0.0185567991951831),.UNSPECIFIED.);
#94=B_SPLINE_CURVE_WITH_KNOTS('',3,(#14672,#14673,#14674,#14675,#14676,#14677,#14678,#14679,#14680,#14681,#14682),.UNSPECIFIED.,.T.,.F.,(1,1,1,1,1,1,1,1,1,1,1,1,1,1,1),(-0.0050609476993816,-0.00337396513292107,-0.00168698256646053,0.,0.00168698256646053,0.00337396513292107,0.0050609476993816,0.00674793026584213,0.00843491283230267,0.0101218953987632,0.0118088779652237,0.0134958605316843,0.0151828430981448,0.0168698256646053,0.0185568082310659),.UNSPECIFIED.);
#95=B_SPLINE_CURVE_WITH_KNOTS('',3,(#14907,#14908,#14909,#14910),.UNSPECIFIED.,.F.,.F.,(4,4),(0.,0.355887926420139),.PIECEWISE_BEZIER_KNOTS.);
#96=B_SPLINE_CURVE_WITH_KNOTS('',3,(#14918,#14919,#14920,#14921,#14922),.UNSPECIFIED.,.F.,.F.,(4,1,4),(0.,0.493379658183864,1.),.UNSPECIFIED.);
#97=B_SPLINE_CURVE_WITH_KNOTS('',3,(#14930,#14931,#14932,#14933),.UNSPECIFIED.,.F.,.F.,(4,4),(0.,0.355887926420139),.PIECEWISE_BEZIER_KNOTS.);
#98=B_SPLINE_CURVE_WITH_KNOTS('',3,(#14977,#14978,#14979,#14980),.UNSPECIFIED.,.F.,.F.,(4,4),(0.,0.355887926420139),.PIECEWISE_BEZIER_KNOTS.);
#99=B_SPLINE_CURVE_WITH_KNOTS('',3,(#15005,#15006,#15007,#15008,#15009),.UNSPECIFIED.,.F.,.F.,(4,1,4),(0.,0.493379658183864,1.),.UNSPECIFIED.);
#100=B_SPLINE_CURVE_WITH_KNOTS('',3,(#15032,#15033,#15034,#15035),.UNSPECIFIED.,.F.,.F.,(4,4),(0.,0.355887926420139),.PIECEWISE_BEZIER_KNOTS.);
#101=B_SPLINE_CURVE_WITH_KNOTS('',3,(#15531,#15532,#15533,#15534),.UNSPECIFIED.,.F.,.F.,(4,4),(0.000812326275541094,0.497638512698098),.PIECEWISE_BEZIER_KNOTS.);
#102=B_SPLINE_CURVE_WITH_KNOTS('',3,(#15536,#15537,#15538,#15539),.UNSPECIFIED.,.F.,.F.,(4,4),(0.00081232681861276,0.497638512698098),.PIECEWISE_BEZIER_KNOTS.);
#103=B_SPLINE_CURVE_WITH_KNOTS('',3,(#15549,#15550,#15551,#15552,#15553),.UNSPECIFIED.,.F.,.F.,(4,1,4),(0.,0.00388245119514945,0.00776490239029889),.UNSPECIFIED.);
#104=B_SPLINE_CURVE_WITH_KNOTS('',3,(#15560,#15561,#15562,#15563,#15564),.UNSPECIFIED.,.F.,.F.,(4,1,4),(4.44305997370834E-17,0.00862627126898722,0.0172525425379744),.UNSPECIFIED.);
#105=B_SPLINE_CURVE_WITH_KNOTS('',3,(#15566,#15567,#15568,#15569),.UNSPECIFIED.,.F.,.F.,(4,4),(0.,0.00991073740690784),.UNSPECIFIED.);
#106=B_SPLINE_CURVE_WITH_KNOTS('',3,(#15595,#15596,#15597,#15598),.UNSPECIFIED.,.F.,.F.,(4,4),(0.000812326275541094,0.497638512698098),.PIECEWISE_BEZIER_KNOTS.);
#107=B_SPLINE_CURVE_WITH_KNOTS('',3,(#15600,#15601,#15602,#15603),.UNSPECIFIED.,.F.,.F.,(4,4),(0.00081232681861276,0.497638512698098),.PIECEWISE_BEZIER_KNOTS.);
#108=B_SPLINE_CURVE_WITH_KNOTS('',3,(#15614,#15615,#15616,#15617,#15618),.UNSPECIFIED.,.F.,.F.,(4,1,4),(0.,0.00388245119514945,0.00776490239029889),.UNSPECIFIED.);
#109=B_SPLINE_CURVE_WITH_KNOTS('',3,(#15627,#15628,#15629,#15630,#15631),.UNSPECIFIED.,.F.,.F.,(4,1,4),(0.,0.00862627126898713,0.0172525425379743),.UNSPECIFIED.);
#110=B_SPLINE_CURVE_WITH_KNOTS('',3,(#15633,#15634,#15635,#15636),.UNSPECIFIED.,.F.,.F.,(4,4),(0.,0.00991073740690767),.UNSPECIFIED.);
#111=B_SPLINE_CURVE_WITH_KNOTS('',3,(#15677,#15678,#15679,#15680,#15681),.UNSPECIFIED.,.F.,.F.,(4,1,4),(0.,0.00388245119514945,0.00776490239029889),.UNSPECIFIED.);
#112=B_SPLINE_CURVE_WITH_KNOTS('',3,(#15684,#15685,#15686,#15687),.UNSPECIFIED.,.F.,.F.,(4,4),(0.000812326275541094,0.497638512698098),.PIECEWISE_BEZIER_KNOTS.);
#113=B_SPLINE_CURVE_WITH_KNOTS('',3,(#15691,#15692,#15693,#15694),.UNSPECIFIED.,.F.,.F.,(4,4),(0.,0.00991073740690783),.UNSPECIFIED.);
#114=B_SPLINE_CURVE_WITH_KNOTS('',3,(#15703,#15704,#15705,#15706,#15707),.UNSPECIFIED.,.F.,.F.,(4,1,4),(9.81920912502051E-17,0.00862627126898717,0.0172525425379742),.UNSPECIFIED.);
#115=B_SPLINE_CURVE_WITH_KNOTS('',3,(#15708,#15709,#15710,#15711),.UNSPECIFIED.,.F.,.F.,(4,4),(0.00081232681861276,0.497638512698098),.PIECEWISE_BEZIER_KNOTS.);
#116=B_SPLINE_CURVE_WITH_KNOTS('',3,(#15920,#15921,#15922,#15923),.UNSPECIFIED.,.F.,.F.,(4,4),(0.000812326275541094,0.497638512698098),.PIECEWISE_BEZIER_KNOTS.);
#117=B_SPLINE_CURVE_WITH_KNOTS('',3,(#15925,#15926,#15927,#15928),.UNSPECIFIED.,.F.,.F.,(4,4),(0.00081232681861276,0.497638512698098),.PIECEWISE_BEZIER_KNOTS.);
#118=B_SPLINE_CURVE_WITH_KNOTS('',3,(#15938,#15939,#15940,#15941,#15942),.UNSPECIFIED.,.F.,.F.,(4,1,4),(0.,0.00388245119514945,0.00776490239029889),.UNSPECIFIED.);
#119=B_SPLINE_CURVE_WITH_KNOTS('',3,(#15949,#15950,#15951,#15952,#15953),.UNSPECIFIED.,.F.,.F.,(4,1,4),(4.44305997370834E-17,0.00862627126898722,0.0172525425379744),.UNSPECIFIED.);
#120=B_SPLINE_CURVE_WITH_KNOTS('',3,(#15955,#15956,#15957,#15958),.UNSPECIFIED.,.F.,.F.,(4,4),(0.,0.00991073740690784),.UNSPECIFIED.);
#121=B_SPLINE_CURVE_WITH_KNOTS('',3,(#15984,#15985,#15986,#15987),.UNSPECIFIED.,.F.,.F.,(4,4),(0.000812326275541094,0.497638512698098),.PIECEWISE_BEZIER_KNOTS.);
#122=B_SPLINE_CURVE_WITH_KNOTS('',3,(#15989,#15990,#15991,#15992),.UNSPECIFIED.,.F.,.F.,(4,4),(0.00081232681861276,0.497638512698098),.PIECEWISE_BEZIER_KNOTS.);
#123=B_SPLINE_CURVE_WITH_KNOTS('',3,(#16003,#16004,#16005,#16006,#16007),.UNSPECIFIED.,.F.,.F.,(4,1,4),(0.,0.00388245119514945,0.00776490239029889),.UNSPECIFIED.);
#124=B_SPLINE_CURVE_WITH_KNOTS('',3,(#16016,#16017,#16018,#16019,#16020),.UNSPECIFIED.,.F.,.F.,(4,1,4),(0.,0.00862627126898713,0.0172525425379743),.UNSPECIFIED.);
#125=B_SPLINE_CURVE_WITH_KNOTS('',3,(#16022,#16023,#16024,#16025),.UNSPECIFIED.,.F.,.F.,(4,4),(0.,0.00991073740690767),.UNSPECIFIED.);
#126=B_SPLINE_CURVE_WITH_KNOTS('',3,(#16066,#16067,#16068,#16069,#16070),.UNSPECIFIED.,.F.,.F.,(4,1,4),(0.,0.00388245119514945,0.00776490239029889),.UNSPECIFIED.);
#127=B_SPLINE_CURVE_WITH_KNOTS('',3,(#16073,#16074,#16075,#16076),.UNSPECIFIED.,.F.,.F.,(4,4),(0.000812326275541094,0.497638512698098),.PIECEWISE_BEZIER_KNOTS.);
#128=B_SPLINE_CURVE_WITH_KNOTS('',3,(#16080,#16081,#16082,#16083),.UNSPECIFIED.,.F.,.F.,(4,4),(0.,0.00991073740690783),.UNSPECIFIED.);
#129=B_SPLINE_CURVE_WITH_KNOTS('',3,(#16092,#16093,#16094,#16095,#16096),.UNSPECIFIED.,.F.,.F.,(4,1,4),(9.81920912502051E-17,0.00862627126898717,0.0172525425379742),.UNSPECIFIED.);
#130=B_SPLINE_CURVE_WITH_KNOTS('',3,(#16097,#16098,#16099,#16100),.UNSPECIFIED.,.F.,.F.,(4,4),(0.00081232681861276,0.497638512698098),.PIECEWISE_BEZIER_KNOTS.);
#131=LINE('',#12961,#902);
#132=LINE('',#12967,#903);
#133=LINE('',#12971,#904);
#134=LINE('',#12979,#905);
#135=LINE('',#12986,#906);
#136=LINE('',#12992,#907);
#137=LINE('',#13017,#908);
#138=LINE('',#13023,#909);
#139=LINE('',#13027,#910);
#140=LINE('',#13033,#911);
#141=LINE('',#13035,#912);
#142=LINE('',#13037,#913);
#143=LINE('',#13039,#914);
#144=LINE('',#13041,#915);
#145=LINE('',#13043,#916);
#146=LINE('',#13045,#917);
#147=LINE('',#13047,#918);
#148=LINE('',#13049,#919);
#149=LINE('',#13051,#920);
#150=LINE('',#13053,#921);
#151=LINE('',#13055,#922);
#152=LINE('',#13057,#923);
#153=LINE('',#13059,#924);
#154=LINE('',#13061,#925);
#155=LINE('',#13063,#926);
#156=LINE('',#13065,#927);
#157=LINE('',#13077,#928);
#158=LINE('',#13085,#929);
#159=LINE('',#13098,#930);
#160=LINE('',#13100,#931);
#161=LINE('',#13101,#932);
#162=LINE('',#13103,#933);
#163=LINE('',#13104,#934);
#164=LINE('',#13113,#935);
#165=LINE('',#13114,#936);
#166=LINE('',#13125,#937);
#167=LINE('',#13127,#938);
#168=LINE('',#13129,#939);
#169=LINE('',#13141,#940);
#170=LINE('',#13143,#941);
#171=LINE('',#13146,#942);
#172=LINE('',#13153,#943);
#173=LINE('',#13165,#944);
#174=LINE('',#13167,#945);
#175=LINE('',#13169,#946);
#176=LINE('',#13171,#947);
#177=LINE('',#13172,#948);
#178=LINE('',#13181,#949);
#179=LINE('',#13182,#950);
#180=LINE('',#13193,#951);
#181=LINE('',#13196,#952);
#182=LINE('',#13198,#953);
#183=LINE('',#13200,#954);
#184=LINE('',#13221,#955);
#185=LINE('',#13245,#956);
#186=LINE('',#13246,#957);
#187=LINE('',#13248,#958);
#188=LINE('',#13249,#959);
#189=LINE('',#13251,#960);
#190=LINE('',#13257,#961);
#191=LINE('',#13259,#962);
#192=LINE('',#13261,#963);
#193=LINE('',#13262,#964);
#194=LINE('',#13264,#965);
#195=LINE('',#13267,#966);
#196=LINE('',#13268,#967);
#197=LINE('',#13270,#968);
#198=LINE('',#13274,#969);
#199=LINE('',#13276,#970);
#200=LINE('',#13278,#971);
#201=LINE('',#13280,#972);
#202=LINE('',#13281,#973);
#203=LINE('',#13283,#974);
#204=LINE('',#13284,#975);
#205=LINE('',#13286,#976);
#206=LINE('',#13292,#977);
#207=LINE('',#13295,#978);
#208=LINE('',#13297,#979);
#209=LINE('',#13299,#980);
#210=LINE('',#13301,#981);
#211=LINE('',#13303,#982);
#212=LINE('',#13310,#983);
#213=LINE('',#13312,#984);
#214=LINE('',#13320,#985);
#215=LINE('',#13322,#986);
#216=LINE('',#13324,#987);
#217=LINE('',#13326,#988);
#218=LINE('',#13328,#989);
#219=LINE('',#13330,#990);
#220=LINE('',#13332,#991);
#221=LINE('',#13335,#992);
#222=LINE('',#13345,#993);
#223=LINE('',#13411,#994);
#224=LINE('',#13413,#995);
#225=LINE('',#13415,#996);
#226=LINE('',#13417,#997);
#227=LINE('',#13419,#998);
#228=LINE('',#13421,#999);
#229=LINE('',#13423,#1000);
#230=LINE('',#13424,#1001);
#231=LINE('',#13426,#1002);
#232=LINE('',#13428,#1003);
#233=LINE('',#13430,#1004);
#234=LINE('',#13432,#1005);
#235=LINE('',#13433,#1006);
#236=LINE('',#13435,#1007);
#237=LINE('',#13437,#1008);
#238=LINE('',#13439,#1009);
#239=LINE('',#13441,#1010);
#240=LINE('',#13443,#1011);
#241=LINE('',#13445,#1012);
#242=LINE('',#13448,#1013);
#243=LINE('',#13451,#1014);
#244=LINE('',#13453,#1015);
#245=LINE('',#13455,#1016);
#246=LINE('',#13457,#1017);
#247=LINE('',#13459,#1018);
#248=LINE('',#13461,#1019);
#249=LINE('',#13501,#1020);
#250=LINE('',#13502,#1021);
#251=LINE('',#13504,#1022);
#252=LINE('',#13507,#1023);
#253=LINE('',#13509,#1024);
#254=LINE('',#13511,#1025);
#255=LINE('',#13515,#1026);
#256=LINE('',#13516,#1027);
#257=LINE('',#13518,#1028);
#258=LINE('',#13519,#1029);
#259=LINE('',#13521,#1030);
#260=LINE('',#13522,#1031);
#261=LINE('',#13524,#1032);
#262=LINE('',#13525,#1033);
#263=LINE('',#13527,#1034);
#264=LINE('',#13528,#1035);
#265=LINE('',#13530,#1036);
#266=LINE('',#13531,#1037);
#267=LINE('',#13533,#1038);
#268=LINE('',#13534,#1039);
#269=LINE('',#13536,#1040);
#270=LINE('',#13537,#1041);
#271=LINE('',#13547,#1042);
#272=LINE('',#13549,#1043);
#273=LINE('',#13551,#1044);
#274=LINE('',#13553,#1045);
#275=LINE('',#13555,#1046);
#276=LINE('',#13557,#1047);
#277=LINE('',#13559,#1048);
#278=LINE('',#13561,#1049);
#279=LINE('',#13563,#1050);
#280=LINE('',#13565,#1051);
#281=LINE('',#13567,#1052);
#282=LINE('',#13569,#1053);
#283=LINE('',#13571,#1054);
#284=LINE('',#13573,#1055);
#285=LINE('',#13576,#1056);
#286=LINE('',#13579,#1057);
#287=LINE('',#13590,#1058);
#288=LINE('',#13593,#1059);
#289=LINE('',#13600,#1060);
#290=LINE('',#13602,#1061);
#291=LINE('',#13604,#1062);
#292=LINE('',#13606,#1063);
#293=LINE('',#13608,#1064);
#294=LINE('',#13610,#1065);
#295=LINE('',#13613,#1066);
#296=LINE('',#13615,#1067);
#297=LINE('',#13617,#1068);
#298=LINE('',#13619,#1069);
#299=LINE('',#13621,#1070);
#300=LINE('',#13623,#1071);
#301=LINE('',#13630,#1072);
#302=LINE('',#13637,#1073);
#303=LINE('',#13643,#1074);
#304=LINE('',#13709,#1075);
#305=LINE('',#13710,#1076);
#306=LINE('',#13712,#1077);
#307=LINE('',#13714,#1078);
#308=LINE('',#13716,#1079);
#309=LINE('',#13718,#1080);
#310=LINE('',#13720,#1081);
#311=LINE('',#13722,#1082);
#312=LINE('',#13724,#1083);
#313=LINE('',#13726,#1084);
#314=LINE('',#13728,#1085);
#315=LINE('',#13730,#1086);
#316=LINE('',#13732,#1087);
#317=LINE('',#13734,#1088);
#318=LINE('',#13736,#1089);
#319=LINE('',#13738,#1090);
#320=LINE('',#13740,#1091);
#321=LINE('',#13742,#1092);
#322=LINE('',#13743,#1093);
#323=LINE('',#13746,#1094);
#324=LINE('',#13749,#1095);
#325=LINE('',#13751,#1096);
#326=LINE('',#13753,#1097);
#327=LINE('',#13755,#1098);
#328=LINE('',#13757,#1099);
#329=LINE('',#13759,#1100);
#330=LINE('',#13799,#1101);
#331=LINE('',#13800,#1102);
#332=LINE('',#13802,#1103);
#333=LINE('',#13805,#1104);
#334=LINE('',#13807,#1105);
#335=LINE('',#13809,#1106);
#336=LINE('',#13813,#1107);
#337=LINE('',#13814,#1108);
#338=LINE('',#13816,#1109);
#339=LINE('',#13817,#1110);
#340=LINE('',#13819,#1111);
#341=LINE('',#13820,#1112);
#342=LINE('',#13822,#1113);
#343=LINE('',#13823,#1114);
#344=LINE('',#13825,#1115);
#345=LINE('',#13826,#1116);
#346=LINE('',#13828,#1117);
#347=LINE('',#13829,#1118);
#348=LINE('',#13831,#1119);
#349=LINE('',#13832,#1120);
#350=LINE('',#13834,#1121);
#351=LINE('',#13835,#1122);
#352=LINE('',#13845,#1123);
#353=LINE('',#13847,#1124);
#354=LINE('',#13849,#1125);
#355=LINE('',#13851,#1126);
#356=LINE('',#13853,#1127);
#357=LINE('',#13855,#1128);
#358=LINE('',#13857,#1129);
#359=LINE('',#13859,#1130);
#360=LINE('',#13861,#1131);
#361=LINE('',#13863,#1132);
#362=LINE('',#13865,#1133);
#363=LINE('',#13867,#1134);
#364=LINE('',#13869,#1135);
#365=LINE('',#13871,#1136);
#366=LINE('',#13874,#1137);
#367=LINE('',#13877,#1138);
#368=LINE('',#13966,#1139);
#369=LINE('',#13969,#1140);
#370=LINE('',#13971,#1141);
#371=LINE('',#13973,#1142);
#372=LINE('',#13975,#1143);
#373=LINE('',#13977,#1144);
#374=LINE('',#13984,#1145);
#375=LINE('',#13986,#1146);
#376=LINE('',#13994,#1147);
#377=LINE('',#13996,#1148);
#378=LINE('',#13998,#1149);
#379=LINE('',#14000,#1150);
#380=LINE('',#14002,#1151);
#381=LINE('',#14004,#1152);
#382=LINE('',#14006,#1153);
#383=LINE('',#14009,#1154);
#384=LINE('',#14019,#1155);
#385=LINE('',#14085,#1156);
#386=LINE('',#14087,#1157);
#387=LINE('',#14089,#1158);
#388=LINE('',#14091,#1159);
#389=LINE('',#14093,#1160);
#390=LINE('',#14095,#1161);
#391=LINE('',#14097,#1162);
#392=LINE('',#14098,#1163);
#393=LINE('',#14100,#1164);
#394=LINE('',#14102,#1165);
#395=LINE('',#14104,#1166);
#396=LINE('',#14106,#1167);
#397=LINE('',#14107,#1168);
#398=LINE('',#14109,#1169);
#399=LINE('',#14111,#1170);
#400=LINE('',#14113,#1171);
#401=LINE('',#14115,#1172);
#402=LINE('',#14117,#1173);
#403=LINE('',#14119,#1174);
#404=LINE('',#14122,#1175);
#405=LINE('',#14125,#1176);
#406=LINE('',#14127,#1177);
#407=LINE('',#14129,#1178);
#408=LINE('',#14131,#1179);
#409=LINE('',#14133,#1180);
#410=LINE('',#14135,#1181);
#411=LINE('',#14175,#1182);
#412=LINE('',#14176,#1183);
#413=LINE('',#14178,#1184);
#414=LINE('',#14181,#1185);
#415=LINE('',#14183,#1186);
#416=LINE('',#14185,#1187);
#417=LINE('',#14189,#1188);
#418=LINE('',#14190,#1189);
#419=LINE('',#14192,#1190);
#420=LINE('',#14193,#1191);
#421=LINE('',#14195,#1192);
#422=LINE('',#14196,#1193);
#423=LINE('',#14198,#1194);
#424=LINE('',#14199,#1195);
#425=LINE('',#14201,#1196);
#426=LINE('',#14202,#1197);
#427=LINE('',#14204,#1198);
#428=LINE('',#14205,#1199);
#429=LINE('',#14207,#1200);
#430=LINE('',#14208,#1201);
#431=LINE('',#14210,#1202);
#432=LINE('',#14211,#1203);
#433=LINE('',#14221,#1204);
#434=LINE('',#14223,#1205);
#435=LINE('',#14225,#1206);
#436=LINE('',#14227,#1207);
#437=LINE('',#14229,#1208);
#438=LINE('',#14231,#1209);
#439=LINE('',#14233,#1210);
#440=LINE('',#14235,#1211);
#441=LINE('',#14237,#1212);
#442=LINE('',#14239,#1213);
#443=LINE('',#14241,#1214);
#444=LINE('',#14243,#1215);
#445=LINE('',#14245,#1216);
#446=LINE('',#14247,#1217);
#447=LINE('',#14250,#1218);
#448=LINE('',#14253,#1219);
#449=LINE('',#14269,#1220);
#450=LINE('',#14275,#1221);
#451=LINE('',#14279,#1222);
#452=LINE('',#14287,#1223);
#453=LINE('',#14294,#1224);
#454=LINE('',#14300,#1225);
#455=LINE('',#14325,#1226);
#456=LINE('',#14331,#1227);
#457=LINE('',#14335,#1228);
#458=LINE('',#14341,#1229);
#459=LINE('',#14343,#1230);
#460=LINE('',#14345,#1231);
#461=LINE('',#14347,#1232);
#462=LINE('',#14349,#1233);
#463=LINE('',#14351,#1234);
#464=LINE('',#14353,#1235);
#465=LINE('',#14355,#1236);
#466=LINE('',#14357,#1237);
#467=LINE('',#14359,#1238);
#468=LINE('',#14361,#1239);
#469=LINE('',#14363,#1240);
#470=LINE('',#14365,#1241);
#471=LINE('',#14367,#1242);
#472=LINE('',#14369,#1243);
#473=LINE('',#14371,#1244);
#474=LINE('',#14373,#1245);
#475=LINE('',#14385,#1246);
#476=LINE('',#14393,#1247);
#477=LINE('',#14406,#1248);
#478=LINE('',#14408,#1249);
#479=LINE('',#14409,#1250);
#480=LINE('',#14411,#1251);
#481=LINE('',#14412,#1252);
#482=LINE('',#14421,#1253);
#483=LINE('',#14422,#1254);
#484=LINE('',#14433,#1255);
#485=LINE('',#14435,#1256);
#486=LINE('',#14437,#1257);
#487=LINE('',#14449,#1258);
#488=LINE('',#14451,#1259);
#489=LINE('',#14454,#1260);
#490=LINE('',#14461,#1261);
#491=LINE('',#14473,#1262);
#492=LINE('',#14475,#1263);
#493=LINE('',#14477,#1264);
#494=LINE('',#14479,#1265);
#495=LINE('',#14480,#1266);
#496=LINE('',#14489,#1267);
#497=LINE('',#14490,#1268);
#498=LINE('',#14501,#1269);
#499=LINE('',#14504,#1270);
#500=LINE('',#14506,#1271);
#501=LINE('',#14508,#1272);
#502=LINE('',#14529,#1273);
#503=LINE('',#14553,#1274);
#504=LINE('',#14554,#1275);
#505=LINE('',#14556,#1276);
#506=LINE('',#14557,#1277);
#507=LINE('',#14559,#1278);
#508=LINE('',#14565,#1279);
#509=LINE('',#14567,#1280);
#510=LINE('',#14569,#1281);
#511=LINE('',#14570,#1282);
#512=LINE('',#14572,#1283);
#513=LINE('',#14575,#1284);
#514=LINE('',#14576,#1285);
#515=LINE('',#14578,#1286);
#516=LINE('',#14582,#1287);
#517=LINE('',#14584,#1288);
#518=LINE('',#14586,#1289);
#519=LINE('',#14588,#1290);
#520=LINE('',#14589,#1291);
#521=LINE('',#14591,#1292);
#522=LINE('',#14592,#1293);
#523=LINE('',#14594,#1294);
#524=LINE('',#14600,#1295);
#525=LINE('',#14603,#1296);
#526=LINE('',#14610,#1297);
#527=LINE('',#14612,#1298);
#528=LINE('',#14614,#1299);
#529=LINE('',#14616,#1300);
#530=LINE('',#14618,#1301);
#531=LINE('',#14620,#1302);
#532=LINE('',#14623,#1303);
#533=LINE('',#14625,#1304);
#534=LINE('',#14627,#1305);
#535=LINE('',#14629,#1306);
#536=LINE('',#14631,#1307);
#537=LINE('',#14633,#1308);
#538=LINE('',#14640,#1309);
#539=LINE('',#14647,#1310);
#540=LINE('',#14653,#1311);
#541=LINE('',#14719,#1312);
#542=LINE('',#14720,#1313);
#543=LINE('',#14722,#1314);
#544=LINE('',#14724,#1315);
#545=LINE('',#14726,#1316);
#546=LINE('',#14728,#1317);
#547=LINE('',#14730,#1318);
#548=LINE('',#14732,#1319);
#549=LINE('',#14734,#1320);
#550=LINE('',#14736,#1321);
#551=LINE('',#14738,#1322);
#552=LINE('',#14740,#1323);
#553=LINE('',#14742,#1324);
#554=LINE('',#14744,#1325);
#555=LINE('',#14746,#1326);
#556=LINE('',#14748,#1327);
#557=LINE('',#14750,#1328);
#558=LINE('',#14752,#1329);
#559=LINE('',#14753,#1330);
#560=LINE('',#14756,#1331);
#561=LINE('',#14759,#1332);
#562=LINE('',#14761,#1333);
#563=LINE('',#14763,#1334);
#564=LINE('',#14765,#1335);
#565=LINE('',#14767,#1336);
#566=LINE('',#14769,#1337);
#567=LINE('',#14809,#1338);
#568=LINE('',#14810,#1339);
#569=LINE('',#14812,#1340);
#570=LINE('',#14815,#1341);
#571=LINE('',#14817,#1342);
#572=LINE('',#14819,#1343);
#573=LINE('',#14823,#1344);
#574=LINE('',#14824,#1345);
#575=LINE('',#14826,#1346);
#576=LINE('',#14827,#1347);
#577=LINE('',#14829,#1348);
#578=LINE('',#14830,#1349);
#579=LINE('',#14832,#1350);
#580=LINE('',#14833,#1351);
#581=LINE('',#14835,#1352);
#582=LINE('',#14836,#1353);
#583=LINE('',#14838,#1354);
#584=LINE('',#14839,#1355);
#585=LINE('',#14841,#1356);
#586=LINE('',#14842,#1357);
#587=LINE('',#14844,#1358);
#588=LINE('',#14845,#1359);
#589=LINE('',#14855,#1360);
#590=LINE('',#14857,#1361);
#591=LINE('',#14859,#1362);
#592=LINE('',#14861,#1363);
#593=LINE('',#14863,#1364);
#594=LINE('',#14865,#1365);
#595=LINE('',#14867,#1366);
#596=LINE('',#14869,#1367);
#597=LINE('',#14871,#1368);
#598=LINE('',#14873,#1369);
#599=LINE('',#14875,#1370);
#600=LINE('',#14877,#1371);
#601=LINE('',#14879,#1372);
#602=LINE('',#14881,#1373);
#603=LINE('',#14884,#1374);
#604=LINE('',#14887,#1375);
#605=LINE('',#14912,#1376);
#606=LINE('',#14916,#1377);
#607=LINE('',#14924,#1378);
#608=LINE('',#14928,#1379);
#609=LINE('',#14937,#1380);
#610=LINE('',#14941,#1381);
#611=LINE('',#14945,#1382);
#612=LINE('',#14967,#1383);
#613=LINE('',#14968,#1384);
#614=LINE('',#14982,#1385);
#615=LINE('',#14984,#1386);
#616=LINE('',#14986,#1387);
#617=LINE('',#14990,#1388);
#618=LINE('',#14992,#1389);
#619=LINE('',#14994,#1390);
#620=LINE('',#15011,#1391);
#621=LINE('',#15013,#1392);
#622=LINE('',#15015,#1393);
#623=LINE('',#15019,#1394);
#624=LINE('',#15021,#1395);
#625=LINE('',#15023,#1396);
#626=LINE('',#15037,#1397);
#627=LINE('',#15041,#1398);
#628=LINE('',#15043,#1399);
#629=LINE('',#15045,#1400);
#630=LINE('',#15049,#1401);
#631=LINE('',#15051,#1402);
#632=LINE('',#15053,#1403);
#633=LINE('',#15057,#1404);
#634=LINE('',#15070,#1405);
#635=LINE('',#15106,#1406);
#636=LINE('',#15110,#1407);
#637=LINE('',#15114,#1408);
#638=LINE('',#15118,#1409);
#639=LINE('',#15129,#1410);
#640=LINE('',#15133,#1411);
#641=LINE('',#15135,#1412);
#642=LINE('',#15137,#1413);
#643=LINE('',#15139,#1414);
#644=LINE('',#15143,#1415);
#645=LINE('',#15145,#1416);
#646=LINE('',#15147,#1417);
#647=LINE('',#15151,#1418);
#648=LINE('',#15153,#1419);
#649=LINE('',#15155,#1420);
#650=LINE('',#15170,#1421);
#651=LINE('',#15180,#1422);
#652=LINE('',#15183,#1423);
#653=LINE('',#15185,#1424);
#654=LINE('',#15187,#1425);
#655=LINE('',#15189,#1426);
#656=LINE('',#15191,#1427);
#657=LINE('',#15193,#1428);
#658=LINE('',#15195,#1429);
#659=LINE('',#15197,#1430);
#660=LINE('',#15199,#1431);
#661=LINE('',#15201,#1432);
#662=LINE('',#15202,#1433);
#663=LINE('',#15209,#1434);
#664=LINE('',#15212,#1435);
#665=LINE('',#15214,#1436);
#666=LINE('',#15216,#1437);
#667=LINE('',#15218,#1438);
#668=LINE('',#15220,#1439);
#669=LINE('',#15222,#1440);
#670=LINE('',#15224,#1441);
#671=LINE('',#15226,#1442);
#672=LINE('',#15228,#1443);
#673=LINE('',#15230,#1444);
#674=LINE('',#15231,#1445);
#675=LINE('',#15242,#1446);
#676=LINE('',#15245,#1447);
#677=LINE('',#15247,#1448);
#678=LINE('',#15249,#1449);
#679=LINE('',#15251,#1450);
#680=LINE('',#15253,#1451);
#681=LINE('',#15255,#1452);
#682=LINE('',#15257,#1453);
#683=LINE('',#15259,#1454);
#684=LINE('',#15261,#1455);
#685=LINE('',#15263,#1456);
#686=LINE('',#15265,#1457);
#687=LINE('',#15267,#1458);
#688=LINE('',#15269,#1459);
#689=LINE('',#15271,#1460);
#690=LINE('',#15273,#1461);
#691=LINE('',#15275,#1462);
#692=LINE('',#15277,#1463);
#693=LINE('',#15279,#1464);
#694=LINE('',#15281,#1465);
#695=LINE('',#15309,#1466);
#696=LINE('',#15312,#1467);
#697=LINE('',#15314,#1468);
#698=LINE('',#15316,#1469);
#699=LINE('',#15318,#1470);
#700=LINE('',#15320,#1471);
#701=LINE('',#15322,#1472);
#702=LINE('',#15324,#1473);
#703=LINE('',#15326,#1474);
#704=LINE('',#15328,#1475);
#705=LINE('',#15330,#1476);
#706=LINE('',#15332,#1477);
#707=LINE('',#15334,#1478);
#708=LINE('',#15336,#1479);
#709=LINE('',#15338,#1480);
#710=LINE('',#15340,#1481);
#711=LINE('',#15342,#1482);
#712=LINE('',#15344,#1483);
#713=LINE('',#15346,#1484);
#714=LINE('',#15348,#1485);
#715=LINE('',#15370,#1486);
#716=LINE('',#15371,#1487);
#717=LINE('',#15373,#1488);
#718=LINE('',#15375,#1489);
#719=LINE('',#15377,#1490);
#720=LINE('',#15379,#1491);
#721=LINE('',#15381,#1492);
#722=LINE('',#15383,#1493);
#723=LINE('',#15385,#1494);
#724=LINE('',#15387,#1495);
#725=LINE('',#15389,#1496);
#726=LINE('',#15391,#1497);
#727=LINE('',#15393,#1498);
#728=LINE('',#15395,#1499);
#729=LINE('',#15397,#1500);
#730=LINE('',#15399,#1501);
#731=LINE('',#15401,#1502);
#732=LINE('',#15403,#1503);
#733=LINE('',#15405,#1504);
#734=LINE('',#15407,#1505);
#735=LINE('',#15427,#1506);
#736=LINE('',#15431,#1507);
#737=LINE('',#15437,#1508);
#738=LINE('',#15447,#1509);
#739=LINE('',#15468,#1510);
#740=LINE('',#15474,#1511);
#741=LINE('',#15483,#1512);
#742=LINE('',#15487,#1513);
#743=LINE('',#15493,#1514);
#744=LINE('',#15501,#1515);
#745=LINE('',#15503,#1516);
#746=LINE('',#15505,#1517);
#747=LINE('',#15507,#1518);
#748=LINE('',#15509,#1519);
#749=LINE('',#15511,#1520);
#750=LINE('',#15513,#1521);
#751=LINE('',#15515,#1522);
#752=LINE('',#15517,#1523);
#753=LINE('',#15519,#1524);
#754=LINE('',#15521,#1525);
#755=LINE('',#15523,#1526);
#756=LINE('',#15525,#1527);
#757=LINE('',#15527,#1528);
#758=LINE('',#15529,#1529);
#759=LINE('',#15541,#1530);
#760=LINE('',#15543,#1531);
#761=LINE('',#15545,#1532);
#762=LINE('',#15547,#1533);
#763=LINE('',#15555,#1534);
#764=LINE('',#15556,#1535);
#765=LINE('',#15558,#1536);
#766=LINE('',#15571,#1537);
#767=LINE('',#15572,#1538);
#768=LINE('',#15581,#1539);
#769=LINE('',#15582,#1540);
#770=LINE('',#15593,#1541);
#771=LINE('',#15605,#1542);
#772=LINE('',#15607,#1543);
#773=LINE('',#15609,#1544);
#774=LINE('',#15611,#1545);
#775=LINE('',#15619,#1546);
#776=LINE('',#15621,#1547);
#777=LINE('',#15623,#1548);
#778=LINE('',#15625,#1549);
#779=LINE('',#15637,#1550);
#780=LINE('',#15639,#1551);
#781=LINE('',#15640,#1552);
#782=LINE('',#15649,#1553);
#783=LINE('',#15650,#1554);
#784=LINE('',#15661,#1555);
#785=LINE('',#15664,#1556);
#786=LINE('',#15666,#1557);
#787=LINE('',#15668,#1558);
#788=LINE('',#15689,#1559);
#789=LINE('',#15713,#1560);
#790=LINE('',#15714,#1561);
#791=LINE('',#15716,#1562);
#792=LINE('',#15717,#1563);
#793=LINE('',#15719,#1564);
#794=LINE('',#15725,#1565);
#795=LINE('',#15727,#1566);
#796=LINE('',#15729,#1567);
#797=LINE('',#15730,#1568);
#798=LINE('',#15732,#1569);
#799=LINE('',#15735,#1570);
#800=LINE('',#15736,#1571);
#801=LINE('',#15738,#1572);
#802=LINE('',#15742,#1573);
#803=LINE('',#15744,#1574);
#804=LINE('',#15746,#1575);
#805=LINE('',#15748,#1576);
#806=LINE('',#15749,#1577);
#807=LINE('',#15751,#1578);
#808=LINE('',#15752,#1579);
#809=LINE('',#15754,#1580);
#810=LINE('',#15760,#1581);
#811=LINE('',#15763,#1582);
#812=LINE('',#15765,#1583);
#813=LINE('',#15767,#1584);
#814=LINE('',#15769,#1585);
#815=LINE('',#15772,#1586);
#816=LINE('',#15774,#1587);
#817=LINE('',#15776,#1588);
#818=LINE('',#15778,#1589);
#819=LINE('',#15781,#1590);
#820=LINE('',#15783,#1591);
#821=LINE('',#15785,#1592);
#822=LINE('',#15787,#1593);
#823=LINE('',#15790,#1594);
#824=LINE('',#15792,#1595);
#825=LINE('',#15794,#1596);
#826=LINE('',#15802,#1597);
#827=LINE('',#15816,#1598);
#828=LINE('',#15820,#1599);
#829=LINE('',#15826,#1600);
#830=LINE('',#15836,#1601);
#831=LINE('',#15857,#1602);
#832=LINE('',#15863,#1603);
#833=LINE('',#15872,#1604);
#834=LINE('',#15876,#1605);
#835=LINE('',#15882,#1606);
#836=LINE('',#15890,#1607);
#837=LINE('',#15892,#1608);
#838=LINE('',#15894,#1609);
#839=LINE('',#15896,#1610);
#840=LINE('',#15898,#1611);
#841=LINE('',#15900,#1612);
#842=LINE('',#15902,#1613);
#843=LINE('',#15904,#1614);
#844=LINE('',#15906,#1615);
#845=LINE('',#15908,#1616);
#846=LINE('',#15910,#1617);
#847=LINE('',#15912,#1618);
#848=LINE('',#15914,#1619);
#849=LINE('',#15916,#1620);
#850=LINE('',#15918,#1621);
#851=LINE('',#15930,#1622);
#852=LINE('',#15932,#1623);
#853=LINE('',#15934,#1624);
#854=LINE('',#15936,#1625);
#855=LINE('',#15944,#1626);
#856=LINE('',#15945,#1627);
#857=LINE('',#15947,#1628);
#858=LINE('',#15960,#1629);
#859=LINE('',#15961,#1630);
#860=LINE('',#15970,#1631);
#861=LINE('',#15971,#1632);
#862=LINE('',#15982,#1633);
#863=LINE('',#15994,#1634);
#864=LINE('',#15996,#1635);
#865=LINE('',#15998,#1636);
#866=LINE('',#16000,#1637);
#867=LINE('',#16008,#1638);
#868=LINE('',#16010,#1639);
#869=LINE('',#16012,#1640);
#870=LINE('',#16014,#1641);
#871=LINE('',#16026,#1642);
#872=LINE('',#16028,#1643);
#873=LINE('',#16029,#1644);
#874=LINE('',#16038,#1645);
#875=LINE('',#16039,#1646);
#876=LINE('',#16050,#1647);
#877=LINE('',#16053,#1648);
#878=LINE('',#16055,#1649);
#879=LINE('',#16057,#1650);
#880=LINE('',#16078,#1651);
#881=LINE('',#16102,#1652);
#882=LINE('',#16103,#1653);
#883=LINE('',#16105,#1654);
#884=LINE('',#16106,#1655);
#885=LINE('',#16108,#1656);
#886=LINE('',#16114,#1657);
#887=LINE('',#16116,#1658);
#888=LINE('',#16118,#1659);
#889=LINE('',#16119,#1660);
#890=LINE('',#16121,#1661);
#891=LINE('',#16124,#1662);
#892=LINE('',#16125,#1663);
#893=LINE('',#16127,#1664);
#894=LINE('',#16131,#1665);
#895=LINE('',#16133,#1666);
#896=LINE('',#16135,#1667);
#897=LINE('',#16137,#1668);
#898=LINE('',#16138,#1669);
#899=LINE('',#16140,#1670);
#900=LINE('',#16141,#1671);
#901=LINE('',#16143,#1672);
#902=VECTOR('',#10377,1.);
#903=VECTOR('',#10382,1.);
#904=VECTOR('',#10385,1.);
#905=VECTOR('',#10394,1.);
#906=VECTOR('',#10399,1.);
#907=VECTOR('',#10404,1.);
#908=VECTOR('',#10429,1.);
#909=VECTOR('',#10434,1.);
#910=VECTOR('',#10437,1.);
#911=VECTOR('',#10446,1.);
#912=VECTOR('',#10447,1.);
#913=VECTOR('',#10450,1.);
#914=VECTOR('',#10453,1.);
#915=VECTOR('',#10456,1.);
#916=VECTOR('',#10459,1.);
#917=VECTOR('',#10460,1.);
#918=VECTOR('',#10461,1.);
#919=VECTOR('',#10464,1.);
#920=VECTOR('',#10465,1.);
#921=VECTOR('',#10468,1.);
#922=VECTOR('',#10469,1.);
#923=VECTOR('',#10472,1.);
#924=VECTOR('',#10473,1.);
#925=VECTOR('',#10476,1.);
#926=VECTOR('',#10477,1.);
#927=VECTOR('',#10478,1.);
#928=VECTOR('',#10479,1.);
#929=VECTOR('',#10482,1.);
#930=VECTOR('',#10485,1.);
#931=VECTOR('',#10486,1.);
#932=VECTOR('',#10487,1.);
#933=VECTOR('',#10490,1.);
#934=VECTOR('',#10491,1.);
#935=VECTOR('',#10492,1.);
#936=VECTOR('',#10493,1.);
#937=VECTOR('',#10498,1.);
#938=VECTOR('',#10499,1.);
#939=VECTOR('',#10500,1.);
#940=VECTOR('',#10501,1.);
#941=VECTOR('',#10504,1.);
#942=VECTOR('',#10505,1.);
#943=VECTOR('',#10508,1.);
#944=VECTOR('',#10509,1.);
#945=VECTOR('',#10510,1.);
#946=VECTOR('',#10511,1.);
#947=VECTOR('',#10514,1.);
#948=VECTOR('',#10515,1.);
#949=VECTOR('',#10516,1.);
#950=VECTOR('',#10517,1.);
#951=VECTOR('',#10522,1.);
#952=VECTOR('',#10523,1.);
#953=VECTOR('',#10524,1.);
#954=VECTOR('',#10525,1.);
#955=VECTOR('',#10526,1.);
#956=VECTOR('',#10529,1.);
#957=VECTOR('',#10530,1.);
#958=VECTOR('',#10533,1.);
#959=VECTOR('',#10534,1.);
#960=VECTOR('',#10537,1.);
#961=VECTOR('',#10548,1.);
#962=VECTOR('',#10549,1.);
#963=VECTOR('',#10552,1.);
#964=VECTOR('',#10553,1.);
#965=VECTOR('',#10556,1.);
#966=VECTOR('',#10561,1.);
#967=VECTOR('',#10562,1.);
#968=VECTOR('',#10565,1.);
#969=VECTOR('',#10572,1.);
#970=VECTOR('',#10573,1.);
#971=VECTOR('',#10576,1.);
#972=VECTOR('',#10579,1.);
#973=VECTOR('',#10580,1.);
#974=VECTOR('',#10583,1.);
#975=VECTOR('',#10584,1.);
#976=VECTOR('',#10587,1.);
#977=VECTOR('',#10598,1.);
#978=VECTOR('',#10599,1.);
#979=VECTOR('',#10600,1.);
#980=VECTOR('',#10601,1.);
#981=VECTOR('',#10602,1.);
#982=VECTOR('',#10603,1.);
#983=VECTOR('',#10604,1.);
#984=VECTOR('',#10607,1.);
#985=VECTOR('',#10608,1.);
#986=VECTOR('',#10609,1.);
#987=VECTOR('',#10610,1.);
#988=VECTOR('',#10611,1.);
#989=VECTOR('',#10612,1.);
#990=VECTOR('',#10613,1.);
#991=VECTOR('',#10616,1.);
#992=VECTOR('',#10617,1.);
#993=VECTOR('',#10620,1.);
#994=VECTOR('',#10665,1.);
#995=VECTOR('',#10666,1.);
#996=VECTOR('',#10667,1.);
#997=VECTOR('',#10668,1.);
#998=VECTOR('',#10669,1.);
#999=VECTOR('',#10670,1.);
#1000=VECTOR('',#10671,1.);
#1001=VECTOR('',#10672,1.);
#1002=VECTOR('',#10675,1.);
#1003=VECTOR('',#10676,1.);
#1004=VECTOR('',#10679,1.);
#1005=VECTOR('',#10680,1.);
#1006=VECTOR('',#10681,1.);
#1007=VECTOR('',#10682,1.);
#1008=VECTOR('',#10683,1.);
#1009=VECTOR('',#10684,1.);
#1010=VECTOR('',#10685,1.);
#1011=VECTOR('',#10686,1.);
#1012=VECTOR('',#10687,1.);
#1013=VECTOR('',#10690,1.);
#1014=VECTOR('',#10691,1.);
#1015=VECTOR('',#10692,1.);
#1016=VECTOR('',#10693,1.);
#1017=VECTOR('',#10694,1.);
#1018=VECTOR('',#10695,1.);
#1019=VECTOR('',#10696,1.);
#1020=VECTOR('',#10739,1.);
#1021=VECTOR('',#10740,1.);
#1022=VECTOR('',#10743,1.);
#1023=VECTOR('',#10748,1.);
#1024=VECTOR('',#10751,1.);
#1025=VECTOR('',#10754,1.);
#1026=VECTOR('',#10761,1.);
#1027=VECTOR('',#10762,1.);
#1028=VECTOR('',#10765,1.);
#1029=VECTOR('',#10766,1.);
#1030=VECTOR('',#10769,1.);
#1031=VECTOR('',#10770,1.);
#1032=VECTOR('',#10773,1.);
#1033=VECTOR('',#10774,1.);
#1034=VECTOR('',#10777,1.);
#1035=VECTOR('',#10778,1.);
#1036=VECTOR('',#10781,1.);
#1037=VECTOR('',#10782,1.);
#1038=VECTOR('',#10785,1.);
#1039=VECTOR('',#10786,1.);
#1040=VECTOR('',#10789,1.);
#1041=VECTOR('',#10790,1.);
#1042=VECTOR('',#10809,1.);
#1043=VECTOR('',#10810,1.);
#1044=VECTOR('',#10811,1.);
#1045=VECTOR('',#10814,1.);
#1046=VECTOR('',#10815,1.);
#1047=VECTOR('',#10818,1.);
#1048=VECTOR('',#10819,1.);
#1049=VECTOR('',#10822,1.);
#1050=VECTOR('',#10823,1.);
#1051=VECTOR('',#10826,1.);
#1052=VECTOR('',#10827,1.);
#1053=VECTOR('',#10830,1.);
#1054=VECTOR('',#10831,1.);
#1055=VECTOR('',#10834,1.);
#1056=VECTOR('',#10839,1.);
#1057=VECTOR('',#10844,1.);
#1058=VECTOR('',#10849,1.);
#1059=VECTOR('',#10850,1.);
#1060=VECTOR('',#10851,1.);
#1061=VECTOR('',#10852,1.);
#1062=VECTOR('',#10853,1.);
#1063=VECTOR('',#10854,1.);
#1064=VECTOR('',#10855,1.);
#1065=VECTOR('',#10858,1.);
#1066=VECTOR('',#10859,1.);
#1067=VECTOR('',#10860,1.);
#1068=VECTOR('',#10861,1.);
#1069=VECTOR('',#10862,1.);
#1070=VECTOR('',#10863,1.);
#1071=VECTOR('',#10864,1.);
#1072=VECTOR('',#10867,1.);
#1073=VECTOR('',#10868,1.);
#1074=VECTOR('',#10871,1.);
#1075=VECTOR('',#10916,1.);
#1076=VECTOR('',#10917,1.);
#1077=VECTOR('',#10918,1.);
#1078=VECTOR('',#10919,1.);
#1079=VECTOR('',#10920,1.);
#1080=VECTOR('',#10921,1.);
#1081=VECTOR('',#10922,1.);
#1082=VECTOR('',#10923,1.);
#1083=VECTOR('',#10926,1.);
#1084=VECTOR('',#10927,1.);
#1085=VECTOR('',#10930,1.);
#1086=VECTOR('',#10931,1.);
#1087=VECTOR('',#10932,1.);
#1088=VECTOR('',#10933,1.);
#1089=VECTOR('',#10934,1.);
#1090=VECTOR('',#10935,1.);
#1091=VECTOR('',#10936,1.);
#1092=VECTOR('',#10937,1.);
#1093=VECTOR('',#10938,1.);
#1094=VECTOR('',#10941,1.);
#1095=VECTOR('',#10942,1.);
#1096=VECTOR('',#10943,1.);
#1097=VECTOR('',#10944,1.);
#1098=VECTOR('',#10945,1.);
#1099=VECTOR('',#10946,1.);
#1100=VECTOR('',#10947,1.);
#1101=VECTOR('',#10990,1.);
#1102=VECTOR('',#10991,1.);
#1103=VECTOR('',#10994,1.);
#1104=VECTOR('',#10999,1.);
#1105=VECTOR('',#11002,1.);
#1106=VECTOR('',#11005,1.);
#1107=VECTOR('',#11012,1.);
#1108=VECTOR('',#11013,1.);
#1109=VECTOR('',#11016,1.);
#1110=VECTOR('',#11017,1.);
#1111=VECTOR('',#11020,1.);
#1112=VECTOR('',#11021,1.);
#1113=VECTOR('',#11024,1.);
#1114=VECTOR('',#11025,1.);
#1115=VECTOR('',#11028,1.);
#1116=VECTOR('',#11029,1.);
#1117=VECTOR('',#11032,1.);
#1118=VECTOR('',#11033,1.);
#1119=VECTOR('',#11036,1.);
#1120=VECTOR('',#11037,1.);
#1121=VECTOR('',#11040,1.);
#1122=VECTOR('',#11041,1.);
#1123=VECTOR('',#11060,1.);
#1124=VECTOR('',#11061,1.);
#1125=VECTOR('',#11062,1.);
#1126=VECTOR('',#11065,1.);
#1127=VECTOR('',#11066,1.);
#1128=VECTOR('',#11069,1.);
#1129=VECTOR('',#11070,1.);
#1130=VECTOR('',#11073,1.);
#1131=VECTOR('',#11074,1.);
#1132=VECTOR('',#11077,1.);
#1133=VECTOR('',#11078,1.);
#1134=VECTOR('',#11081,1.);
#1135=VECTOR('',#11082,1.);
#1136=VECTOR('',#11085,1.);
#1137=VECTOR('',#11090,1.);
#1138=VECTOR('',#11095,1.);
#1139=VECTOR('',#11208,1.);
#1140=VECTOR('',#11209,1.);
#1141=VECTOR('',#11210,1.);
#1142=VECTOR('',#11211,1.);
#1143=VECTOR('',#11212,1.);
#1144=VECTOR('',#11213,1.);
#1145=VECTOR('',#11214,1.);
#1146=VECTOR('',#11217,1.);
#1147=VECTOR('',#11218,1.);
#1148=VECTOR('',#11219,1.);
#1149=VECTOR('',#11220,1.);
#1150=VECTOR('',#11221,1.);
#1151=VECTOR('',#11222,1.);
#1152=VECTOR('',#11223,1.);
#1153=VECTOR('',#11226,1.);
#1154=VECTOR('',#11227,1.);
#1155=VECTOR('',#11230,1.);
#1156=VECTOR('',#11275,1.);
#1157=VECTOR('',#11276,1.);
#1158=VECTOR('',#11277,1.);
#1159=VECTOR('',#11278,1.);
#1160=VECTOR('',#11279,1.);
#1161=VECTOR('',#11280,1.);
#1162=VECTOR('',#11281,1.);
#1163=VECTOR('',#11282,1.);
#1164=VECTOR('',#11285,1.);
#1165=VECTOR('',#11286,1.);
#1166=VECTOR('',#11289,1.);
#1167=VECTOR('',#11290,1.);
#1168=VECTOR('',#11291,1.);
#1169=VECTOR('',#11292,1.);
#1170=VECTOR('',#11293,1.);
#1171=VECTOR('',#11294,1.);
#1172=VECTOR('',#11295,1.);
#1173=VECTOR('',#11296,1.);
#1174=VECTOR('',#11297,1.);
#1175=VECTOR('',#11300,1.);
#1176=VECTOR('',#11301,1.);
#1177=VECTOR('',#11302,1.);
#1178=VECTOR('',#11303,1.);
#1179=VECTOR('',#11304,1.);
#1180=VECTOR('',#11305,1.);
#1181=VECTOR('',#11306,1.);
#1182=VECTOR('',#11349,1.);
#1183=VECTOR('',#11350,1.);
#1184=VECTOR('',#11353,1.);
#1185=VECTOR('',#11358,1.);
#1186=VECTOR('',#11361,1.);
#1187=VECTOR('',#11364,1.);
#1188=VECTOR('',#11371,1.);
#1189=VECTOR('',#11372,1.);
#1190=VECTOR('',#11375,1.);
#1191=VECTOR('',#11376,1.);
#1192=VECTOR('',#11379,1.);
#1193=VECTOR('',#11380,1.);
#1194=VECTOR('',#11383,1.);
#1195=VECTOR('',#11384,1.);
#1196=VECTOR('',#11387,1.);
#1197=VECTOR('',#11388,1.);
#1198=VECTOR('',#11391,1.);
#1199=VECTOR('',#11392,1.);
#1200=VECTOR('',#11395,1.);
#1201=VECTOR('',#11396,1.);
#1202=VECTOR('',#11399,1.);
#1203=VECTOR('',#11400,1.);
#1204=VECTOR('',#11419,1.);
#1205=VECTOR('',#11420,1.);
#1206=VECTOR('',#11421,1.);
#1207=VECTOR('',#11424,1.);
#1208=VECTOR('',#11425,1.);
#1209=VECTOR('',#11428,1.);
#1210=VECTOR('',#11429,1.);
#1211=VECTOR('',#11432,1.);
#1212=VECTOR('',#11433,1.);
#1213=VECTOR('',#11436,1.);
#1214=VECTOR('',#11437,1.);
#1215=VECTOR('',#11440,1.);
#1216=VECTOR('',#11441,1.);
#1217=VECTOR('',#11444,1.);
#1218=VECTOR('',#11449,1.);
#1219=VECTOR('',#11454,1.);
#1220=VECTOR('',#11463,1.);
#1221=VECTOR('',#11468,1.);
#1222=VECTOR('',#11471,1.);
#1223=VECTOR('',#11480,1.);
#1224=VECTOR('',#11485,1.);
#1225=VECTOR('',#11490,1.);
#1226=VECTOR('',#11515,1.);
#1227=VECTOR('',#11520,1.);
#1228=VECTOR('',#11523,1.);
#1229=VECTOR('',#11532,1.);
#1230=VECTOR('',#11533,1.);
#1231=VECTOR('',#11536,1.);
#1232=VECTOR('',#11539,1.);
#1233=VECTOR('',#11542,1.);
#1234=VECTOR('',#11545,1.);
#1235=VECTOR('',#11546,1.);
#1236=VECTOR('',#11547,1.);
#1237=VECTOR('',#11550,1.);
#1238=VECTOR('',#11551,1.);
#1239=VECTOR('',#11554,1.);
#1240=VECTOR('',#11555,1.);
#1241=VECTOR('',#11558,1.);
#1242=VECTOR('',#11559,1.);
#1243=VECTOR('',#11562,1.);
#1244=VECTOR('',#11563,1.);
#1245=VECTOR('',#11564,1.);
#1246=VECTOR('',#11565,1.);
#1247=VECTOR('',#11568,1.);
#1248=VECTOR('',#11571,1.);
#1249=VECTOR('',#11572,1.);
#1250=VECTOR('',#11573,1.);
#1251=VECTOR('',#11576,1.);
#1252=VECTOR('',#11577,1.);
#1253=VECTOR('',#11578,1.);
#1254=VECTOR('',#11579,1.);
#1255=VECTOR('',#11584,1.);
#1256=VECTOR('',#11585,1.);
#1257=VECTOR('',#11586,1.);
#1258=VECTOR('',#11587,1.);
#1259=VECTOR('',#11590,1.);
#1260=VECTOR('',#11591,1.);
#1261=VECTOR('',#11594,1.);
#1262=VECTOR('',#11595,1.);
#1263=VECTOR('',#11596,1.);
#1264=VECTOR('',#11597,1.);
#1265=VECTOR('',#11600,1.);
#1266=VECTOR('',#11601,1.);
#1267=VECTOR('',#11602,1.);
#1268=VECTOR('',#11603,1.);
#1269=VECTOR('',#11608,1.);
#1270=VECTOR('',#11609,1.);
#1271=VECTOR('',#11610,1.);
#1272=VECTOR('',#11611,1.);
#1273=VECTOR('',#11612,1.);
#1274=VECTOR('',#11615,1.);
#1275=VECTOR('',#11616,1.);
#1276=VECTOR('',#11619,1.);
#1277=VECTOR('',#11620,1.);
#1278=VECTOR('',#11623,1.);
#1279=VECTOR('',#11634,1.);
#1280=VECTOR('',#11635,1.);
#1281=VECTOR('',#11638,1.);
#1282=VECTOR('',#11639,1.);
#1283=VECTOR('',#11642,1.);
#1284=VECTOR('',#11647,1.);
#1285=VECTOR('',#11648,1.);
#1286=VECTOR('',#11651,1.);
#1287=VECTOR('',#11658,1.);
#1288=VECTOR('',#11659,1.);
#1289=VECTOR('',#11662,1.);
#1290=VECTOR('',#11665,1.);
#1291=VECTOR('',#11666,1.);
#1292=VECTOR('',#11669,1.);
#1293=VECTOR('',#11670,1.);
#1294=VECTOR('',#11673,1.);
#1295=VECTOR('',#11684,1.);
#1296=VECTOR('',#11685,1.);
#1297=VECTOR('',#11686,1.);
#1298=VECTOR('',#11687,1.);
#1299=VECTOR('',#11688,1.);
#1300=VECTOR('',#11689,1.);
#1301=VECTOR('',#11690,1.);
#1302=VECTOR('',#11693,1.);
#1303=VECTOR('',#11694,1.);
#1304=VECTOR('',#11695,1.);
#1305=VECTOR('',#11696,1.);
#1306=VECTOR('',#11697,1.);
#1307=VECTOR('',#11698,1.);
#1308=VECTOR('',#11699,1.);
#1309=VECTOR('',#11702,1.);
#1310=VECTOR('',#11703,1.);
#1311=VECTOR('',#11706,1.);
#1312=VECTOR('',#11751,1.);
#1313=VECTOR('',#11752,1.);
#1314=VECTOR('',#11753,1.);
#1315=VECTOR('',#11754,1.);
#1316=VECTOR('',#11755,1.);
#1317=VECTOR('',#11756,1.);
#1318=VECTOR('',#11757,1.);
#1319=VECTOR('',#11758,1.);
#1320=VECTOR('',#11761,1.);
#1321=VECTOR('',#11762,1.);
#1322=VECTOR('',#11765,1.);
#1323=VECTOR('',#11766,1.);
#1324=VECTOR('',#11767,1.);
#1325=VECTOR('',#11768,1.);
#1326=VECTOR('',#11769,1.);
#1327=VECTOR('',#11770,1.);
#1328=VECTOR('',#11771,1.);
#1329=VECTOR('',#11772,1.);
#1330=VECTOR('',#11773,1.);
#1331=VECTOR('',#11776,1.);
#1332=VECTOR('',#11777,1.);
#1333=VECTOR('',#11778,1.);
#1334=VECTOR('',#11779,1.);
#1335=VECTOR('',#11780,1.);
#1336=VECTOR('',#11781,1.);
#1337=VECTOR('',#11782,1.);
#1338=VECTOR('',#11825,1.);
#1339=VECTOR('',#11826,1.);
#1340=VECTOR('',#11829,1.);
#1341=VECTOR('',#11834,1.);
#1342=VECTOR('',#11837,1.);
#1343=VECTOR('',#11840,1.);
#1344=VECTOR('',#11847,1.);
#1345=VECTOR('',#11848,1.);
#1346=VECTOR('',#11851,1.);
#1347=VECTOR('',#11852,1.);
#1348=VECTOR('',#11855,1.);
#1349=VECTOR('',#11856,1.);
#1350=VECTOR('',#11859,1.);
#1351=VECTOR('',#11860,1.);
#1352=VECTOR('',#11863,1.);
#1353=VECTOR('',#11864,1.);
#1354=VECTOR('',#11867,1.);
#1355=VECTOR('',#11868,1.);
#1356=VECTOR('',#11871,1.);
#1357=VECTOR('',#11872,1.);
#1358=VECTOR('',#11875,1.);
#1359=VECTOR('',#11876,1.);
#1360=VECTOR('',#11895,1.);
#1361=VECTOR('',#11896,1.);
#1362=VECTOR('',#11897,1.);
#1363=VECTOR('',#11900,1.);
#1364=VECTOR('',#11901,1.);
#1365=VECTOR('',#11904,1.);
#1366=VECTOR('',#11905,1.);
#1367=VECTOR('',#11908,1.);
#1368=VECTOR('',#11909,1.);
#1369=VECTOR('',#11912,1.);
#1370=VECTOR('',#11913,1.);
#1371=VECTOR('',#11916,1.);
#1372=VECTOR('',#11917,1.);
#1373=VECTOR('',#11920,1.);
#1374=VECTOR('',#11925,1.);
#1375=VECTOR('',#11930,1.);
#1376=VECTOR('',#11943,1.);
#1377=VECTOR('',#11946,1.);
#1378=VECTOR('',#11947,1.);
#1379=VECTOR('',#11950,1.);
#1380=VECTOR('',#11953,1.);
#1381=VECTOR('',#11956,1.);
#1382=VECTOR('',#11959,1.);
#1383=VECTOR('',#11984,1.);
#1384=VECTOR('',#11985,1.);
#1385=VECTOR('',#11986,1.);
#1386=VECTOR('',#11989,1.);
#1387=VECTOR('',#11990,1.);
#1388=VECTOR('',#11995,1.);
#1389=VECTOR('',#11998,1.);
#1390=VECTOR('',#11999,1.);
#1391=VECTOR('',#12000,1.);
#1392=VECTOR('',#12003,1.);
#1393=VECTOR('',#12004,1.);
#1394=VECTOR('',#12009,1.);
#1395=VECTOR('',#12012,1.);
#1396=VECTOR('',#12013,1.);
#1397=VECTOR('',#12014,1.);
#1398=VECTOR('',#12019,1.);
#1399=VECTOR('',#12022,1.);
#1400=VECTOR('',#12023,1.);
#1401=VECTOR('',#12028,1.);
#1402=VECTOR('',#12031,1.);
#1403=VECTOR('',#12032,1.);
#1404=VECTOR('',#12037,1.);
#1405=VECTOR('',#12054,1.);
#1406=VECTOR('',#12101,1.);
#1407=VECTOR('',#12104,1.);
#1408=VECTOR('',#12107,1.);
#1409=VECTOR('',#12110,1.);
#1410=VECTOR('',#12125,1.);
#1411=VECTOR('',#12128,1.);
#1412=VECTOR('',#12131,1.);
#1413=VECTOR('',#12132,1.);
#1414=VECTOR('',#12135,1.);
#1415=VECTOR('',#12140,1.);
#1416=VECTOR('',#12141,1.);
#1417=VECTOR('',#12144,1.);
#1418=VECTOR('',#12149,1.);
#1419=VECTOR('',#12150,1.);
#1420=VECTOR('',#12153,1.);
#1421=VECTOR('',#12172,1.);
#1422=VECTOR('',#12187,1.);
#1423=VECTOR('',#12188,1.);
#1424=VECTOR('',#12189,1.);
#1425=VECTOR('',#12190,1.);
#1426=VECTOR('',#12193,1.);
#1427=VECTOR('',#12194,1.);
#1428=VECTOR('',#12195,1.);
#1429=VECTOR('',#12198,1.);
#1430=VECTOR('',#12199,1.);
#1431=VECTOR('',#12200,1.);
#1432=VECTOR('',#12203,1.);
#1433=VECTOR('',#12204,1.);
#1434=VECTOR('',#12215,1.);
#1435=VECTOR('',#12216,1.);
#1436=VECTOR('',#12217,1.);
#1437=VECTOR('',#12218,1.);
#1438=VECTOR('',#12221,1.);
#1439=VECTOR('',#12222,1.);
#1440=VECTOR('',#12223,1.);
#1441=VECTOR('',#12226,1.);
#1442=VECTOR('',#12227,1.);
#1443=VECTOR('',#12228,1.);
#1444=VECTOR('',#12231,1.);
#1445=VECTOR('',#12232,1.);
#1446=VECTOR('',#12247,1.);
#1447=VECTOR('',#12248,1.);
#1448=VECTOR('',#12249,1.);
#1449=VECTOR('',#12250,1.);
#1450=VECTOR('',#12251,1.);
#1451=VECTOR('',#12252,1.);
#1452=VECTOR('',#12253,1.);
#1453=VECTOR('',#12254,1.);
#1454=VECTOR('',#12255,1.);
#1455=VECTOR('',#12256,1.);
#1456=VECTOR('',#12257,1.);
#1457=VECTOR('',#12258,1.);
#1458=VECTOR('',#12259,1.);
#1459=VECTOR('',#12260,1.);
#1460=VECTOR('',#12261,1.);
#1461=VECTOR('',#12262,1.);
#1462=VECTOR('',#12263,1.);
#1463=VECTOR('',#12264,1.);
#1464=VECTOR('',#12265,1.);
#1465=VECTOR('',#12266,1.);
#1466=VECTOR('',#12295,1.);
#1467=VECTOR('',#12296,1.);
#1468=VECTOR('',#12297,1.);
#1469=VECTOR('',#12298,1.);
#1470=VECTOR('',#12299,1.);
#1471=VECTOR('',#12300,1.);
#1472=VECTOR('',#12301,1.);
#1473=VECTOR('',#12302,1.);
#1474=VECTOR('',#12303,1.);
#1475=VECTOR('',#12304,1.);
#1476=VECTOR('',#12305,1.);
#1477=VECTOR('',#12306,1.);
#1478=VECTOR('',#12307,1.);
#1479=VECTOR('',#12308,1.);
#1480=VECTOR('',#12309,1.);
#1481=VECTOR('',#12310,1.);
#1482=VECTOR('',#12311,1.);
#1483=VECTOR('',#12312,1.);
#1484=VECTOR('',#12313,1.);
#1485=VECTOR('',#12314,1.);
#1486=VECTOR('',#12337,1.);
#1487=VECTOR('',#12338,1.);
#1488=VECTOR('',#12341,1.);
#1489=VECTOR('',#12344,1.);
#1490=VECTOR('',#12347,1.);
#1491=VECTOR('',#12350,1.);
#1492=VECTOR('',#12353,1.);
#1493=VECTOR('',#12356,1.);
#1494=VECTOR('',#12359,1.);
#1495=VECTOR('',#12362,1.);
#1496=VECTOR('',#12365,1.);
#1497=VECTOR('',#12368,1.);
#1498=VECTOR('',#12371,1.);
#1499=VECTOR('',#12374,1.);
#1500=VECTOR('',#12377,1.);
#1501=VECTOR('',#12380,1.);
#1502=VECTOR('',#12383,1.);
#1503=VECTOR('',#12386,1.);
#1504=VECTOR('',#12389,1.);
#1505=VECTOR('',#12392,1.);
#1506=VECTOR('',#12427,1.);
#1507=VECTOR('',#12430,1.);
#1508=VECTOR('',#12435,1.);
#1509=VECTOR('',#12446,1.);
#1510=VECTOR('',#12465,1.);
#1511=VECTOR('',#12470,1.);
#1512=VECTOR('',#12479,1.);
#1513=VECTOR('',#12482,1.);
#1514=VECTOR('',#12487,1.);
#1515=VECTOR('',#12498,1.);
#1516=VECTOR('',#12499,1.);
#1517=VECTOR('',#12502,1.);
#1518=VECTOR('',#12505,1.);
#1519=VECTOR('',#12508,1.);
#1520=VECTOR('',#12511,1.);
#1521=VECTOR('',#12512,1.);
#1522=VECTOR('',#12513,1.);
#1523=VECTOR('',#12516,1.);
#1524=VECTOR('',#12517,1.);
#1525=VECTOR('',#12520,1.);
#1526=VECTOR('',#12521,1.);
#1527=VECTOR('',#12524,1.);
#1528=VECTOR('',#12525,1.);
#1529=VECTOR('',#12528,1.);
#1530=VECTOR('',#12529,1.);
#1531=VECTOR('',#12530,1.);
#1532=VECTOR('',#12531,1.);
#1533=VECTOR('',#12534,1.);
#1534=VECTOR('',#12537,1.);
#1535=VECTOR('',#12538,1.);
#1536=VECTOR('',#12539,1.);
#1537=VECTOR('',#12542,1.);
#1538=VECTOR('',#12543,1.);
#1539=VECTOR('',#12544,1.);
#1540=VECTOR('',#12545,1.);
#1541=VECTOR('',#12550,1.);
#1542=VECTOR('',#12551,1.);
#1543=VECTOR('',#12552,1.);
#1544=VECTOR('',#12553,1.);
#1545=VECTOR('',#12556,1.);
#1546=VECTOR('',#12557,1.);
#1547=VECTOR('',#12560,1.);
#1548=VECTOR('',#12561,1.);
#1549=VECTOR('',#12562,1.);
#1550=VECTOR('',#12563,1.);
#1551=VECTOR('',#12566,1.);
#1552=VECTOR('',#12567,1.);
#1553=VECTOR('',#12568,1.);
#1554=VECTOR('',#12569,1.);
#1555=VECTOR('',#12574,1.);
#1556=VECTOR('',#12575,1.);
#1557=VECTOR('',#12576,1.);
#1558=VECTOR('',#12577,1.);
#1559=VECTOR('',#12578,1.);
#1560=VECTOR('',#12581,1.);
#1561=VECTOR('',#12582,1.);
#1562=VECTOR('',#12585,1.);
#1563=VECTOR('',#12586,1.);
#1564=VECTOR('',#12589,1.);
#1565=VECTOR('',#12600,1.);
#1566=VECTOR('',#12601,1.);
#1567=VECTOR('',#12604,1.);
#1568=VECTOR('',#12605,1.);
#1569=VECTOR('',#12608,1.);
#1570=VECTOR('',#12613,1.);
#1571=VECTOR('',#12614,1.);
#1572=VECTOR('',#12617,1.);
#1573=VECTOR('',#12624,1.);
#1574=VECTOR('',#12625,1.);
#1575=VECTOR('',#12628,1.);
#1576=VECTOR('',#12631,1.);
#1577=VECTOR('',#12632,1.);
#1578=VECTOR('',#12635,1.);
#1579=VECTOR('',#12636,1.);
#1580=VECTOR('',#12639,1.);
#1581=VECTOR('',#12650,1.);
#1582=VECTOR('',#12651,1.);
#1583=VECTOR('',#12652,1.);
#1584=VECTOR('',#12653,1.);
#1585=VECTOR('',#12656,1.);
#1586=VECTOR('',#12657,1.);
#1587=VECTOR('',#12658,1.);
#1588=VECTOR('',#12659,1.);
#1589=VECTOR('',#12662,1.);
#1590=VECTOR('',#12663,1.);
#1591=VECTOR('',#12664,1.);
#1592=VECTOR('',#12665,1.);
#1593=VECTOR('',#12668,1.);
#1594=VECTOR('',#12669,1.);
#1595=VECTOR('',#12670,1.);
#1596=VECTOR('',#12671,1.);
#1597=VECTOR('',#12686,1.);
#1598=VECTOR('',#12709,1.);
#1599=VECTOR('',#12712,1.);
#1600=VECTOR('',#12717,1.);
#1601=VECTOR('',#12728,1.);
#1602=VECTOR('',#12747,1.);
#1603=VECTOR('',#12752,1.);
#1604=VECTOR('',#12761,1.);
#1605=VECTOR('',#12764,1.);
#1606=VECTOR('',#12769,1.);
#1607=VECTOR('',#12780,1.);
#1608=VECTOR('',#12781,1.);
#1609=VECTOR('',#12784,1.);
#1610=VECTOR('',#12787,1.);
#1611=VECTOR('',#12790,1.);
#1612=VECTOR('',#12793,1.);
#1613=VECTOR('',#12794,1.);
#1614=VECTOR('',#12795,1.);
#1615=VECTOR('',#12798,1.);
#1616=VECTOR('',#12799,1.);
#1617=VECTOR('',#12802,1.);
#1618=VECTOR('',#12803,1.);
#1619=VECTOR('',#12806,1.);
#1620=VECTOR('',#12807,1.);
#1621=VECTOR('',#12810,1.);
#1622=VECTOR('',#12811,1.);
#1623=VECTOR('',#12812,1.);
#1624=VECTOR('',#12813,1.);
#1625=VECTOR('',#12816,1.);
#1626=VECTOR('',#12819,1.);
#1627=VECTOR('',#12820,1.);
#1628=VECTOR('',#12821,1.);
#1629=VECTOR('',#12824,1.);
#1630=VECTOR('',#12825,1.);
#1631=VECTOR('',#12826,1.);
#1632=VECTOR('',#12827,1.);
#1633=VECTOR('',#12832,1.);
#1634=VECTOR('',#12833,1.);
#1635=VECTOR('',#12834,1.);
#1636=VECTOR('',#12835,1.);
#1637=VECTOR('',#12838,1.);
#1638=VECTOR('',#12839,1.);
#1639=VECTOR('',#12842,1.);
#1640=VECTOR('',#12843,1.);
#1641=VECTOR('',#12844,1.);
#1642=VECTOR('',#12845,1.);
#1643=VECTOR('',#12848,1.);
#1644=VECTOR('',#12849,1.);
#1645=VECTOR('',#12850,1.);
#1646=VECTOR('',#12851,1.);
#1647=VECTOR('',#12856,1.);
#1648=VECTOR('',#12857,1.);
#1649=VECTOR('',#12858,1.);
#1650=VECTOR('',#12859,1.);
#1651=VECTOR('',#12860,1.);
#1652=VECTOR('',#12863,1.);
#1653=VECTOR('',#12864,1.);
#1654=VECTOR('',#12867,1.);
#1655=VECTOR('',#12868,1.);
#1656=VECTOR('',#12871,1.);
#1657=VECTOR('',#12882,1.);
#1658=VECTOR('',#12883,1.);
#1659=VECTOR('',#12886,1.);
#1660=VECTOR('',#12887,1.);
#1661=VECTOR('',#12890,1.);
#1662=VECTOR('',#12895,1.);
#1663=VECTOR('',#12896,1.);
#1664=VECTOR('',#12899,1.);
#1665=VECTOR('',#12906,1.);
#1666=VECTOR('',#12907,1.);
#1667=VECTOR('',#12910,1.);
#1668=VECTOR('',#12913,1.);
#1669=VECTOR('',#12914,1.);
#1670=VECTOR('',#12917,1.);
#1671=VECTOR('',#12918,1.);
#1672=VECTOR('',#12921,1.);
#1673=ELLIPSE('',#9441,0.0015664077125383,0.0015);
#1674=ELLIPSE('',#9442,0.0015664077125383,0.0015);
#1675=ELLIPSE('',#9443,0.0015664077125383,0.0015);
#1676=ELLIPSE('',#9444,0.0015664077125383,0.0015);
#1677=ELLIPSE('',#9445,0.0015664077125383,0.0015);
#1678=ELLIPSE('',#9450,0.00417708723343547,0.004);
#1679=ELLIPSE('',#9451,0.00417708723343547,0.004);
#1680=ELLIPSE('',#9452,0.00417708723343547,0.004);
#1681=ELLIPSE('',#9453,0.00417708723343547,0.004);
#1682=ELLIPSE('',#9454,0.00437581876026132,0.004);
#1683=ELLIPSE('',#9455,0.3387950246248,0.004);
#1684=ELLIPSE('',#9456,0.00437581876026132,0.004);
#1685=ELLIPSE('',#9457,0.00437581876026132,0.004);
#1686=ELLIPSE('',#9458,0.3387950246248,0.004);
#1687=ELLIPSE('',#9459,0.00437581876026132,0.004);
#1688=ELLIPSE('',#9460,0.00437581876026132,0.004);
#1689=ELLIPSE('',#9461,0.3387950246248,0.004);
#1690=ELLIPSE('',#9462,0.00417708723343547,0.004);
#1691=ELLIPSE('',#9464,0.001640932035098,0.0015);
#1692=ELLIPSE('',#9465,0.001640932035098,0.0015);
#1693=ELLIPSE('',#9466,0.001640932035098,0.0015);
#1694=ELLIPSE('',#9467,0.001640932035098,0.0015);
#1695=ELLIPSE('',#9468,0.001640932035098,0.0015);
#1696=ELLIPSE('',#9825,0.0015664077125383,0.0015);
#1697=ELLIPSE('',#9826,0.0015664077125383,0.0015);
#1698=ELLIPSE('',#9827,0.0015664077125383,0.0015);
#1699=ELLIPSE('',#9828,0.0015664077125383,0.0015);
#1700=ELLIPSE('',#9829,0.0015664077125383,0.0015);
#1701=ELLIPSE('',#9834,0.00417708723343547,0.004);
#1702=ELLIPSE('',#9835,0.00417708723343547,0.004);
#1703=ELLIPSE('',#9836,0.00417708723343547,0.004);
#1704=ELLIPSE('',#9837,0.00417708723343547,0.004);
#1705=ELLIPSE('',#9838,0.00437581876026132,0.004);
#1706=ELLIPSE('',#9839,0.3387950246248,0.004);
#1707=ELLIPSE('',#9840,0.00437581876026132,0.004);
#1708=ELLIPSE('',#9841,0.00437581876026132,0.004);
#1709=ELLIPSE('',#9842,0.3387950246248,0.004);
#1710=ELLIPSE('',#9843,0.00437581876026132,0.004);
#1711=ELLIPSE('',#9844,0.00437581876026132,0.004);
#1712=ELLIPSE('',#9845,0.3387950246248,0.004);
#1713=ELLIPSE('',#9846,0.00417708723343547,0.004);
#1714=ELLIPSE('',#9848,0.001640932035098,0.0015);
#1715=ELLIPSE('',#9849,0.001640932035098,0.0015);
#1716=ELLIPSE('',#9850,0.001640932035098,0.0015);
#1717=ELLIPSE('',#9851,0.001640932035098,0.0015);
#1718=ELLIPSE('',#9852,0.001640932035098,0.0015);
#1719=ELLIPSE('',#10165,0.0015664077125383,0.0015);
#1720=ELLIPSE('',#10166,0.0015664077125383,0.0015);
#1721=ELLIPSE('',#10167,0.0015664077125383,0.0015);
#1722=ELLIPSE('',#10168,0.0015664077125383,0.0015);
#1723=ELLIPSE('',#10169,0.0015664077125383,0.0015);
#1724=ELLIPSE('',#10174,0.00417708723343547,0.004);
#1725=ELLIPSE('',#10175,0.3387950246248,0.004);
#1726=ELLIPSE('',#10176,0.00437581876026132,0.004);
#1727=ELLIPSE('',#10177,0.00437581876026132,0.004);
#1728=ELLIPSE('',#10178,0.3387950246248,0.004);
#1729=ELLIPSE('',#10179,0.00437581876026132,0.004);
#1730=ELLIPSE('',#10180,0.00437581876026132,0.004);
#1731=ELLIPSE('',#10181,0.3387950246248,0.004);
#1732=ELLIPSE('',#10182,0.00437581876026132,0.004);
#1733=ELLIPSE('',#10183,0.00417708723343547,0.004);
#1734=ELLIPSE('',#10184,0.00417708723343547,0.004);
#1735=ELLIPSE('',#10185,0.00417708723343547,0.004);
#1736=ELLIPSE('',#10186,0.00417708723343547,0.004);
#1737=ELLIPSE('',#10188,0.001640932035098,0.0015);
#1738=ELLIPSE('',#10189,0.001640932035098,0.0015);
#1739=ELLIPSE('',#10190,0.001640932035098,0.0015);
#1740=ELLIPSE('',#10191,0.001640932035098,0.0015);
#1741=ELLIPSE('',#10192,0.001640932035098,0.0015);
#1742=ELLIPSE('',#10254,0.0141421356237309,0.01);
#1743=ELLIPSE('',#10256,0.0141421356237309,0.01);
#1744=ELLIPSE('',#10260,0.0015664077125383,0.0015);
#1745=ELLIPSE('',#10261,0.0015664077125383,0.0015);
#1746=ELLIPSE('',#10262,0.0015664077125383,0.0015);
#1747=ELLIPSE('',#10263,0.0015664077125383,0.0015);
#1748=ELLIPSE('',#10264,0.0015664077125383,0.0015);
#1749=ELLIPSE('',#10269,0.00417708723343547,0.004);
#1750=ELLIPSE('',#10270,0.3387950246248,0.004);
#1751=ELLIPSE('',#10271,0.00437581876026132,0.004);
#1752=ELLIPSE('',#10272,0.00437581876026132,0.004);
#1753=ELLIPSE('',#10273,0.3387950246248,0.004);
#1754=ELLIPSE('',#10274,0.00437581876026132,0.004);
#1755=ELLIPSE('',#10275,0.00437581876026132,0.004);
#1756=ELLIPSE('',#10276,0.3387950246248,0.004);
#1757=ELLIPSE('',#10277,0.00437581876026132,0.004);
#1758=ELLIPSE('',#10278,0.00417708723343547,0.004);
#1759=ELLIPSE('',#10279,0.00417708723343547,0.004);
#1760=ELLIPSE('',#10280,0.00417708723343547,0.004);
#1761=ELLIPSE('',#10281,0.00417708723343547,0.004);
#1762=ELLIPSE('',#10283,0.001640932035098,0.0015);
#1763=ELLIPSE('',#10284,0.001640932035098,0.0015);
#1764=ELLIPSE('',#10285,0.001640932035098,0.0015);
#1765=ELLIPSE('',#10286,0.001640932035098,0.0015);
#1766=ELLIPSE('',#10287,0.001640932035098,0.0015);
#1767=COLOUR_RGB('',0.0470588235294118,0.470588235294118,0.435294117647059);
#1768=COLOUR_RGB('',0.623529411764706,0.666666666666667,0.701960784313725);
#1769=COLOUR_RGB('',0.43921568627451,0.474509803921569,0.501960784313726);
#1770=COLOUR_RGB('',0.823529411764706,0.623529411764706,0.0352941176470589);
#1771=COLOUR_RGB('',0.301960784313725,0.301960784313725,0.301960784313725);
#1772=COLOUR_RGB('',0.901960784313726,0.901960784313726,0.901960784313726);
#1773=COLOUR_RGB('',0.152941176470588,0.0509803921568627,0.168627450980392);
#1774=SHAPE_REPRESENTATION_RELATIONSHIP('','',#9405,#1790);
#1775=SHAPE_REPRESENTATION_RELATIONSHIP('','',#9406,#1791);
#1776=SHAPE_REPRESENTATION_RELATIONSHIP('','',#9407,#1792);
#1777=SHAPE_REPRESENTATION_RELATIONSHIP('','',#9408,#1793);
#1778=SHAPE_REPRESENTATION_RELATIONSHIP('','',#9409,#1794);
#1779=SHAPE_REPRESENTATION_RELATIONSHIP('','',#9410,#1795);
#1780=SHAPE_REPRESENTATION_RELATIONSHIP('','',#9411,#1796);
#1781=SHAPE_REPRESENTATION_RELATIONSHIP('','',#9412,#1797);
#1782=SHAPE_REPRESENTATION_RELATIONSHIP('','',#9413,#1798);
#1783=SHAPE_REPRESENTATION_RELATIONSHIP('','',#9414,#1799);
#1784=SHAPE_REPRESENTATION_RELATIONSHIP('','',#9415,#1800);
#1785=SHAPE_REPRESENTATION_RELATIONSHIP('','',#9416,#1801);
#1786=SHAPE_REPRESENTATION_RELATIONSHIP('','',#9417,#1802);
#1787=SHAPE_REPRESENTATION_RELATIONSHIP('','',#9418,#1803);
#1788=SHAPE_REPRESENTATION_RELATIONSHIP('','',#9419,#1804);
#1789=SHAPE_REPRESENTATION_RELATIONSHIP('','',#9420,#1805);
#1790=ADVANCED_BREP_SHAPE_REPRESENTATION('',(#9373),#16163);
#1791=ADVANCED_BREP_SHAPE_REPRESENTATION('',(#9374),#16164);
#1792=ADVANCED_BREP_SHAPE_REPRESENTATION('',(#9375),#16165);
#1793=ADVANCED_BREP_SHAPE_REPRESENTATION('',(#9376),#16166);
#1794=ADVANCED_BREP_SHAPE_REPRESENTATION('',(#9377),#16167);
#1795=ADVANCED_BREP_SHAPE_REPRESENTATION('',(#9378),#16168);
#1796=ADVANCED_BREP_SHAPE_REPRESENTATION('',(#9379),#16169);
#1797=ADVANCED_BREP_SHAPE_REPRESENTATION('',(#9380),#16170);
#1798=ADVANCED_BREP_SHAPE_REPRESENTATION('',(#9381),#16171);
#1799=ADVANCED_BREP_SHAPE_REPRESENTATION('',(#9382),#16172);
#1800=ADVANCED_BREP_SHAPE_REPRESENTATION('',(#9383),#16173);
#1801=ADVANCED_BREP_SHAPE_REPRESENTATION('',(#9384),#16174);
#1802=ADVANCED_BREP_SHAPE_REPRESENTATION('',(#9385),#16175);
#1803=ADVANCED_BREP_SHAPE_REPRESENTATION('',(#9386),#16176);
#1804=ADVANCED_BREP_SHAPE_REPRESENTATION('',(#9387),#16177);
#1805=ADVANCED_BREP_SHAPE_REPRESENTATION('',(#9388),#16178);
#1806=TOROIDAL_SURFACE('',#9430,0.01075,0.003);
#1807=TOROIDAL_SURFACE('',#9431,0.01075,0.003);
#1808=TOROIDAL_SURFACE('',#9693,0.01075,0.003);
#1809=TOROIDAL_SURFACE('',#9694,0.01075,0.003);
#1810=TOROIDAL_SURFACE('',#9711,0.01075,0.003);
#1811=TOROIDAL_SURFACE('',#9712,0.01075,0.003);
#1812=TOROIDAL_SURFACE('',#9729,0.01075,0.003);
#1813=TOROIDAL_SURFACE('',#9730,0.01075,0.003);
#1814=TOROIDAL_SURFACE('',#10162,0.014,0.01);
#1815=PLANE('',#9425);
#1816=PLANE('',#9428);
#1817=PLANE('',#9434);
#1818=PLANE('',#9438);
#1819=PLANE('',#9470);
#1820=PLANE('',#9471);
#1821=PLANE('',#9472);
#1822=PLANE('',#9473);
#1823=PLANE('',#9474);
#1824=PLANE('',#9475);
#1825=PLANE('',#9476);
#1826=PLANE('',#9477);
#1827=PLANE('',#9478);
#1828=PLANE('',#9479);
#1829=PLANE('',#9480);
#1830=PLANE('',#9481);
#1831=PLANE('',#9482);
#1832=PLANE('',#9483);
#1833=PLANE('',#9484);
#1834=PLANE('',#9485);
#1835=PLANE('',#9486);
#1836=PLANE('',#9487);
#1837=PLANE('',#9488);
#1838=PLANE('',#9489);
#1839=PLANE('',#9490);
#1840=PLANE('',#9491);
#1841=PLANE('',#9492);
#1842=PLANE('',#9493);
#1843=PLANE('',#9494);
#1844=PLANE('',#9495);
#1845=PLANE('',#9496);
#1846=PLANE('',#9497);
#1847=PLANE('',#9498);
#1848=PLANE('',#9499);
#1849=PLANE('',#9500);
#1850=PLANE('',#9501);
#1851=PLANE('',#9502);
#1852=PLANE('',#9503);
#1853=PLANE('',#9504);
#1854=PLANE('',#9505);
#1855=PLANE('',#9506);
#1856=PLANE('',#9507);
#1857=PLANE('',#9508);
#1858=PLANE('',#9509);
#1859=PLANE('',#9510);
#1860=PLANE('',#9511);
#1861=PLANE('',#9512);
#1862=PLANE('',#9513);
#1863=PLANE('',#9515);
#1864=PLANE('',#9516);
#1865=PLANE('',#9517);
#1866=PLANE('',#9518);
#1867=PLANE('',#9523);
#1868=PLANE('',#9541);
#1869=PLANE('',#9542);
#1870=PLANE('',#9544);
#1871=PLANE('',#9564);
#1872=PLANE('',#9565);
#1873=PLANE('',#9566);
#1874=PLANE('',#9567);
#1875=PLANE('',#9568);
#1876=PLANE('',#9569);
#1877=PLANE('',#9570);
#1878=PLANE('',#9588);
#1879=PLANE('',#9589);
#1880=PLANE('',#9590);
#1881=PLANE('',#9591);
#1882=PLANE('',#9592);
#1883=PLANE('',#9593);
#1884=PLANE('',#9594);
#1885=PLANE('',#9595);
#1886=PLANE('',#9596);
#1887=PLANE('',#9597);
#1888=PLANE('',#9598);
#1889=PLANE('',#9600);
#1890=PLANE('',#9601);
#1891=PLANE('',#9602);
#1892=PLANE('',#9603);
#1893=PLANE('',#9608);
#1894=PLANE('',#9626);
#1895=PLANE('',#9627);
#1896=PLANE('',#9629);
#1897=PLANE('',#9649);
#1898=PLANE('',#9650);
#1899=PLANE('',#9651);
#1900=PLANE('',#9652);
#1901=PLANE('',#9653);
#1902=PLANE('',#9654);
#1903=PLANE('',#9655);
#1904=PLANE('',#9673);
#1905=PLANE('',#9674);
#1906=PLANE('',#9675);
#1907=PLANE('',#9676);
#1908=PLANE('',#9677);
#1909=PLANE('',#9678);
#1910=PLANE('',#9679);
#1911=PLANE('',#9680);
#1912=PLANE('',#9681);
#1913=PLANE('',#9682);
#1914=PLANE('',#9683);
#1915=PLANE('',#9688);
#1916=PLANE('',#9691);
#1917=PLANE('',#9697);
#1918=PLANE('',#9701);
#1919=PLANE('',#9706);
#1920=PLANE('',#9709);
#1921=PLANE('',#9715);
#1922=PLANE('',#9719);
#1923=PLANE('',#9724);
#1924=PLANE('',#9727);
#1925=PLANE('',#9733);
#1926=PLANE('',#9737);
#1927=PLANE('',#9739);
#1928=PLANE('',#9740);
#1929=PLANE('',#9741);
#1930=PLANE('',#9742);
#1931=PLANE('',#9747);
#1932=PLANE('',#9765);
#1933=PLANE('',#9766);
#1934=PLANE('',#9768);
#1935=PLANE('',#9788);
#1936=PLANE('',#9789);
#1937=PLANE('',#9790);
#1938=PLANE('',#9791);
#1939=PLANE('',#9792);
#1940=PLANE('',#9793);
#1941=PLANE('',#9794);
#1942=PLANE('',#9812);
#1943=PLANE('',#9813);
#1944=PLANE('',#9814);
#1945=PLANE('',#9815);
#1946=PLANE('',#9816);
#1947=PLANE('',#9817);
#1948=PLANE('',#9818);
#1949=PLANE('',#9819);
#1950=PLANE('',#9820);
#1951=PLANE('',#9821);
#1952=PLANE('',#9822);
#1953=PLANE('',#9854);
#1954=PLANE('',#9855);
#1955=PLANE('',#9856);
#1956=PLANE('',#9857);
#1957=PLANE('',#9858);
#1958=PLANE('',#9859);
#1959=PLANE('',#9860);
#1960=PLANE('',#9861);
#1961=PLANE('',#9862);
#1962=PLANE('',#9863);
#1963=PLANE('',#9864);
#1964=PLANE('',#9865);
#1965=PLANE('',#9866);
#1966=PLANE('',#9867);
#1967=PLANE('',#9868);
#1968=PLANE('',#9869);
#1969=PLANE('',#9870);
#1970=PLANE('',#9871);
#1971=PLANE('',#9872);
#1972=PLANE('',#9873);
#1973=PLANE('',#9874);
#1974=PLANE('',#9875);
#1975=PLANE('',#9876);
#1976=PLANE('',#9877);
#1977=PLANE('',#9878);
#1978=PLANE('',#9879);
#1979=PLANE('',#9880);
#1980=PLANE('',#9881);
#1981=PLANE('',#9882);
#1982=PLANE('',#9883);
#1983=PLANE('',#9884);
#1984=PLANE('',#9885);
#1985=PLANE('',#9886);
#1986=PLANE('',#9887);
#1987=PLANE('',#9888);
#1988=PLANE('',#9889);
#1989=PLANE('',#9890);
#1990=PLANE('',#9891);
#1991=PLANE('',#9892);
#1992=PLANE('',#9893);
#1993=PLANE('',#9894);
#1994=PLANE('',#9895);
#1995=PLANE('',#9896);
#1996=PLANE('',#9897);
#1997=PLANE('',#9899);
#1998=PLANE('',#9900);
#1999=PLANE('',#9901);
#2000=PLANE('',#9902);
#2001=PLANE('',#9907);
#2002=PLANE('',#9925);
#2003=PLANE('',#9926);
#2004=PLANE('',#9928);
#2005=PLANE('',#9948);
#2006=PLANE('',#9949);
#2007=PLANE('',#9950);
#2008=PLANE('',#9951);
#2009=PLANE('',#9952);
#2010=PLANE('',#9953);
#2011=PLANE('',#9954);
#2012=PLANE('',#9972);
#2013=PLANE('',#9973);
#2014=PLANE('',#9974);
#2015=PLANE('',#9975);
#2016=PLANE('',#9976);
#2017=PLANE('',#9977);
#2018=PLANE('',#9978);
#2019=PLANE('',#9979);
#2020=PLANE('',#9980);
#2021=PLANE('',#9981);
#2022=PLANE('',#9982);
#2023=PLANE('',#9984);
#2024=PLANE('',#9995);
#2025=PLANE('',#9998);
#2026=PLANE('',#10001);
#2027=PLANE('',#10006);
#2028=PLANE('',#10009);
#2029=PLANE('',#10010);
#2030=PLANE('',#10013);
#2031=PLANE('',#10016);
#2032=PLANE('',#10019);
#2033=PLANE('',#10029);
#2034=PLANE('',#10032);
#2035=PLANE('',#10034);
#2036=PLANE('',#10051);
#2037=PLANE('',#10056);
#2038=PLANE('',#10058);
#2039=PLANE('',#10060);
#2040=PLANE('',#10064);
#2041=PLANE('',#10067);
#2042=PLANE('',#10070);
#2043=PLANE('',#10080);
#2044=PLANE('',#10083);
#2045=PLANE('',#10084);
#2046=PLANE('',#10086);
#2047=PLANE('',#10088);
#2048=PLANE('',#10089);
#2049=PLANE('',#10090);
#2050=PLANE('',#10091);
#2051=PLANE('',#10092);
#2052=PLANE('',#10095);
#2053=PLANE('',#10096);
#2054=PLANE('',#10097);
#2055=PLANE('',#10098);
#2056=PLANE('',#10099);
#2057=PLANE('',#10100);
#2058=PLANE('',#10102);
#2059=PLANE('',#10116);
#2060=PLANE('',#10130);
#2061=PLANE('',#10131);
#2062=PLANE('',#10132);
#2063=PLANE('',#10133);
#2064=PLANE('',#10134);
#2065=PLANE('',#10135);
#2066=PLANE('',#10136);
#2067=PLANE('',#10137);
#2068=PLANE('',#10138);
#2069=PLANE('',#10139);
#2070=PLANE('',#10140);
#2071=PLANE('',#10141);
#2072=PLANE('',#10142);
#2073=PLANE('',#10143);
#2074=PLANE('',#10144);
#2075=PLANE('',#10145);
#2076=PLANE('',#10146);
#2077=PLANE('',#10147);
#2078=PLANE('',#10148);
#2079=PLANE('',#10156);
#2080=PLANE('',#10194);
#2081=PLANE('',#10195);
#2082=PLANE('',#10196);
#2083=PLANE('',#10197);
#2084=PLANE('',#10198);
#2085=PLANE('',#10199);
#2086=PLANE('',#10200);
#2087=PLANE('',#10201);
#2088=PLANE('',#10202);
#2089=PLANE('',#10203);
#2090=PLANE('',#10204);
#2091=PLANE('',#10205);
#2092=PLANE('',#10206);
#2093=PLANE('',#10207);
#2094=PLANE('',#10208);
#2095=PLANE('',#10209);
#2096=PLANE('',#10210);
#2097=PLANE('',#10211);
#2098=PLANE('',#10212);
#2099=PLANE('',#10213);
#2100=PLANE('',#10214);
#2101=PLANE('',#10215);
#2102=PLANE('',#10216);
#2103=PLANE('',#10217);
#2104=PLANE('',#10218);
#2105=PLANE('',#10219);
#2106=PLANE('',#10220);
#2107=PLANE('',#10221);
#2108=PLANE('',#10222);
#2109=PLANE('',#10223);
#2110=PLANE('',#10224);
#2111=PLANE('',#10225);
#2112=PLANE('',#10226);
#2113=PLANE('',#10227);
#2114=PLANE('',#10228);
#2115=PLANE('',#10229);
#2116=PLANE('',#10230);
#2117=PLANE('',#10231);
#2118=PLANE('',#10232);
#2119=PLANE('',#10233);
#2120=PLANE('',#10234);
#2121=PLANE('',#10235);
#2122=PLANE('',#10236);
#2123=PLANE('',#10237);
#2124=PLANE('',#10239);
#2125=PLANE('',#10240);
#2126=PLANE('',#10241);
#2127=PLANE('',#10242);
#2128=PLANE('',#10243);
#2129=PLANE('',#10248);
#2130=PLANE('',#10289);
#2131=PLANE('',#10290);
#2132=PLANE('',#10291);
#2133=PLANE('',#10292);
#2134=PLANE('',#10293);
#2135=PLANE('',#10294);
#2136=PLANE('',#10295);
#2137=PLANE('',#10296);
#2138=PLANE('',#10297);
#2139=PLANE('',#10298);
#2140=PLANE('',#10299);
#2141=PLANE('',#10300);
#2142=PLANE('',#10301);
#2143=PLANE('',#10302);
#2144=PLANE('',#10303);
#2145=PLANE('',#10304);
#2146=PLANE('',#10305);
#2147=PLANE('',#10306);
#2148=PLANE('',#10307);
#2149=PLANE('',#10308);
#2150=PLANE('',#10309);
#2151=PLANE('',#10310);
#2152=PLANE('',#10311);
#2153=PLANE('',#10312);
#2154=PLANE('',#10313);
#2155=PLANE('',#10314);
#2156=PLANE('',#10315);
#2157=PLANE('',#10316);
#2158=PLANE('',#10317);
#2159=PLANE('',#10318);
#2160=PLANE('',#10319);
#2161=PLANE('',#10320);
#2162=PLANE('',#10321);
#2163=PLANE('',#10322);
#2164=PLANE('',#10323);
#2165=PLANE('',#10324);
#2166=PLANE('',#10325);
#2167=PLANE('',#10326);
#2168=PLANE('',#10327);
#2169=PLANE('',#10328);
#2170=PLANE('',#10329);
#2171=PLANE('',#10330);
#2172=PLANE('',#10331);
#2173=PLANE('',#10332);
#2174=ORIENTED_EDGE('',*,*,#4656,.T.);
#2175=ORIENTED_EDGE('',*,*,#4657,.T.);
#2176=ORIENTED_EDGE('',*,*,#4658,.F.);
#2177=ORIENTED_EDGE('',*,*,#4659,.T.);
#2178=ORIENTED_EDGE('',*,*,#4660,.T.);
#2179=ORIENTED_EDGE('',*,*,#4660,.F.);
#2180=ORIENTED_EDGE('',*,*,#4656,.F.);
#2181=ORIENTED_EDGE('',*,*,#4657,.F.);
#2182=ORIENTED_EDGE('',*,*,#4659,.F.);
#2183=ORIENTED_EDGE('',*,*,#4661,.F.);
#2184=ORIENTED_EDGE('',*,*,#4658,.T.);
#2185=ORIENTED_EDGE('',*,*,#4662,.F.);
#2186=ORIENTED_EDGE('',*,*,#4661,.T.);
#2187=ORIENTED_EDGE('',*,*,#4663,.F.);
#2188=ORIENTED_EDGE('',*,*,#4662,.T.);
#2189=ORIENTED_EDGE('',*,*,#4663,.T.);
#2190=ORIENTED_EDGE('',*,*,#4664,.F.);
#2191=ORIENTED_EDGE('',*,*,#4665,.F.);
#2192=ORIENTED_EDGE('',*,*,#4666,.T.);
#2193=ORIENTED_EDGE('',*,*,#4667,.F.);
#2194=ORIENTED_EDGE('',*,*,#4668,.F.);
#2195=ORIENTED_EDGE('',*,*,#4669,.T.);
#2196=ORIENTED_EDGE('',*,*,#4670,.F.);
#2197=ORIENTED_EDGE('',*,*,#4671,.T.);
#2198=ORIENTED_EDGE('',*,*,#4672,.F.);
#2199=ORIENTED_EDGE('',*,*,#4673,.T.);
#2200=ORIENTED_EDGE('',*,*,#4674,.F.);
#2201=ORIENTED_EDGE('',*,*,#4675,.F.);
#2202=ORIENTED_EDGE('',*,*,#4676,.T.);
#2203=ORIENTED_EDGE('',*,*,#4677,.T.);
#2204=ORIENTED_EDGE('',*,*,#4678,.F.);
#2205=ORIENTED_EDGE('',*,*,#4679,.T.);
#2206=ORIENTED_EDGE('',*,*,#4680,.T.);
#2207=ORIENTED_EDGE('',*,*,#4681,.F.);
#2208=ORIENTED_EDGE('',*,*,#4682,.T.);
#2209=ORIENTED_EDGE('',*,*,#4683,.T.);
#2210=ORIENTED_EDGE('',*,*,#4684,.T.);
#2211=ORIENTED_EDGE('',*,*,#4685,.T.);
#2212=ORIENTED_EDGE('',*,*,#4686,.T.);
#2213=ORIENTED_EDGE('',*,*,#4687,.T.);
#2214=ORIENTED_EDGE('',*,*,#4688,.T.);
#2215=ORIENTED_EDGE('',*,*,#4689,.T.);
#2216=ORIENTED_EDGE('',*,*,#4690,.T.);
#2217=ORIENTED_EDGE('',*,*,#4691,.F.);
#2218=ORIENTED_EDGE('',*,*,#4692,.F.);
#2219=ORIENTED_EDGE('',*,*,#4693,.T.);
#2220=ORIENTED_EDGE('',*,*,#4694,.F.);
#2221=ORIENTED_EDGE('',*,*,#4695,.F.);
#2222=ORIENTED_EDGE('',*,*,#4696,.T.);
#2223=ORIENTED_EDGE('',*,*,#4697,.F.);
#2224=ORIENTED_EDGE('',*,*,#4698,.T.);
#2225=ORIENTED_EDGE('',*,*,#4699,.T.);
#2226=ORIENTED_EDGE('',*,*,#4699,.F.);
#2227=ORIENTED_EDGE('',*,*,#4674,.T.);
#2228=ORIENTED_EDGE('',*,*,#4672,.T.);
#2229=ORIENTED_EDGE('',*,*,#4673,.F.);
#2230=ORIENTED_EDGE('',*,*,#4684,.F.);
#2231=ORIENTED_EDGE('',*,*,#4700,.F.);
#2232=ORIENTED_EDGE('',*,*,#4701,.F.);
#2233=ORIENTED_EDGE('',*,*,#4683,.F.);
#2234=ORIENTED_EDGE('',*,*,#4702,.F.);
#2235=ORIENTED_EDGE('',*,*,#4700,.T.);
#2236=ORIENTED_EDGE('',*,*,#4685,.F.);
#2237=ORIENTED_EDGE('',*,*,#4701,.T.);
#2238=ORIENTED_EDGE('',*,*,#4703,.T.);
#2239=ORIENTED_EDGE('',*,*,#4686,.F.);
#2240=ORIENTED_EDGE('',*,*,#4703,.F.);
#2241=ORIENTED_EDGE('',*,*,#4704,.T.);
#2242=ORIENTED_EDGE('',*,*,#4677,.F.);
#2243=ORIENTED_EDGE('',*,*,#4705,.T.);
#2244=ORIENTED_EDGE('',*,*,#4706,.T.);
#2245=ORIENTED_EDGE('',*,*,#4707,.T.);
#2246=ORIENTED_EDGE('',*,*,#4706,.F.);
#2247=ORIENTED_EDGE('',*,*,#4708,.T.);
#2248=ORIENTED_EDGE('',*,*,#4709,.T.);
#2249=ORIENTED_EDGE('',*,*,#4676,.F.);
#2250=ORIENTED_EDGE('',*,*,#4710,.F.);
#2251=ORIENTED_EDGE('',*,*,#4711,.F.);
#2252=ORIENTED_EDGE('',*,*,#4705,.F.);
#2253=ORIENTED_EDGE('',*,*,#4712,.F.);
#2254=ORIENTED_EDGE('',*,*,#4711,.T.);
#2255=ORIENTED_EDGE('',*,*,#4713,.F.);
#2256=ORIENTED_EDGE('',*,*,#4688,.F.);
#2257=ORIENTED_EDGE('',*,*,#4714,.T.);
#2258=ORIENTED_EDGE('',*,*,#4715,.F.);
#2259=ORIENTED_EDGE('',*,*,#4716,.T.);
#2260=ORIENTED_EDGE('',*,*,#4717,.F.);
#2261=ORIENTED_EDGE('',*,*,#4718,.T.);
#2262=ORIENTED_EDGE('',*,*,#4719,.T.);
#2263=ORIENTED_EDGE('',*,*,#4689,.F.);
#2264=ORIENTED_EDGE('',*,*,#4719,.F.);
#2265=ORIENTED_EDGE('',*,*,#4720,.T.);
#2266=ORIENTED_EDGE('',*,*,#4721,.T.);
#2267=ORIENTED_EDGE('',*,*,#4690,.F.);
#2268=ORIENTED_EDGE('',*,*,#4721,.F.);
#2269=ORIENTED_EDGE('',*,*,#4722,.T.);
#2270=ORIENTED_EDGE('',*,*,#4723,.F.);
#2271=ORIENTED_EDGE('',*,*,#4724,.T.);
#2272=ORIENTED_EDGE('',*,*,#4725,.T.);
#2273=ORIENTED_EDGE('',*,*,#4712,.T.);
#2274=ORIENTED_EDGE('',*,*,#4726,.F.);
#2275=ORIENTED_EDGE('',*,*,#4715,.T.);
#2276=ORIENTED_EDGE('',*,*,#4727,.T.);
#2277=ORIENTED_EDGE('',*,*,#4725,.F.);
#2278=ORIENTED_EDGE('',*,*,#4728,.T.);
#2279=ORIENTED_EDGE('',*,*,#4729,.F.);
#2280=ORIENTED_EDGE('',*,*,#4723,.T.);
#2281=ORIENTED_EDGE('',*,*,#4730,.T.);
#2282=ORIENTED_EDGE('',*,*,#4717,.T.);
#2283=ORIENTED_EDGE('',*,*,#4720,.F.);
#2284=ORIENTED_EDGE('',*,*,#4718,.F.);
#2285=ORIENTED_EDGE('',*,*,#4730,.F.);
#2286=ORIENTED_EDGE('',*,*,#4722,.F.);
#2287=ORIENTED_EDGE('',*,*,#4724,.F.);
#2288=ORIENTED_EDGE('',*,*,#4729,.T.);
#2289=ORIENTED_EDGE('',*,*,#4716,.F.);
#2290=ORIENTED_EDGE('',*,*,#4728,.F.);
#2291=ORIENTED_EDGE('',*,*,#4682,.F.);
#2292=ORIENTED_EDGE('',*,*,#4731,.T.);
#2293=ORIENTED_EDGE('',*,*,#4732,.F.);
#2294=ORIENTED_EDGE('',*,*,#4733,.T.);
#2295=ORIENTED_EDGE('',*,*,#4734,.F.);
#2296=ORIENTED_EDGE('',*,*,#4735,.T.);
#2297=ORIENTED_EDGE('',*,*,#4736,.T.);
#2298=ORIENTED_EDGE('',*,*,#4702,.T.);
#2299=ORIENTED_EDGE('',*,*,#4737,.T.);
#2300=ORIENTED_EDGE('',*,*,#4738,.T.);
#2301=ORIENTED_EDGE('',*,*,#4736,.F.);
#2302=ORIENTED_EDGE('',*,*,#4739,.T.);
#2303=ORIENTED_EDGE('',*,*,#4680,.F.);
#2304=ORIENTED_EDGE('',*,*,#4740,.T.);
#2305=ORIENTED_EDGE('',*,*,#4737,.F.);
#2306=ORIENTED_EDGE('',*,*,#4741,.T.);
#2307=ORIENTED_EDGE('',*,*,#4742,.F.);
#2308=ORIENTED_EDGE('',*,*,#4743,.T.);
#2309=ORIENTED_EDGE('',*,*,#4744,.T.);
#2310=ORIENTED_EDGE('',*,*,#4745,.T.);
#2311=ORIENTED_EDGE('',*,*,#4746,.T.);
#2312=ORIENTED_EDGE('',*,*,#4732,.T.);
#2313=ORIENTED_EDGE('',*,*,#4747,.T.);
#2314=ORIENTED_EDGE('',*,*,#4744,.F.);
#2315=ORIENTED_EDGE('',*,*,#4748,.F.);
#2316=ORIENTED_EDGE('',*,*,#4742,.T.);
#2317=ORIENTED_EDGE('',*,*,#4749,.T.);
#2318=ORIENTED_EDGE('',*,*,#4734,.T.);
#2319=ORIENTED_EDGE('',*,*,#4739,.F.);
#2320=ORIENTED_EDGE('',*,*,#4735,.F.);
#2321=ORIENTED_EDGE('',*,*,#4749,.F.);
#2322=ORIENTED_EDGE('',*,*,#4741,.F.);
#2323=ORIENTED_EDGE('',*,*,#4743,.F.);
#2324=ORIENTED_EDGE('',*,*,#4748,.T.);
#2325=ORIENTED_EDGE('',*,*,#4733,.F.);
#2326=ORIENTED_EDGE('',*,*,#4746,.F.);
#2327=ORIENTED_EDGE('',*,*,#4750,.T.);
#2328=ORIENTED_EDGE('',*,*,#4751,.T.);
#2329=ORIENTED_EDGE('',*,*,#4752,.T.);
#2330=ORIENTED_EDGE('',*,*,#4753,.F.);
#2331=ORIENTED_EDGE('',*,*,#4754,.T.);
#2332=ORIENTED_EDGE('',*,*,#4755,.T.);
#2333=ORIENTED_EDGE('',*,*,#4756,.T.);
#2334=ORIENTED_EDGE('',*,*,#4757,.T.);
#2335=ORIENTED_EDGE('',*,*,#4753,.T.);
#2336=ORIENTED_EDGE('',*,*,#4758,.F.);
#2337=ORIENTED_EDGE('',*,*,#4756,.F.);
#2338=ORIENTED_EDGE('',*,*,#4759,.F.);
#2339=ORIENTED_EDGE('',*,*,#4727,.F.);
#2340=ORIENTED_EDGE('',*,*,#4760,.F.);
#2341=ORIENTED_EDGE('',*,*,#4751,.F.);
#2342=ORIENTED_EDGE('',*,*,#4761,.T.);
#2343=ORIENTED_EDGE('',*,*,#4738,.F.);
#2344=ORIENTED_EDGE('',*,*,#4762,.F.);
#2345=ORIENTED_EDGE('',*,*,#4754,.F.);
#2346=ORIENTED_EDGE('',*,*,#4763,.T.);
#2347=ORIENTED_EDGE('',*,*,#4679,.F.);
#2348=ORIENTED_EDGE('',*,*,#4764,.T.);
#2349=ORIENTED_EDGE('',*,*,#4708,.F.);
#2350=ORIENTED_EDGE('',*,*,#4761,.F.);
#2351=ORIENTED_EDGE('',*,*,#4750,.F.);
#2352=ORIENTED_EDGE('',*,*,#4759,.T.);
#2353=ORIENTED_EDGE('',*,*,#4755,.F.);
#2354=ORIENTED_EDGE('',*,*,#4762,.T.);
#2355=ORIENTED_EDGE('',*,*,#4740,.F.);
#2356=ORIENTED_EDGE('',*,*,#4687,.F.);
#2357=ORIENTED_EDGE('',*,*,#4704,.F.);
#2358=ORIENTED_EDGE('',*,*,#4763,.F.);
#2359=ORIENTED_EDGE('',*,*,#4757,.F.);
#2360=ORIENTED_EDGE('',*,*,#4758,.T.);
#2361=ORIENTED_EDGE('',*,*,#4752,.F.);
#2362=ORIENTED_EDGE('',*,*,#4760,.T.);
#2363=ORIENTED_EDGE('',*,*,#4714,.F.);
#2364=ORIENTED_EDGE('',*,*,#4764,.F.);
#2365=ORIENTED_EDGE('',*,*,#4678,.T.);
#2366=ORIENTED_EDGE('',*,*,#4707,.F.);
#2367=ORIENTED_EDGE('',*,*,#4709,.F.);
#2368=ORIENTED_EDGE('',*,*,#4710,.T.);
#2369=ORIENTED_EDGE('',*,*,#4675,.T.);
#2370=ORIENTED_EDGE('',*,*,#4726,.T.);
#2371=ORIENTED_EDGE('',*,*,#4713,.T.);
#2372=ORIENTED_EDGE('',*,*,#4731,.F.);
#2373=ORIENTED_EDGE('',*,*,#4681,.T.);
#2374=ORIENTED_EDGE('',*,*,#4745,.F.);
#2375=ORIENTED_EDGE('',*,*,#4747,.F.);
#2376=ORIENTED_EDGE('',*,*,#4693,.F.);
#2377=ORIENTED_EDGE('',*,*,#4765,.F.);
#2378=ORIENTED_EDGE('',*,*,#4766,.F.);
#2379=ORIENTED_EDGE('',*,*,#4767,.F.);
#2380=ORIENTED_EDGE('',*,*,#4695,.T.);
#2381=ORIENTED_EDGE('',*,*,#4768,.F.);
#2382=ORIENTED_EDGE('',*,*,#4696,.F.);
#2383=ORIENTED_EDGE('',*,*,#4767,.T.);
#2384=ORIENTED_EDGE('',*,*,#4769,.T.);
#2385=ORIENTED_EDGE('',*,*,#4768,.T.);
#2386=ORIENTED_EDGE('',*,*,#4694,.T.);
#2387=ORIENTED_EDGE('',*,*,#4766,.T.);
#2388=ORIENTED_EDGE('',*,*,#4770,.T.);
#2389=ORIENTED_EDGE('',*,*,#4691,.T.);
#2390=ORIENTED_EDGE('',*,*,#4771,.T.);
#2391=ORIENTED_EDGE('',*,*,#4698,.F.);
#2392=ORIENTED_EDGE('',*,*,#4772,.T.);
#2393=ORIENTED_EDGE('',*,*,#4771,.F.);
#2394=ORIENTED_EDGE('',*,*,#4772,.F.);
#2395=ORIENTED_EDGE('',*,*,#4697,.T.);
#2396=ORIENTED_EDGE('',*,*,#4769,.F.);
#2397=ORIENTED_EDGE('',*,*,#4765,.T.);
#2398=ORIENTED_EDGE('',*,*,#4692,.T.);
#2399=ORIENTED_EDGE('',*,*,#4770,.F.);
#2400=ORIENTED_EDGE('',*,*,#4773,.T.);
#2401=ORIENTED_EDGE('',*,*,#4665,.T.);
#2402=ORIENTED_EDGE('',*,*,#4774,.F.);
#2403=ORIENTED_EDGE('',*,*,#4774,.T.);
#2404=ORIENTED_EDGE('',*,*,#4664,.T.);
#2405=ORIENTED_EDGE('',*,*,#4775,.T.);
#2406=ORIENTED_EDGE('',*,*,#4776,.T.);
#2407=ORIENTED_EDGE('',*,*,#4670,.T.);
#2408=ORIENTED_EDGE('',*,*,#4777,.F.);
#2409=ORIENTED_EDGE('',*,*,#4778,.F.);
#2410=ORIENTED_EDGE('',*,*,#4668,.T.);
#2411=ORIENTED_EDGE('',*,*,#4779,.F.);
#2412=ORIENTED_EDGE('',*,*,#4779,.T.);
#2413=ORIENTED_EDGE('',*,*,#4667,.T.);
#2414=ORIENTED_EDGE('',*,*,#4780,.T.);
#2415=ORIENTED_EDGE('',*,*,#4671,.F.);
#2416=ORIENTED_EDGE('',*,*,#4776,.F.);
#2417=ORIENTED_EDGE('',*,*,#4775,.F.);
#2418=ORIENTED_EDGE('',*,*,#4669,.F.);
#2419=ORIENTED_EDGE('',*,*,#4778,.T.);
#2420=ORIENTED_EDGE('',*,*,#4777,.T.);
#2421=ORIENTED_EDGE('',*,*,#4666,.F.);
#2422=ORIENTED_EDGE('',*,*,#4773,.F.);
#2423=ORIENTED_EDGE('',*,*,#4780,.F.);
#2424=ORIENTED_EDGE('',*,*,#4781,.T.);
#2425=ORIENTED_EDGE('',*,*,#4782,.F.);
#2426=ORIENTED_EDGE('',*,*,#4783,.F.);
#2427=ORIENTED_EDGE('',*,*,#4784,.T.);
#2428=ORIENTED_EDGE('',*,*,#4785,.F.);
#2429=ORIENTED_EDGE('',*,*,#4786,.T.);
#2430=ORIENTED_EDGE('',*,*,#4787,.F.);
#2431=ORIENTED_EDGE('',*,*,#4788,.F.);
#2432=ORIENTED_EDGE('',*,*,#4789,.T.);
#2433=ORIENTED_EDGE('',*,*,#4790,.T.);
#2434=ORIENTED_EDGE('',*,*,#4791,.T.);
#2435=ORIENTED_EDGE('',*,*,#4792,.T.);
#2436=ORIENTED_EDGE('',*,*,#4793,.F.);
#2437=ORIENTED_EDGE('',*,*,#4794,.T.);
#2438=ORIENTED_EDGE('',*,*,#4795,.T.);
#2439=ORIENTED_EDGE('',*,*,#4796,.F.);
#2440=ORIENTED_EDGE('',*,*,#4797,.T.);
#2441=ORIENTED_EDGE('',*,*,#4798,.T.);
#2442=ORIENTED_EDGE('',*,*,#4791,.F.);
#2443=ORIENTED_EDGE('',*,*,#4799,.F.);
#2444=ORIENTED_EDGE('',*,*,#4800,.T.);
#2445=ORIENTED_EDGE('',*,*,#4786,.F.);
#2446=ORIENTED_EDGE('',*,*,#4801,.F.);
#2447=ORIENTED_EDGE('',*,*,#4797,.F.);
#2448=ORIENTED_EDGE('',*,*,#4802,.F.);
#2449=ORIENTED_EDGE('',*,*,#4803,.T.);
#2450=ORIENTED_EDGE('',*,*,#4804,.F.);
#2451=ORIENTED_EDGE('',*,*,#4805,.T.);
#2452=ORIENTED_EDGE('',*,*,#4806,.F.);
#2453=ORIENTED_EDGE('',*,*,#4807,.F.);
#2454=ORIENTED_EDGE('',*,*,#4808,.F.);
#2455=ORIENTED_EDGE('',*,*,#4809,.F.);
#2456=ORIENTED_EDGE('',*,*,#4810,.T.);
#2457=ORIENTED_EDGE('',*,*,#4811,.T.);
#2458=ORIENTED_EDGE('',*,*,#4812,.F.);
#2459=ORIENTED_EDGE('',*,*,#4813,.T.);
#2460=ORIENTED_EDGE('',*,*,#4814,.F.);
#2461=ORIENTED_EDGE('',*,*,#4815,.F.);
#2462=ORIENTED_EDGE('',*,*,#4816,.F.);
#2463=ORIENTED_EDGE('',*,*,#4817,.F.);
#2464=ORIENTED_EDGE('',*,*,#4818,.F.);
#2465=ORIENTED_EDGE('',*,*,#4819,.T.);
#2466=ORIENTED_EDGE('',*,*,#4820,.F.);
#2467=ORIENTED_EDGE('',*,*,#4821,.T.);
#2468=ORIENTED_EDGE('',*,*,#4822,.F.);
#2469=ORIENTED_EDGE('',*,*,#4796,.T.);
#2470=ORIENTED_EDGE('',*,*,#4823,.F.);
#2471=ORIENTED_EDGE('',*,*,#4824,.F.);
#2472=ORIENTED_EDGE('',*,*,#4825,.F.);
#2473=ORIENTED_EDGE('',*,*,#4826,.F.);
#2474=ORIENTED_EDGE('',*,*,#4827,.T.);
#2475=ORIENTED_EDGE('',*,*,#4828,.T.);
#2476=ORIENTED_EDGE('',*,*,#4829,.T.);
#2477=ORIENTED_EDGE('',*,*,#4781,.F.);
#2478=ORIENTED_EDGE('',*,*,#4830,.F.);
#2479=ORIENTED_EDGE('',*,*,#4804,.T.);
#2480=ORIENTED_EDGE('',*,*,#4802,.T.);
#2481=ORIENTED_EDGE('',*,*,#4801,.T.);
#2482=ORIENTED_EDGE('',*,*,#4785,.T.);
#2483=ORIENTED_EDGE('',*,*,#4831,.F.);
#2484=ORIENTED_EDGE('',*,*,#4832,.F.);
#2485=ORIENTED_EDGE('',*,*,#4792,.F.);
#2486=ORIENTED_EDGE('',*,*,#4798,.F.);
#2487=ORIENTED_EDGE('',*,*,#4833,.T.);
#2488=ORIENTED_EDGE('',*,*,#4834,.T.);
#2489=ORIENTED_EDGE('',*,*,#4783,.T.);
#2490=ORIENTED_EDGE('',*,*,#4835,.F.);
#2491=ORIENTED_EDGE('',*,*,#4836,.F.);
#2492=ORIENTED_EDGE('',*,*,#4837,.F.);
#2493=ORIENTED_EDGE('',*,*,#4838,.T.);
#2494=ORIENTED_EDGE('',*,*,#4839,.T.);
#2495=ORIENTED_EDGE('',*,*,#4840,.T.);
#2496=ORIENTED_EDGE('',*,*,#4841,.T.);
#2497=ORIENTED_EDGE('',*,*,#4794,.F.);
#2498=ORIENTED_EDGE('',*,*,#4842,.T.);
#2499=ORIENTED_EDGE('',*,*,#4843,.T.);
#2500=ORIENTED_EDGE('',*,*,#4844,.T.);
#2501=ORIENTED_EDGE('',*,*,#4845,.T.);
#2502=ORIENTED_EDGE('',*,*,#4846,.F.);
#2503=ORIENTED_EDGE('',*,*,#4847,.F.);
#2504=ORIENTED_EDGE('',*,*,#4848,.F.);
#2505=ORIENTED_EDGE('',*,*,#4849,.F.);
#2506=ORIENTED_EDGE('',*,*,#4850,.F.);
#2507=ORIENTED_EDGE('',*,*,#4851,.F.);
#2508=ORIENTED_EDGE('',*,*,#4852,.F.);
#2509=ORIENTED_EDGE('',*,*,#4853,.F.);
#2510=ORIENTED_EDGE('',*,*,#4854,.T.);
#2511=ORIENTED_EDGE('',*,*,#4855,.F.);
#2512=ORIENTED_EDGE('',*,*,#4856,.T.);
#2513=ORIENTED_EDGE('',*,*,#4857,.F.);
#2514=ORIENTED_EDGE('',*,*,#4858,.F.);
#2515=ORIENTED_EDGE('',*,*,#4859,.F.);
#2516=ORIENTED_EDGE('',*,*,#4860,.F.);
#2517=ORIENTED_EDGE('',*,*,#4861,.F.);
#2518=ORIENTED_EDGE('',*,*,#4862,.F.);
#2519=ORIENTED_EDGE('',*,*,#4863,.T.);
#2520=ORIENTED_EDGE('',*,*,#4864,.T.);
#2521=ORIENTED_EDGE('',*,*,#4865,.F.);
#2522=ORIENTED_EDGE('',*,*,#4866,.T.);
#2523=ORIENTED_EDGE('',*,*,#4867,.F.);
#2524=ORIENTED_EDGE('',*,*,#4842,.F.);
#2525=ORIENTED_EDGE('',*,*,#4863,.F.);
#2526=ORIENTED_EDGE('',*,*,#4827,.F.);
#2527=ORIENTED_EDGE('',*,*,#4868,.F.);
#2528=ORIENTED_EDGE('',*,*,#4837,.T.);
#2529=ORIENTED_EDGE('',*,*,#4869,.T.);
#2530=ORIENTED_EDGE('',*,*,#4828,.F.);
#2531=ORIENTED_EDGE('',*,*,#4869,.F.);
#2532=ORIENTED_EDGE('',*,*,#4836,.T.);
#2533=ORIENTED_EDGE('',*,*,#4870,.T.);
#2534=ORIENTED_EDGE('',*,*,#4829,.F.);
#2535=ORIENTED_EDGE('',*,*,#4870,.F.);
#2536=ORIENTED_EDGE('',*,*,#4835,.T.);
#2537=ORIENTED_EDGE('',*,*,#4782,.T.);
#2538=ORIENTED_EDGE('',*,*,#4823,.T.);
#2539=ORIENTED_EDGE('',*,*,#4795,.F.);
#2540=ORIENTED_EDGE('',*,*,#4841,.F.);
#2541=ORIENTED_EDGE('',*,*,#4871,.T.);
#2542=ORIENTED_EDGE('',*,*,#4824,.T.);
#2543=ORIENTED_EDGE('',*,*,#4871,.F.);
#2544=ORIENTED_EDGE('',*,*,#4840,.F.);
#2545=ORIENTED_EDGE('',*,*,#4872,.T.);
#2546=ORIENTED_EDGE('',*,*,#4825,.T.);
#2547=ORIENTED_EDGE('',*,*,#4872,.F.);
#2548=ORIENTED_EDGE('',*,*,#4839,.F.);
#2549=ORIENTED_EDGE('',*,*,#4873,.T.);
#2550=ORIENTED_EDGE('',*,*,#4826,.T.);
#2551=ORIENTED_EDGE('',*,*,#4873,.F.);
#2552=ORIENTED_EDGE('',*,*,#4838,.F.);
#2553=ORIENTED_EDGE('',*,*,#4868,.T.);
#2554=ORIENTED_EDGE('',*,*,#4810,.F.);
#2555=ORIENTED_EDGE('',*,*,#4862,.T.);
#2556=ORIENTED_EDGE('',*,*,#4860,.T.);
#2557=ORIENTED_EDGE('',*,*,#4874,.F.);
#2558=ORIENTED_EDGE('',*,*,#4811,.F.);
#2559=ORIENTED_EDGE('',*,*,#4875,.F.);
#2560=ORIENTED_EDGE('',*,*,#4813,.F.);
#2561=ORIENTED_EDGE('',*,*,#4876,.F.);
#2562=ORIENTED_EDGE('',*,*,#4858,.T.);
#2563=ORIENTED_EDGE('',*,*,#4877,.F.);
#2564=ORIENTED_EDGE('',*,*,#4856,.F.);
#2565=ORIENTED_EDGE('',*,*,#4878,.F.);
#2566=ORIENTED_EDGE('',*,*,#4815,.T.);
#2567=ORIENTED_EDGE('',*,*,#4879,.F.);
#2568=ORIENTED_EDGE('',*,*,#4817,.T.);
#2569=ORIENTED_EDGE('',*,*,#4880,.F.);
#2570=ORIENTED_EDGE('',*,*,#4854,.F.);
#2571=ORIENTED_EDGE('',*,*,#4881,.F.);
#2572=ORIENTED_EDGE('',*,*,#4866,.F.);
#2573=ORIENTED_EDGE('',*,*,#4882,.F.);
#2574=ORIENTED_EDGE('',*,*,#4806,.T.);
#2575=ORIENTED_EDGE('',*,*,#4883,.F.);
#2576=ORIENTED_EDGE('',*,*,#4808,.T.);
#2577=ORIENTED_EDGE('',*,*,#4884,.F.);
#2578=ORIENTED_EDGE('',*,*,#4864,.F.);
#2579=ORIENTED_EDGE('',*,*,#4885,.F.);
#2580=ORIENTED_EDGE('',*,*,#4821,.F.);
#2581=ORIENTED_EDGE('',*,*,#4886,.F.);
#2582=ORIENTED_EDGE('',*,*,#4850,.T.);
#2583=ORIENTED_EDGE('',*,*,#4887,.F.);
#2584=ORIENTED_EDGE('',*,*,#4852,.T.);
#2585=ORIENTED_EDGE('',*,*,#4888,.F.);
#2586=ORIENTED_EDGE('',*,*,#4819,.F.);
#2587=ORIENTED_EDGE('',*,*,#4889,.F.);
#2588=ORIENTED_EDGE('',*,*,#4857,.T.);
#2589=ORIENTED_EDGE('',*,*,#4879,.T.);
#2590=ORIENTED_EDGE('',*,*,#4818,.T.);
#2591=ORIENTED_EDGE('',*,*,#4881,.T.);
#2592=ORIENTED_EDGE('',*,*,#4855,.T.);
#2593=ORIENTED_EDGE('',*,*,#4880,.T.);
#2594=ORIENTED_EDGE('',*,*,#4816,.T.);
#2595=ORIENTED_EDGE('',*,*,#4878,.T.);
#2596=ORIENTED_EDGE('',*,*,#4861,.T.);
#2597=ORIENTED_EDGE('',*,*,#4875,.T.);
#2598=ORIENTED_EDGE('',*,*,#4814,.T.);
#2599=ORIENTED_EDGE('',*,*,#4877,.T.);
#2600=ORIENTED_EDGE('',*,*,#4859,.T.);
#2601=ORIENTED_EDGE('',*,*,#4876,.T.);
#2602=ORIENTED_EDGE('',*,*,#4812,.T.);
#2603=ORIENTED_EDGE('',*,*,#4874,.T.);
#2604=ORIENTED_EDGE('',*,*,#4867,.T.);
#2605=ORIENTED_EDGE('',*,*,#4883,.T.);
#2606=ORIENTED_EDGE('',*,*,#4809,.T.);
#2607=ORIENTED_EDGE('',*,*,#4885,.T.);
#2608=ORIENTED_EDGE('',*,*,#4865,.T.);
#2609=ORIENTED_EDGE('',*,*,#4884,.T.);
#2610=ORIENTED_EDGE('',*,*,#4807,.T.);
#2611=ORIENTED_EDGE('',*,*,#4882,.T.);
#2612=ORIENTED_EDGE('',*,*,#4853,.T.);
#2613=ORIENTED_EDGE('',*,*,#4889,.T.);
#2614=ORIENTED_EDGE('',*,*,#4822,.T.);
#2615=ORIENTED_EDGE('',*,*,#4887,.T.);
#2616=ORIENTED_EDGE('',*,*,#4851,.T.);
#2617=ORIENTED_EDGE('',*,*,#4886,.T.);
#2618=ORIENTED_EDGE('',*,*,#4820,.T.);
#2619=ORIENTED_EDGE('',*,*,#4888,.T.);
#2620=ORIENTED_EDGE('',*,*,#4849,.T.);
#2621=ORIENTED_EDGE('',*,*,#4890,.F.);
#2622=ORIENTED_EDGE('',*,*,#4891,.F.);
#2623=ORIENTED_EDGE('',*,*,#4892,.T.);
#2624=ORIENTED_EDGE('',*,*,#4843,.F.);
#2625=ORIENTED_EDGE('',*,*,#4892,.F.);
#2626=ORIENTED_EDGE('',*,*,#4893,.T.);
#2627=ORIENTED_EDGE('',*,*,#4894,.T.);
#2628=ORIENTED_EDGE('',*,*,#4844,.F.);
#2629=ORIENTED_EDGE('',*,*,#4894,.F.);
#2630=ORIENTED_EDGE('',*,*,#4895,.T.);
#2631=ORIENTED_EDGE('',*,*,#4896,.T.);
#2632=ORIENTED_EDGE('',*,*,#4845,.F.);
#2633=ORIENTED_EDGE('',*,*,#4896,.F.);
#2634=ORIENTED_EDGE('',*,*,#4897,.T.);
#2635=ORIENTED_EDGE('',*,*,#4898,.T.);
#2636=ORIENTED_EDGE('',*,*,#4846,.T.);
#2637=ORIENTED_EDGE('',*,*,#4898,.F.);
#2638=ORIENTED_EDGE('',*,*,#4899,.F.);
#2639=ORIENTED_EDGE('',*,*,#4900,.T.);
#2640=ORIENTED_EDGE('',*,*,#4847,.T.);
#2641=ORIENTED_EDGE('',*,*,#4900,.F.);
#2642=ORIENTED_EDGE('',*,*,#4901,.F.);
#2643=ORIENTED_EDGE('',*,*,#4902,.T.);
#2644=ORIENTED_EDGE('',*,*,#4848,.T.);
#2645=ORIENTED_EDGE('',*,*,#4902,.F.);
#2646=ORIENTED_EDGE('',*,*,#4903,.F.);
#2647=ORIENTED_EDGE('',*,*,#4890,.T.);
#2648=ORIENTED_EDGE('',*,*,#4891,.T.);
#2649=ORIENTED_EDGE('',*,*,#4903,.T.);
#2650=ORIENTED_EDGE('',*,*,#4901,.T.);
#2651=ORIENTED_EDGE('',*,*,#4899,.T.);
#2652=ORIENTED_EDGE('',*,*,#4897,.F.);
#2653=ORIENTED_EDGE('',*,*,#4895,.F.);
#2654=ORIENTED_EDGE('',*,*,#4893,.F.);
#2655=ORIENTED_EDGE('',*,*,#4833,.F.);
#2656=ORIENTED_EDGE('',*,*,#4793,.T.);
#2657=ORIENTED_EDGE('',*,*,#4832,.T.);
#2658=ORIENTED_EDGE('',*,*,#4904,.T.);
#2659=ORIENTED_EDGE('',*,*,#4784,.F.);
#2660=ORIENTED_EDGE('',*,*,#4834,.F.);
#2661=ORIENTED_EDGE('',*,*,#4904,.F.);
#2662=ORIENTED_EDGE('',*,*,#4831,.T.);
#2663=ORIENTED_EDGE('',*,*,#4789,.F.);
#2664=ORIENTED_EDGE('',*,*,#4830,.T.);
#2665=ORIENTED_EDGE('',*,*,#4788,.T.);
#2666=ORIENTED_EDGE('',*,*,#4905,.F.);
#2667=ORIENTED_EDGE('',*,*,#4803,.F.);
#2668=ORIENTED_EDGE('',*,*,#4805,.F.);
#2669=ORIENTED_EDGE('',*,*,#4790,.F.);
#2670=ORIENTED_EDGE('',*,*,#4905,.T.);
#2671=ORIENTED_EDGE('',*,*,#4787,.T.);
#2672=ORIENTED_EDGE('',*,*,#4800,.F.);
#2673=ORIENTED_EDGE('',*,*,#4799,.T.);
#2674=ORIENTED_EDGE('',*,*,#4906,.F.);
#2675=ORIENTED_EDGE('',*,*,#4907,.T.);
#2676=ORIENTED_EDGE('',*,*,#4908,.T.);
#2677=ORIENTED_EDGE('',*,*,#4909,.F.);
#2678=ORIENTED_EDGE('',*,*,#4910,.T.);
#2679=ORIENTED_EDGE('',*,*,#4911,.F.);
#2680=ORIENTED_EDGE('',*,*,#4912,.T.);
#2681=ORIENTED_EDGE('',*,*,#4913,.T.);
#2682=ORIENTED_EDGE('',*,*,#4914,.F.);
#2683=ORIENTED_EDGE('',*,*,#4915,.T.);
#2684=ORIENTED_EDGE('',*,*,#4916,.F.);
#2685=ORIENTED_EDGE('',*,*,#4917,.F.);
#2686=ORIENTED_EDGE('',*,*,#4918,.T.);
#2687=ORIENTED_EDGE('',*,*,#4919,.F.);
#2688=ORIENTED_EDGE('',*,*,#4920,.F.);
#2689=ORIENTED_EDGE('',*,*,#4921,.F.);
#2690=ORIENTED_EDGE('',*,*,#4922,.F.);
#2691=ORIENTED_EDGE('',*,*,#4923,.T.);
#2692=ORIENTED_EDGE('',*,*,#4920,.T.);
#2693=ORIENTED_EDGE('',*,*,#4924,.F.);
#2694=ORIENTED_EDGE('',*,*,#4925,.F.);
#2695=ORIENTED_EDGE('',*,*,#4922,.T.);
#2696=ORIENTED_EDGE('',*,*,#4926,.T.);
#2697=ORIENTED_EDGE('',*,*,#4909,.T.);
#2698=ORIENTED_EDGE('',*,*,#4927,.T.);
#2699=ORIENTED_EDGE('',*,*,#4928,.F.);
#2700=ORIENTED_EDGE('',*,*,#4929,.T.);
#2701=ORIENTED_EDGE('',*,*,#4930,.F.);
#2702=ORIENTED_EDGE('',*,*,#4931,.T.);
#2703=ORIENTED_EDGE('',*,*,#4932,.T.);
#2704=ORIENTED_EDGE('',*,*,#4933,.T.);
#2705=ORIENTED_EDGE('',*,*,#4934,.T.);
#2706=ORIENTED_EDGE('',*,*,#4935,.F.);
#2707=ORIENTED_EDGE('',*,*,#4936,.F.);
#2708=ORIENTED_EDGE('',*,*,#4937,.T.);
#2709=ORIENTED_EDGE('',*,*,#4938,.F.);
#2710=ORIENTED_EDGE('',*,*,#4939,.T.);
#2711=ORIENTED_EDGE('',*,*,#4940,.T.);
#2712=ORIENTED_EDGE('',*,*,#4941,.T.);
#2713=ORIENTED_EDGE('',*,*,#4942,.T.);
#2714=ORIENTED_EDGE('',*,*,#4943,.T.);
#2715=ORIENTED_EDGE('',*,*,#4944,.F.);
#2716=ORIENTED_EDGE('',*,*,#4945,.T.);
#2717=ORIENTED_EDGE('',*,*,#4946,.F.);
#2718=ORIENTED_EDGE('',*,*,#4947,.T.);
#2719=ORIENTED_EDGE('',*,*,#4915,.F.);
#2720=ORIENTED_EDGE('',*,*,#4948,.T.);
#2721=ORIENTED_EDGE('',*,*,#4906,.T.);
#2722=ORIENTED_EDGE('',*,*,#4949,.F.);
#2723=ORIENTED_EDGE('',*,*,#4950,.F.);
#2724=ORIENTED_EDGE('',*,*,#4951,.F.);
#2725=ORIENTED_EDGE('',*,*,#4952,.T.);
#2726=ORIENTED_EDGE('',*,*,#4953,.T.);
#2727=ORIENTED_EDGE('',*,*,#4954,.T.);
#2728=ORIENTED_EDGE('',*,*,#4955,.T.);
#2729=ORIENTED_EDGE('',*,*,#4929,.F.);
#2730=ORIENTED_EDGE('',*,*,#4927,.F.);
#2731=ORIENTED_EDGE('',*,*,#4926,.F.);
#2732=ORIENTED_EDGE('',*,*,#4924,.T.);
#2733=ORIENTED_EDGE('',*,*,#4919,.T.);
#2734=ORIENTED_EDGE('',*,*,#4956,.T.);
#2735=ORIENTED_EDGE('',*,*,#4957,.T.);
#2736=ORIENTED_EDGE('',*,*,#4910,.F.);
#2737=ORIENTED_EDGE('',*,*,#4958,.F.);
#2738=ORIENTED_EDGE('',*,*,#4917,.T.);
#2739=ORIENTED_EDGE('',*,*,#4959,.F.);
#2740=ORIENTED_EDGE('',*,*,#4960,.F.);
#2741=ORIENTED_EDGE('',*,*,#4961,.F.);
#2742=ORIENTED_EDGE('',*,*,#4962,.F.);
#2743=ORIENTED_EDGE('',*,*,#4963,.T.);
#2744=ORIENTED_EDGE('',*,*,#4964,.T.);
#2745=ORIENTED_EDGE('',*,*,#4965,.T.);
#2746=ORIENTED_EDGE('',*,*,#4912,.F.);
#2747=ORIENTED_EDGE('',*,*,#4966,.F.);
#2748=ORIENTED_EDGE('',*,*,#4967,.F.);
#2749=ORIENTED_EDGE('',*,*,#4968,.F.);
#2750=ORIENTED_EDGE('',*,*,#4969,.T.);
#2751=ORIENTED_EDGE('',*,*,#4970,.T.);
#2752=ORIENTED_EDGE('',*,*,#4971,.T.);
#2753=ORIENTED_EDGE('',*,*,#4972,.T.);
#2754=ORIENTED_EDGE('',*,*,#4973,.F.);
#2755=ORIENTED_EDGE('',*,*,#4974,.F.);
#2756=ORIENTED_EDGE('',*,*,#4975,.T.);
#2757=ORIENTED_EDGE('',*,*,#4976,.T.);
#2758=ORIENTED_EDGE('',*,*,#4977,.T.);
#2759=ORIENTED_EDGE('',*,*,#4978,.T.);
#2760=ORIENTED_EDGE('',*,*,#4979,.F.);
#2761=ORIENTED_EDGE('',*,*,#4980,.T.);
#2762=ORIENTED_EDGE('',*,*,#4981,.F.);
#2763=ORIENTED_EDGE('',*,*,#4982,.T.);
#2764=ORIENTED_EDGE('',*,*,#4983,.T.);
#2765=ORIENTED_EDGE('',*,*,#4984,.T.);
#2766=ORIENTED_EDGE('',*,*,#4985,.T.);
#2767=ORIENTED_EDGE('',*,*,#4986,.T.);
#2768=ORIENTED_EDGE('',*,*,#4987,.T.);
#2769=ORIENTED_EDGE('',*,*,#4988,.F.);
#2770=ORIENTED_EDGE('',*,*,#4989,.F.);
#2771=ORIENTED_EDGE('',*,*,#4990,.T.);
#2772=ORIENTED_EDGE('',*,*,#4991,.F.);
#2773=ORIENTED_EDGE('',*,*,#4992,.T.);
#2774=ORIENTED_EDGE('',*,*,#4967,.T.);
#2775=ORIENTED_EDGE('',*,*,#4988,.T.);
#2776=ORIENTED_EDGE('',*,*,#4951,.T.);
#2777=ORIENTED_EDGE('',*,*,#4993,.F.);
#2778=ORIENTED_EDGE('',*,*,#4963,.F.);
#2779=ORIENTED_EDGE('',*,*,#4994,.T.);
#2780=ORIENTED_EDGE('',*,*,#4950,.T.);
#2781=ORIENTED_EDGE('',*,*,#4995,.F.);
#2782=ORIENTED_EDGE('',*,*,#4964,.F.);
#2783=ORIENTED_EDGE('',*,*,#4993,.T.);
#2784=ORIENTED_EDGE('',*,*,#4949,.T.);
#2785=ORIENTED_EDGE('',*,*,#4913,.F.);
#2786=ORIENTED_EDGE('',*,*,#4965,.F.);
#2787=ORIENTED_EDGE('',*,*,#4995,.T.);
#2788=ORIENTED_EDGE('',*,*,#4955,.F.);
#2789=ORIENTED_EDGE('',*,*,#4996,.F.);
#2790=ORIENTED_EDGE('',*,*,#4959,.T.);
#2791=ORIENTED_EDGE('',*,*,#4916,.T.);
#2792=ORIENTED_EDGE('',*,*,#4954,.F.);
#2793=ORIENTED_EDGE('',*,*,#4997,.F.);
#2794=ORIENTED_EDGE('',*,*,#4960,.T.);
#2795=ORIENTED_EDGE('',*,*,#4996,.T.);
#2796=ORIENTED_EDGE('',*,*,#4953,.F.);
#2797=ORIENTED_EDGE('',*,*,#4998,.F.);
#2798=ORIENTED_EDGE('',*,*,#4961,.T.);
#2799=ORIENTED_EDGE('',*,*,#4997,.T.);
#2800=ORIENTED_EDGE('',*,*,#4952,.F.);
#2801=ORIENTED_EDGE('',*,*,#4994,.F.);
#2802=ORIENTED_EDGE('',*,*,#4962,.T.);
#2803=ORIENTED_EDGE('',*,*,#4998,.T.);
#2804=ORIENTED_EDGE('',*,*,#4935,.T.);
#2805=ORIENTED_EDGE('',*,*,#4987,.F.);
#2806=ORIENTED_EDGE('',*,*,#4985,.F.);
#2807=ORIENTED_EDGE('',*,*,#4999,.T.);
#2808=ORIENTED_EDGE('',*,*,#4936,.T.);
#2809=ORIENTED_EDGE('',*,*,#5000,.T.);
#2810=ORIENTED_EDGE('',*,*,#4938,.T.);
#2811=ORIENTED_EDGE('',*,*,#5001,.T.);
#2812=ORIENTED_EDGE('',*,*,#4983,.F.);
#2813=ORIENTED_EDGE('',*,*,#5002,.T.);
#2814=ORIENTED_EDGE('',*,*,#4981,.T.);
#2815=ORIENTED_EDGE('',*,*,#5003,.T.);
#2816=ORIENTED_EDGE('',*,*,#4940,.F.);
#2817=ORIENTED_EDGE('',*,*,#5004,.T.);
#2818=ORIENTED_EDGE('',*,*,#4942,.F.);
#2819=ORIENTED_EDGE('',*,*,#5005,.T.);
#2820=ORIENTED_EDGE('',*,*,#4979,.T.);
#2821=ORIENTED_EDGE('',*,*,#5006,.T.);
#2822=ORIENTED_EDGE('',*,*,#4991,.T.);
#2823=ORIENTED_EDGE('',*,*,#5007,.T.);
#2824=ORIENTED_EDGE('',*,*,#4931,.F.);
#2825=ORIENTED_EDGE('',*,*,#5008,.T.);
#2826=ORIENTED_EDGE('',*,*,#4933,.F.);
#2827=ORIENTED_EDGE('',*,*,#5009,.T.);
#2828=ORIENTED_EDGE('',*,*,#4989,.T.);
#2829=ORIENTED_EDGE('',*,*,#5010,.T.);
#2830=ORIENTED_EDGE('',*,*,#4946,.T.);
#2831=ORIENTED_EDGE('',*,*,#5011,.T.);
#2832=ORIENTED_EDGE('',*,*,#4975,.F.);
#2833=ORIENTED_EDGE('',*,*,#5012,.T.);
#2834=ORIENTED_EDGE('',*,*,#4977,.F.);
#2835=ORIENTED_EDGE('',*,*,#5013,.T.);
#2836=ORIENTED_EDGE('',*,*,#4944,.T.);
#2837=ORIENTED_EDGE('',*,*,#5014,.T.);
#2838=ORIENTED_EDGE('',*,*,#4980,.F.);
#2839=ORIENTED_EDGE('',*,*,#5005,.F.);
#2840=ORIENTED_EDGE('',*,*,#4941,.F.);
#2841=ORIENTED_EDGE('',*,*,#5003,.F.);
#2842=ORIENTED_EDGE('',*,*,#4982,.F.);
#2843=ORIENTED_EDGE('',*,*,#5004,.F.);
#2844=ORIENTED_EDGE('',*,*,#4943,.F.);
#2845=ORIENTED_EDGE('',*,*,#5006,.F.);
#2846=ORIENTED_EDGE('',*,*,#4984,.F.);
#2847=ORIENTED_EDGE('',*,*,#5001,.F.);
#2848=ORIENTED_EDGE('',*,*,#4937,.F.);
#2849=ORIENTED_EDGE('',*,*,#4999,.F.);
#2850=ORIENTED_EDGE('',*,*,#4986,.F.);
#2851=ORIENTED_EDGE('',*,*,#5000,.F.);
#2852=ORIENTED_EDGE('',*,*,#4939,.F.);
#2853=ORIENTED_EDGE('',*,*,#5002,.F.);
#2854=ORIENTED_EDGE('',*,*,#4990,.F.);
#2855=ORIENTED_EDGE('',*,*,#5009,.F.);
#2856=ORIENTED_EDGE('',*,*,#4932,.F.);
#2857=ORIENTED_EDGE('',*,*,#5007,.F.);
#2858=ORIENTED_EDGE('',*,*,#4992,.F.);
#2859=ORIENTED_EDGE('',*,*,#5008,.F.);
#2860=ORIENTED_EDGE('',*,*,#4934,.F.);
#2861=ORIENTED_EDGE('',*,*,#5010,.F.);
#2862=ORIENTED_EDGE('',*,*,#4976,.F.);
#2863=ORIENTED_EDGE('',*,*,#5011,.F.);
#2864=ORIENTED_EDGE('',*,*,#4945,.F.);
#2865=ORIENTED_EDGE('',*,*,#5013,.F.);
#2866=ORIENTED_EDGE('',*,*,#4978,.F.);
#2867=ORIENTED_EDGE('',*,*,#5014,.F.);
#2868=ORIENTED_EDGE('',*,*,#4947,.F.);
#2869=ORIENTED_EDGE('',*,*,#5012,.F.);
#2870=ORIENTED_EDGE('',*,*,#4969,.F.);
#2871=ORIENTED_EDGE('',*,*,#5015,.F.);
#2872=ORIENTED_EDGE('',*,*,#5016,.T.);
#2873=ORIENTED_EDGE('',*,*,#5017,.T.);
#2874=ORIENTED_EDGE('',*,*,#4968,.T.);
#2875=ORIENTED_EDGE('',*,*,#5018,.F.);
#2876=ORIENTED_EDGE('',*,*,#5019,.F.);
#2877=ORIENTED_EDGE('',*,*,#5015,.T.);
#2878=ORIENTED_EDGE('',*,*,#4974,.T.);
#2879=ORIENTED_EDGE('',*,*,#5020,.F.);
#2880=ORIENTED_EDGE('',*,*,#5021,.F.);
#2881=ORIENTED_EDGE('',*,*,#5018,.T.);
#2882=ORIENTED_EDGE('',*,*,#4973,.T.);
#2883=ORIENTED_EDGE('',*,*,#5022,.F.);
#2884=ORIENTED_EDGE('',*,*,#5023,.F.);
#2885=ORIENTED_EDGE('',*,*,#5020,.T.);
#2886=ORIENTED_EDGE('',*,*,#4972,.F.);
#2887=ORIENTED_EDGE('',*,*,#5024,.F.);
#2888=ORIENTED_EDGE('',*,*,#5025,.T.);
#2889=ORIENTED_EDGE('',*,*,#5022,.T.);
#2890=ORIENTED_EDGE('',*,*,#4971,.F.);
#2891=ORIENTED_EDGE('',*,*,#5026,.F.);
#2892=ORIENTED_EDGE('',*,*,#5027,.T.);
#2893=ORIENTED_EDGE('',*,*,#5024,.T.);
#2894=ORIENTED_EDGE('',*,*,#4970,.F.);
#2895=ORIENTED_EDGE('',*,*,#5017,.F.);
#2896=ORIENTED_EDGE('',*,*,#5028,.T.);
#2897=ORIENTED_EDGE('',*,*,#5026,.T.);
#2898=ORIENTED_EDGE('',*,*,#5016,.F.);
#2899=ORIENTED_EDGE('',*,*,#5019,.T.);
#2900=ORIENTED_EDGE('',*,*,#5021,.T.);
#2901=ORIENTED_EDGE('',*,*,#5023,.T.);
#2902=ORIENTED_EDGE('',*,*,#5025,.F.);
#2903=ORIENTED_EDGE('',*,*,#5027,.F.);
#2904=ORIENTED_EDGE('',*,*,#5028,.F.);
#2905=ORIENTED_EDGE('',*,*,#4958,.T.);
#2906=ORIENTED_EDGE('',*,*,#5029,.F.);
#2907=ORIENTED_EDGE('',*,*,#4956,.F.);
#2908=ORIENTED_EDGE('',*,*,#4918,.F.);
#2909=ORIENTED_EDGE('',*,*,#4911,.T.);
#2910=ORIENTED_EDGE('',*,*,#4957,.F.);
#2911=ORIENTED_EDGE('',*,*,#5029,.T.);
#2912=ORIENTED_EDGE('',*,*,#4966,.T.);
#2913=ORIENTED_EDGE('',*,*,#4914,.T.);
#2914=ORIENTED_EDGE('',*,*,#5030,.T.);
#2915=ORIENTED_EDGE('',*,*,#4907,.F.);
#2916=ORIENTED_EDGE('',*,*,#4948,.F.);
#2917=ORIENTED_EDGE('',*,*,#4928,.T.);
#2918=ORIENTED_EDGE('',*,*,#4930,.T.);
#2919=ORIENTED_EDGE('',*,*,#4921,.T.);
#2920=ORIENTED_EDGE('',*,*,#4923,.F.);
#2921=ORIENTED_EDGE('',*,*,#4925,.T.);
#2922=ORIENTED_EDGE('',*,*,#4908,.F.);
#2923=ORIENTED_EDGE('',*,*,#5030,.F.);
#2924=ORIENTED_EDGE('',*,*,#5031,.F.);
#2925=ORIENTED_EDGE('',*,*,#5032,.F.);
#2926=ORIENTED_EDGE('',*,*,#5033,.T.);
#2927=ORIENTED_EDGE('',*,*,#5034,.F.);
#2928=ORIENTED_EDGE('',*,*,#5035,.F.);
#2929=ORIENTED_EDGE('',*,*,#5035,.T.);
#2930=ORIENTED_EDGE('',*,*,#5031,.T.);
#2931=ORIENTED_EDGE('',*,*,#5032,.T.);
#2932=ORIENTED_EDGE('',*,*,#5034,.T.);
#2933=ORIENTED_EDGE('',*,*,#5036,.T.);
#2934=ORIENTED_EDGE('',*,*,#5033,.F.);
#2935=ORIENTED_EDGE('',*,*,#5037,.T.);
#2936=ORIENTED_EDGE('',*,*,#5036,.F.);
#2937=ORIENTED_EDGE('',*,*,#5038,.T.);
#2938=ORIENTED_EDGE('',*,*,#5037,.F.);
#2939=ORIENTED_EDGE('',*,*,#5038,.F.);
#2940=ORIENTED_EDGE('',*,*,#5039,.T.);
#2941=ORIENTED_EDGE('',*,*,#5040,.T.);
#2942=ORIENTED_EDGE('',*,*,#5041,.F.);
#2943=ORIENTED_EDGE('',*,*,#5042,.T.);
#2944=ORIENTED_EDGE('',*,*,#5043,.T.);
#2945=ORIENTED_EDGE('',*,*,#5043,.F.);
#2946=ORIENTED_EDGE('',*,*,#5039,.F.);
#2947=ORIENTED_EDGE('',*,*,#5040,.F.);
#2948=ORIENTED_EDGE('',*,*,#5042,.F.);
#2949=ORIENTED_EDGE('',*,*,#5044,.F.);
#2950=ORIENTED_EDGE('',*,*,#5041,.T.);
#2951=ORIENTED_EDGE('',*,*,#5045,.F.);
#2952=ORIENTED_EDGE('',*,*,#5044,.T.);
#2953=ORIENTED_EDGE('',*,*,#5046,.F.);
#2954=ORIENTED_EDGE('',*,*,#5045,.T.);
#2955=ORIENTED_EDGE('',*,*,#5046,.T.);
#2956=ORIENTED_EDGE('',*,*,#5047,.F.);
#2957=ORIENTED_EDGE('',*,*,#5048,.F.);
#2958=ORIENTED_EDGE('',*,*,#5049,.T.);
#2959=ORIENTED_EDGE('',*,*,#5050,.F.);
#2960=ORIENTED_EDGE('',*,*,#5051,.F.);
#2961=ORIENTED_EDGE('',*,*,#5051,.T.);
#2962=ORIENTED_EDGE('',*,*,#5047,.T.);
#2963=ORIENTED_EDGE('',*,*,#5048,.T.);
#2964=ORIENTED_EDGE('',*,*,#5050,.T.);
#2965=ORIENTED_EDGE('',*,*,#5052,.T.);
#2966=ORIENTED_EDGE('',*,*,#5049,.F.);
#2967=ORIENTED_EDGE('',*,*,#5053,.T.);
#2968=ORIENTED_EDGE('',*,*,#5052,.F.);
#2969=ORIENTED_EDGE('',*,*,#5054,.T.);
#2970=ORIENTED_EDGE('',*,*,#5053,.F.);
#2971=ORIENTED_EDGE('',*,*,#5054,.F.);
#2972=ORIENTED_EDGE('',*,*,#5055,.T.);
#2973=ORIENTED_EDGE('',*,*,#5056,.F.);
#2974=ORIENTED_EDGE('',*,*,#5057,.F.);
#2975=ORIENTED_EDGE('',*,*,#5058,.T.);
#2976=ORIENTED_EDGE('',*,*,#5059,.F.);
#2977=ORIENTED_EDGE('',*,*,#5060,.T.);
#2978=ORIENTED_EDGE('',*,*,#5061,.F.);
#2979=ORIENTED_EDGE('',*,*,#5062,.F.);
#2980=ORIENTED_EDGE('',*,*,#5063,.T.);
#2981=ORIENTED_EDGE('',*,*,#5064,.T.);
#2982=ORIENTED_EDGE('',*,*,#5065,.T.);
#2983=ORIENTED_EDGE('',*,*,#5066,.T.);
#2984=ORIENTED_EDGE('',*,*,#5067,.F.);
#2985=ORIENTED_EDGE('',*,*,#5068,.T.);
#2986=ORIENTED_EDGE('',*,*,#5069,.T.);
#2987=ORIENTED_EDGE('',*,*,#5070,.F.);
#2988=ORIENTED_EDGE('',*,*,#5071,.T.);
#2989=ORIENTED_EDGE('',*,*,#5072,.T.);
#2990=ORIENTED_EDGE('',*,*,#5065,.F.);
#2991=ORIENTED_EDGE('',*,*,#5073,.F.);
#2992=ORIENTED_EDGE('',*,*,#5074,.T.);
#2993=ORIENTED_EDGE('',*,*,#5060,.F.);
#2994=ORIENTED_EDGE('',*,*,#5075,.F.);
#2995=ORIENTED_EDGE('',*,*,#5071,.F.);
#2996=ORIENTED_EDGE('',*,*,#5076,.F.);
#2997=ORIENTED_EDGE('',*,*,#5077,.T.);
#2998=ORIENTED_EDGE('',*,*,#5078,.F.);
#2999=ORIENTED_EDGE('',*,*,#5079,.T.);
#3000=ORIENTED_EDGE('',*,*,#5080,.F.);
#3001=ORIENTED_EDGE('',*,*,#5081,.F.);
#3002=ORIENTED_EDGE('',*,*,#5082,.F.);
#3003=ORIENTED_EDGE('',*,*,#5083,.F.);
#3004=ORIENTED_EDGE('',*,*,#5084,.T.);
#3005=ORIENTED_EDGE('',*,*,#5085,.T.);
#3006=ORIENTED_EDGE('',*,*,#5086,.F.);
#3007=ORIENTED_EDGE('',*,*,#5087,.T.);
#3008=ORIENTED_EDGE('',*,*,#5088,.F.);
#3009=ORIENTED_EDGE('',*,*,#5089,.F.);
#3010=ORIENTED_EDGE('',*,*,#5090,.F.);
#3011=ORIENTED_EDGE('',*,*,#5091,.F.);
#3012=ORIENTED_EDGE('',*,*,#5092,.F.);
#3013=ORIENTED_EDGE('',*,*,#5093,.T.);
#3014=ORIENTED_EDGE('',*,*,#5094,.F.);
#3015=ORIENTED_EDGE('',*,*,#5095,.T.);
#3016=ORIENTED_EDGE('',*,*,#5096,.F.);
#3017=ORIENTED_EDGE('',*,*,#5070,.T.);
#3018=ORIENTED_EDGE('',*,*,#5097,.F.);
#3019=ORIENTED_EDGE('',*,*,#5098,.F.);
#3020=ORIENTED_EDGE('',*,*,#5099,.F.);
#3021=ORIENTED_EDGE('',*,*,#5100,.F.);
#3022=ORIENTED_EDGE('',*,*,#5101,.T.);
#3023=ORIENTED_EDGE('',*,*,#5102,.T.);
#3024=ORIENTED_EDGE('',*,*,#5103,.T.);
#3025=ORIENTED_EDGE('',*,*,#5055,.F.);
#3026=ORIENTED_EDGE('',*,*,#5104,.F.);
#3027=ORIENTED_EDGE('',*,*,#5078,.T.);
#3028=ORIENTED_EDGE('',*,*,#5076,.T.);
#3029=ORIENTED_EDGE('',*,*,#5075,.T.);
#3030=ORIENTED_EDGE('',*,*,#5059,.T.);
#3031=ORIENTED_EDGE('',*,*,#5105,.F.);
#3032=ORIENTED_EDGE('',*,*,#5106,.F.);
#3033=ORIENTED_EDGE('',*,*,#5066,.F.);
#3034=ORIENTED_EDGE('',*,*,#5072,.F.);
#3035=ORIENTED_EDGE('',*,*,#5107,.T.);
#3036=ORIENTED_EDGE('',*,*,#5108,.T.);
#3037=ORIENTED_EDGE('',*,*,#5057,.T.);
#3038=ORIENTED_EDGE('',*,*,#5109,.F.);
#3039=ORIENTED_EDGE('',*,*,#5110,.F.);
#3040=ORIENTED_EDGE('',*,*,#5111,.F.);
#3041=ORIENTED_EDGE('',*,*,#5112,.T.);
#3042=ORIENTED_EDGE('',*,*,#5113,.T.);
#3043=ORIENTED_EDGE('',*,*,#5114,.T.);
#3044=ORIENTED_EDGE('',*,*,#5115,.T.);
#3045=ORIENTED_EDGE('',*,*,#5068,.F.);
#3046=ORIENTED_EDGE('',*,*,#5116,.T.);
#3047=ORIENTED_EDGE('',*,*,#5117,.T.);
#3048=ORIENTED_EDGE('',*,*,#5118,.T.);
#3049=ORIENTED_EDGE('',*,*,#5119,.T.);
#3050=ORIENTED_EDGE('',*,*,#5120,.F.);
#3051=ORIENTED_EDGE('',*,*,#5121,.F.);
#3052=ORIENTED_EDGE('',*,*,#5122,.F.);
#3053=ORIENTED_EDGE('',*,*,#5123,.F.);
#3054=ORIENTED_EDGE('',*,*,#5124,.F.);
#3055=ORIENTED_EDGE('',*,*,#5125,.F.);
#3056=ORIENTED_EDGE('',*,*,#5126,.F.);
#3057=ORIENTED_EDGE('',*,*,#5127,.F.);
#3058=ORIENTED_EDGE('',*,*,#5128,.T.);
#3059=ORIENTED_EDGE('',*,*,#5129,.F.);
#3060=ORIENTED_EDGE('',*,*,#5130,.T.);
#3061=ORIENTED_EDGE('',*,*,#5131,.F.);
#3062=ORIENTED_EDGE('',*,*,#5132,.F.);
#3063=ORIENTED_EDGE('',*,*,#5133,.F.);
#3064=ORIENTED_EDGE('',*,*,#5134,.F.);
#3065=ORIENTED_EDGE('',*,*,#5135,.F.);
#3066=ORIENTED_EDGE('',*,*,#5136,.F.);
#3067=ORIENTED_EDGE('',*,*,#5137,.T.);
#3068=ORIENTED_EDGE('',*,*,#5138,.T.);
#3069=ORIENTED_EDGE('',*,*,#5139,.F.);
#3070=ORIENTED_EDGE('',*,*,#5140,.T.);
#3071=ORIENTED_EDGE('',*,*,#5141,.F.);
#3072=ORIENTED_EDGE('',*,*,#5116,.F.);
#3073=ORIENTED_EDGE('',*,*,#5137,.F.);
#3074=ORIENTED_EDGE('',*,*,#5101,.F.);
#3075=ORIENTED_EDGE('',*,*,#5142,.F.);
#3076=ORIENTED_EDGE('',*,*,#5111,.T.);
#3077=ORIENTED_EDGE('',*,*,#5143,.T.);
#3078=ORIENTED_EDGE('',*,*,#5102,.F.);
#3079=ORIENTED_EDGE('',*,*,#5143,.F.);
#3080=ORIENTED_EDGE('',*,*,#5110,.T.);
#3081=ORIENTED_EDGE('',*,*,#5144,.T.);
#3082=ORIENTED_EDGE('',*,*,#5103,.F.);
#3083=ORIENTED_EDGE('',*,*,#5144,.F.);
#3084=ORIENTED_EDGE('',*,*,#5109,.T.);
#3085=ORIENTED_EDGE('',*,*,#5056,.T.);
#3086=ORIENTED_EDGE('',*,*,#5097,.T.);
#3087=ORIENTED_EDGE('',*,*,#5069,.F.);
#3088=ORIENTED_EDGE('',*,*,#5115,.F.);
#3089=ORIENTED_EDGE('',*,*,#5145,.T.);
#3090=ORIENTED_EDGE('',*,*,#5098,.T.);
#3091=ORIENTED_EDGE('',*,*,#5145,.F.);
#3092=ORIENTED_EDGE('',*,*,#5114,.F.);
#3093=ORIENTED_EDGE('',*,*,#5146,.T.);
#3094=ORIENTED_EDGE('',*,*,#5099,.T.);
#3095=ORIENTED_EDGE('',*,*,#5146,.F.);
#3096=ORIENTED_EDGE('',*,*,#5113,.F.);
#3097=ORIENTED_EDGE('',*,*,#5147,.T.);
#3098=ORIENTED_EDGE('',*,*,#5100,.T.);
#3099=ORIENTED_EDGE('',*,*,#5147,.F.);
#3100=ORIENTED_EDGE('',*,*,#5112,.F.);
#3101=ORIENTED_EDGE('',*,*,#5142,.T.);
#3102=ORIENTED_EDGE('',*,*,#5084,.F.);
#3103=ORIENTED_EDGE('',*,*,#5136,.T.);
#3104=ORIENTED_EDGE('',*,*,#5134,.T.);
#3105=ORIENTED_EDGE('',*,*,#5148,.F.);
#3106=ORIENTED_EDGE('',*,*,#5085,.F.);
#3107=ORIENTED_EDGE('',*,*,#5149,.F.);
#3108=ORIENTED_EDGE('',*,*,#5087,.F.);
#3109=ORIENTED_EDGE('',*,*,#5150,.F.);
#3110=ORIENTED_EDGE('',*,*,#5132,.T.);
#3111=ORIENTED_EDGE('',*,*,#5151,.F.);
#3112=ORIENTED_EDGE('',*,*,#5130,.F.);
#3113=ORIENTED_EDGE('',*,*,#5152,.F.);
#3114=ORIENTED_EDGE('',*,*,#5089,.T.);
#3115=ORIENTED_EDGE('',*,*,#5153,.F.);
#3116=ORIENTED_EDGE('',*,*,#5091,.T.);
#3117=ORIENTED_EDGE('',*,*,#5154,.F.);
#3118=ORIENTED_EDGE('',*,*,#5128,.F.);
#3119=ORIENTED_EDGE('',*,*,#5155,.F.);
#3120=ORIENTED_EDGE('',*,*,#5140,.F.);
#3121=ORIENTED_EDGE('',*,*,#5156,.F.);
#3122=ORIENTED_EDGE('',*,*,#5080,.T.);
#3123=ORIENTED_EDGE('',*,*,#5157,.F.);
#3124=ORIENTED_EDGE('',*,*,#5082,.T.);
#3125=ORIENTED_EDGE('',*,*,#5158,.F.);
#3126=ORIENTED_EDGE('',*,*,#5138,.F.);
#3127=ORIENTED_EDGE('',*,*,#5159,.F.);
#3128=ORIENTED_EDGE('',*,*,#5095,.F.);
#3129=ORIENTED_EDGE('',*,*,#5160,.F.);
#3130=ORIENTED_EDGE('',*,*,#5124,.T.);
#3131=ORIENTED_EDGE('',*,*,#5161,.F.);
#3132=ORIENTED_EDGE('',*,*,#5126,.T.);
#3133=ORIENTED_EDGE('',*,*,#5162,.F.);
#3134=ORIENTED_EDGE('',*,*,#5093,.F.);
#3135=ORIENTED_EDGE('',*,*,#5163,.F.);
#3136=ORIENTED_EDGE('',*,*,#5131,.T.);
#3137=ORIENTED_EDGE('',*,*,#5153,.T.);
#3138=ORIENTED_EDGE('',*,*,#5092,.T.);
#3139=ORIENTED_EDGE('',*,*,#5155,.T.);
#3140=ORIENTED_EDGE('',*,*,#5129,.T.);
#3141=ORIENTED_EDGE('',*,*,#5154,.T.);
#3142=ORIENTED_EDGE('',*,*,#5090,.T.);
#3143=ORIENTED_EDGE('',*,*,#5152,.T.);
#3144=ORIENTED_EDGE('',*,*,#5135,.T.);
#3145=ORIENTED_EDGE('',*,*,#5149,.T.);
#3146=ORIENTED_EDGE('',*,*,#5088,.T.);
#3147=ORIENTED_EDGE('',*,*,#5151,.T.);
#3148=ORIENTED_EDGE('',*,*,#5133,.T.);
#3149=ORIENTED_EDGE('',*,*,#5150,.T.);
#3150=ORIENTED_EDGE('',*,*,#5086,.T.);
#3151=ORIENTED_EDGE('',*,*,#5148,.T.);
#3152=ORIENTED_EDGE('',*,*,#5141,.T.);
#3153=ORIENTED_EDGE('',*,*,#5157,.T.);
#3154=ORIENTED_EDGE('',*,*,#5083,.T.);
#3155=ORIENTED_EDGE('',*,*,#5159,.T.);
#3156=ORIENTED_EDGE('',*,*,#5139,.T.);
#3157=ORIENTED_EDGE('',*,*,#5158,.T.);
#3158=ORIENTED_EDGE('',*,*,#5081,.T.);
#3159=ORIENTED_EDGE('',*,*,#5156,.T.);
#3160=ORIENTED_EDGE('',*,*,#5127,.T.);
#3161=ORIENTED_EDGE('',*,*,#5163,.T.);
#3162=ORIENTED_EDGE('',*,*,#5096,.T.);
#3163=ORIENTED_EDGE('',*,*,#5161,.T.);
#3164=ORIENTED_EDGE('',*,*,#5125,.T.);
#3165=ORIENTED_EDGE('',*,*,#5160,.T.);
#3166=ORIENTED_EDGE('',*,*,#5094,.T.);
#3167=ORIENTED_EDGE('',*,*,#5162,.T.);
#3168=ORIENTED_EDGE('',*,*,#5123,.T.);
#3169=ORIENTED_EDGE('',*,*,#5164,.F.);
#3170=ORIENTED_EDGE('',*,*,#5165,.F.);
#3171=ORIENTED_EDGE('',*,*,#5166,.T.);
#3172=ORIENTED_EDGE('',*,*,#5117,.F.);
#3173=ORIENTED_EDGE('',*,*,#5166,.F.);
#3174=ORIENTED_EDGE('',*,*,#5167,.T.);
#3175=ORIENTED_EDGE('',*,*,#5168,.T.);
#3176=ORIENTED_EDGE('',*,*,#5118,.F.);
#3177=ORIENTED_EDGE('',*,*,#5168,.F.);
#3178=ORIENTED_EDGE('',*,*,#5169,.T.);
#3179=ORIENTED_EDGE('',*,*,#5170,.T.);
#3180=ORIENTED_EDGE('',*,*,#5119,.F.);
#3181=ORIENTED_EDGE('',*,*,#5170,.F.);
#3182=ORIENTED_EDGE('',*,*,#5171,.T.);
#3183=ORIENTED_EDGE('',*,*,#5172,.T.);
#3184=ORIENTED_EDGE('',*,*,#5120,.T.);
#3185=ORIENTED_EDGE('',*,*,#5172,.F.);
#3186=ORIENTED_EDGE('',*,*,#5173,.F.);
#3187=ORIENTED_EDGE('',*,*,#5174,.T.);
#3188=ORIENTED_EDGE('',*,*,#5121,.T.);
#3189=ORIENTED_EDGE('',*,*,#5174,.F.);
#3190=ORIENTED_EDGE('',*,*,#5175,.F.);
#3191=ORIENTED_EDGE('',*,*,#5176,.T.);
#3192=ORIENTED_EDGE('',*,*,#5122,.T.);
#3193=ORIENTED_EDGE('',*,*,#5176,.F.);
#3194=ORIENTED_EDGE('',*,*,#5177,.F.);
#3195=ORIENTED_EDGE('',*,*,#5164,.T.);
#3196=ORIENTED_EDGE('',*,*,#5165,.T.);
#3197=ORIENTED_EDGE('',*,*,#5177,.T.);
#3198=ORIENTED_EDGE('',*,*,#5175,.T.);
#3199=ORIENTED_EDGE('',*,*,#5173,.T.);
#3200=ORIENTED_EDGE('',*,*,#5171,.F.);
#3201=ORIENTED_EDGE('',*,*,#5169,.F.);
#3202=ORIENTED_EDGE('',*,*,#5167,.F.);
#3203=ORIENTED_EDGE('',*,*,#5107,.F.);
#3204=ORIENTED_EDGE('',*,*,#5067,.T.);
#3205=ORIENTED_EDGE('',*,*,#5106,.T.);
#3206=ORIENTED_EDGE('',*,*,#5178,.T.);
#3207=ORIENTED_EDGE('',*,*,#5058,.F.);
#3208=ORIENTED_EDGE('',*,*,#5108,.F.);
#3209=ORIENTED_EDGE('',*,*,#5178,.F.);
#3210=ORIENTED_EDGE('',*,*,#5105,.T.);
#3211=ORIENTED_EDGE('',*,*,#5063,.F.);
#3212=ORIENTED_EDGE('',*,*,#5104,.T.);
#3213=ORIENTED_EDGE('',*,*,#5062,.T.);
#3214=ORIENTED_EDGE('',*,*,#5179,.F.);
#3215=ORIENTED_EDGE('',*,*,#5077,.F.);
#3216=ORIENTED_EDGE('',*,*,#5079,.F.);
#3217=ORIENTED_EDGE('',*,*,#5064,.F.);
#3218=ORIENTED_EDGE('',*,*,#5179,.T.);
#3219=ORIENTED_EDGE('',*,*,#5061,.T.);
#3220=ORIENTED_EDGE('',*,*,#5074,.F.);
#3221=ORIENTED_EDGE('',*,*,#5073,.T.);
#3222=ORIENTED_EDGE('',*,*,#5180,.F.);
#3223=ORIENTED_EDGE('',*,*,#5181,.F.);
#3224=ORIENTED_EDGE('',*,*,#5182,.T.);
#3225=ORIENTED_EDGE('',*,*,#5183,.F.);
#3226=ORIENTED_EDGE('',*,*,#5184,.F.);
#3227=ORIENTED_EDGE('',*,*,#5185,.T.);
#3228=ORIENTED_EDGE('',*,*,#5186,.F.);
#3229=ORIENTED_EDGE('',*,*,#5187,.T.);
#3230=ORIENTED_EDGE('',*,*,#5188,.F.);
#3231=ORIENTED_EDGE('',*,*,#5189,.T.);
#3232=ORIENTED_EDGE('',*,*,#5190,.F.);
#3233=ORIENTED_EDGE('',*,*,#5191,.F.);
#3234=ORIENTED_EDGE('',*,*,#5192,.T.);
#3235=ORIENTED_EDGE('',*,*,#5193,.T.);
#3236=ORIENTED_EDGE('',*,*,#5194,.F.);
#3237=ORIENTED_EDGE('',*,*,#5195,.T.);
#3238=ORIENTED_EDGE('',*,*,#5196,.T.);
#3239=ORIENTED_EDGE('',*,*,#5197,.F.);
#3240=ORIENTED_EDGE('',*,*,#5198,.T.);
#3241=ORIENTED_EDGE('',*,*,#5199,.T.);
#3242=ORIENTED_EDGE('',*,*,#5200,.T.);
#3243=ORIENTED_EDGE('',*,*,#5201,.T.);
#3244=ORIENTED_EDGE('',*,*,#5202,.T.);
#3245=ORIENTED_EDGE('',*,*,#5203,.T.);
#3246=ORIENTED_EDGE('',*,*,#5204,.T.);
#3247=ORIENTED_EDGE('',*,*,#5205,.T.);
#3248=ORIENTED_EDGE('',*,*,#5206,.T.);
#3249=ORIENTED_EDGE('',*,*,#5207,.F.);
#3250=ORIENTED_EDGE('',*,*,#5208,.F.);
#3251=ORIENTED_EDGE('',*,*,#5209,.T.);
#3252=ORIENTED_EDGE('',*,*,#5210,.F.);
#3253=ORIENTED_EDGE('',*,*,#5211,.F.);
#3254=ORIENTED_EDGE('',*,*,#5212,.T.);
#3255=ORIENTED_EDGE('',*,*,#5213,.F.);
#3256=ORIENTED_EDGE('',*,*,#5214,.T.);
#3257=ORIENTED_EDGE('',*,*,#5215,.T.);
#3258=ORIENTED_EDGE('',*,*,#5215,.F.);
#3259=ORIENTED_EDGE('',*,*,#5190,.T.);
#3260=ORIENTED_EDGE('',*,*,#5188,.T.);
#3261=ORIENTED_EDGE('',*,*,#5189,.F.);
#3262=ORIENTED_EDGE('',*,*,#5200,.F.);
#3263=ORIENTED_EDGE('',*,*,#5216,.F.);
#3264=ORIENTED_EDGE('',*,*,#5217,.F.);
#3265=ORIENTED_EDGE('',*,*,#5199,.F.);
#3266=ORIENTED_EDGE('',*,*,#5218,.F.);
#3267=ORIENTED_EDGE('',*,*,#5216,.T.);
#3268=ORIENTED_EDGE('',*,*,#5201,.F.);
#3269=ORIENTED_EDGE('',*,*,#5217,.T.);
#3270=ORIENTED_EDGE('',*,*,#5219,.T.);
#3271=ORIENTED_EDGE('',*,*,#5202,.F.);
#3272=ORIENTED_EDGE('',*,*,#5219,.F.);
#3273=ORIENTED_EDGE('',*,*,#5220,.T.);
#3274=ORIENTED_EDGE('',*,*,#5193,.F.);
#3275=ORIENTED_EDGE('',*,*,#5221,.T.);
#3276=ORIENTED_EDGE('',*,*,#5222,.T.);
#3277=ORIENTED_EDGE('',*,*,#5223,.T.);
#3278=ORIENTED_EDGE('',*,*,#5222,.F.);
#3279=ORIENTED_EDGE('',*,*,#5224,.T.);
#3280=ORIENTED_EDGE('',*,*,#5225,.T.);
#3281=ORIENTED_EDGE('',*,*,#5192,.F.);
#3282=ORIENTED_EDGE('',*,*,#5226,.F.);
#3283=ORIENTED_EDGE('',*,*,#5227,.F.);
#3284=ORIENTED_EDGE('',*,*,#5221,.F.);
#3285=ORIENTED_EDGE('',*,*,#5228,.F.);
#3286=ORIENTED_EDGE('',*,*,#5227,.T.);
#3287=ORIENTED_EDGE('',*,*,#5229,.F.);
#3288=ORIENTED_EDGE('',*,*,#5204,.F.);
#3289=ORIENTED_EDGE('',*,*,#5230,.T.);
#3290=ORIENTED_EDGE('',*,*,#5231,.F.);
#3291=ORIENTED_EDGE('',*,*,#5232,.T.);
#3292=ORIENTED_EDGE('',*,*,#5233,.F.);
#3293=ORIENTED_EDGE('',*,*,#5234,.T.);
#3294=ORIENTED_EDGE('',*,*,#5235,.T.);
#3295=ORIENTED_EDGE('',*,*,#5205,.F.);
#3296=ORIENTED_EDGE('',*,*,#5235,.F.);
#3297=ORIENTED_EDGE('',*,*,#5236,.T.);
#3298=ORIENTED_EDGE('',*,*,#5237,.T.);
#3299=ORIENTED_EDGE('',*,*,#5206,.F.);
#3300=ORIENTED_EDGE('',*,*,#5237,.F.);
#3301=ORIENTED_EDGE('',*,*,#5238,.T.);
#3302=ORIENTED_EDGE('',*,*,#5239,.F.);
#3303=ORIENTED_EDGE('',*,*,#5240,.T.);
#3304=ORIENTED_EDGE('',*,*,#5241,.T.);
#3305=ORIENTED_EDGE('',*,*,#5228,.T.);
#3306=ORIENTED_EDGE('',*,*,#5242,.F.);
#3307=ORIENTED_EDGE('',*,*,#5231,.T.);
#3308=ORIENTED_EDGE('',*,*,#5243,.T.);
#3309=ORIENTED_EDGE('',*,*,#5241,.F.);
#3310=ORIENTED_EDGE('',*,*,#5244,.T.);
#3311=ORIENTED_EDGE('',*,*,#5245,.F.);
#3312=ORIENTED_EDGE('',*,*,#5239,.T.);
#3313=ORIENTED_EDGE('',*,*,#5246,.T.);
#3314=ORIENTED_EDGE('',*,*,#5233,.T.);
#3315=ORIENTED_EDGE('',*,*,#5236,.F.);
#3316=ORIENTED_EDGE('',*,*,#5234,.F.);
#3317=ORIENTED_EDGE('',*,*,#5246,.F.);
#3318=ORIENTED_EDGE('',*,*,#5238,.F.);
#3319=ORIENTED_EDGE('',*,*,#5240,.F.);
#3320=ORIENTED_EDGE('',*,*,#5245,.T.);
#3321=ORIENTED_EDGE('',*,*,#5232,.F.);
#3322=ORIENTED_EDGE('',*,*,#5244,.F.);
#3323=ORIENTED_EDGE('',*,*,#5198,.F.);
#3324=ORIENTED_EDGE('',*,*,#5247,.T.);
#3325=ORIENTED_EDGE('',*,*,#5248,.F.);
#3326=ORIENTED_EDGE('',*,*,#5249,.T.);
#3327=ORIENTED_EDGE('',*,*,#5250,.F.);
#3328=ORIENTED_EDGE('',*,*,#5251,.T.);
#3329=ORIENTED_EDGE('',*,*,#5252,.T.);
#3330=ORIENTED_EDGE('',*,*,#5218,.T.);
#3331=ORIENTED_EDGE('',*,*,#5253,.T.);
#3332=ORIENTED_EDGE('',*,*,#5254,.T.);
#3333=ORIENTED_EDGE('',*,*,#5252,.F.);
#3334=ORIENTED_EDGE('',*,*,#5255,.T.);
#3335=ORIENTED_EDGE('',*,*,#5196,.F.);
#3336=ORIENTED_EDGE('',*,*,#5256,.T.);
#3337=ORIENTED_EDGE('',*,*,#5253,.F.);
#3338=ORIENTED_EDGE('',*,*,#5257,.T.);
#3339=ORIENTED_EDGE('',*,*,#5258,.F.);
#3340=ORIENTED_EDGE('',*,*,#5259,.T.);
#3341=ORIENTED_EDGE('',*,*,#5260,.T.);
#3342=ORIENTED_EDGE('',*,*,#5261,.T.);
#3343=ORIENTED_EDGE('',*,*,#5262,.T.);
#3344=ORIENTED_EDGE('',*,*,#5248,.T.);
#3345=ORIENTED_EDGE('',*,*,#5263,.T.);
#3346=ORIENTED_EDGE('',*,*,#5260,.F.);
#3347=ORIENTED_EDGE('',*,*,#5264,.F.);
#3348=ORIENTED_EDGE('',*,*,#5258,.T.);
#3349=ORIENTED_EDGE('',*,*,#5265,.T.);
#3350=ORIENTED_EDGE('',*,*,#5250,.T.);
#3351=ORIENTED_EDGE('',*,*,#5255,.F.);
#3352=ORIENTED_EDGE('',*,*,#5251,.F.);
#3353=ORIENTED_EDGE('',*,*,#5265,.F.);
#3354=ORIENTED_EDGE('',*,*,#5257,.F.);
#3355=ORIENTED_EDGE('',*,*,#5259,.F.);
#3356=ORIENTED_EDGE('',*,*,#5264,.T.);
#3357=ORIENTED_EDGE('',*,*,#5249,.F.);
#3358=ORIENTED_EDGE('',*,*,#5262,.F.);
#3359=ORIENTED_EDGE('',*,*,#5266,.T.);
#3360=ORIENTED_EDGE('',*,*,#5267,.T.);
#3361=ORIENTED_EDGE('',*,*,#5268,.T.);
#3362=ORIENTED_EDGE('',*,*,#5269,.F.);
#3363=ORIENTED_EDGE('',*,*,#5270,.T.);
#3364=ORIENTED_EDGE('',*,*,#5271,.T.);
#3365=ORIENTED_EDGE('',*,*,#5272,.T.);
#3366=ORIENTED_EDGE('',*,*,#5273,.T.);
#3367=ORIENTED_EDGE('',*,*,#5269,.T.);
#3368=ORIENTED_EDGE('',*,*,#5274,.F.);
#3369=ORIENTED_EDGE('',*,*,#5272,.F.);
#3370=ORIENTED_EDGE('',*,*,#5275,.F.);
#3371=ORIENTED_EDGE('',*,*,#5243,.F.);
#3372=ORIENTED_EDGE('',*,*,#5276,.F.);
#3373=ORIENTED_EDGE('',*,*,#5267,.F.);
#3374=ORIENTED_EDGE('',*,*,#5277,.T.);
#3375=ORIENTED_EDGE('',*,*,#5254,.F.);
#3376=ORIENTED_EDGE('',*,*,#5278,.F.);
#3377=ORIENTED_EDGE('',*,*,#5270,.F.);
#3378=ORIENTED_EDGE('',*,*,#5279,.T.);
#3379=ORIENTED_EDGE('',*,*,#5195,.F.);
#3380=ORIENTED_EDGE('',*,*,#5280,.T.);
#3381=ORIENTED_EDGE('',*,*,#5224,.F.);
#3382=ORIENTED_EDGE('',*,*,#5277,.F.);
#3383=ORIENTED_EDGE('',*,*,#5266,.F.);
#3384=ORIENTED_EDGE('',*,*,#5275,.T.);
#3385=ORIENTED_EDGE('',*,*,#5271,.F.);
#3386=ORIENTED_EDGE('',*,*,#5278,.T.);
#3387=ORIENTED_EDGE('',*,*,#5256,.F.);
#3388=ORIENTED_EDGE('',*,*,#5203,.F.);
#3389=ORIENTED_EDGE('',*,*,#5220,.F.);
#3390=ORIENTED_EDGE('',*,*,#5279,.F.);
#3391=ORIENTED_EDGE('',*,*,#5273,.F.);
#3392=ORIENTED_EDGE('',*,*,#5274,.T.);
#3393=ORIENTED_EDGE('',*,*,#5268,.F.);
#3394=ORIENTED_EDGE('',*,*,#5276,.T.);
#3395=ORIENTED_EDGE('',*,*,#5230,.F.);
#3396=ORIENTED_EDGE('',*,*,#5280,.F.);
#3397=ORIENTED_EDGE('',*,*,#5194,.T.);
#3398=ORIENTED_EDGE('',*,*,#5223,.F.);
#3399=ORIENTED_EDGE('',*,*,#5225,.F.);
#3400=ORIENTED_EDGE('',*,*,#5226,.T.);
#3401=ORIENTED_EDGE('',*,*,#5191,.T.);
#3402=ORIENTED_EDGE('',*,*,#5242,.T.);
#3403=ORIENTED_EDGE('',*,*,#5229,.T.);
#3404=ORIENTED_EDGE('',*,*,#5247,.F.);
#3405=ORIENTED_EDGE('',*,*,#5197,.T.);
#3406=ORIENTED_EDGE('',*,*,#5261,.F.);
#3407=ORIENTED_EDGE('',*,*,#5263,.F.);
#3408=ORIENTED_EDGE('',*,*,#5209,.F.);
#3409=ORIENTED_EDGE('',*,*,#5281,.F.);
#3410=ORIENTED_EDGE('',*,*,#5282,.F.);
#3411=ORIENTED_EDGE('',*,*,#5283,.F.);
#3412=ORIENTED_EDGE('',*,*,#5211,.T.);
#3413=ORIENTED_EDGE('',*,*,#5284,.F.);
#3414=ORIENTED_EDGE('',*,*,#5212,.F.);
#3415=ORIENTED_EDGE('',*,*,#5283,.T.);
#3416=ORIENTED_EDGE('',*,*,#5285,.T.);
#3417=ORIENTED_EDGE('',*,*,#5284,.T.);
#3418=ORIENTED_EDGE('',*,*,#5210,.T.);
#3419=ORIENTED_EDGE('',*,*,#5282,.T.);
#3420=ORIENTED_EDGE('',*,*,#5286,.T.);
#3421=ORIENTED_EDGE('',*,*,#5207,.T.);
#3422=ORIENTED_EDGE('',*,*,#5287,.T.);
#3423=ORIENTED_EDGE('',*,*,#5214,.F.);
#3424=ORIENTED_EDGE('',*,*,#5288,.T.);
#3425=ORIENTED_EDGE('',*,*,#5287,.F.);
#3426=ORIENTED_EDGE('',*,*,#5288,.F.);
#3427=ORIENTED_EDGE('',*,*,#5213,.T.);
#3428=ORIENTED_EDGE('',*,*,#5285,.F.);
#3429=ORIENTED_EDGE('',*,*,#5281,.T.);
#3430=ORIENTED_EDGE('',*,*,#5208,.T.);
#3431=ORIENTED_EDGE('',*,*,#5286,.F.);
#3432=ORIENTED_EDGE('',*,*,#5289,.T.);
#3433=ORIENTED_EDGE('',*,*,#5181,.T.);
#3434=ORIENTED_EDGE('',*,*,#5290,.F.);
#3435=ORIENTED_EDGE('',*,*,#5290,.T.);
#3436=ORIENTED_EDGE('',*,*,#5180,.T.);
#3437=ORIENTED_EDGE('',*,*,#5291,.T.);
#3438=ORIENTED_EDGE('',*,*,#5292,.T.);
#3439=ORIENTED_EDGE('',*,*,#5186,.T.);
#3440=ORIENTED_EDGE('',*,*,#5293,.F.);
#3441=ORIENTED_EDGE('',*,*,#5294,.F.);
#3442=ORIENTED_EDGE('',*,*,#5184,.T.);
#3443=ORIENTED_EDGE('',*,*,#5295,.F.);
#3444=ORIENTED_EDGE('',*,*,#5295,.T.);
#3445=ORIENTED_EDGE('',*,*,#5183,.T.);
#3446=ORIENTED_EDGE('',*,*,#5296,.T.);
#3447=ORIENTED_EDGE('',*,*,#5187,.F.);
#3448=ORIENTED_EDGE('',*,*,#5292,.F.);
#3449=ORIENTED_EDGE('',*,*,#5291,.F.);
#3450=ORIENTED_EDGE('',*,*,#5185,.F.);
#3451=ORIENTED_EDGE('',*,*,#5294,.T.);
#3452=ORIENTED_EDGE('',*,*,#5293,.T.);
#3453=ORIENTED_EDGE('',*,*,#5182,.F.);
#3454=ORIENTED_EDGE('',*,*,#5289,.F.);
#3455=ORIENTED_EDGE('',*,*,#5296,.F.);
#3456=ORIENTED_EDGE('',*,*,#5297,.F.);
#3457=ORIENTED_EDGE('',*,*,#5298,.T.);
#3458=ORIENTED_EDGE('',*,*,#5299,.T.);
#3459=ORIENTED_EDGE('',*,*,#5300,.F.);
#3460=ORIENTED_EDGE('',*,*,#5301,.T.);
#3461=ORIENTED_EDGE('',*,*,#5302,.F.);
#3462=ORIENTED_EDGE('',*,*,#5303,.T.);
#3463=ORIENTED_EDGE('',*,*,#5304,.T.);
#3464=ORIENTED_EDGE('',*,*,#5305,.F.);
#3465=ORIENTED_EDGE('',*,*,#5306,.T.);
#3466=ORIENTED_EDGE('',*,*,#5307,.F.);
#3467=ORIENTED_EDGE('',*,*,#5308,.F.);
#3468=ORIENTED_EDGE('',*,*,#5309,.T.);
#3469=ORIENTED_EDGE('',*,*,#5310,.F.);
#3470=ORIENTED_EDGE('',*,*,#5311,.F.);
#3471=ORIENTED_EDGE('',*,*,#5312,.F.);
#3472=ORIENTED_EDGE('',*,*,#5313,.F.);
#3473=ORIENTED_EDGE('',*,*,#5314,.T.);
#3474=ORIENTED_EDGE('',*,*,#5311,.T.);
#3475=ORIENTED_EDGE('',*,*,#5315,.F.);
#3476=ORIENTED_EDGE('',*,*,#5316,.F.);
#3477=ORIENTED_EDGE('',*,*,#5313,.T.);
#3478=ORIENTED_EDGE('',*,*,#5317,.T.);
#3479=ORIENTED_EDGE('',*,*,#5300,.T.);
#3480=ORIENTED_EDGE('',*,*,#5318,.T.);
#3481=ORIENTED_EDGE('',*,*,#5319,.F.);
#3482=ORIENTED_EDGE('',*,*,#5320,.T.);
#3483=ORIENTED_EDGE('',*,*,#5321,.F.);
#3484=ORIENTED_EDGE('',*,*,#5322,.T.);
#3485=ORIENTED_EDGE('',*,*,#5323,.T.);
#3486=ORIENTED_EDGE('',*,*,#5324,.T.);
#3487=ORIENTED_EDGE('',*,*,#5325,.T.);
#3488=ORIENTED_EDGE('',*,*,#5326,.F.);
#3489=ORIENTED_EDGE('',*,*,#5327,.F.);
#3490=ORIENTED_EDGE('',*,*,#5328,.T.);
#3491=ORIENTED_EDGE('',*,*,#5329,.F.);
#3492=ORIENTED_EDGE('',*,*,#5330,.T.);
#3493=ORIENTED_EDGE('',*,*,#5331,.T.);
#3494=ORIENTED_EDGE('',*,*,#5332,.T.);
#3495=ORIENTED_EDGE('',*,*,#5333,.T.);
#3496=ORIENTED_EDGE('',*,*,#5334,.T.);
#3497=ORIENTED_EDGE('',*,*,#5335,.F.);
#3498=ORIENTED_EDGE('',*,*,#5336,.T.);
#3499=ORIENTED_EDGE('',*,*,#5337,.F.);
#3500=ORIENTED_EDGE('',*,*,#5338,.T.);
#3501=ORIENTED_EDGE('',*,*,#5306,.F.);
#3502=ORIENTED_EDGE('',*,*,#5339,.T.);
#3503=ORIENTED_EDGE('',*,*,#5297,.T.);
#3504=ORIENTED_EDGE('',*,*,#5340,.F.);
#3505=ORIENTED_EDGE('',*,*,#5341,.F.);
#3506=ORIENTED_EDGE('',*,*,#5342,.F.);
#3507=ORIENTED_EDGE('',*,*,#5343,.T.);
#3508=ORIENTED_EDGE('',*,*,#5344,.T.);
#3509=ORIENTED_EDGE('',*,*,#5345,.T.);
#3510=ORIENTED_EDGE('',*,*,#5346,.T.);
#3511=ORIENTED_EDGE('',*,*,#5320,.F.);
#3512=ORIENTED_EDGE('',*,*,#5318,.F.);
#3513=ORIENTED_EDGE('',*,*,#5317,.F.);
#3514=ORIENTED_EDGE('',*,*,#5315,.T.);
#3515=ORIENTED_EDGE('',*,*,#5310,.T.);
#3516=ORIENTED_EDGE('',*,*,#5347,.T.);
#3517=ORIENTED_EDGE('',*,*,#5348,.T.);
#3518=ORIENTED_EDGE('',*,*,#5301,.F.);
#3519=ORIENTED_EDGE('',*,*,#5349,.F.);
#3520=ORIENTED_EDGE('',*,*,#5308,.T.);
#3521=ORIENTED_EDGE('',*,*,#5350,.F.);
#3522=ORIENTED_EDGE('',*,*,#5351,.F.);
#3523=ORIENTED_EDGE('',*,*,#5352,.F.);
#3524=ORIENTED_EDGE('',*,*,#5353,.F.);
#3525=ORIENTED_EDGE('',*,*,#5354,.T.);
#3526=ORIENTED_EDGE('',*,*,#5355,.T.);
#3527=ORIENTED_EDGE('',*,*,#5356,.T.);
#3528=ORIENTED_EDGE('',*,*,#5303,.F.);
#3529=ORIENTED_EDGE('',*,*,#5357,.F.);
#3530=ORIENTED_EDGE('',*,*,#5358,.F.);
#3531=ORIENTED_EDGE('',*,*,#5359,.F.);
#3532=ORIENTED_EDGE('',*,*,#5360,.T.);
#3533=ORIENTED_EDGE('',*,*,#5361,.T.);
#3534=ORIENTED_EDGE('',*,*,#5362,.T.);
#3535=ORIENTED_EDGE('',*,*,#5363,.T.);
#3536=ORIENTED_EDGE('',*,*,#5364,.F.);
#3537=ORIENTED_EDGE('',*,*,#5365,.F.);
#3538=ORIENTED_EDGE('',*,*,#5366,.T.);
#3539=ORIENTED_EDGE('',*,*,#5367,.T.);
#3540=ORIENTED_EDGE('',*,*,#5368,.T.);
#3541=ORIENTED_EDGE('',*,*,#5369,.T.);
#3542=ORIENTED_EDGE('',*,*,#5370,.F.);
#3543=ORIENTED_EDGE('',*,*,#5371,.T.);
#3544=ORIENTED_EDGE('',*,*,#5372,.F.);
#3545=ORIENTED_EDGE('',*,*,#5373,.T.);
#3546=ORIENTED_EDGE('',*,*,#5374,.T.);
#3547=ORIENTED_EDGE('',*,*,#5375,.T.);
#3548=ORIENTED_EDGE('',*,*,#5376,.T.);
#3549=ORIENTED_EDGE('',*,*,#5377,.T.);
#3550=ORIENTED_EDGE('',*,*,#5378,.T.);
#3551=ORIENTED_EDGE('',*,*,#5379,.F.);
#3552=ORIENTED_EDGE('',*,*,#5380,.F.);
#3553=ORIENTED_EDGE('',*,*,#5381,.T.);
#3554=ORIENTED_EDGE('',*,*,#5382,.F.);
#3555=ORIENTED_EDGE('',*,*,#5383,.T.);
#3556=ORIENTED_EDGE('',*,*,#5358,.T.);
#3557=ORIENTED_EDGE('',*,*,#5379,.T.);
#3558=ORIENTED_EDGE('',*,*,#5342,.T.);
#3559=ORIENTED_EDGE('',*,*,#5384,.F.);
#3560=ORIENTED_EDGE('',*,*,#5354,.F.);
#3561=ORIENTED_EDGE('',*,*,#5385,.T.);
#3562=ORIENTED_EDGE('',*,*,#5341,.T.);
#3563=ORIENTED_EDGE('',*,*,#5386,.F.);
#3564=ORIENTED_EDGE('',*,*,#5355,.F.);
#3565=ORIENTED_EDGE('',*,*,#5384,.T.);
#3566=ORIENTED_EDGE('',*,*,#5340,.T.);
#3567=ORIENTED_EDGE('',*,*,#5304,.F.);
#3568=ORIENTED_EDGE('',*,*,#5356,.F.);
#3569=ORIENTED_EDGE('',*,*,#5386,.T.);
#3570=ORIENTED_EDGE('',*,*,#5346,.F.);
#3571=ORIENTED_EDGE('',*,*,#5387,.F.);
#3572=ORIENTED_EDGE('',*,*,#5350,.T.);
#3573=ORIENTED_EDGE('',*,*,#5307,.T.);
#3574=ORIENTED_EDGE('',*,*,#5345,.F.);
#3575=ORIENTED_EDGE('',*,*,#5388,.F.);
#3576=ORIENTED_EDGE('',*,*,#5351,.T.);
#3577=ORIENTED_EDGE('',*,*,#5387,.T.);
#3578=ORIENTED_EDGE('',*,*,#5344,.F.);
#3579=ORIENTED_EDGE('',*,*,#5389,.F.);
#3580=ORIENTED_EDGE('',*,*,#5352,.T.);
#3581=ORIENTED_EDGE('',*,*,#5388,.T.);
#3582=ORIENTED_EDGE('',*,*,#5343,.F.);
#3583=ORIENTED_EDGE('',*,*,#5385,.F.);
#3584=ORIENTED_EDGE('',*,*,#5353,.T.);
#3585=ORIENTED_EDGE('',*,*,#5389,.T.);
#3586=ORIENTED_EDGE('',*,*,#5326,.T.);
#3587=ORIENTED_EDGE('',*,*,#5378,.F.);
#3588=ORIENTED_EDGE('',*,*,#5376,.F.);
#3589=ORIENTED_EDGE('',*,*,#5390,.T.);
#3590=ORIENTED_EDGE('',*,*,#5327,.T.);
#3591=ORIENTED_EDGE('',*,*,#5391,.T.);
#3592=ORIENTED_EDGE('',*,*,#5329,.T.);
#3593=ORIENTED_EDGE('',*,*,#5392,.T.);
#3594=ORIENTED_EDGE('',*,*,#5374,.F.);
#3595=ORIENTED_EDGE('',*,*,#5393,.T.);
#3596=ORIENTED_EDGE('',*,*,#5372,.T.);
#3597=ORIENTED_EDGE('',*,*,#5394,.T.);
#3598=ORIENTED_EDGE('',*,*,#5331,.F.);
#3599=ORIENTED_EDGE('',*,*,#5395,.T.);
#3600=ORIENTED_EDGE('',*,*,#5333,.F.);
#3601=ORIENTED_EDGE('',*,*,#5396,.T.);
#3602=ORIENTED_EDGE('',*,*,#5370,.T.);
#3603=ORIENTED_EDGE('',*,*,#5397,.T.);
#3604=ORIENTED_EDGE('',*,*,#5382,.T.);
#3605=ORIENTED_EDGE('',*,*,#5398,.T.);
#3606=ORIENTED_EDGE('',*,*,#5322,.F.);
#3607=ORIENTED_EDGE('',*,*,#5399,.T.);
#3608=ORIENTED_EDGE('',*,*,#5324,.F.);
#3609=ORIENTED_EDGE('',*,*,#5400,.T.);
#3610=ORIENTED_EDGE('',*,*,#5380,.T.);
#3611=ORIENTED_EDGE('',*,*,#5401,.T.);
#3612=ORIENTED_EDGE('',*,*,#5337,.T.);
#3613=ORIENTED_EDGE('',*,*,#5402,.T.);
#3614=ORIENTED_EDGE('',*,*,#5366,.F.);
#3615=ORIENTED_EDGE('',*,*,#5403,.T.);
#3616=ORIENTED_EDGE('',*,*,#5368,.F.);
#3617=ORIENTED_EDGE('',*,*,#5404,.T.);
#3618=ORIENTED_EDGE('',*,*,#5335,.T.);
#3619=ORIENTED_EDGE('',*,*,#5405,.T.);
#3620=ORIENTED_EDGE('',*,*,#5371,.F.);
#3621=ORIENTED_EDGE('',*,*,#5396,.F.);
#3622=ORIENTED_EDGE('',*,*,#5332,.F.);
#3623=ORIENTED_EDGE('',*,*,#5394,.F.);
#3624=ORIENTED_EDGE('',*,*,#5373,.F.);
#3625=ORIENTED_EDGE('',*,*,#5395,.F.);
#3626=ORIENTED_EDGE('',*,*,#5334,.F.);
#3627=ORIENTED_EDGE('',*,*,#5397,.F.);
#3628=ORIENTED_EDGE('',*,*,#5375,.F.);
#3629=ORIENTED_EDGE('',*,*,#5392,.F.);
#3630=ORIENTED_EDGE('',*,*,#5328,.F.);
#3631=ORIENTED_EDGE('',*,*,#5390,.F.);
#3632=ORIENTED_EDGE('',*,*,#5377,.F.);
#3633=ORIENTED_EDGE('',*,*,#5391,.F.);
#3634=ORIENTED_EDGE('',*,*,#5330,.F.);
#3635=ORIENTED_EDGE('',*,*,#5393,.F.);
#3636=ORIENTED_EDGE('',*,*,#5381,.F.);
#3637=ORIENTED_EDGE('',*,*,#5400,.F.);
#3638=ORIENTED_EDGE('',*,*,#5323,.F.);
#3639=ORIENTED_EDGE('',*,*,#5398,.F.);
#3640=ORIENTED_EDGE('',*,*,#5383,.F.);
#3641=ORIENTED_EDGE('',*,*,#5399,.F.);
#3642=ORIENTED_EDGE('',*,*,#5325,.F.);
#3643=ORIENTED_EDGE('',*,*,#5401,.F.);
#3644=ORIENTED_EDGE('',*,*,#5367,.F.);
#3645=ORIENTED_EDGE('',*,*,#5402,.F.);
#3646=ORIENTED_EDGE('',*,*,#5336,.F.);
#3647=ORIENTED_EDGE('',*,*,#5404,.F.);
#3648=ORIENTED_EDGE('',*,*,#5369,.F.);
#3649=ORIENTED_EDGE('',*,*,#5405,.F.);
#3650=ORIENTED_EDGE('',*,*,#5338,.F.);
#3651=ORIENTED_EDGE('',*,*,#5403,.F.);
#3652=ORIENTED_EDGE('',*,*,#5360,.F.);
#3653=ORIENTED_EDGE('',*,*,#5406,.F.);
#3654=ORIENTED_EDGE('',*,*,#5407,.T.);
#3655=ORIENTED_EDGE('',*,*,#5408,.T.);
#3656=ORIENTED_EDGE('',*,*,#5359,.T.);
#3657=ORIENTED_EDGE('',*,*,#5409,.F.);
#3658=ORIENTED_EDGE('',*,*,#5410,.F.);
#3659=ORIENTED_EDGE('',*,*,#5406,.T.);
#3660=ORIENTED_EDGE('',*,*,#5365,.T.);
#3661=ORIENTED_EDGE('',*,*,#5411,.F.);
#3662=ORIENTED_EDGE('',*,*,#5412,.F.);
#3663=ORIENTED_EDGE('',*,*,#5409,.T.);
#3664=ORIENTED_EDGE('',*,*,#5364,.T.);
#3665=ORIENTED_EDGE('',*,*,#5413,.F.);
#3666=ORIENTED_EDGE('',*,*,#5414,.F.);
#3667=ORIENTED_EDGE('',*,*,#5411,.T.);
#3668=ORIENTED_EDGE('',*,*,#5363,.F.);
#3669=ORIENTED_EDGE('',*,*,#5415,.F.);
#3670=ORIENTED_EDGE('',*,*,#5416,.T.);
#3671=ORIENTED_EDGE('',*,*,#5413,.T.);
#3672=ORIENTED_EDGE('',*,*,#5362,.F.);
#3673=ORIENTED_EDGE('',*,*,#5417,.F.);
#3674=ORIENTED_EDGE('',*,*,#5418,.T.);
#3675=ORIENTED_EDGE('',*,*,#5415,.T.);
#3676=ORIENTED_EDGE('',*,*,#5361,.F.);
#3677=ORIENTED_EDGE('',*,*,#5408,.F.);
#3678=ORIENTED_EDGE('',*,*,#5419,.T.);
#3679=ORIENTED_EDGE('',*,*,#5417,.T.);
#3680=ORIENTED_EDGE('',*,*,#5407,.F.);
#3681=ORIENTED_EDGE('',*,*,#5410,.T.);
#3682=ORIENTED_EDGE('',*,*,#5412,.T.);
#3683=ORIENTED_EDGE('',*,*,#5414,.T.);
#3684=ORIENTED_EDGE('',*,*,#5416,.F.);
#3685=ORIENTED_EDGE('',*,*,#5418,.F.);
#3686=ORIENTED_EDGE('',*,*,#5419,.F.);
#3687=ORIENTED_EDGE('',*,*,#5349,.T.);
#3688=ORIENTED_EDGE('',*,*,#5420,.F.);
#3689=ORIENTED_EDGE('',*,*,#5347,.F.);
#3690=ORIENTED_EDGE('',*,*,#5309,.F.);
#3691=ORIENTED_EDGE('',*,*,#5302,.T.);
#3692=ORIENTED_EDGE('',*,*,#5348,.F.);
#3693=ORIENTED_EDGE('',*,*,#5420,.T.);
#3694=ORIENTED_EDGE('',*,*,#5357,.T.);
#3695=ORIENTED_EDGE('',*,*,#5305,.T.);
#3696=ORIENTED_EDGE('',*,*,#5421,.T.);
#3697=ORIENTED_EDGE('',*,*,#5298,.F.);
#3698=ORIENTED_EDGE('',*,*,#5339,.F.);
#3699=ORIENTED_EDGE('',*,*,#5319,.T.);
#3700=ORIENTED_EDGE('',*,*,#5321,.T.);
#3701=ORIENTED_EDGE('',*,*,#5312,.T.);
#3702=ORIENTED_EDGE('',*,*,#5314,.F.);
#3703=ORIENTED_EDGE('',*,*,#5316,.T.);
#3704=ORIENTED_EDGE('',*,*,#5299,.F.);
#3705=ORIENTED_EDGE('',*,*,#5421,.F.);
#3706=ORIENTED_EDGE('',*,*,#5422,.T.);
#3707=ORIENTED_EDGE('',*,*,#5423,.F.);
#3708=ORIENTED_EDGE('',*,*,#5424,.F.);
#3709=ORIENTED_EDGE('',*,*,#5425,.F.);
#3710=ORIENTED_EDGE('',*,*,#5426,.T.);
#3711=ORIENTED_EDGE('',*,*,#5427,.F.);
#3712=ORIENTED_EDGE('',*,*,#5428,.F.);
#3713=ORIENTED_EDGE('',*,*,#5429,.T.);
#3714=ORIENTED_EDGE('',*,*,#5430,.T.);
#3715=ORIENTED_EDGE('',*,*,#5431,.T.);
#3716=ORIENTED_EDGE('',*,*,#5432,.T.);
#3717=ORIENTED_EDGE('',*,*,#5433,.T.);
#3718=ORIENTED_EDGE('',*,*,#5434,.F.);
#3719=ORIENTED_EDGE('',*,*,#5435,.T.);
#3720=ORIENTED_EDGE('',*,*,#5436,.F.);
#3721=ORIENTED_EDGE('',*,*,#5437,.F.);
#3722=ORIENTED_EDGE('',*,*,#5438,.F.);
#3723=ORIENTED_EDGE('',*,*,#5439,.T.);
#3724=ORIENTED_EDGE('',*,*,#5440,.F.);
#3725=ORIENTED_EDGE('',*,*,#5441,.T.);
#3726=ORIENTED_EDGE('',*,*,#5442,.F.);
#3727=ORIENTED_EDGE('',*,*,#5443,.F.);
#3728=ORIENTED_EDGE('',*,*,#5444,.T.);
#3729=ORIENTED_EDGE('',*,*,#5445,.T.);
#3730=ORIENTED_EDGE('',*,*,#5446,.T.);
#3731=ORIENTED_EDGE('',*,*,#5447,.T.);
#3732=ORIENTED_EDGE('',*,*,#5448,.F.);
#3733=ORIENTED_EDGE('',*,*,#5449,.F.);
#3734=ORIENTED_EDGE('',*,*,#5425,.T.);
#3735=ORIENTED_EDGE('',*,*,#5450,.T.);
#3736=ORIENTED_EDGE('',*,*,#5451,.T.);
#3737=ORIENTED_EDGE('',*,*,#5452,.F.);
#3738=ORIENTED_EDGE('',*,*,#5426,.F.);
#3739=ORIENTED_EDGE('',*,*,#5449,.T.);
#3740=ORIENTED_EDGE('',*,*,#5453,.F.);
#3741=ORIENTED_EDGE('',*,*,#5454,.F.);
#3742=ORIENTED_EDGE('',*,*,#5427,.T.);
#3743=ORIENTED_EDGE('',*,*,#5452,.T.);
#3744=ORIENTED_EDGE('',*,*,#5455,.F.);
#3745=ORIENTED_EDGE('',*,*,#5456,.F.);
#3746=ORIENTED_EDGE('',*,*,#5428,.T.);
#3747=ORIENTED_EDGE('',*,*,#5454,.T.);
#3748=ORIENTED_EDGE('',*,*,#5457,.T.);
#3749=ORIENTED_EDGE('',*,*,#5458,.F.);
#3750=ORIENTED_EDGE('',*,*,#5429,.F.);
#3751=ORIENTED_EDGE('',*,*,#5456,.T.);
#3752=ORIENTED_EDGE('',*,*,#5459,.T.);
#3753=ORIENTED_EDGE('',*,*,#5460,.F.);
#3754=ORIENTED_EDGE('',*,*,#5430,.F.);
#3755=ORIENTED_EDGE('',*,*,#5458,.T.);
#3756=ORIENTED_EDGE('',*,*,#5461,.T.);
#3757=ORIENTED_EDGE('',*,*,#5462,.F.);
#3758=ORIENTED_EDGE('',*,*,#5431,.F.);
#3759=ORIENTED_EDGE('',*,*,#5460,.T.);
#3760=ORIENTED_EDGE('',*,*,#5463,.T.);
#3761=ORIENTED_EDGE('',*,*,#5464,.F.);
#3762=ORIENTED_EDGE('',*,*,#5432,.F.);
#3763=ORIENTED_EDGE('',*,*,#5462,.T.);
#3764=ORIENTED_EDGE('',*,*,#5465,.T.);
#3765=ORIENTED_EDGE('',*,*,#5466,.F.);
#3766=ORIENTED_EDGE('',*,*,#5433,.F.);
#3767=ORIENTED_EDGE('',*,*,#5464,.T.);
#3768=ORIENTED_EDGE('',*,*,#5467,.F.);
#3769=ORIENTED_EDGE('',*,*,#5468,.F.);
#3770=ORIENTED_EDGE('',*,*,#5434,.T.);
#3771=ORIENTED_EDGE('',*,*,#5466,.T.);
#3772=ORIENTED_EDGE('',*,*,#5469,.T.);
#3773=ORIENTED_EDGE('',*,*,#5470,.F.);
#3774=ORIENTED_EDGE('',*,*,#5435,.F.);
#3775=ORIENTED_EDGE('',*,*,#5468,.T.);
#3776=ORIENTED_EDGE('',*,*,#5471,.F.);
#3777=ORIENTED_EDGE('',*,*,#5472,.F.);
#3778=ORIENTED_EDGE('',*,*,#5436,.T.);
#3779=ORIENTED_EDGE('',*,*,#5470,.T.);
#3780=ORIENTED_EDGE('',*,*,#5473,.F.);
#3781=ORIENTED_EDGE('',*,*,#5474,.F.);
#3782=ORIENTED_EDGE('',*,*,#5437,.T.);
#3783=ORIENTED_EDGE('',*,*,#5472,.T.);
#3784=ORIENTED_EDGE('',*,*,#5475,.F.);
#3785=ORIENTED_EDGE('',*,*,#5476,.F.);
#3786=ORIENTED_EDGE('',*,*,#5438,.T.);
#3787=ORIENTED_EDGE('',*,*,#5474,.T.);
#3788=ORIENTED_EDGE('',*,*,#5477,.T.);
#3789=ORIENTED_EDGE('',*,*,#5478,.F.);
#3790=ORIENTED_EDGE('',*,*,#5439,.F.);
#3791=ORIENTED_EDGE('',*,*,#5476,.T.);
#3792=ORIENTED_EDGE('',*,*,#5479,.T.);
#3793=ORIENTED_EDGE('',*,*,#5480,.F.);
#3794=ORIENTED_EDGE('',*,*,#5446,.F.);
#3795=ORIENTED_EDGE('',*,*,#5481,.T.);
#3796=ORIENTED_EDGE('',*,*,#5443,.T.);
#3797=ORIENTED_EDGE('',*,*,#5482,.F.);
#3798=ORIENTED_EDGE('',*,*,#5483,.F.);
#3799=ORIENTED_EDGE('',*,*,#5450,.F.);
#3800=ORIENTED_EDGE('',*,*,#5440,.T.);
#3801=ORIENTED_EDGE('',*,*,#5478,.T.);
#3802=ORIENTED_EDGE('',*,*,#5444,.F.);
#3803=ORIENTED_EDGE('',*,*,#5484,.T.);
#3804=ORIENTED_EDGE('',*,*,#5485,.F.);
#3805=ORIENTED_EDGE('',*,*,#5479,.F.);
#3806=ORIENTED_EDGE('',*,*,#5448,.T.);
#3807=ORIENTED_EDGE('',*,*,#5483,.T.);
#3808=ORIENTED_EDGE('',*,*,#5477,.F.);
#3809=ORIENTED_EDGE('',*,*,#5475,.T.);
#3810=ORIENTED_EDGE('',*,*,#5473,.T.);
#3811=ORIENTED_EDGE('',*,*,#5471,.T.);
#3812=ORIENTED_EDGE('',*,*,#5469,.F.);
#3813=ORIENTED_EDGE('',*,*,#5467,.T.);
#3814=ORIENTED_EDGE('',*,*,#5465,.F.);
#3815=ORIENTED_EDGE('',*,*,#5463,.F.);
#3816=ORIENTED_EDGE('',*,*,#5461,.F.);
#3817=ORIENTED_EDGE('',*,*,#5459,.F.);
#3818=ORIENTED_EDGE('',*,*,#5457,.F.);
#3819=ORIENTED_EDGE('',*,*,#5455,.T.);
#3820=ORIENTED_EDGE('',*,*,#5453,.T.);
#3821=ORIENTED_EDGE('',*,*,#5451,.F.);
#3822=ORIENTED_EDGE('',*,*,#5482,.T.);
#3823=ORIENTED_EDGE('',*,*,#5481,.F.);
#3824=ORIENTED_EDGE('',*,*,#5480,.T.);
#3825=ORIENTED_EDGE('',*,*,#5484,.F.);
#3826=ORIENTED_EDGE('',*,*,#5486,.T.);
#3827=ORIENTED_EDGE('',*,*,#5447,.F.);
#3828=ORIENTED_EDGE('',*,*,#5487,.F.);
#3829=ORIENTED_EDGE('',*,*,#5424,.T.);
#3830=ORIENTED_EDGE('',*,*,#5488,.T.);
#3831=ORIENTED_EDGE('',*,*,#5445,.F.);
#3832=ORIENTED_EDGE('',*,*,#5489,.F.);
#3833=ORIENTED_EDGE('',*,*,#5423,.T.);
#3834=ORIENTED_EDGE('',*,*,#5490,.F.);
#3835=ORIENTED_EDGE('',*,*,#5485,.T.);
#3836=ORIENTED_EDGE('',*,*,#5491,.T.);
#3837=ORIENTED_EDGE('',*,*,#5422,.F.);
#3838=ORIENTED_EDGE('',*,*,#5492,.F.);
#3839=ORIENTED_EDGE('',*,*,#5442,.T.);
#3840=ORIENTED_EDGE('',*,*,#5493,.T.);
#3841=ORIENTED_EDGE('',*,*,#5441,.F.);
#3842=ORIENTED_EDGE('',*,*,#5489,.T.);
#3843=ORIENTED_EDGE('',*,*,#5491,.F.);
#3844=ORIENTED_EDGE('',*,*,#5493,.F.);
#3845=ORIENTED_EDGE('',*,*,#5494,.F.);
#3846=ORIENTED_EDGE('',*,*,#5495,.T.);
#3847=ORIENTED_EDGE('',*,*,#5496,.T.);
#3848=ORIENTED_EDGE('',*,*,#5497,.T.);
#3849=ORIENTED_EDGE('',*,*,#5498,.F.);
#3850=ORIENTED_EDGE('',*,*,#5499,.F.);
#3851=ORIENTED_EDGE('',*,*,#5500,.T.);
#3852=ORIENTED_EDGE('',*,*,#5501,.F.);
#3853=ORIENTED_EDGE('',*,*,#5487,.T.);
#3854=ORIENTED_EDGE('',*,*,#5486,.F.);
#3855=ORIENTED_EDGE('',*,*,#5502,.F.);
#3856=ORIENTED_EDGE('',*,*,#5503,.T.);
#3857=ORIENTED_EDGE('',*,*,#5490,.T.);
#3858=ORIENTED_EDGE('',*,*,#5504,.T.);
#3859=ORIENTED_EDGE('',*,*,#5492,.T.);
#3860=ORIENTED_EDGE('',*,*,#5494,.T.);
#3861=ORIENTED_EDGE('',*,*,#5505,.F.);
#3862=ORIENTED_EDGE('',*,*,#5506,.F.);
#3863=ORIENTED_EDGE('',*,*,#5507,.T.);
#3864=ORIENTED_EDGE('',*,*,#5501,.T.);
#3865=ORIENTED_EDGE('',*,*,#5508,.F.);
#3866=ORIENTED_EDGE('',*,*,#5509,.F.);
#3867=ORIENTED_EDGE('',*,*,#5505,.T.);
#3868=ORIENTED_EDGE('',*,*,#5500,.F.);
#3869=ORIENTED_EDGE('',*,*,#5510,.F.);
#3870=ORIENTED_EDGE('',*,*,#5511,.T.);
#3871=ORIENTED_EDGE('',*,*,#5508,.T.);
#3872=ORIENTED_EDGE('',*,*,#5499,.T.);
#3873=ORIENTED_EDGE('',*,*,#5512,.F.);
#3874=ORIENTED_EDGE('',*,*,#5513,.F.);
#3875=ORIENTED_EDGE('',*,*,#5510,.T.);
#3876=ORIENTED_EDGE('',*,*,#5498,.T.);
#3877=ORIENTED_EDGE('',*,*,#5514,.F.);
#3878=ORIENTED_EDGE('',*,*,#5515,.F.);
#3879=ORIENTED_EDGE('',*,*,#5512,.T.);
#3880=ORIENTED_EDGE('',*,*,#5497,.F.);
#3881=ORIENTED_EDGE('',*,*,#5516,.F.);
#3882=ORIENTED_EDGE('',*,*,#5517,.T.);
#3883=ORIENTED_EDGE('',*,*,#5514,.T.);
#3884=ORIENTED_EDGE('',*,*,#5496,.F.);
#3885=ORIENTED_EDGE('',*,*,#5518,.F.);
#3886=ORIENTED_EDGE('',*,*,#5519,.T.);
#3887=ORIENTED_EDGE('',*,*,#5516,.T.);
#3888=ORIENTED_EDGE('',*,*,#5520,.F.);
#3889=ORIENTED_EDGE('',*,*,#5502,.T.);
#3890=ORIENTED_EDGE('',*,*,#5521,.T.);
#3891=ORIENTED_EDGE('',*,*,#5503,.F.);
#3892=ORIENTED_EDGE('',*,*,#5522,.F.);
#3893=ORIENTED_EDGE('',*,*,#5523,.T.);
#3894=ORIENTED_EDGE('',*,*,#5495,.F.);
#3895=ORIENTED_EDGE('',*,*,#5507,.F.);
#3896=ORIENTED_EDGE('',*,*,#5524,.T.);
#3897=ORIENTED_EDGE('',*,*,#5518,.T.);
#3898=ORIENTED_EDGE('',*,*,#5525,.T.);
#3899=ORIENTED_EDGE('',*,*,#5504,.F.);
#3900=ORIENTED_EDGE('',*,*,#5506,.T.);
#3901=ORIENTED_EDGE('',*,*,#5509,.T.);
#3902=ORIENTED_EDGE('',*,*,#5511,.F.);
#3903=ORIENTED_EDGE('',*,*,#5513,.T.);
#3904=ORIENTED_EDGE('',*,*,#5515,.T.);
#3905=ORIENTED_EDGE('',*,*,#5517,.F.);
#3906=ORIENTED_EDGE('',*,*,#5519,.F.);
#3907=ORIENTED_EDGE('',*,*,#5524,.F.);
#3908=ORIENTED_EDGE('',*,*,#5522,.T.);
#3909=ORIENTED_EDGE('',*,*,#5521,.F.);
#3910=ORIENTED_EDGE('',*,*,#5520,.T.);
#3911=ORIENTED_EDGE('',*,*,#5525,.F.);
#3912=ORIENTED_EDGE('',*,*,#5488,.F.);
#3913=ORIENTED_EDGE('',*,*,#5523,.F.);
#3914=ORIENTED_EDGE('',*,*,#5526,.F.);
#3915=ORIENTED_EDGE('',*,*,#5527,.F.);
#3916=ORIENTED_EDGE('',*,*,#5528,.F.);
#3917=ORIENTED_EDGE('',*,*,#5529,.T.);
#3918=ORIENTED_EDGE('',*,*,#5530,.T.);
#3919=ORIENTED_EDGE('',*,*,#5531,.T.);
#3920=ORIENTED_EDGE('',*,*,#5532,.F.);
#3921=ORIENTED_EDGE('',*,*,#5533,.F.);
#3922=ORIENTED_EDGE('',*,*,#5528,.T.);
#3923=ORIENTED_EDGE('',*,*,#5534,.T.);
#3924=ORIENTED_EDGE('',*,*,#5535,.F.);
#3925=ORIENTED_EDGE('',*,*,#5536,.F.);
#3926=ORIENTED_EDGE('',*,*,#5532,.T.);
#3927=ORIENTED_EDGE('',*,*,#5537,.F.);
#3928=ORIENTED_EDGE('',*,*,#5530,.F.);
#3929=ORIENTED_EDGE('',*,*,#5538,.T.);
#3930=ORIENTED_EDGE('',*,*,#5535,.T.);
#3931=ORIENTED_EDGE('',*,*,#5529,.F.);
#3932=ORIENTED_EDGE('',*,*,#5533,.T.);
#3933=ORIENTED_EDGE('',*,*,#5536,.T.);
#3934=ORIENTED_EDGE('',*,*,#5538,.F.);
#3935=ORIENTED_EDGE('',*,*,#5527,.T.);
#3936=ORIENTED_EDGE('',*,*,#5537,.T.);
#3937=ORIENTED_EDGE('',*,*,#5534,.F.);
#3938=ORIENTED_EDGE('',*,*,#5531,.F.);
#3939=ORIENTED_EDGE('',*,*,#5539,.F.);
#3940=ORIENTED_EDGE('',*,*,#5526,.T.);
#3941=ORIENTED_EDGE('',*,*,#5539,.T.);
#3942=ORIENTED_EDGE('',*,*,#5540,.F.);
#3943=ORIENTED_EDGE('',*,*,#5541,.F.);
#3944=ORIENTED_EDGE('',*,*,#5542,.T.);
#3945=ORIENTED_EDGE('',*,*,#5543,.T.);
#3946=ORIENTED_EDGE('',*,*,#5544,.T.);
#3947=ORIENTED_EDGE('',*,*,#5545,.F.);
#3948=ORIENTED_EDGE('',*,*,#5546,.F.);
#3949=ORIENTED_EDGE('',*,*,#5541,.T.);
#3950=ORIENTED_EDGE('',*,*,#5547,.T.);
#3951=ORIENTED_EDGE('',*,*,#5548,.F.);
#3952=ORIENTED_EDGE('',*,*,#5549,.F.);
#3953=ORIENTED_EDGE('',*,*,#5545,.T.);
#3954=ORIENTED_EDGE('',*,*,#5550,.F.);
#3955=ORIENTED_EDGE('',*,*,#5543,.F.);
#3956=ORIENTED_EDGE('',*,*,#5551,.T.);
#3957=ORIENTED_EDGE('',*,*,#5548,.T.);
#3958=ORIENTED_EDGE('',*,*,#5542,.F.);
#3959=ORIENTED_EDGE('',*,*,#5546,.T.);
#3960=ORIENTED_EDGE('',*,*,#5549,.T.);
#3961=ORIENTED_EDGE('',*,*,#5551,.F.);
#3962=ORIENTED_EDGE('',*,*,#5540,.T.);
#3963=ORIENTED_EDGE('',*,*,#5550,.T.);
#3964=ORIENTED_EDGE('',*,*,#5547,.F.);
#3965=ORIENTED_EDGE('',*,*,#5544,.F.);
#3966=ORIENTED_EDGE('',*,*,#5552,.T.);
#3967=ORIENTED_EDGE('',*,*,#5553,.T.);
#3968=ORIENTED_EDGE('',*,*,#5554,.F.);
#3969=ORIENTED_EDGE('',*,*,#5555,.F.);
#3970=ORIENTED_EDGE('',*,*,#5556,.F.);
#3971=ORIENTED_EDGE('',*,*,#5557,.T.);
#3972=ORIENTED_EDGE('',*,*,#5558,.T.);
#3973=ORIENTED_EDGE('',*,*,#5559,.F.);
#3974=ORIENTED_EDGE('',*,*,#5560,.F.);
#3975=ORIENTED_EDGE('',*,*,#5561,.T.);
#3976=ORIENTED_EDGE('',*,*,#5562,.T.);
#3977=ORIENTED_EDGE('',*,*,#5563,.T.);
#3978=ORIENTED_EDGE('',*,*,#5564,.T.);
#3979=ORIENTED_EDGE('',*,*,#5565,.F.);
#3980=ORIENTED_EDGE('',*,*,#5566,.T.);
#3981=ORIENTED_EDGE('',*,*,#5567,.F.);
#3982=ORIENTED_EDGE('',*,*,#5568,.T.);
#3983=ORIENTED_EDGE('',*,*,#5569,.T.);
#3984=ORIENTED_EDGE('',*,*,#5570,.F.);
#3985=ORIENTED_EDGE('',*,*,#5571,.F.);
#3986=ORIENTED_EDGE('',*,*,#5572,.F.);
#3987=ORIENTED_EDGE('',*,*,#5573,.T.);
#3988=ORIENTED_EDGE('',*,*,#5574,.F.);
#3989=ORIENTED_EDGE('',*,*,#5575,.T.);
#3990=ORIENTED_EDGE('',*,*,#5576,.T.);
#3991=ORIENTED_EDGE('',*,*,#5577,.T.);
#3992=ORIENTED_EDGE('',*,*,#5578,.T.);
#3993=ORIENTED_EDGE('',*,*,#5579,.F.);
#3994=ORIENTED_EDGE('',*,*,#5580,.F.);
#3995=ORIENTED_EDGE('',*,*,#5581,.F.);
#3996=ORIENTED_EDGE('',*,*,#5582,.F.);
#3997=ORIENTED_EDGE('',*,*,#5583,.F.);
#3998=ORIENTED_EDGE('',*,*,#5584,.T.);
#3999=ORIENTED_EDGE('',*,*,#5585,.T.);
#4000=ORIENTED_EDGE('',*,*,#5586,.T.);
#4001=ORIENTED_EDGE('',*,*,#5587,.T.);
#4002=ORIENTED_EDGE('',*,*,#5588,.T.);
#4003=ORIENTED_EDGE('',*,*,#5589,.T.);
#4004=ORIENTED_EDGE('',*,*,#5590,.F.);
#4005=ORIENTED_EDGE('',*,*,#5591,.T.);
#4006=ORIENTED_EDGE('',*,*,#5592,.T.);
#4007=ORIENTED_EDGE('',*,*,#5593,.T.);
#4008=ORIENTED_EDGE('',*,*,#5594,.F.);
#4009=ORIENTED_EDGE('',*,*,#5595,.F.);
#4010=ORIENTED_EDGE('',*,*,#5596,.T.);
#4011=ORIENTED_EDGE('',*,*,#5597,.F.);
#4012=ORIENTED_EDGE('',*,*,#5598,.T.);
#4013=ORIENTED_EDGE('',*,*,#5599,.F.);
#4014=ORIENTED_EDGE('',*,*,#5600,.F.);
#4015=ORIENTED_EDGE('',*,*,#5601,.F.);
#4016=ORIENTED_EDGE('',*,*,#5602,.F.);
#4017=ORIENTED_EDGE('',*,*,#5603,.T.);
#4018=ORIENTED_EDGE('',*,*,#5604,.T.);
#4019=ORIENTED_EDGE('',*,*,#5605,.F.);
#4020=ORIENTED_EDGE('',*,*,#5606,.F.);
#4021=ORIENTED_EDGE('',*,*,#5607,.T.);
#4022=ORIENTED_EDGE('',*,*,#5608,.F.);
#4023=ORIENTED_EDGE('',*,*,#5609,.F.);
#4024=ORIENTED_EDGE('',*,*,#5610,.F.);
#4025=ORIENTED_EDGE('',*,*,#5611,.F.);
#4026=ORIENTED_EDGE('',*,*,#5612,.T.);
#4027=ORIENTED_EDGE('',*,*,#5613,.T.);
#4028=ORIENTED_EDGE('',*,*,#5614,.T.);
#4029=ORIENTED_EDGE('',*,*,#5615,.T.);
#4030=ORIENTED_EDGE('',*,*,#5616,.F.);
#4031=ORIENTED_EDGE('',*,*,#5617,.F.);
#4032=ORIENTED_EDGE('',*,*,#5588,.F.);
#4033=ORIENTED_EDGE('',*,*,#5618,.F.);
#4034=ORIENTED_EDGE('',*,*,#5555,.T.);
#4035=ORIENTED_EDGE('',*,*,#5619,.T.);
#4036=ORIENTED_EDGE('',*,*,#5607,.F.);
#4037=ORIENTED_EDGE('',*,*,#5620,.F.);
#4038=ORIENTED_EDGE('',*,*,#5556,.T.);
#4039=ORIENTED_EDGE('',*,*,#5618,.T.);
#4040=ORIENTED_EDGE('',*,*,#5606,.T.);
#4041=ORIENTED_EDGE('',*,*,#5621,.F.);
#4042=ORIENTED_EDGE('',*,*,#5557,.F.);
#4043=ORIENTED_EDGE('',*,*,#5620,.T.);
#4044=ORIENTED_EDGE('',*,*,#5605,.T.);
#4045=ORIENTED_EDGE('',*,*,#5622,.F.);
#4046=ORIENTED_EDGE('',*,*,#5558,.F.);
#4047=ORIENTED_EDGE('',*,*,#5621,.T.);
#4048=ORIENTED_EDGE('',*,*,#5604,.F.);
#4049=ORIENTED_EDGE('',*,*,#5623,.F.);
#4050=ORIENTED_EDGE('',*,*,#5559,.T.);
#4051=ORIENTED_EDGE('',*,*,#5622,.T.);
#4052=ORIENTED_EDGE('',*,*,#5603,.F.);
#4053=ORIENTED_EDGE('',*,*,#5624,.F.);
#4054=ORIENTED_EDGE('',*,*,#5560,.T.);
#4055=ORIENTED_EDGE('',*,*,#5623,.T.);
#4056=ORIENTED_EDGE('',*,*,#5602,.T.);
#4057=ORIENTED_EDGE('',*,*,#5625,.F.);
#4058=ORIENTED_EDGE('',*,*,#5561,.F.);
#4059=ORIENTED_EDGE('',*,*,#5624,.T.);
#4060=ORIENTED_EDGE('',*,*,#5601,.T.);
#4061=ORIENTED_EDGE('',*,*,#5626,.F.);
#4062=ORIENTED_EDGE('',*,*,#5562,.F.);
#4063=ORIENTED_EDGE('',*,*,#5625,.T.);
#4064=ORIENTED_EDGE('',*,*,#5600,.T.);
#4065=ORIENTED_EDGE('',*,*,#5627,.F.);
#4066=ORIENTED_EDGE('',*,*,#5563,.F.);
#4067=ORIENTED_EDGE('',*,*,#5626,.T.);
#4068=ORIENTED_EDGE('',*,*,#5599,.T.);
#4069=ORIENTED_EDGE('',*,*,#5628,.F.);
#4070=ORIENTED_EDGE('',*,*,#5564,.F.);
#4071=ORIENTED_EDGE('',*,*,#5627,.T.);
#4072=ORIENTED_EDGE('',*,*,#5598,.F.);
#4073=ORIENTED_EDGE('',*,*,#5629,.F.);
#4074=ORIENTED_EDGE('',*,*,#5565,.T.);
#4075=ORIENTED_EDGE('',*,*,#5628,.T.);
#4076=ORIENTED_EDGE('',*,*,#5597,.T.);
#4077=ORIENTED_EDGE('',*,*,#5630,.F.);
#4078=ORIENTED_EDGE('',*,*,#5566,.F.);
#4079=ORIENTED_EDGE('',*,*,#5629,.T.);
#4080=ORIENTED_EDGE('',*,*,#5596,.F.);
#4081=ORIENTED_EDGE('',*,*,#5631,.F.);
#4082=ORIENTED_EDGE('',*,*,#5567,.T.);
#4083=ORIENTED_EDGE('',*,*,#5630,.T.);
#4084=ORIENTED_EDGE('',*,*,#5595,.T.);
#4085=ORIENTED_EDGE('',*,*,#5632,.F.);
#4086=ORIENTED_EDGE('',*,*,#5568,.F.);
#4087=ORIENTED_EDGE('',*,*,#5631,.T.);
#4088=ORIENTED_EDGE('',*,*,#5594,.T.);
#4089=ORIENTED_EDGE('',*,*,#5633,.F.);
#4090=ORIENTED_EDGE('',*,*,#5569,.F.);
#4091=ORIENTED_EDGE('',*,*,#5632,.T.);
#4092=ORIENTED_EDGE('',*,*,#5593,.F.);
#4093=ORIENTED_EDGE('',*,*,#5634,.F.);
#4094=ORIENTED_EDGE('',*,*,#5570,.T.);
#4095=ORIENTED_EDGE('',*,*,#5633,.T.);
#4096=ORIENTED_EDGE('',*,*,#5592,.F.);
#4097=ORIENTED_EDGE('',*,*,#5635,.F.);
#4098=ORIENTED_EDGE('',*,*,#5571,.T.);
#4099=ORIENTED_EDGE('',*,*,#5634,.T.);
#4100=ORIENTED_EDGE('',*,*,#5591,.F.);
#4101=ORIENTED_EDGE('',*,*,#5636,.F.);
#4102=ORIENTED_EDGE('',*,*,#5572,.T.);
#4103=ORIENTED_EDGE('',*,*,#5635,.T.);
#4104=ORIENTED_EDGE('',*,*,#5590,.T.);
#4105=ORIENTED_EDGE('',*,*,#5637,.F.);
#4106=ORIENTED_EDGE('',*,*,#5573,.F.);
#4107=ORIENTED_EDGE('',*,*,#5636,.T.);
#4108=ORIENTED_EDGE('',*,*,#5581,.T.);
#4109=ORIENTED_EDGE('',*,*,#5614,.F.);
#4110=ORIENTED_EDGE('',*,*,#5580,.T.);
#4111=ORIENTED_EDGE('',*,*,#5613,.F.);
#4112=ORIENTED_EDGE('',*,*,#5579,.T.);
#4113=ORIENTED_EDGE('',*,*,#5612,.F.);
#4114=ORIENTED_EDGE('',*,*,#5578,.F.);
#4115=ORIENTED_EDGE('',*,*,#5611,.T.);
#4116=ORIENTED_EDGE('',*,*,#5577,.F.);
#4117=ORIENTED_EDGE('',*,*,#5610,.T.);
#4118=ORIENTED_EDGE('',*,*,#5576,.F.);
#4119=ORIENTED_EDGE('',*,*,#5609,.T.);
#4120=ORIENTED_EDGE('',*,*,#5575,.F.);
#4121=ORIENTED_EDGE('',*,*,#5608,.T.);
#4122=ORIENTED_EDGE('',*,*,#5589,.F.);
#4123=ORIENTED_EDGE('',*,*,#5619,.F.);
#4124=ORIENTED_EDGE('',*,*,#5574,.T.);
#4125=ORIENTED_EDGE('',*,*,#5637,.T.);
#4126=ORIENTED_EDGE('',*,*,#5582,.T.);
#4127=ORIENTED_EDGE('',*,*,#5615,.F.);
#4128=ORIENTED_EDGE('',*,*,#5554,.T.);
#4129=ORIENTED_EDGE('',*,*,#5587,.F.);
#4130=ORIENTED_EDGE('',*,*,#5553,.F.);
#4131=ORIENTED_EDGE('',*,*,#5616,.T.);
#4132=ORIENTED_EDGE('',*,*,#5583,.T.);
#4133=ORIENTED_EDGE('',*,*,#5586,.F.);
#4134=ORIENTED_EDGE('',*,*,#5584,.F.);
#4135=ORIENTED_EDGE('',*,*,#5617,.T.);
#4136=ORIENTED_EDGE('',*,*,#5552,.F.);
#4137=ORIENTED_EDGE('',*,*,#5585,.F.);
#4138=ORIENTED_EDGE('',*,*,#5638,.T.);
#4139=ORIENTED_EDGE('',*,*,#5639,.F.);
#4140=ORIENTED_EDGE('',*,*,#5640,.T.);
#4141=ORIENTED_EDGE('',*,*,#5641,.F.);
#4142=ORIENTED_EDGE('',*,*,#5642,.T.);
#4143=ORIENTED_EDGE('',*,*,#5643,.T.);
#4144=ORIENTED_EDGE('',*,*,#5644,.F.);
#4145=ORIENTED_EDGE('',*,*,#5645,.T.);
#4146=ORIENTED_EDGE('',*,*,#5646,.T.);
#4147=ORIENTED_EDGE('',*,*,#5647,.F.);
#4148=ORIENTED_EDGE('',*,*,#5648,.T.);
#4149=ORIENTED_EDGE('',*,*,#5649,.T.);
#4150=ORIENTED_EDGE('',*,*,#5650,.F.);
#4151=ORIENTED_EDGE('',*,*,#5651,.F.);
#4152=ORIENTED_EDGE('',*,*,#5652,.F.);
#4153=ORIENTED_EDGE('',*,*,#5653,.F.);
#4154=ORIENTED_EDGE('',*,*,#5654,.F.);
#4155=ORIENTED_EDGE('',*,*,#5655,.F.);
#4156=ORIENTED_EDGE('',*,*,#5656,.F.);
#4157=ORIENTED_EDGE('',*,*,#5657,.F.);
#4158=ORIENTED_EDGE('',*,*,#5658,.F.);
#4159=ORIENTED_EDGE('',*,*,#5659,.T.);
#4160=ORIENTED_EDGE('',*,*,#5660,.F.);
#4161=ORIENTED_EDGE('',*,*,#5661,.F.);
#4162=ORIENTED_EDGE('',*,*,#5662,.T.);
#4163=ORIENTED_EDGE('',*,*,#5663,.F.);
#4164=ORIENTED_EDGE('',*,*,#5664,.F.);
#4165=ORIENTED_EDGE('',*,*,#5665,.T.);
#4166=ORIENTED_EDGE('',*,*,#5666,.F.);
#4167=ORIENTED_EDGE('',*,*,#5667,.T.);
#4168=ORIENTED_EDGE('',*,*,#5668,.F.);
#4169=ORIENTED_EDGE('',*,*,#5669,.T.);
#4170=ORIENTED_EDGE('',*,*,#5670,.T.);
#4171=ORIENTED_EDGE('',*,*,#5671,.F.);
#4172=ORIENTED_EDGE('',*,*,#5672,.T.);
#4173=ORIENTED_EDGE('',*,*,#5673,.F.);
#4174=ORIENTED_EDGE('',*,*,#5673,.T.);
#4175=ORIENTED_EDGE('',*,*,#5648,.F.);
#4176=ORIENTED_EDGE('',*,*,#5646,.F.);
#4177=ORIENTED_EDGE('',*,*,#5647,.T.);
#4178=ORIENTED_EDGE('',*,*,#5656,.T.);
#4179=ORIENTED_EDGE('',*,*,#5674,.T.);
#4180=ORIENTED_EDGE('',*,*,#5675,.T.);
#4181=ORIENTED_EDGE('',*,*,#5657,.T.);
#4182=ORIENTED_EDGE('',*,*,#5675,.F.);
#4183=ORIENTED_EDGE('',*,*,#5676,.T.);
#4184=ORIENTED_EDGE('',*,*,#5655,.T.);
#4185=ORIENTED_EDGE('',*,*,#5677,.F.);
#4186=ORIENTED_EDGE('',*,*,#5674,.F.);
#4187=ORIENTED_EDGE('',*,*,#5654,.T.);
#4188=ORIENTED_EDGE('',*,*,#5678,.F.);
#4189=ORIENTED_EDGE('',*,*,#5677,.T.);
#4190=ORIENTED_EDGE('',*,*,#5663,.T.);
#4191=ORIENTED_EDGE('',*,*,#5679,.F.);
#4192=ORIENTED_EDGE('',*,*,#5680,.F.);
#4193=ORIENTED_EDGE('',*,*,#5681,.F.);
#4194=ORIENTED_EDGE('',*,*,#5680,.T.);
#4195=ORIENTED_EDGE('',*,*,#5682,.F.);
#4196=ORIENTED_EDGE('',*,*,#5683,.F.);
#4197=ORIENTED_EDGE('',*,*,#5664,.T.);
#4198=ORIENTED_EDGE('',*,*,#5681,.T.);
#4199=ORIENTED_EDGE('',*,*,#5684,.T.);
#4200=ORIENTED_EDGE('',*,*,#5685,.T.);
#4201=ORIENTED_EDGE('',*,*,#5686,.T.);
#4202=ORIENTED_EDGE('',*,*,#5687,.T.);
#4203=ORIENTED_EDGE('',*,*,#5684,.F.);
#4204=ORIENTED_EDGE('',*,*,#5652,.T.);
#4205=ORIENTED_EDGE('',*,*,#5688,.F.);
#4206=ORIENTED_EDGE('',*,*,#5689,.F.);
#4207=ORIENTED_EDGE('',*,*,#5690,.T.);
#4208=ORIENTED_EDGE('',*,*,#5691,.F.);
#4209=ORIENTED_EDGE('',*,*,#5692,.T.);
#4210=ORIENTED_EDGE('',*,*,#5693,.F.);
#4211=ORIENTED_EDGE('',*,*,#5651,.T.);
#4212=ORIENTED_EDGE('',*,*,#5694,.F.);
#4213=ORIENTED_EDGE('',*,*,#5695,.F.);
#4214=ORIENTED_EDGE('',*,*,#5688,.T.);
#4215=ORIENTED_EDGE('',*,*,#5650,.T.);
#4216=ORIENTED_EDGE('',*,*,#5696,.T.);
#4217=ORIENTED_EDGE('',*,*,#5686,.F.);
#4218=ORIENTED_EDGE('',*,*,#5697,.F.);
#4219=ORIENTED_EDGE('',*,*,#5698,.F.);
#4220=ORIENTED_EDGE('',*,*,#5699,.T.);
#4221=ORIENTED_EDGE('',*,*,#5700,.F.);
#4222=ORIENTED_EDGE('',*,*,#5694,.T.);
#4223=ORIENTED_EDGE('',*,*,#5692,.F.);
#4224=ORIENTED_EDGE('',*,*,#5701,.F.);
#4225=ORIENTED_EDGE('',*,*,#5697,.T.);
#4226=ORIENTED_EDGE('',*,*,#5702,.F.);
#4227=ORIENTED_EDGE('',*,*,#5703,.T.);
#4228=ORIENTED_EDGE('',*,*,#5690,.F.);
#4229=ORIENTED_EDGE('',*,*,#5704,.F.);
#4230=ORIENTED_EDGE('',*,*,#5699,.F.);
#4231=ORIENTED_EDGE('',*,*,#5695,.T.);
#4232=ORIENTED_EDGE('',*,*,#5700,.T.);
#4233=ORIENTED_EDGE('',*,*,#5704,.T.);
#4234=ORIENTED_EDGE('',*,*,#5689,.T.);
#4235=ORIENTED_EDGE('',*,*,#5698,.T.);
#4236=ORIENTED_EDGE('',*,*,#5701,.T.);
#4237=ORIENTED_EDGE('',*,*,#5691,.T.);
#4238=ORIENTED_EDGE('',*,*,#5703,.F.);
#4239=ORIENTED_EDGE('',*,*,#5658,.T.);
#4240=ORIENTED_EDGE('',*,*,#5676,.F.);
#4241=ORIENTED_EDGE('',*,*,#5705,.F.);
#4242=ORIENTED_EDGE('',*,*,#5706,.F.);
#4243=ORIENTED_EDGE('',*,*,#5707,.T.);
#4244=ORIENTED_EDGE('',*,*,#5708,.F.);
#4245=ORIENTED_EDGE('',*,*,#5709,.T.);
#4246=ORIENTED_EDGE('',*,*,#5710,.F.);
#4247=ORIENTED_EDGE('',*,*,#5711,.F.);
#4248=ORIENTED_EDGE('',*,*,#5712,.F.);
#4249=ORIENTED_EDGE('',*,*,#5705,.T.);
#4250=ORIENTED_EDGE('',*,*,#5713,.F.);
#4251=ORIENTED_EDGE('',*,*,#5660,.T.);
#4252=ORIENTED_EDGE('',*,*,#5714,.F.);
#4253=ORIENTED_EDGE('',*,*,#5715,.F.);
#4254=ORIENTED_EDGE('',*,*,#5716,.F.);
#4255=ORIENTED_EDGE('',*,*,#5717,.T.);
#4256=ORIENTED_EDGE('',*,*,#5718,.F.);
#4257=ORIENTED_EDGE('',*,*,#5711,.T.);
#4258=ORIENTED_EDGE('',*,*,#5719,.F.);
#4259=ORIENTED_EDGE('',*,*,#5720,.F.);
#4260=ORIENTED_EDGE('',*,*,#5715,.T.);
#4261=ORIENTED_EDGE('',*,*,#5721,.F.);
#4262=ORIENTED_EDGE('',*,*,#5709,.F.);
#4263=ORIENTED_EDGE('',*,*,#5722,.T.);
#4264=ORIENTED_EDGE('',*,*,#5707,.F.);
#4265=ORIENTED_EDGE('',*,*,#5723,.F.);
#4266=ORIENTED_EDGE('',*,*,#5717,.F.);
#4267=ORIENTED_EDGE('',*,*,#5712,.T.);
#4268=ORIENTED_EDGE('',*,*,#5718,.T.);
#4269=ORIENTED_EDGE('',*,*,#5723,.T.);
#4270=ORIENTED_EDGE('',*,*,#5706,.T.);
#4271=ORIENTED_EDGE('',*,*,#5716,.T.);
#4272=ORIENTED_EDGE('',*,*,#5720,.T.);
#4273=ORIENTED_EDGE('',*,*,#5708,.T.);
#4274=ORIENTED_EDGE('',*,*,#5722,.F.);
#4275=ORIENTED_EDGE('',*,*,#5724,.F.);
#4276=ORIENTED_EDGE('',*,*,#5725,.T.);
#4277=ORIENTED_EDGE('',*,*,#5726,.F.);
#4278=ORIENTED_EDGE('',*,*,#5727,.F.);
#4279=ORIENTED_EDGE('',*,*,#5728,.F.);
#4280=ORIENTED_EDGE('',*,*,#5729,.F.);
#4281=ORIENTED_EDGE('',*,*,#5730,.F.);
#4282=ORIENTED_EDGE('',*,*,#5731,.F.);
#4283=ORIENTED_EDGE('',*,*,#5725,.F.);
#4284=ORIENTED_EDGE('',*,*,#5732,.T.);
#4285=ORIENTED_EDGE('',*,*,#5730,.T.);
#4286=ORIENTED_EDGE('',*,*,#5733,.T.);
#4287=ORIENTED_EDGE('',*,*,#5702,.T.);
#4288=ORIENTED_EDGE('',*,*,#5734,.F.);
#4289=ORIENTED_EDGE('',*,*,#5727,.T.);
#4290=ORIENTED_EDGE('',*,*,#5735,.T.);
#4291=ORIENTED_EDGE('',*,*,#5713,.T.);
#4292=ORIENTED_EDGE('',*,*,#5736,.F.);
#4293=ORIENTED_EDGE('',*,*,#5728,.T.);
#4294=ORIENTED_EDGE('',*,*,#5737,.T.);
#4295=ORIENTED_EDGE('',*,*,#5661,.T.);
#4296=ORIENTED_EDGE('',*,*,#5719,.T.);
#4297=ORIENTED_EDGE('',*,*,#5737,.F.);
#4298=ORIENTED_EDGE('',*,*,#5731,.T.);
#4299=ORIENTED_EDGE('',*,*,#5732,.F.);
#4300=ORIENTED_EDGE('',*,*,#5724,.T.);
#4301=ORIENTED_EDGE('',*,*,#5734,.T.);
#4302=ORIENTED_EDGE('',*,*,#5683,.T.);
#4303=ORIENTED_EDGE('',*,*,#5738,.F.);
#4304=ORIENTED_EDGE('',*,*,#5653,.T.);
#4305=ORIENTED_EDGE('',*,*,#5693,.T.);
#4306=ORIENTED_EDGE('',*,*,#5735,.F.);
#4307=ORIENTED_EDGE('',*,*,#5726,.T.);
#4308=ORIENTED_EDGE('',*,*,#5733,.F.);
#4309=ORIENTED_EDGE('',*,*,#5729,.T.);
#4310=ORIENTED_EDGE('',*,*,#5736,.T.);
#4311=ORIENTED_EDGE('',*,*,#5678,.T.);
#4312=ORIENTED_EDGE('',*,*,#5738,.T.);
#4313=ORIENTED_EDGE('',*,*,#5682,.T.);
#4314=ORIENTED_EDGE('',*,*,#5679,.T.);
#4315=ORIENTED_EDGE('',*,*,#5662,.F.);
#4316=ORIENTED_EDGE('',*,*,#5685,.F.);
#4317=ORIENTED_EDGE('',*,*,#5687,.F.);
#4318=ORIENTED_EDGE('',*,*,#5696,.F.);
#4319=ORIENTED_EDGE('',*,*,#5649,.F.);
#4320=ORIENTED_EDGE('',*,*,#5710,.T.);
#4321=ORIENTED_EDGE('',*,*,#5721,.T.);
#4322=ORIENTED_EDGE('',*,*,#5714,.T.);
#4323=ORIENTED_EDGE('',*,*,#5659,.F.);
#4324=ORIENTED_EDGE('',*,*,#5671,.T.);
#4325=ORIENTED_EDGE('',*,*,#5739,.T.);
#4326=ORIENTED_EDGE('',*,*,#5740,.T.);
#4327=ORIENTED_EDGE('',*,*,#5741,.T.);
#4328=ORIENTED_EDGE('',*,*,#5742,.T.);
#4329=ORIENTED_EDGE('',*,*,#5669,.F.);
#4330=ORIENTED_EDGE('',*,*,#5668,.T.);
#4331=ORIENTED_EDGE('',*,*,#5743,.F.);
#4332=ORIENTED_EDGE('',*,*,#5741,.F.);
#4333=ORIENTED_EDGE('',*,*,#5742,.F.);
#4334=ORIENTED_EDGE('',*,*,#5739,.F.);
#4335=ORIENTED_EDGE('',*,*,#5670,.F.);
#4336=ORIENTED_EDGE('',*,*,#5744,.F.);
#4337=ORIENTED_EDGE('',*,*,#5745,.F.);
#4338=ORIENTED_EDGE('',*,*,#5665,.F.);
#4339=ORIENTED_EDGE('',*,*,#5666,.T.);
#4340=ORIENTED_EDGE('',*,*,#5745,.T.);
#4341=ORIENTED_EDGE('',*,*,#5746,.F.);
#4342=ORIENTED_EDGE('',*,*,#5746,.T.);
#4343=ORIENTED_EDGE('',*,*,#5743,.T.);
#4344=ORIENTED_EDGE('',*,*,#5667,.F.);
#4345=ORIENTED_EDGE('',*,*,#5740,.F.);
#4346=ORIENTED_EDGE('',*,*,#5744,.T.);
#4347=ORIENTED_EDGE('',*,*,#5672,.F.);
#4348=ORIENTED_EDGE('',*,*,#5747,.F.);
#4349=ORIENTED_EDGE('',*,*,#5748,.T.);
#4350=ORIENTED_EDGE('',*,*,#5645,.F.);
#4351=ORIENTED_EDGE('',*,*,#5748,.F.);
#4352=ORIENTED_EDGE('',*,*,#5749,.F.);
#4353=ORIENTED_EDGE('',*,*,#5638,.F.);
#4354=ORIENTED_EDGE('',*,*,#5750,.F.);
#4355=ORIENTED_EDGE('',*,*,#5751,.T.);
#4356=ORIENTED_EDGE('',*,*,#5640,.F.);
#4357=ORIENTED_EDGE('',*,*,#5752,.T.);
#4358=ORIENTED_EDGE('',*,*,#5753,.T.);
#4359=ORIENTED_EDGE('',*,*,#5642,.F.);
#4360=ORIENTED_EDGE('',*,*,#5753,.F.);
#4361=ORIENTED_EDGE('',*,*,#5754,.F.);
#4362=ORIENTED_EDGE('',*,*,#5643,.F.);
#4363=ORIENTED_EDGE('',*,*,#5639,.T.);
#4364=ORIENTED_EDGE('',*,*,#5749,.T.);
#4365=ORIENTED_EDGE('',*,*,#5750,.T.);
#4366=ORIENTED_EDGE('',*,*,#5641,.T.);
#4367=ORIENTED_EDGE('',*,*,#5751,.F.);
#4368=ORIENTED_EDGE('',*,*,#5752,.F.);
#4369=ORIENTED_EDGE('',*,*,#5644,.T.);
#4370=ORIENTED_EDGE('',*,*,#5754,.T.);
#4371=ORIENTED_EDGE('',*,*,#5747,.T.);
#4372=ORIENTED_EDGE('',*,*,#5755,.T.);
#4373=ORIENTED_EDGE('',*,*,#5756,.T.);
#4374=ORIENTED_EDGE('',*,*,#5757,.F.);
#4375=ORIENTED_EDGE('',*,*,#5758,.T.);
#4376=ORIENTED_EDGE('',*,*,#5759,.F.);
#4377=ORIENTED_EDGE('',*,*,#5760,.T.);
#4378=ORIENTED_EDGE('',*,*,#5761,.T.);
#4379=ORIENTED_EDGE('',*,*,#5762,.T.);
#4380=ORIENTED_EDGE('',*,*,#5763,.T.);
#4381=ORIENTED_EDGE('',*,*,#5764,.T.);
#4382=ORIENTED_EDGE('',*,*,#5765,.F.);
#4383=ORIENTED_EDGE('',*,*,#5766,.T.);
#4384=ORIENTED_EDGE('',*,*,#5767,.F.);
#4385=ORIENTED_EDGE('',*,*,#5768,.T.);
#4386=ORIENTED_EDGE('',*,*,#5769,.T.);
#4387=ORIENTED_EDGE('',*,*,#5770,.T.);
#4388=ORIENTED_EDGE('',*,*,#5769,.F.);
#4389=ORIENTED_EDGE('',*,*,#5771,.T.);
#4390=ORIENTED_EDGE('',*,*,#5755,.F.);
#4391=ORIENTED_EDGE('',*,*,#5772,.T.);
#4392=ORIENTED_EDGE('',*,*,#5759,.T.);
#4393=ORIENTED_EDGE('',*,*,#5773,.T.);
#4394=ORIENTED_EDGE('',*,*,#5765,.T.);
#4395=ORIENTED_EDGE('',*,*,#5774,.T.);
#4396=ORIENTED_EDGE('',*,*,#5757,.T.);
#4397=ORIENTED_EDGE('',*,*,#5775,.T.);
#4398=ORIENTED_EDGE('',*,*,#5767,.T.);
#4399=ORIENTED_EDGE('',*,*,#5776,.T.);
#4400=ORIENTED_EDGE('',*,*,#5761,.F.);
#4401=ORIENTED_EDGE('',*,*,#5777,.T.);
#4402=ORIENTED_EDGE('',*,*,#5771,.F.);
#4403=ORIENTED_EDGE('',*,*,#5768,.F.);
#4404=ORIENTED_EDGE('',*,*,#5775,.F.);
#4405=ORIENTED_EDGE('',*,*,#5756,.F.);
#4406=ORIENTED_EDGE('',*,*,#5772,.F.);
#4407=ORIENTED_EDGE('',*,*,#5758,.F.);
#4408=ORIENTED_EDGE('',*,*,#5777,.F.);
#4409=ORIENTED_EDGE('',*,*,#5760,.F.);
#4410=ORIENTED_EDGE('',*,*,#5773,.F.);
#4411=ORIENTED_EDGE('',*,*,#5762,.F.);
#4412=ORIENTED_EDGE('',*,*,#5778,.F.);
#4413=ORIENTED_EDGE('',*,*,#5766,.F.);
#4414=ORIENTED_EDGE('',*,*,#5778,.T.);
#4415=ORIENTED_EDGE('',*,*,#5776,.F.);
#4416=ORIENTED_EDGE('',*,*,#5779,.F.);
#4417=ORIENTED_EDGE('',*,*,#5763,.F.);
#4418=ORIENTED_EDGE('',*,*,#5774,.F.);
#4419=ORIENTED_EDGE('',*,*,#5764,.F.);
#4420=ORIENTED_EDGE('',*,*,#5779,.T.);
#4421=ORIENTED_EDGE('',*,*,#5770,.F.);
#4422=ORIENTED_EDGE('',*,*,#5780,.T.);
#4423=ORIENTED_EDGE('',*,*,#5781,.F.);
#4424=ORIENTED_EDGE('',*,*,#5782,.T.);
#4425=ORIENTED_EDGE('',*,*,#5783,.F.);
#4426=ORIENTED_EDGE('',*,*,#5784,.T.);
#4427=ORIENTED_EDGE('',*,*,#5785,.T.);
#4428=ORIENTED_EDGE('',*,*,#5786,.F.);
#4429=ORIENTED_EDGE('',*,*,#5787,.T.);
#4430=ORIENTED_EDGE('',*,*,#5788,.T.);
#4431=ORIENTED_EDGE('',*,*,#5789,.F.);
#4432=ORIENTED_EDGE('',*,*,#5790,.T.);
#4433=ORIENTED_EDGE('',*,*,#5791,.T.);
#4434=ORIENTED_EDGE('',*,*,#5792,.F.);
#4435=ORIENTED_EDGE('',*,*,#5793,.F.);
#4436=ORIENTED_EDGE('',*,*,#5794,.F.);
#4437=ORIENTED_EDGE('',*,*,#5795,.F.);
#4438=ORIENTED_EDGE('',*,*,#5796,.F.);
#4439=ORIENTED_EDGE('',*,*,#5797,.F.);
#4440=ORIENTED_EDGE('',*,*,#5798,.F.);
#4441=ORIENTED_EDGE('',*,*,#5799,.F.);
#4442=ORIENTED_EDGE('',*,*,#5800,.F.);
#4443=ORIENTED_EDGE('',*,*,#5801,.T.);
#4444=ORIENTED_EDGE('',*,*,#5802,.F.);
#4445=ORIENTED_EDGE('',*,*,#5803,.F.);
#4446=ORIENTED_EDGE('',*,*,#5804,.T.);
#4447=ORIENTED_EDGE('',*,*,#5805,.F.);
#4448=ORIENTED_EDGE('',*,*,#5806,.F.);
#4449=ORIENTED_EDGE('',*,*,#5807,.T.);
#4450=ORIENTED_EDGE('',*,*,#5808,.F.);
#4451=ORIENTED_EDGE('',*,*,#5809,.T.);
#4452=ORIENTED_EDGE('',*,*,#5810,.F.);
#4453=ORIENTED_EDGE('',*,*,#5811,.T.);
#4454=ORIENTED_EDGE('',*,*,#5812,.T.);
#4455=ORIENTED_EDGE('',*,*,#5813,.F.);
#4456=ORIENTED_EDGE('',*,*,#5814,.T.);
#4457=ORIENTED_EDGE('',*,*,#5815,.F.);
#4458=ORIENTED_EDGE('',*,*,#5815,.T.);
#4459=ORIENTED_EDGE('',*,*,#5790,.F.);
#4460=ORIENTED_EDGE('',*,*,#5788,.F.);
#4461=ORIENTED_EDGE('',*,*,#5789,.T.);
#4462=ORIENTED_EDGE('',*,*,#5798,.T.);
#4463=ORIENTED_EDGE('',*,*,#5816,.T.);
#4464=ORIENTED_EDGE('',*,*,#5817,.T.);
#4465=ORIENTED_EDGE('',*,*,#5799,.T.);
#4466=ORIENTED_EDGE('',*,*,#5817,.F.);
#4467=ORIENTED_EDGE('',*,*,#5818,.T.);
#4468=ORIENTED_EDGE('',*,*,#5797,.T.);
#4469=ORIENTED_EDGE('',*,*,#5819,.F.);
#4470=ORIENTED_EDGE('',*,*,#5816,.F.);
#4471=ORIENTED_EDGE('',*,*,#5796,.T.);
#4472=ORIENTED_EDGE('',*,*,#5820,.F.);
#4473=ORIENTED_EDGE('',*,*,#5819,.T.);
#4474=ORIENTED_EDGE('',*,*,#5805,.T.);
#4475=ORIENTED_EDGE('',*,*,#5821,.F.);
#4476=ORIENTED_EDGE('',*,*,#5822,.F.);
#4477=ORIENTED_EDGE('',*,*,#5823,.F.);
#4478=ORIENTED_EDGE('',*,*,#5822,.T.);
#4479=ORIENTED_EDGE('',*,*,#5824,.F.);
#4480=ORIENTED_EDGE('',*,*,#5825,.F.);
#4481=ORIENTED_EDGE('',*,*,#5806,.T.);
#4482=ORIENTED_EDGE('',*,*,#5823,.T.);
#4483=ORIENTED_EDGE('',*,*,#5826,.T.);
#4484=ORIENTED_EDGE('',*,*,#5827,.T.);
#4485=ORIENTED_EDGE('',*,*,#5828,.T.);
#4486=ORIENTED_EDGE('',*,*,#5829,.T.);
#4487=ORIENTED_EDGE('',*,*,#5826,.F.);
#4488=ORIENTED_EDGE('',*,*,#5794,.T.);
#4489=ORIENTED_EDGE('',*,*,#5830,.F.);
#4490=ORIENTED_EDGE('',*,*,#5831,.F.);
#4491=ORIENTED_EDGE('',*,*,#5832,.T.);
#4492=ORIENTED_EDGE('',*,*,#5833,.F.);
#4493=ORIENTED_EDGE('',*,*,#5834,.T.);
#4494=ORIENTED_EDGE('',*,*,#5835,.F.);
#4495=ORIENTED_EDGE('',*,*,#5793,.T.);
#4496=ORIENTED_EDGE('',*,*,#5836,.F.);
#4497=ORIENTED_EDGE('',*,*,#5837,.F.);
#4498=ORIENTED_EDGE('',*,*,#5830,.T.);
#4499=ORIENTED_EDGE('',*,*,#5792,.T.);
#4500=ORIENTED_EDGE('',*,*,#5838,.T.);
#4501=ORIENTED_EDGE('',*,*,#5828,.F.);
#4502=ORIENTED_EDGE('',*,*,#5839,.F.);
#4503=ORIENTED_EDGE('',*,*,#5840,.F.);
#4504=ORIENTED_EDGE('',*,*,#5841,.T.);
#4505=ORIENTED_EDGE('',*,*,#5842,.F.);
#4506=ORIENTED_EDGE('',*,*,#5836,.T.);
#4507=ORIENTED_EDGE('',*,*,#5834,.F.);
#4508=ORIENTED_EDGE('',*,*,#5843,.F.);
#4509=ORIENTED_EDGE('',*,*,#5839,.T.);
#4510=ORIENTED_EDGE('',*,*,#5844,.F.);
#4511=ORIENTED_EDGE('',*,*,#5845,.T.);
#4512=ORIENTED_EDGE('',*,*,#5832,.F.);
#4513=ORIENTED_EDGE('',*,*,#5846,.F.);
#4514=ORIENTED_EDGE('',*,*,#5841,.F.);
#4515=ORIENTED_EDGE('',*,*,#5837,.T.);
#4516=ORIENTED_EDGE('',*,*,#5842,.T.);
#4517=ORIENTED_EDGE('',*,*,#5846,.T.);
#4518=ORIENTED_EDGE('',*,*,#5831,.T.);
#4519=ORIENTED_EDGE('',*,*,#5840,.T.);
#4520=ORIENTED_EDGE('',*,*,#5843,.T.);
#4521=ORIENTED_EDGE('',*,*,#5833,.T.);
#4522=ORIENTED_EDGE('',*,*,#5845,.F.);
#4523=ORIENTED_EDGE('',*,*,#5800,.T.);
#4524=ORIENTED_EDGE('',*,*,#5818,.F.);
#4525=ORIENTED_EDGE('',*,*,#5847,.F.);
#4526=ORIENTED_EDGE('',*,*,#5848,.F.);
#4527=ORIENTED_EDGE('',*,*,#5849,.T.);
#4528=ORIENTED_EDGE('',*,*,#5850,.F.);
#4529=ORIENTED_EDGE('',*,*,#5851,.T.);
#4530=ORIENTED_EDGE('',*,*,#5852,.F.);
#4531=ORIENTED_EDGE('',*,*,#5853,.F.);
#4532=ORIENTED_EDGE('',*,*,#5854,.F.);
#4533=ORIENTED_EDGE('',*,*,#5847,.T.);
#4534=ORIENTED_EDGE('',*,*,#5855,.F.);
#4535=ORIENTED_EDGE('',*,*,#5802,.T.);
#4536=ORIENTED_EDGE('',*,*,#5856,.F.);
#4537=ORIENTED_EDGE('',*,*,#5857,.F.);
#4538=ORIENTED_EDGE('',*,*,#5858,.F.);
#4539=ORIENTED_EDGE('',*,*,#5859,.T.);
#4540=ORIENTED_EDGE('',*,*,#5860,.F.);
#4541=ORIENTED_EDGE('',*,*,#5853,.T.);
#4542=ORIENTED_EDGE('',*,*,#5861,.F.);
#4543=ORIENTED_EDGE('',*,*,#5862,.F.);
#4544=ORIENTED_EDGE('',*,*,#5857,.T.);
#4545=ORIENTED_EDGE('',*,*,#5863,.F.);
#4546=ORIENTED_EDGE('',*,*,#5851,.F.);
#4547=ORIENTED_EDGE('',*,*,#5864,.T.);
#4548=ORIENTED_EDGE('',*,*,#5849,.F.);
#4549=ORIENTED_EDGE('',*,*,#5865,.F.);
#4550=ORIENTED_EDGE('',*,*,#5859,.F.);
#4551=ORIENTED_EDGE('',*,*,#5854,.T.);
#4552=ORIENTED_EDGE('',*,*,#5860,.T.);
#4553=ORIENTED_EDGE('',*,*,#5865,.T.);
#4554=ORIENTED_EDGE('',*,*,#5848,.T.);
#4555=ORIENTED_EDGE('',*,*,#5858,.T.);
#4556=ORIENTED_EDGE('',*,*,#5862,.T.);
#4557=ORIENTED_EDGE('',*,*,#5850,.T.);
#4558=ORIENTED_EDGE('',*,*,#5864,.F.);
#4559=ORIENTED_EDGE('',*,*,#5866,.F.);
#4560=ORIENTED_EDGE('',*,*,#5867,.T.);
#4561=ORIENTED_EDGE('',*,*,#5868,.F.);
#4562=ORIENTED_EDGE('',*,*,#5869,.F.);
#4563=ORIENTED_EDGE('',*,*,#5870,.F.);
#4564=ORIENTED_EDGE('',*,*,#5871,.F.);
#4565=ORIENTED_EDGE('',*,*,#5872,.F.);
#4566=ORIENTED_EDGE('',*,*,#5873,.F.);
#4567=ORIENTED_EDGE('',*,*,#5867,.F.);
#4568=ORIENTED_EDGE('',*,*,#5874,.T.);
#4569=ORIENTED_EDGE('',*,*,#5872,.T.);
#4570=ORIENTED_EDGE('',*,*,#5875,.T.);
#4571=ORIENTED_EDGE('',*,*,#5844,.T.);
#4572=ORIENTED_EDGE('',*,*,#5876,.F.);
#4573=ORIENTED_EDGE('',*,*,#5869,.T.);
#4574=ORIENTED_EDGE('',*,*,#5877,.T.);
#4575=ORIENTED_EDGE('',*,*,#5855,.T.);
#4576=ORIENTED_EDGE('',*,*,#5878,.F.);
#4577=ORIENTED_EDGE('',*,*,#5870,.T.);
#4578=ORIENTED_EDGE('',*,*,#5879,.T.);
#4579=ORIENTED_EDGE('',*,*,#5803,.T.);
#4580=ORIENTED_EDGE('',*,*,#5861,.T.);
#4581=ORIENTED_EDGE('',*,*,#5879,.F.);
#4582=ORIENTED_EDGE('',*,*,#5873,.T.);
#4583=ORIENTED_EDGE('',*,*,#5874,.F.);
#4584=ORIENTED_EDGE('',*,*,#5866,.T.);
#4585=ORIENTED_EDGE('',*,*,#5876,.T.);
#4586=ORIENTED_EDGE('',*,*,#5825,.T.);
#4587=ORIENTED_EDGE('',*,*,#5880,.F.);
#4588=ORIENTED_EDGE('',*,*,#5795,.T.);
#4589=ORIENTED_EDGE('',*,*,#5835,.T.);
#4590=ORIENTED_EDGE('',*,*,#5877,.F.);
#4591=ORIENTED_EDGE('',*,*,#5868,.T.);
#4592=ORIENTED_EDGE('',*,*,#5875,.F.);
#4593=ORIENTED_EDGE('',*,*,#5871,.T.);
#4594=ORIENTED_EDGE('',*,*,#5878,.T.);
#4595=ORIENTED_EDGE('',*,*,#5820,.T.);
#4596=ORIENTED_EDGE('',*,*,#5880,.T.);
#4597=ORIENTED_EDGE('',*,*,#5824,.T.);
#4598=ORIENTED_EDGE('',*,*,#5821,.T.);
#4599=ORIENTED_EDGE('',*,*,#5804,.F.);
#4600=ORIENTED_EDGE('',*,*,#5827,.F.);
#4601=ORIENTED_EDGE('',*,*,#5829,.F.);
#4602=ORIENTED_EDGE('',*,*,#5838,.F.);
#4603=ORIENTED_EDGE('',*,*,#5791,.F.);
#4604=ORIENTED_EDGE('',*,*,#5852,.T.);
#4605=ORIENTED_EDGE('',*,*,#5863,.T.);
#4606=ORIENTED_EDGE('',*,*,#5856,.T.);
#4607=ORIENTED_EDGE('',*,*,#5801,.F.);
#4608=ORIENTED_EDGE('',*,*,#5813,.T.);
#4609=ORIENTED_EDGE('',*,*,#5881,.T.);
#4610=ORIENTED_EDGE('',*,*,#5882,.T.);
#4611=ORIENTED_EDGE('',*,*,#5883,.T.);
#4612=ORIENTED_EDGE('',*,*,#5884,.T.);
#4613=ORIENTED_EDGE('',*,*,#5811,.F.);
#4614=ORIENTED_EDGE('',*,*,#5810,.T.);
#4615=ORIENTED_EDGE('',*,*,#5885,.F.);
#4616=ORIENTED_EDGE('',*,*,#5883,.F.);
#4617=ORIENTED_EDGE('',*,*,#5884,.F.);
#4618=ORIENTED_EDGE('',*,*,#5881,.F.);
#4619=ORIENTED_EDGE('',*,*,#5812,.F.);
#4620=ORIENTED_EDGE('',*,*,#5886,.F.);
#4621=ORIENTED_EDGE('',*,*,#5887,.F.);
#4622=ORIENTED_EDGE('',*,*,#5807,.F.);
#4623=ORIENTED_EDGE('',*,*,#5808,.T.);
#4624=ORIENTED_EDGE('',*,*,#5887,.T.);
#4625=ORIENTED_EDGE('',*,*,#5888,.F.);
#4626=ORIENTED_EDGE('',*,*,#5888,.T.);
#4627=ORIENTED_EDGE('',*,*,#5885,.T.);
#4628=ORIENTED_EDGE('',*,*,#5809,.F.);
#4629=ORIENTED_EDGE('',*,*,#5882,.F.);
#4630=ORIENTED_EDGE('',*,*,#5886,.T.);
#4631=ORIENTED_EDGE('',*,*,#5814,.F.);
#4632=ORIENTED_EDGE('',*,*,#5889,.F.);
#4633=ORIENTED_EDGE('',*,*,#5890,.T.);
#4634=ORIENTED_EDGE('',*,*,#5787,.F.);
#4635=ORIENTED_EDGE('',*,*,#5890,.F.);
#4636=ORIENTED_EDGE('',*,*,#5891,.F.);
#4637=ORIENTED_EDGE('',*,*,#5780,.F.);
#4638=ORIENTED_EDGE('',*,*,#5892,.F.);
#4639=ORIENTED_EDGE('',*,*,#5893,.T.);
#4640=ORIENTED_EDGE('',*,*,#5782,.F.);
#4641=ORIENTED_EDGE('',*,*,#5894,.T.);
#4642=ORIENTED_EDGE('',*,*,#5895,.T.);
#4643=ORIENTED_EDGE('',*,*,#5784,.F.);
#4644=ORIENTED_EDGE('',*,*,#5895,.F.);
#4645=ORIENTED_EDGE('',*,*,#5896,.F.);
#4646=ORIENTED_EDGE('',*,*,#5785,.F.);
#4647=ORIENTED_EDGE('',*,*,#5781,.T.);
#4648=ORIENTED_EDGE('',*,*,#5891,.T.);
#4649=ORIENTED_EDGE('',*,*,#5892,.T.);
#4650=ORIENTED_EDGE('',*,*,#5783,.T.);
#4651=ORIENTED_EDGE('',*,*,#5893,.F.);
#4652=ORIENTED_EDGE('',*,*,#5894,.F.);
#4653=ORIENTED_EDGE('',*,*,#5786,.T.);
#4654=ORIENTED_EDGE('',*,*,#5896,.T.);
#4655=ORIENTED_EDGE('',*,*,#5889,.T.);
#4656=EDGE_CURVE('',#5897,#5897,#6741,.T.);
#4657=EDGE_CURVE('',#5898,#5898,#6742,.F.);
#4658=EDGE_CURVE('',#5899,#5899,#6743,.T.);
#4659=EDGE_CURVE('',#5900,#5900,#6744,.T.);
#4660=EDGE_CURVE('',#5901,#5901,#6745,.F.);
#4661=EDGE_CURVE('',#5902,#5902,#6746,.T.);
#4662=EDGE_CURVE('',#5903,#5903,#6747,.T.);
#4663=EDGE_CURVE('',#5904,#5904,#6748,.T.);
#4664=EDGE_CURVE('',#5905,#5906,#1673,.T.);
#4665=EDGE_CURVE('',#5907,#5905,#1674,.T.);
#4666=EDGE_CURVE('',#5907,#5908,#131,.T.);
#4667=EDGE_CURVE('',#5909,#5908,#1675,.T.);
#4668=EDGE_CURVE('',#5910,#5909,#1676,.T.);
#4669=EDGE_CURVE('',#5910,#5911,#132,.F.);
#4670=EDGE_CURVE('',#5912,#5911,#1677,.T.);
#4671=EDGE_CURVE('',#5912,#5906,#133,.T.);
#4672=EDGE_CURVE('',#5913,#5913,#6749,.T.);
#4673=EDGE_CURVE('',#5914,#5914,#6750,.T.);
#4674=EDGE_CURVE('',#5915,#5915,#6751,.T.);
#4675=EDGE_CURVE('',#5916,#5917,#134,.F.);
#4676=EDGE_CURVE('',#5916,#5918,#1678,.T.);
#4677=EDGE_CURVE('',#5918,#5919,#1679,.T.);
#4678=EDGE_CURVE('',#5920,#5919,#135,.T.);
#4679=EDGE_CURVE('',#5920,#5921,#1680,.T.);
#4680=EDGE_CURVE('',#5921,#5922,#1681,.T.);
#4681=EDGE_CURVE('',#5923,#5922,#136,.T.);
#4682=EDGE_CURVE('',#5923,#5924,#1682,.T.);
#4683=EDGE_CURVE('',#5924,#5925,#1683,.T.);
#4684=EDGE_CURVE('',#5925,#5926,#1684,.T.);
#4685=EDGE_CURVE('',#5926,#5927,#1685,.T.);
#4686=EDGE_CURVE('',#5927,#5928,#1686,.T.);
#4687=EDGE_CURVE('',#5928,#5929,#1687,.T.);
#4688=EDGE_CURVE('',#5929,#5930,#1688,.T.);
#4689=EDGE_CURVE('',#5930,#5931,#1689,.T.);
#4690=EDGE_CURVE('',#5931,#5917,#1690,.T.);
#4691=EDGE_CURVE('',#5932,#5933,#1691,.T.);
#4692=EDGE_CURVE('',#5934,#5932,#1692,.T.);
#4693=EDGE_CURVE('',#5934,#5935,#137,.F.);
#4694=EDGE_CURVE('',#5936,#5935,#1693,.T.);
#4695=EDGE_CURVE('',#5937,#5936,#1694,.T.);
#4696=EDGE_CURVE('',#5937,#5938,#138,.T.);
#4697=EDGE_CURVE('',#5939,#5938,#1695,.T.);
#4698=EDGE_CURVE('',#5939,#5933,#139,.F.);
#4699=EDGE_CURVE('',#5940,#5940,#6752,.T.);
#4700=EDGE_CURVE('',#5941,#5925,#140,.T.);
#4701=EDGE_CURVE('',#5926,#5941,#141,.T.);
#4702=EDGE_CURVE('',#5941,#5924,#142,.T.);
#4703=EDGE_CURVE('',#5941,#5927,#143,.T.);
#4704=EDGE_CURVE('',#5941,#5928,#144,.T.);
#4705=EDGE_CURVE('',#5918,#5942,#145,.T.);
#4706=EDGE_CURVE('',#5942,#5943,#146,.T.);
#4707=EDGE_CURVE('',#5943,#5919,#147,.T.);
#4708=EDGE_CURVE('',#5942,#5944,#148,.T.);
#4709=EDGE_CURVE('',#5944,#5943,#149,.T.);
#4710=EDGE_CURVE('',#5945,#5916,#150,.T.);
#4711=EDGE_CURVE('',#5942,#5945,#151,.T.);
#4712=EDGE_CURVE('',#5942,#5946,#152,.T.);
#4713=EDGE_CURVE('',#5946,#5945,#153,.T.);
#4714=EDGE_CURVE('',#5929,#5947,#154,.T.);
#4715=EDGE_CURVE('',#5948,#5947,#155,.T.);
#4716=EDGE_CURVE('',#5948,#5949,#156,.T.);
#4717=EDGE_CURVE('',#5950,#5949,#41,.T.);
#4718=EDGE_CURVE('',#5950,#5951,#42,.T.);
#4719=EDGE_CURVE('',#5951,#5930,#157,.T.);
#4720=EDGE_CURVE('',#5951,#5952,#43,.T.);
#4721=EDGE_CURVE('',#5952,#5931,#158,.T.);
#4722=EDGE_CURVE('',#5952,#5953,#44,.T.);
#4723=EDGE_CURVE('',#5954,#5953,#45,.T.);
#4724=EDGE_CURVE('',#5954,#5955,#159,.T.);
#4725=EDGE_CURVE('',#5955,#5942,#160,.T.);
#4726=EDGE_CURVE('',#5917,#5946,#161,.T.);
#4727=EDGE_CURVE('',#5947,#5942,#162,.T.);
#4728=EDGE_CURVE('',#5955,#5948,#163,.T.);
#4729=EDGE_CURVE('',#5954,#5949,#164,.T.);
#4730=EDGE_CURVE('',#5953,#5950,#165,.T.);
#4731=EDGE_CURVE('',#5923,#5956,#166,.T.);
#4732=EDGE_CURVE('',#5957,#5956,#167,.T.);
#4733=EDGE_CURVE('',#5957,#5958,#168,.T.);
#4734=EDGE_CURVE('',#5959,#5958,#46,.T.);
#4735=EDGE_CURVE('',#5959,#5960,#47,.T.);
#4736=EDGE_CURVE('',#5960,#5941,#169,.T.);
#4737=EDGE_CURVE('',#5961,#5962,#170,.T.);
#4738=EDGE_CURVE('',#5962,#5941,#171,.T.);
#4739=EDGE_CURVE('',#5960,#5961,#48,.T.);
#4740=EDGE_CURVE('',#5921,#5962,#172,.T.);
#4741=EDGE_CURVE('',#5961,#5963,#49,.T.);
#4742=EDGE_CURVE('',#5964,#5963,#50,.T.);
#4743=EDGE_CURVE('',#5964,#5965,#173,.T.);
#4744=EDGE_CURVE('',#5965,#5966,#174,.T.);
#4745=EDGE_CURVE('',#5966,#5922,#175,.T.);
#4746=EDGE_CURVE('',#5965,#5957,#176,.T.);
#4747=EDGE_CURVE('',#5956,#5966,#177,.T.);
#4748=EDGE_CURVE('',#5964,#5958,#178,.T.);
#4749=EDGE_CURVE('',#5963,#5959,#179,.T.);
#4750=EDGE_CURVE('',#5967,#5968,#180,.T.);
#4751=EDGE_CURVE('',#5968,#5969,#181,.T.);
#4752=EDGE_CURVE('',#5969,#5970,#182,.T.);
#4753=EDGE_CURVE('',#5967,#5970,#183,.T.);
#4754=EDGE_CURVE('',#5971,#5972,#51,.T.);
#4755=EDGE_CURVE('',#5972,#5973,#52,.T.);
#4756=EDGE_CURVE('',#5973,#5974,#184,.T.);
#4757=EDGE_CURVE('',#5974,#5971,#53,.T.);
#4758=EDGE_CURVE('',#5974,#5970,#54,.T.);
#4759=EDGE_CURVE('',#5967,#5973,#55,.T.);
#4760=EDGE_CURVE('',#5969,#5947,#185,.T.);
#4761=EDGE_CURVE('',#5968,#5942,#186,.T.);
#4762=EDGE_CURVE('',#5972,#5962,#187,.T.);
#4763=EDGE_CURVE('',#5971,#5941,#188,.T.);
#4764=EDGE_CURVE('',#5920,#5944,#189,.T.);
#4765=EDGE_CURVE('',#5975,#5934,#190,.T.);
#4766=EDGE_CURVE('',#5935,#5975,#191,.T.);
#4767=EDGE_CURVE('',#5937,#5975,#192,.T.);
#4768=EDGE_CURVE('',#5975,#5936,#193,.T.);
#4769=EDGE_CURVE('',#5975,#5938,#194,.T.);
#4770=EDGE_CURVE('',#5975,#5932,#195,.T.);
#4771=EDGE_CURVE('',#5933,#5975,#196,.T.);
#4772=EDGE_CURVE('',#5939,#5975,#197,.T.);
#4773=EDGE_CURVE('',#5976,#5907,#198,.T.);
#4774=EDGE_CURVE('',#5976,#5905,#199,.T.);
#4775=EDGE_CURVE('',#5906,#5976,#200,.T.);
#4776=EDGE_CURVE('',#5976,#5912,#201,.T.);
#4777=EDGE_CURVE('',#5976,#5911,#202,.T.);
#4778=EDGE_CURVE('',#5910,#5976,#203,.T.);
#4779=EDGE_CURVE('',#5976,#5909,#204,.T.);
#4780=EDGE_CURVE('',#5908,#5976,#205,.T.);
#4781=EDGE_CURVE('',#5977,#5978,#206,.T.);
#4782=EDGE_CURVE('',#5979,#5978,#207,.T.);
#4783=EDGE_CURVE('',#5980,#5979,#208,.T.);
#4784=EDGE_CURVE('',#5980,#5981,#209,.T.);
#4785=EDGE_CURVE('',#5982,#5981,#210,.T.);
#4786=EDGE_CURVE('',#5982,#5983,#211,.T.);
#4787=EDGE_CURVE('',#5984,#5983,#56,.T.);
#4788=EDGE_CURVE('',#5977,#5984,#212,.T.);
#4789=EDGE_CURVE('',#5985,#5986,#213,.T.);
#4790=EDGE_CURVE('',#5986,#5987,#57,.T.);
#4791=EDGE_CURVE('',#5987,#5988,#214,.T.);
#4792=EDGE_CURVE('',#5988,#5989,#215,.T.);
#4793=EDGE_CURVE('',#5990,#5989,#216,.T.);
#4794=EDGE_CURVE('',#5990,#5991,#217,.T.);
#4795=EDGE_CURVE('',#5991,#5992,#218,.T.);
#4796=EDGE_CURVE('',#5985,#5992,#219,.T.);
#4797=EDGE_CURVE('',#5993,#5994,#220,.T.);
#4798=EDGE_CURVE('',#5994,#5988,#221,.T.);
#4799=EDGE_CURVE('',#5993,#5987,#58,.T.);
#4800=EDGE_CURVE('',#5993,#5983,#59,.T.);
#4801=EDGE_CURVE('',#5994,#5982,#222,.T.);
#4802=EDGE_CURVE('',#5995,#5995,#6753,.T.);
#4803=EDGE_CURVE('',#5996,#5996,#60,.T.);
#4804=EDGE_CURVE('',#5997,#5997,#6754,.T.);
#4805=EDGE_CURVE('',#5998,#5998,#61,.T.);
#4806=EDGE_CURVE('',#5999,#6000,#6755,.T.);
#4807=EDGE_CURVE('',#6001,#5999,#6756,.F.);
#4808=EDGE_CURVE('',#6002,#6001,#6757,.T.);
#4809=EDGE_CURVE('',#6000,#6002,#6758,.F.);
#4810=EDGE_CURVE('',#6003,#6003,#6759,.T.);
#4811=EDGE_CURVE('',#6004,#6005,#6760,.T.);
#4812=EDGE_CURVE('',#6006,#6005,#6761,.F.);
#4813=EDGE_CURVE('',#6006,#6007,#6762,.T.);
#4814=EDGE_CURVE('',#6004,#6007,#6763,.F.);
#4815=EDGE_CURVE('',#6008,#6009,#6764,.T.);
#4816=EDGE_CURVE('',#6010,#6008,#6765,.F.);
#4817=EDGE_CURVE('',#6011,#6010,#6766,.T.);
#4818=EDGE_CURVE('',#6009,#6011,#6767,.F.);
#4819=EDGE_CURVE('',#6012,#6013,#6768,.T.);
#4820=EDGE_CURVE('',#6014,#6013,#6769,.F.);
#4821=EDGE_CURVE('',#6014,#6015,#6770,.T.);
#4822=EDGE_CURVE('',#6012,#6015,#6771,.F.);
#4823=EDGE_CURVE('',#6016,#5992,#223,.T.);
#4824=EDGE_CURVE('',#6017,#6016,#224,.T.);
#4825=EDGE_CURVE('',#6018,#6017,#225,.T.);
#4826=EDGE_CURVE('',#6019,#6018,#226,.T.);
#4827=EDGE_CURVE('',#6019,#6020,#227,.T.);
#4828=EDGE_CURVE('',#6020,#6021,#228,.T.);
#4829=EDGE_CURVE('',#6021,#5978,#229,.T.);
#4830=EDGE_CURVE('',#5985,#5977,#230,.T.);
#4831=EDGE_CURVE('',#6022,#5981,#231,.T.);
#4832=EDGE_CURVE('',#5989,#6022,#232,.T.);
#4833=EDGE_CURVE('',#5990,#6023,#233,.T.);
#4834=EDGE_CURVE('',#6023,#5980,#234,.T.);
#4835=EDGE_CURVE('',#6024,#5979,#235,.T.);
#4836=EDGE_CURVE('',#6025,#6024,#236,.T.);
#4837=EDGE_CURVE('',#6026,#6025,#237,.T.);
#4838=EDGE_CURVE('',#6026,#6027,#238,.T.);
#4839=EDGE_CURVE('',#6027,#6028,#239,.T.);
#4840=EDGE_CURVE('',#6028,#6029,#240,.T.);
#4841=EDGE_CURVE('',#6029,#5991,#241,.T.);
#4842=EDGE_CURVE('',#6030,#6030,#6772,.T.);
#4843=EDGE_CURVE('',#6031,#6032,#242,.T.);
#4844=EDGE_CURVE('',#6032,#6033,#243,.T.);
#4845=EDGE_CURVE('',#6033,#6034,#244,.T.);
#4846=EDGE_CURVE('',#6035,#6034,#245,.T.);
#4847=EDGE_CURVE('',#6036,#6035,#246,.T.);
#4848=EDGE_CURVE('',#6037,#6036,#247,.T.);
#4849=EDGE_CURVE('',#6031,#6037,#248,.T.);
#4850=EDGE_CURVE('',#6038,#6039,#6773,.T.);
#4851=EDGE_CURVE('',#6040,#6038,#6774,.F.);
#4852=EDGE_CURVE('',#6041,#6040,#6775,.T.);
#4853=EDGE_CURVE('',#6039,#6041,#6776,.F.);
#4854=EDGE_CURVE('',#6042,#6043,#6777,.F.);
#4855=EDGE_CURVE('',#6044,#6043,#6778,.F.);
#4856=EDGE_CURVE('',#6044,#6045,#6779,.F.);
#4857=EDGE_CURVE('',#6042,#6045,#6780,.F.);
#4858=EDGE_CURVE('',#6046,#6047,#6781,.T.);
#4859=EDGE_CURVE('',#6048,#6046,#6782,.F.);
#4860=EDGE_CURVE('',#6049,#6048,#6783,.T.);
#4861=EDGE_CURVE('',#6047,#6049,#6784,.F.);
#4862=EDGE_CURVE('',#6050,#6050,#6785,.T.);
#4863=EDGE_CURVE('',#6051,#6051,#6786,.T.);
#4864=EDGE_CURVE('',#6052,#6053,#6787,.F.);
#4865=EDGE_CURVE('',#6054,#6053,#6788,.F.);
#4866=EDGE_CURVE('',#6054,#6055,#6789,.F.);
#4867=EDGE_CURVE('',#6052,#6055,#6790,.F.);
#4868=EDGE_CURVE('',#6026,#6019,#249,.T.);
#4869=EDGE_CURVE('',#6025,#6020,#250,.T.);
#4870=EDGE_CURVE('',#6024,#6021,#251,.T.);
#4871=EDGE_CURVE('',#6029,#6016,#252,.T.);
#4872=EDGE_CURVE('',#6028,#6017,#253,.T.);
#4873=EDGE_CURVE('',#6027,#6018,#254,.T.);
#4874=EDGE_CURVE('',#6005,#6048,#255,.F.);
#4875=EDGE_CURVE('',#6049,#6004,#256,.T.);
#4876=EDGE_CURVE('',#6046,#6006,#257,.T.);
#4877=EDGE_CURVE('',#6007,#6047,#258,.F.);
#4878=EDGE_CURVE('',#6008,#6044,#259,.F.);
#4879=EDGE_CURVE('',#6045,#6009,#260,.T.);
#4880=EDGE_CURVE('',#6043,#6010,#261,.T.);
#4881=EDGE_CURVE('',#6011,#6042,#262,.F.);
#4882=EDGE_CURVE('',#5999,#6054,#263,.F.);
#4883=EDGE_CURVE('',#6055,#6000,#264,.T.);
#4884=EDGE_CURVE('',#6053,#6001,#265,.T.);
#4885=EDGE_CURVE('',#6002,#6052,#266,.F.);
#4886=EDGE_CURVE('',#6038,#6014,#267,.T.);
#4887=EDGE_CURVE('',#6015,#6039,#268,.F.);
#4888=EDGE_CURVE('',#6013,#6040,#269,.F.);
#4889=EDGE_CURVE('',#6041,#6012,#270,.T.);
#4890=EDGE_CURVE('',#6056,#6037,#271,.T.);
#4891=EDGE_CURVE('',#6057,#6056,#272,.T.);
#4892=EDGE_CURVE('',#6057,#6031,#273,.T.);
#4893=EDGE_CURVE('',#6057,#6058,#274,.T.);
#4894=EDGE_CURVE('',#6058,#6032,#275,.T.);
#4895=EDGE_CURVE('',#6058,#6059,#276,.T.);
#4896=EDGE_CURVE('',#6059,#6033,#277,.T.);
#4897=EDGE_CURVE('',#6059,#6060,#278,.T.);
#4898=EDGE_CURVE('',#6060,#6034,#279,.T.);
#4899=EDGE_CURVE('',#6061,#6060,#280,.T.);
#4900=EDGE_CURVE('',#6061,#6035,#281,.T.);
#4901=EDGE_CURVE('',#6062,#6061,#282,.T.);
#4902=EDGE_CURVE('',#6062,#6036,#283,.T.);
#4903=EDGE_CURVE('',#6056,#6062,#284,.T.);
#4904=EDGE_CURVE('',#6022,#6023,#285,.T.);
#4905=EDGE_CURVE('',#5986,#5984,#286,.T.);
#4906=EDGE_CURVE('',#6063,#6064,#287,.T.);
#4907=EDGE_CURVE('',#6063,#6065,#288,.T.);
#4908=EDGE_CURVE('',#6065,#6066,#62,.T.);
#4909=EDGE_CURVE('',#6067,#6066,#289,.T.);
#4910=EDGE_CURVE('',#6067,#6068,#290,.T.);
#4911=EDGE_CURVE('',#6069,#6068,#291,.T.);
#4912=EDGE_CURVE('',#6069,#6070,#292,.T.);
#4913=EDGE_CURVE('',#6070,#6064,#293,.T.);
#4914=EDGE_CURVE('',#6071,#6072,#294,.T.);
#4915=EDGE_CURVE('',#6071,#6073,#295,.T.);
#4916=EDGE_CURVE('',#6074,#6073,#296,.T.);
#4917=EDGE_CURVE('',#6075,#6074,#297,.T.);
#4918=EDGE_CURVE('',#6075,#6076,#298,.T.);
#4919=EDGE_CURVE('',#6077,#6076,#299,.T.);
#4920=EDGE_CURVE('',#6078,#6077,#300,.T.);
#4921=EDGE_CURVE('',#6072,#6078,#63,.T.);
#4922=EDGE_CURVE('',#6079,#6080,#301,.T.);
#4923=EDGE_CURVE('',#6079,#6078,#64,.T.);
#4924=EDGE_CURVE('',#6080,#6077,#302,.T.);
#4925=EDGE_CURVE('',#6079,#6066,#65,.T.);
#4926=EDGE_CURVE('',#6080,#6067,#303,.T.);
#4927=EDGE_CURVE('',#6081,#6081,#6791,.T.);
#4928=EDGE_CURVE('',#6082,#6082,#66,.T.);
#4929=EDGE_CURVE('',#6083,#6083,#6792,.T.);
#4930=EDGE_CURVE('',#6084,#6084,#67,.T.);
#4931=EDGE_CURVE('',#6085,#6086,#6793,.T.);
#4932=EDGE_CURVE('',#6086,#6087,#6794,.F.);
#4933=EDGE_CURVE('',#6087,#6088,#6795,.T.);
#4934=EDGE_CURVE('',#6088,#6085,#6796,.F.);
#4935=EDGE_CURVE('',#6089,#6089,#6797,.T.);
#4936=EDGE_CURVE('',#6090,#6091,#6798,.T.);
#4937=EDGE_CURVE('',#6090,#6092,#6799,.F.);
#4938=EDGE_CURVE('',#6093,#6092,#6800,.T.);
#4939=EDGE_CURVE('',#6093,#6091,#6801,.F.);
#4940=EDGE_CURVE('',#6094,#6095,#6802,.T.);
#4941=EDGE_CURVE('',#6095,#6096,#6803,.F.);
#4942=EDGE_CURVE('',#6096,#6097,#6804,.T.);
#4943=EDGE_CURVE('',#6097,#6094,#6805,.F.);
#4944=EDGE_CURVE('',#6098,#6099,#6806,.T.);
#4945=EDGE_CURVE('',#6098,#6100,#6807,.F.);
#4946=EDGE_CURVE('',#6101,#6100,#6808,.T.);
#4947=EDGE_CURVE('',#6101,#6099,#6809,.F.);
#4948=EDGE_CURVE('',#6071,#6063,#304,.T.);
#4949=EDGE_CURVE('',#6102,#6064,#305,.T.);
#4950=EDGE_CURVE('',#6103,#6102,#306,.T.);
#4951=EDGE_CURVE('',#6104,#6103,#307,.T.);
#4952=EDGE_CURVE('',#6104,#6105,#308,.T.);
#4953=EDGE_CURVE('',#6105,#6106,#309,.T.);
#4954=EDGE_CURVE('',#6106,#6107,#310,.T.);
#4955=EDGE_CURVE('',#6107,#6073,#311,.T.);
#4956=EDGE_CURVE('',#6076,#6108,#312,.T.);
#4957=EDGE_CURVE('',#6108,#6068,#313,.T.);
#4958=EDGE_CURVE('',#6075,#6109,#314,.T.);
#4959=EDGE_CURVE('',#6110,#6074,#315,.T.);
#4960=EDGE_CURVE('',#6111,#6110,#316,.T.);
#4961=EDGE_CURVE('',#6112,#6111,#317,.T.);
#4962=EDGE_CURVE('',#6113,#6112,#318,.T.);
#4963=EDGE_CURVE('',#6113,#6114,#319,.T.);
#4964=EDGE_CURVE('',#6114,#6115,#320,.T.);
#4965=EDGE_CURVE('',#6115,#6070,#321,.T.);
#4966=EDGE_CURVE('',#6109,#6069,#322,.T.);
#4967=EDGE_CURVE('',#6116,#6116,#6810,.T.);
#4968=EDGE_CURVE('',#6117,#6118,#323,.T.);
#4969=EDGE_CURVE('',#6117,#6119,#324,.T.);
#4970=EDGE_CURVE('',#6119,#6120,#325,.T.);
#4971=EDGE_CURVE('',#6120,#6121,#326,.T.);
#4972=EDGE_CURVE('',#6121,#6122,#327,.T.);
#4973=EDGE_CURVE('',#6123,#6122,#328,.T.);
#4974=EDGE_CURVE('',#6118,#6123,#329,.T.);
#4975=EDGE_CURVE('',#6124,#6125,#6811,.T.);
#4976=EDGE_CURVE('',#6125,#6126,#6812,.F.);
#4977=EDGE_CURVE('',#6126,#6127,#6813,.T.);
#4978=EDGE_CURVE('',#6127,#6124,#6814,.F.);
#4979=EDGE_CURVE('',#6128,#6129,#6815,.F.);
#4980=EDGE_CURVE('',#6128,#6130,#6816,.F.);
#4981=EDGE_CURVE('',#6131,#6130,#6817,.F.);
#4982=EDGE_CURVE('',#6131,#6129,#6818,.F.);
#4983=EDGE_CURVE('',#6132,#6133,#6819,.T.);
#4984=EDGE_CURVE('',#6133,#6134,#6820,.F.);
#4985=EDGE_CURVE('',#6134,#6135,#6821,.T.);
#4986=EDGE_CURVE('',#6135,#6132,#6822,.F.);
#4987=EDGE_CURVE('',#6136,#6136,#6823,.T.);
#4988=EDGE_CURVE('',#6137,#6137,#6824,.T.);
#4989=EDGE_CURVE('',#6138,#6139,#6825,.F.);
#4990=EDGE_CURVE('',#6138,#6140,#6826,.F.);
#4991=EDGE_CURVE('',#6141,#6140,#6827,.F.);
#4992=EDGE_CURVE('',#6141,#6139,#6828,.F.);
#4993=EDGE_CURVE('',#6114,#6103,#330,.T.);
#4994=EDGE_CURVE('',#6113,#6104,#331,.T.);
#4995=EDGE_CURVE('',#6115,#6102,#332,.T.);
#4996=EDGE_CURVE('',#6110,#6107,#333,.T.);
#4997=EDGE_CURVE('',#6111,#6106,#334,.T.);
#4998=EDGE_CURVE('',#6112,#6105,#335,.T.);
#4999=EDGE_CURVE('',#6134,#6090,#336,.T.);
#5000=EDGE_CURVE('',#6091,#6135,#337,.F.);
#5001=EDGE_CURVE('',#6092,#6133,#338,.F.);
#5002=EDGE_CURVE('',#6132,#6093,#339,.T.);
#5003=EDGE_CURVE('',#6130,#6095,#340,.T.);
#5004=EDGE_CURVE('',#6094,#6131,#341,.F.);
#5005=EDGE_CURVE('',#6096,#6128,#342,.F.);
#5006=EDGE_CURVE('',#6129,#6097,#343,.T.);
#5007=EDGE_CURVE('',#6140,#6086,#344,.T.);
#5008=EDGE_CURVE('',#6085,#6141,#345,.F.);
#5009=EDGE_CURVE('',#6087,#6138,#346,.F.);
#5010=EDGE_CURVE('',#6139,#6088,#347,.T.);
#5011=EDGE_CURVE('',#6100,#6125,#348,.F.);
#5012=EDGE_CURVE('',#6124,#6101,#349,.T.);
#5013=EDGE_CURVE('',#6126,#6098,#350,.T.);
#5014=EDGE_CURVE('',#6099,#6127,#351,.F.);
#5015=EDGE_CURVE('',#6142,#6117,#352,.T.);
#5016=EDGE_CURVE('',#6142,#6143,#353,.T.);
#5017=EDGE_CURVE('',#6143,#6119,#354,.T.);
#5018=EDGE_CURVE('',#6144,#6118,#355,.T.);
#5019=EDGE_CURVE('',#6142,#6144,#356,.T.);
#5020=EDGE_CURVE('',#6145,#6123,#357,.T.);
#5021=EDGE_CURVE('',#6144,#6145,#358,.T.);
#5022=EDGE_CURVE('',#6146,#6122,#359,.T.);
#5023=EDGE_CURVE('',#6145,#6146,#360,.T.);
#5024=EDGE_CURVE('',#6147,#6121,#361,.T.);
#5025=EDGE_CURVE('',#6147,#6146,#362,.T.);
#5026=EDGE_CURVE('',#6148,#6120,#363,.T.);
#5027=EDGE_CURVE('',#6148,#6147,#364,.T.);
#5028=EDGE_CURVE('',#6143,#6148,#365,.T.);
#5029=EDGE_CURVE('',#6108,#6109,#366,.T.);
#5030=EDGE_CURVE('',#6072,#6065,#367,.T.);
#5031=EDGE_CURVE('',#6149,#6149,#6829,.T.);
#5032=EDGE_CURVE('',#6150,#6150,#6830,.F.);
#5033=EDGE_CURVE('',#6151,#6151,#6831,.T.);
#5034=EDGE_CURVE('',#6152,#6152,#6832,.T.);
#5035=EDGE_CURVE('',#6153,#6153,#6833,.F.);
#5036=EDGE_CURVE('',#6154,#6154,#6834,.T.);
#5037=EDGE_CURVE('',#6155,#6155,#6835,.T.);
#5038=EDGE_CURVE('',#6156,#6156,#6836,.T.);
#5039=EDGE_CURVE('',#6157,#6157,#6837,.T.);
#5040=EDGE_CURVE('',#6158,#6158,#6838,.F.);
#5041=EDGE_CURVE('',#6159,#6159,#6839,.T.);
#5042=EDGE_CURVE('',#6160,#6160,#6840,.T.);
#5043=EDGE_CURVE('',#6161,#6161,#6841,.F.);
#5044=EDGE_CURVE('',#6162,#6162,#6842,.T.);
#5045=EDGE_CURVE('',#6163,#6163,#6843,.T.);
#5046=EDGE_CURVE('',#6164,#6164,#6844,.T.);
#5047=EDGE_CURVE('',#6165,#6165,#6845,.T.);
#5048=EDGE_CURVE('',#6166,#6166,#6846,.F.);
#5049=EDGE_CURVE('',#6167,#6167,#6847,.T.);
#5050=EDGE_CURVE('',#6168,#6168,#6848,.T.);
#5051=EDGE_CURVE('',#6169,#6169,#6849,.F.);
#5052=EDGE_CURVE('',#6170,#6170,#6850,.T.);
#5053=EDGE_CURVE('',#6171,#6171,#6851,.T.);
#5054=EDGE_CURVE('',#6172,#6172,#6852,.T.);
#5055=EDGE_CURVE('',#6173,#6174,#368,.T.);
#5056=EDGE_CURVE('',#6175,#6174,#369,.T.);
#5057=EDGE_CURVE('',#6176,#6175,#370,.T.);
#5058=EDGE_CURVE('',#6176,#6177,#371,.T.);
#5059=EDGE_CURVE('',#6178,#6177,#372,.T.);
#5060=EDGE_CURVE('',#6178,#6179,#373,.T.);
#5061=EDGE_CURVE('',#6180,#6179,#68,.T.);
#5062=EDGE_CURVE('',#6173,#6180,#374,.T.);
#5063=EDGE_CURVE('',#6181,#6182,#375,.T.);
#5064=EDGE_CURVE('',#6182,#6183,#69,.T.);
#5065=EDGE_CURVE('',#6183,#6184,#376,.T.);
#5066=EDGE_CURVE('',#6184,#6185,#377,.T.);
#5067=EDGE_CURVE('',#6186,#6185,#378,.T.);
#5068=EDGE_CURVE('',#6186,#6187,#379,.T.);
#5069=EDGE_CURVE('',#6187,#6188,#380,.T.);
#5070=EDGE_CURVE('',#6181,#6188,#381,.T.);
#5071=EDGE_CURVE('',#6189,#6190,#382,.T.);
#5072=EDGE_CURVE('',#6190,#6184,#383,.T.);
#5073=EDGE_CURVE('',#6189,#6183,#70,.T.);
#5074=EDGE_CURVE('',#6189,#6179,#71,.T.);
#5075=EDGE_CURVE('',#6190,#6178,#384,.T.);
#5076=EDGE_CURVE('',#6191,#6191,#6853,.T.);
#5077=EDGE_CURVE('',#6192,#6192,#72,.T.);
#5078=EDGE_CURVE('',#6193,#6193,#6854,.T.);
#5079=EDGE_CURVE('',#6194,#6194,#73,.T.);
#5080=EDGE_CURVE('',#6195,#6196,#6855,.T.);
#5081=EDGE_CURVE('',#6197,#6195,#6856,.F.);
#5082=EDGE_CURVE('',#6198,#6197,#6857,.T.);
#5083=EDGE_CURVE('',#6196,#6198,#6858,.F.);
#5084=EDGE_CURVE('',#6199,#6199,#6859,.T.);
#5085=EDGE_CURVE('',#6200,#6201,#6860,.T.);
#5086=EDGE_CURVE('',#6202,#6201,#6861,.F.);
#5087=EDGE_CURVE('',#6202,#6203,#6862,.T.);
#5088=EDGE_CURVE('',#6200,#6203,#6863,.F.);
#5089=EDGE_CURVE('',#6204,#6205,#6864,.T.);
#5090=EDGE_CURVE('',#6206,#6204,#6865,.F.);
#5091=EDGE_CURVE('',#6207,#6206,#6866,.T.);
#5092=EDGE_CURVE('',#6205,#6207,#6867,.F.);
#5093=EDGE_CURVE('',#6208,#6209,#6868,.T.);
#5094=EDGE_CURVE('',#6210,#6209,#6869,.F.);
#5095=EDGE_CURVE('',#6210,#6211,#6870,.T.);
#5096=EDGE_CURVE('',#6208,#6211,#6871,.F.);
#5097=EDGE_CURVE('',#6212,#6188,#385,.T.);
#5098=EDGE_CURVE('',#6213,#6212,#386,.T.);
#5099=EDGE_CURVE('',#6214,#6213,#387,.T.);
#5100=EDGE_CURVE('',#6215,#6214,#388,.T.);
#5101=EDGE_CURVE('',#6215,#6216,#389,.T.);
#5102=EDGE_CURVE('',#6216,#6217,#390,.T.);
#5103=EDGE_CURVE('',#6217,#6174,#391,.T.);
#5104=EDGE_CURVE('',#6181,#6173,#392,.T.);
#5105=EDGE_CURVE('',#6218,#6177,#393,.T.);
#5106=EDGE_CURVE('',#6185,#6218,#394,.T.);
#5107=EDGE_CURVE('',#6186,#6219,#395,.T.);
#5108=EDGE_CURVE('',#6219,#6176,#396,.T.);
#5109=EDGE_CURVE('',#6220,#6175,#397,.T.);
#5110=EDGE_CURVE('',#6221,#6220,#398,.T.);
#5111=EDGE_CURVE('',#6222,#6221,#399,.T.);
#5112=EDGE_CURVE('',#6222,#6223,#400,.T.);
#5113=EDGE_CURVE('',#6223,#6224,#401,.T.);
#5114=EDGE_CURVE('',#6224,#6225,#402,.T.);
#5115=EDGE_CURVE('',#6225,#6187,#403,.T.);
#5116=EDGE_CURVE('',#6226,#6226,#6872,.T.);
#5117=EDGE_CURVE('',#6227,#6228,#404,.T.);
#5118=EDGE_CURVE('',#6228,#6229,#405,.T.);
#5119=EDGE_CURVE('',#6229,#6230,#406,.T.);
#5120=EDGE_CURVE('',#6231,#6230,#407,.T.);
#5121=EDGE_CURVE('',#6232,#6231,#408,.T.);
#5122=EDGE_CURVE('',#6233,#6232,#409,.T.);
#5123=EDGE_CURVE('',#6227,#6233,#410,.T.);
#5124=EDGE_CURVE('',#6234,#6235,#6873,.T.);
#5125=EDGE_CURVE('',#6236,#6234,#6874,.F.);
#5126=EDGE_CURVE('',#6237,#6236,#6875,.T.);
#5127=EDGE_CURVE('',#6235,#6237,#6876,.F.);
#5128=EDGE_CURVE('',#6238,#6239,#6877,.F.);
#5129=EDGE_CURVE('',#6240,#6239,#6878,.F.);
#5130=EDGE_CURVE('',#6240,#6241,#6879,.F.);
#5131=EDGE_CURVE('',#6238,#6241,#6880,.F.);
#5132=EDGE_CURVE('',#6242,#6243,#6881,.T.);
#5133=EDGE_CURVE('',#6244,#6242,#6882,.F.);
#5134=EDGE_CURVE('',#6245,#6244,#6883,.T.);
#5135=EDGE_CURVE('',#6243,#6245,#6884,.F.);
#5136=EDGE_CURVE('',#6246,#6246,#6885,.T.);
#5137=EDGE_CURVE('',#6247,#6247,#6886,.T.);
#5138=EDGE_CURVE('',#6248,#6249,#6887,.F.);
#5139=EDGE_CURVE('',#6250,#6249,#6888,.F.);
#5140=EDGE_CURVE('',#6250,#6251,#6889,.F.);
#5141=EDGE_CURVE('',#6248,#6251,#6890,.F.);
#5142=EDGE_CURVE('',#6222,#6215,#411,.T.);
#5143=EDGE_CURVE('',#6221,#6216,#412,.T.);
#5144=EDGE_CURVE('',#6220,#6217,#413,.T.);
#5145=EDGE_CURVE('',#6225,#6212,#414,.T.);
#5146=EDGE_CURVE('',#6224,#6213,#415,.T.);
#5147=EDGE_CURVE('',#6223,#6214,#416,.T.);
#5148=EDGE_CURVE('',#6201,#6244,#417,.F.);
#5149=EDGE_CURVE('',#6245,#6200,#418,.T.);
#5150=EDGE_CURVE('',#6242,#6202,#419,.T.);
#5151=EDGE_CURVE('',#6203,#6243,#420,.F.);
#5152=EDGE_CURVE('',#6204,#6240,#421,.F.);
#5153=EDGE_CURVE('',#6241,#6205,#422,.T.);
#5154=EDGE_CURVE('',#6239,#6206,#423,.T.);
#5155=EDGE_CURVE('',#6207,#6238,#424,.F.);
#5156=EDGE_CURVE('',#6195,#6250,#425,.F.);
#5157=EDGE_CURVE('',#6251,#6196,#426,.T.);
#5158=EDGE_CURVE('',#6249,#6197,#427,.T.);
#5159=EDGE_CURVE('',#6198,#6248,#428,.F.);
#5160=EDGE_CURVE('',#6234,#6210,#429,.T.);
#5161=EDGE_CURVE('',#6211,#6235,#430,.F.);
#5162=EDGE_CURVE('',#6209,#6236,#431,.F.);
#5163=EDGE_CURVE('',#6237,#6208,#432,.T.);
#5164=EDGE_CURVE('',#6252,#6233,#433,.T.);
#5165=EDGE_CURVE('',#6253,#6252,#434,.T.);
#5166=EDGE_CURVE('',#6253,#6227,#435,.T.);
#5167=EDGE_CURVE('',#6253,#6254,#436,.T.);
#5168=EDGE_CURVE('',#6254,#6228,#437,.T.);
#5169=EDGE_CURVE('',#6254,#6255,#438,.T.);
#5170=EDGE_CURVE('',#6255,#6229,#439,.T.);
#5171=EDGE_CURVE('',#6255,#6256,#440,.T.);
#5172=EDGE_CURVE('',#6256,#6230,#441,.T.);
#5173=EDGE_CURVE('',#6257,#6256,#442,.T.);
#5174=EDGE_CURVE('',#6257,#6231,#443,.T.);
#5175=EDGE_CURVE('',#6258,#6257,#444,.T.);
#5176=EDGE_CURVE('',#6258,#6232,#445,.T.);
#5177=EDGE_CURVE('',#6252,#6258,#446,.T.);
#5178=EDGE_CURVE('',#6218,#6219,#447,.T.);
#5179=EDGE_CURVE('',#6182,#6180,#448,.T.);
#5180=EDGE_CURVE('',#6259,#6260,#1696,.T.);
#5181=EDGE_CURVE('',#6261,#6259,#1697,.T.);
#5182=EDGE_CURVE('',#6261,#6262,#449,.T.);
#5183=EDGE_CURVE('',#6263,#6262,#1698,.T.);
#5184=EDGE_CURVE('',#6264,#6263,#1699,.T.);
#5185=EDGE_CURVE('',#6264,#6265,#450,.F.);
#5186=EDGE_CURVE('',#6266,#6265,#1700,.T.);
#5187=EDGE_CURVE('',#6266,#6260,#451,.T.);
#5188=EDGE_CURVE('',#6267,#6267,#6891,.T.);
#5189=EDGE_CURVE('',#6268,#6268,#6892,.T.);
#5190=EDGE_CURVE('',#6269,#6269,#6893,.T.);
#5191=EDGE_CURVE('',#6270,#6271,#452,.F.);
#5192=EDGE_CURVE('',#6270,#6272,#1701,.T.);
#5193=EDGE_CURVE('',#6272,#6273,#1702,.T.);
#5194=EDGE_CURVE('',#6274,#6273,#453,.T.);
#5195=EDGE_CURVE('',#6274,#6275,#1703,.T.);
#5196=EDGE_CURVE('',#6275,#6276,#1704,.T.);
#5197=EDGE_CURVE('',#6277,#6276,#454,.T.);
#5198=EDGE_CURVE('',#6277,#6278,#1705,.T.);
#5199=EDGE_CURVE('',#6278,#6279,#1706,.T.);
#5200=EDGE_CURVE('',#6279,#6280,#1707,.T.);
#5201=EDGE_CURVE('',#6280,#6281,#1708,.T.);
#5202=EDGE_CURVE('',#6281,#6282,#1709,.T.);
#5203=EDGE_CURVE('',#6282,#6283,#1710,.T.);
#5204=EDGE_CURVE('',#6283,#6284,#1711,.T.);
#5205=EDGE_CURVE('',#6284,#6285,#1712,.T.);
#5206=EDGE_CURVE('',#6285,#6271,#1713,.T.);
#5207=EDGE_CURVE('',#6286,#6287,#1714,.T.);
#5208=EDGE_CURVE('',#6288,#6286,#1715,.T.);
#5209=EDGE_CURVE('',#6288,#6289,#455,.F.);
#5210=EDGE_CURVE('',#6290,#6289,#1716,.T.);
#5211=EDGE_CURVE('',#6291,#6290,#1717,.T.);
#5212=EDGE_CURVE('',#6291,#6292,#456,.T.);
#5213=EDGE_CURVE('',#6293,#6292,#1718,.T.);
#5214=EDGE_CURVE('',#6293,#6287,#457,.F.);
#5215=EDGE_CURVE('',#6294,#6294,#6894,.T.);
#5216=EDGE_CURVE('',#6295,#6279,#458,.T.);
#5217=EDGE_CURVE('',#6280,#6295,#459,.T.);
#5218=EDGE_CURVE('',#6295,#6278,#460,.T.);
#5219=EDGE_CURVE('',#6295,#6281,#461,.T.);
#5220=EDGE_CURVE('',#6295,#6282,#462,.T.);
#5221=EDGE_CURVE('',#6272,#6296,#463,.T.);
#5222=EDGE_CURVE('',#6296,#6297,#464,.T.);
#5223=EDGE_CURVE('',#6297,#6273,#465,.T.);
#5224=EDGE_CURVE('',#6296,#6298,#466,.T.);
#5225=EDGE_CURVE('',#6298,#6297,#467,.T.);
#5226=EDGE_CURVE('',#6299,#6270,#468,.T.);
#5227=EDGE_CURVE('',#6296,#6299,#469,.T.);
#5228=EDGE_CURVE('',#6296,#6300,#470,.T.);
#5229=EDGE_CURVE('',#6300,#6299,#471,.T.);
#5230=EDGE_CURVE('',#6283,#6301,#472,.T.);
#5231=EDGE_CURVE('',#6302,#6301,#473,.T.);
#5232=EDGE_CURVE('',#6302,#6303,#474,.T.);
#5233=EDGE_CURVE('',#6304,#6303,#74,.T.);
#5234=EDGE_CURVE('',#6304,#6305,#75,.T.);
#5235=EDGE_CURVE('',#6305,#6284,#475,.T.);
#5236=EDGE_CURVE('',#6305,#6306,#76,.T.);
#5237=EDGE_CURVE('',#6306,#6285,#476,.T.);
#5238=EDGE_CURVE('',#6306,#6307,#77,.T.);
#5239=EDGE_CURVE('',#6308,#6307,#78,.T.);
#5240=EDGE_CURVE('',#6308,#6309,#477,.T.);
#5241=EDGE_CURVE('',#6309,#6296,#478,.T.);
#5242=EDGE_CURVE('',#6271,#6300,#479,.T.);
#5243=EDGE_CURVE('',#6301,#6296,#480,.T.);
#5244=EDGE_CURVE('',#6309,#6302,#481,.T.);
#5245=EDGE_CURVE('',#6308,#6303,#482,.T.);
#5246=EDGE_CURVE('',#6307,#6304,#483,.T.);
#5247=EDGE_CURVE('',#6277,#6310,#484,.T.);
#5248=EDGE_CURVE('',#6311,#6310,#485,.T.);
#5249=EDGE_CURVE('',#6311,#6312,#486,.T.);
#5250=EDGE_CURVE('',#6313,#6312,#79,.T.);
#5251=EDGE_CURVE('',#6313,#6314,#80,.T.);
#5252=EDGE_CURVE('',#6314,#6295,#487,.T.);
#5253=EDGE_CURVE('',#6315,#6316,#488,.T.);
#5254=EDGE_CURVE('',#6316,#6295,#489,.T.);
#5255=EDGE_CURVE('',#6314,#6315,#81,.T.);
#5256=EDGE_CURVE('',#6275,#6316,#490,.T.);
#5257=EDGE_CURVE('',#6315,#6317,#82,.T.);
#5258=EDGE_CURVE('',#6318,#6317,#83,.T.);
#5259=EDGE_CURVE('',#6318,#6319,#491,.T.);
#5260=EDGE_CURVE('',#6319,#6320,#492,.T.);
#5261=EDGE_CURVE('',#6320,#6276,#493,.T.);
#5262=EDGE_CURVE('',#6319,#6311,#494,.T.);
#5263=EDGE_CURVE('',#6310,#6320,#495,.T.);
#5264=EDGE_CURVE('',#6318,#6312,#496,.T.);
#5265=EDGE_CURVE('',#6317,#6313,#497,.T.);
#5266=EDGE_CURVE('',#6321,#6322,#498,.T.);
#5267=EDGE_CURVE('',#6322,#6323,#499,.T.);
#5268=EDGE_CURVE('',#6323,#6324,#500,.T.);
#5269=EDGE_CURVE('',#6321,#6324,#501,.T.);
#5270=EDGE_CURVE('',#6325,#6326,#84,.T.);
#5271=EDGE_CURVE('',#6326,#6327,#85,.T.);
#5272=EDGE_CURVE('',#6327,#6328,#502,.T.);
#5273=EDGE_CURVE('',#6328,#6325,#86,.T.);
#5274=EDGE_CURVE('',#6328,#6324,#87,.T.);
#5275=EDGE_CURVE('',#6321,#6327,#88,.T.);
#5276=EDGE_CURVE('',#6323,#6301,#503,.T.);
#5277=EDGE_CURVE('',#6322,#6296,#504,.T.);
#5278=EDGE_CURVE('',#6326,#6316,#505,.T.);
#5279=EDGE_CURVE('',#6325,#6295,#506,.T.);
#5280=EDGE_CURVE('',#6274,#6298,#507,.T.);
#5281=EDGE_CURVE('',#6329,#6288,#508,.T.);
#5282=EDGE_CURVE('',#6289,#6329,#509,.T.);
#5283=EDGE_CURVE('',#6291,#6329,#510,.T.);
#5284=EDGE_CURVE('',#6329,#6290,#511,.T.);
#5285=EDGE_CURVE('',#6329,#6292,#512,.T.);
#5286=EDGE_CURVE('',#6329,#6286,#513,.T.);
#5287=EDGE_CURVE('',#6287,#6329,#514,.T.);
#5288=EDGE_CURVE('',#6293,#6329,#515,.T.);
#5289=EDGE_CURVE('',#6330,#6261,#516,.T.);
#5290=EDGE_CURVE('',#6330,#6259,#517,.T.);
#5291=EDGE_CURVE('',#6260,#6330,#518,.T.);
#5292=EDGE_CURVE('',#6330,#6266,#519,.T.);
#5293=EDGE_CURVE('',#6330,#6265,#520,.T.);
#5294=EDGE_CURVE('',#6264,#6330,#521,.T.);
#5295=EDGE_CURVE('',#6330,#6263,#522,.T.);
#5296=EDGE_CURVE('',#6262,#6330,#523,.T.);
#5297=EDGE_CURVE('',#6331,#6332,#524,.T.);
#5298=EDGE_CURVE('',#6331,#6333,#525,.T.);
#5299=EDGE_CURVE('',#6333,#6334,#89,.T.);
#5300=EDGE_CURVE('',#6335,#6334,#526,.T.);
#5301=EDGE_CURVE('',#6335,#6336,#527,.T.);
#5302=EDGE_CURVE('',#6337,#6336,#528,.T.);
#5303=EDGE_CURVE('',#6337,#6338,#529,.T.);
#5304=EDGE_CURVE('',#6338,#6332,#530,.T.);
#5305=EDGE_CURVE('',#6339,#6340,#531,.T.);
#5306=EDGE_CURVE('',#6339,#6341,#532,.T.);
#5307=EDGE_CURVE('',#6342,#6341,#533,.T.);
#5308=EDGE_CURVE('',#6343,#6342,#534,.T.);
#5309=EDGE_CURVE('',#6343,#6344,#535,.T.);
#5310=EDGE_CURVE('',#6345,#6344,#536,.T.);
#5311=EDGE_CURVE('',#6346,#6345,#537,.T.);
#5312=EDGE_CURVE('',#6340,#6346,#90,.T.);
#5313=EDGE_CURVE('',#6347,#6348,#538,.T.);
#5314=EDGE_CURVE('',#6347,#6346,#91,.T.);
#5315=EDGE_CURVE('',#6348,#6345,#539,.T.);
#5316=EDGE_CURVE('',#6347,#6334,#92,.T.);
#5317=EDGE_CURVE('',#6348,#6335,#540,.T.);
#5318=EDGE_CURVE('',#6349,#6349,#6895,.T.);
#5319=EDGE_CURVE('',#6350,#6350,#93,.T.);
#5320=EDGE_CURVE('',#6351,#6351,#6896,.T.);
#5321=EDGE_CURVE('',#6352,#6352,#94,.T.);
#5322=EDGE_CURVE('',#6353,#6354,#6897,.T.);
#5323=EDGE_CURVE('',#6354,#6355,#6898,.F.);
#5324=EDGE_CURVE('',#6355,#6356,#6899,.T.);
#5325=EDGE_CURVE('',#6356,#6353,#6900,.F.);
#5326=EDGE_CURVE('',#6357,#6357,#6901,.T.);
#5327=EDGE_CURVE('',#6358,#6359,#6902,.T.);
#5328=EDGE_CURVE('',#6358,#6360,#6903,.F.);
#5329=EDGE_CURVE('',#6361,#6360,#6904,.T.);
#5330=EDGE_CURVE('',#6361,#6359,#6905,.F.);
#5331=EDGE_CURVE('',#6362,#6363,#6906,.T.);
#5332=EDGE_CURVE('',#6363,#6364,#6907,.F.);
#5333=EDGE_CURVE('',#6364,#6365,#6908,.T.);
#5334=EDGE_CURVE('',#6365,#6362,#6909,.F.);
#5335=EDGE_CURVE('',#6366,#6367,#6910,.T.);
#5336=EDGE_CURVE('',#6366,#6368,#6911,.F.);
#5337=EDGE_CURVE('',#6369,#6368,#6912,.T.);
#5338=EDGE_CURVE('',#6369,#6367,#6913,.F.);
#5339=EDGE_CURVE('',#6339,#6331,#541,.T.);
#5340=EDGE_CURVE('',#6370,#6332,#542,.T.);
#5341=EDGE_CURVE('',#6371,#6370,#543,.T.);
#5342=EDGE_CURVE('',#6372,#6371,#544,.T.);
#5343=EDGE_CURVE('',#6372,#6373,#545,.T.);
#5344=EDGE_CURVE('',#6373,#6374,#546,.T.);
#5345=EDGE_CURVE('',#6374,#6375,#547,.T.);
#5346=EDGE_CURVE('',#6375,#6341,#548,.T.);
#5347=EDGE_CURVE('',#6344,#6376,#549,.T.);
#5348=EDGE_CURVE('',#6376,#6336,#550,.T.);
#5349=EDGE_CURVE('',#6343,#6377,#551,.T.);
#5350=EDGE_CURVE('',#6378,#6342,#552,.T.);
#5351=EDGE_CURVE('',#6379,#6378,#553,.T.);
#5352=EDGE_CURVE('',#6380,#6379,#554,.T.);
#5353=EDGE_CURVE('',#6381,#6380,#555,.T.);
#5354=EDGE_CURVE('',#6381,#6382,#556,.T.);
#5355=EDGE_CURVE('',#6382,#6383,#557,.T.);
#5356=EDGE_CURVE('',#6383,#6338,#558,.T.);
#5357=EDGE_CURVE('',#6377,#6337,#559,.T.);
#5358=EDGE_CURVE('',#6384,#6384,#6914,.T.);
#5359=EDGE_CURVE('',#6385,#6386,#560,.T.);
#5360=EDGE_CURVE('',#6385,#6387,#561,.T.);
#5361=EDGE_CURVE('',#6387,#6388,#562,.T.);
#5362=EDGE_CURVE('',#6388,#6389,#563,.T.);
#5363=EDGE_CURVE('',#6389,#6390,#564,.T.);
#5364=EDGE_CURVE('',#6391,#6390,#565,.T.);
#5365=EDGE_CURVE('',#6386,#6391,#566,.T.);
#5366=EDGE_CURVE('',#6392,#6393,#6915,.T.);
#5367=EDGE_CURVE('',#6393,#6394,#6916,.F.);
#5368=EDGE_CURVE('',#6394,#6395,#6917,.T.);
#5369=EDGE_CURVE('',#6395,#6392,#6918,.F.);
#5370=EDGE_CURVE('',#6396,#6397,#6919,.F.);
#5371=EDGE_CURVE('',#6396,#6398,#6920,.F.);
#5372=EDGE_CURVE('',#6399,#6398,#6921,.F.);
#5373=EDGE_CURVE('',#6399,#6397,#6922,.F.);
#5374=EDGE_CURVE('',#6400,#6401,#6923,.T.);
#5375=EDGE_CURVE('',#6401,#6402,#6924,.F.);
#5376=EDGE_CURVE('',#6402,#6403,#6925,.T.);
#5377=EDGE_CURVE('',#6403,#6400,#6926,.F.);
#5378=EDGE_CURVE('',#6404,#6404,#6927,.T.);
#5379=EDGE_CURVE('',#6405,#6405,#6928,.T.);
#5380=EDGE_CURVE('',#6406,#6407,#6929,.F.);
#5381=EDGE_CURVE('',#6406,#6408,#6930,.F.);
#5382=EDGE_CURVE('',#6409,#6408,#6931,.F.);
#5383=EDGE_CURVE('',#6409,#6407,#6932,.F.);
#5384=EDGE_CURVE('',#6382,#6371,#567,.T.);
#5385=EDGE_CURVE('',#6381,#6372,#568,.T.);
#5386=EDGE_CURVE('',#6383,#6370,#569,.T.);
#5387=EDGE_CURVE('',#6378,#6375,#570,.T.);
#5388=EDGE_CURVE('',#6379,#6374,#571,.T.);
#5389=EDGE_CURVE('',#6380,#6373,#572,.T.);
#5390=EDGE_CURVE('',#6402,#6358,#573,.T.);
#5391=EDGE_CURVE('',#6359,#6403,#574,.F.);
#5392=EDGE_CURVE('',#6360,#6401,#575,.F.);
#5393=EDGE_CURVE('',#6400,#6361,#576,.T.);
#5394=EDGE_CURVE('',#6398,#6363,#577,.T.);
#5395=EDGE_CURVE('',#6362,#6399,#578,.F.);
#5396=EDGE_CURVE('',#6364,#6396,#579,.F.);
#5397=EDGE_CURVE('',#6397,#6365,#580,.T.);
#5398=EDGE_CURVE('',#6408,#6354,#581,.T.);
#5399=EDGE_CURVE('',#6353,#6409,#582,.F.);
#5400=EDGE_CURVE('',#6355,#6406,#583,.F.);
#5401=EDGE_CURVE('',#6407,#6356,#584,.T.);
#5402=EDGE_CURVE('',#6368,#6393,#585,.F.);
#5403=EDGE_CURVE('',#6392,#6369,#586,.T.);
#5404=EDGE_CURVE('',#6394,#6366,#587,.T.);
#5405=EDGE_CURVE('',#6367,#6395,#588,.F.);
#5406=EDGE_CURVE('',#6410,#6385,#589,.T.);
#5407=EDGE_CURVE('',#6410,#6411,#590,.T.);
#5408=EDGE_CURVE('',#6411,#6387,#591,.T.);
#5409=EDGE_CURVE('',#6412,#6386,#592,.T.);
#5410=EDGE_CURVE('',#6410,#6412,#593,.T.);
#5411=EDGE_CURVE('',#6413,#6391,#594,.T.);
#5412=EDGE_CURVE('',#6412,#6413,#595,.T.);
#5413=EDGE_CURVE('',#6414,#6390,#596,.T.);
#5414=EDGE_CURVE('',#6413,#6414,#597,.T.);
#5415=EDGE_CURVE('',#6415,#6389,#598,.T.);
#5416=EDGE_CURVE('',#6415,#6414,#599,.T.);
#5417=EDGE_CURVE('',#6416,#6388,#600,.T.);
#5418=EDGE_CURVE('',#6416,#6415,#601,.T.);
#5419=EDGE_CURVE('',#6411,#6416,#602,.T.);
#5420=EDGE_CURVE('',#6376,#6377,#603,.T.);
#5421=EDGE_CURVE('',#6340,#6333,#604,.T.);
#5422=EDGE_CURVE('',#6417,#6417,#6933,.T.);
#5423=EDGE_CURVE('',#6418,#6418,#6934,.T.);
#5424=EDGE_CURVE('',#6419,#6419,#6935,.T.);
#5425=EDGE_CURVE('',#6420,#6421,#6936,.T.);
#5426=EDGE_CURVE('',#6420,#6422,#95,.T.);
#5427=EDGE_CURVE('',#6423,#6422,#605,.T.);
#5428=EDGE_CURVE('',#6424,#6423,#6937,.T.);
#5429=EDGE_CURVE('',#6424,#6425,#606,.T.);
#5430=EDGE_CURVE('',#6425,#6426,#96,.T.);
#5431=EDGE_CURVE('',#6426,#6427,#607,.T.);
#5432=EDGE_CURVE('',#6427,#6428,#6938,.T.);
#5433=EDGE_CURVE('',#6428,#6429,#608,.T.);
#5434=EDGE_CURVE('',#6430,#6429,#97,.T.);
#5435=EDGE_CURVE('',#6430,#6431,#6939,.T.);
#5436=EDGE_CURVE('',#6432,#6431,#609,.T.);
#5437=EDGE_CURVE('',#6433,#6432,#6940,.T.);
#5438=EDGE_CURVE('',#6434,#6433,#610,.T.);
#5439=EDGE_CURVE('',#6434,#6435,#6941,.T.);
#5440=EDGE_CURVE('',#6421,#6435,#611,.T.);
#5441=EDGE_CURVE('',#6436,#6436,#6942,.T.);
#5442=EDGE_CURVE('',#6437,#6437,#6943,.T.);
#5443=EDGE_CURVE('',#6438,#6438,#6944,.T.);
#5444=EDGE_CURVE('',#6439,#6439,#6945,.T.);
#5445=EDGE_CURVE('',#6440,#6440,#6946,.T.);
#5446=EDGE_CURVE('',#6441,#6441,#6947,.T.);
#5447=EDGE_CURVE('',#6442,#6442,#6948,.T.);
#5448=EDGE_CURVE('',#6443,#6444,#6949,.T.);
#5449=EDGE_CURVE('',#6420,#6443,#612,.T.);
#5450=EDGE_CURVE('',#6421,#6444,#613,.T.);
#5451=EDGE_CURVE('',#6443,#6445,#98,.T.);
#5452=EDGE_CURVE('',#6422,#6445,#614,.T.);
#5453=EDGE_CURVE('',#6446,#6445,#615,.T.);
#5454=EDGE_CURVE('',#6423,#6446,#616,.T.);
#5455=EDGE_CURVE('',#6447,#6446,#6950,.T.);
#5456=EDGE_CURVE('',#6424,#6447,#617,.T.);
#5457=EDGE_CURVE('',#6447,#6448,#618,.T.);
#5458=EDGE_CURVE('',#6425,#6448,#619,.T.);
#5459=EDGE_CURVE('',#6448,#6449,#99,.T.);
#5460=EDGE_CURVE('',#6426,#6449,#620,.T.);
#5461=EDGE_CURVE('',#6449,#6450,#621,.T.);
#5462=EDGE_CURVE('',#6427,#6450,#622,.T.);
#5463=EDGE_CURVE('',#6450,#6451,#6951,.T.);
#5464=EDGE_CURVE('',#6428,#6451,#623,.T.);
#5465=EDGE_CURVE('',#6451,#6452,#624,.T.);
#5466=EDGE_CURVE('',#6429,#6452,#625,.T.);
#5467=EDGE_CURVE('',#6453,#6452,#100,.T.);
#5468=EDGE_CURVE('',#6430,#6453,#626,.T.);
#5469=EDGE_CURVE('',#6453,#6454,#6952,.T.);
#5470=EDGE_CURVE('',#6431,#6454,#627,.T.);
#5471=EDGE_CURVE('',#6455,#6454,#628,.T.);
#5472=EDGE_CURVE('',#6432,#6455,#629,.T.);
#5473=EDGE_CURVE('',#6456,#6455,#6953,.T.);
#5474=EDGE_CURVE('',#6433,#6456,#630,.T.);
#5475=EDGE_CURVE('',#6457,#6456,#631,.T.);
#5476=EDGE_CURVE('',#6434,#6457,#632,.T.);
#5477=EDGE_CURVE('',#6457,#6458,#6954,.T.);
#5478=EDGE_CURVE('',#6435,#6458,#633,.T.);
#5479=EDGE_CURVE('',#6459,#6459,#6955,.T.);
#5480=EDGE_CURVE('',#6460,#6460,#6956,.T.);
#5481=EDGE_CURVE('',#6461,#6461,#6957,.T.);
#5482=EDGE_CURVE('',#6462,#6462,#6958,.T.);
#5483=EDGE_CURVE('',#6444,#6458,#634,.T.);
#5484=EDGE_CURVE('',#6463,#6463,#6959,.T.);
#5485=EDGE_CURVE('',#6464,#6464,#6960,.T.);
#5486=EDGE_CURVE('',#6465,#6465,#6961,.T.);
#5487=EDGE_CURVE('',#6466,#6466,#6962,.T.);
#5488=EDGE_CURVE('',#6467,#6467,#6963,.T.);
#5489=EDGE_CURVE('',#6468,#6468,#6964,.T.);
#5490=EDGE_CURVE('',#6469,#6469,#6965,.T.);
#5491=EDGE_CURVE('',#6470,#6470,#6966,.T.);
#5492=EDGE_CURVE('',#6471,#6471,#6967,.T.);
#5493=EDGE_CURVE('',#6472,#6472,#6968,.T.);
#5494=EDGE_CURVE('',#6473,#6474,#6969,.T.);
#5495=EDGE_CURVE('',#6473,#6475,#635,.T.);
#5496=EDGE_CURVE('',#6475,#6476,#6970,.T.);
#5497=EDGE_CURVE('',#6476,#6477,#636,.T.);
#5498=EDGE_CURVE('',#6478,#6477,#6971,.T.);
#5499=EDGE_CURVE('',#6479,#6478,#637,.T.);
#5500=EDGE_CURVE('',#6479,#6480,#6972,.T.);
#5501=EDGE_CURVE('',#6474,#6480,#638,.T.);
#5502=EDGE_CURVE('',#6481,#6481,#6973,.T.);
#5503=EDGE_CURVE('',#6482,#6482,#6974,.T.);
#5504=EDGE_CURVE('',#6483,#6483,#6975,.T.);
#5505=EDGE_CURVE('',#6484,#6474,#639,.T.);
#5506=EDGE_CURVE('',#6485,#6484,#6976,.T.);
#5507=EDGE_CURVE('',#6485,#6473,#640,.T.);
#5508=EDGE_CURVE('',#6486,#6480,#641,.T.);
#5509=EDGE_CURVE('',#6484,#6486,#642,.T.);
#5510=EDGE_CURVE('',#6487,#6479,#643,.T.);
#5511=EDGE_CURVE('',#6487,#6486,#6977,.T.);
#5512=EDGE_CURVE('',#6488,#6478,#644,.T.);
#5513=EDGE_CURVE('',#6487,#6488,#645,.T.);
#5514=EDGE_CURVE('',#6489,#6477,#646,.T.);
#5515=EDGE_CURVE('',#6488,#6489,#6978,.T.);
#5516=EDGE_CURVE('',#6490,#6476,#647,.T.);
#5517=EDGE_CURVE('',#6490,#6489,#648,.T.);
#5518=EDGE_CURVE('',#6491,#6475,#649,.T.);
#5519=EDGE_CURVE('',#6491,#6490,#6979,.T.);
#5520=EDGE_CURVE('',#6492,#6492,#6980,.T.);
#5521=EDGE_CURVE('',#6493,#6493,#6981,.T.);
#5522=EDGE_CURVE('',#6494,#6494,#6982,.T.);
#5523=EDGE_CURVE('',#6495,#6495,#6983,.T.);
#5524=EDGE_CURVE('',#6485,#6491,#650,.T.);
#5525=EDGE_CURVE('',#6496,#6496,#6984,.T.);
#5526=EDGE_CURVE('',#6497,#6497,#6985,.T.);
#5527=EDGE_CURVE('',#6498,#6499,#651,.T.);
#5528=EDGE_CURVE('',#6500,#6498,#652,.T.);
#5529=EDGE_CURVE('',#6500,#6501,#653,.T.);
#5530=EDGE_CURVE('',#6501,#6499,#654,.T.);
#5531=EDGE_CURVE('',#6498,#6502,#655,.T.);
#5532=EDGE_CURVE('',#6503,#6502,#656,.T.);
#5533=EDGE_CURVE('',#6500,#6503,#657,.T.);
#5534=EDGE_CURVE('',#6502,#6504,#658,.T.);
#5535=EDGE_CURVE('',#6505,#6504,#659,.T.);
#5536=EDGE_CURVE('',#6503,#6505,#660,.T.);
#5537=EDGE_CURVE('',#6499,#6504,#661,.T.);
#5538=EDGE_CURVE('',#6501,#6505,#662,.T.);
#5539=EDGE_CURVE('',#6506,#6506,#6986,.F.);
#5540=EDGE_CURVE('',#6507,#6508,#663,.T.);
#5541=EDGE_CURVE('',#6509,#6507,#664,.T.);
#5542=EDGE_CURVE('',#6509,#6510,#665,.T.);
#5543=EDGE_CURVE('',#6510,#6508,#666,.T.);
#5544=EDGE_CURVE('',#6507,#6511,#667,.T.);
#5545=EDGE_CURVE('',#6512,#6511,#668,.T.);
#5546=EDGE_CURVE('',#6509,#6512,#669,.T.);
#5547=EDGE_CURVE('',#6511,#6513,#670,.T.);
#5548=EDGE_CURVE('',#6514,#6513,#671,.T.);
#5549=EDGE_CURVE('',#6512,#6514,#672,.T.);
#5550=EDGE_CURVE('',#6508,#6513,#673,.T.);
#5551=EDGE_CURVE('',#6510,#6514,#674,.T.);
#5552=EDGE_CURVE('',#6515,#6515,#6987,.F.);
#5553=EDGE_CURVE('',#6516,#6516,#6988,.T.);
#5554=EDGE_CURVE('',#6517,#6517,#6989,.T.);
#5555=EDGE_CURVE('',#6518,#6519,#675,.T.);
#5556=EDGE_CURVE('',#6520,#6518,#676,.T.);
#5557=EDGE_CURVE('',#6520,#6521,#677,.T.);
#5558=EDGE_CURVE('',#6521,#6522,#678,.T.);
#5559=EDGE_CURVE('',#6523,#6522,#679,.T.);
#5560=EDGE_CURVE('',#6524,#6523,#680,.T.);
#5561=EDGE_CURVE('',#6524,#6525,#681,.T.);
#5562=EDGE_CURVE('',#6525,#6526,#682,.T.);
#5563=EDGE_CURVE('',#6526,#6527,#683,.T.);
#5564=EDGE_CURVE('',#6527,#6528,#684,.T.);
#5565=EDGE_CURVE('',#6529,#6528,#685,.T.);
#5566=EDGE_CURVE('',#6529,#6530,#686,.T.);
#5567=EDGE_CURVE('',#6531,#6530,#687,.T.);
#5568=EDGE_CURVE('',#6531,#6532,#688,.T.);
#5569=EDGE_CURVE('',#6532,#6533,#689,.T.);
#5570=EDGE_CURVE('',#6534,#6533,#690,.T.);
#5571=EDGE_CURVE('',#6535,#6534,#691,.T.);
#5572=EDGE_CURVE('',#6536,#6535,#692,.T.);
#5573=EDGE_CURVE('',#6536,#6537,#693,.T.);
#5574=EDGE_CURVE('',#6519,#6537,#694,.T.);
#5575=EDGE_CURVE('',#6538,#6538,#6990,.T.);
#5576=EDGE_CURVE('',#6539,#6539,#6991,.T.);
#5577=EDGE_CURVE('',#6540,#6540,#6992,.T.);
#5578=EDGE_CURVE('',#6541,#6541,#6993,.T.);
#5579=EDGE_CURVE('',#6542,#6542,#6994,.T.);
#5580=EDGE_CURVE('',#6543,#6543,#6995,.T.);
#5581=EDGE_CURVE('',#6544,#6544,#6996,.T.);
#5582=EDGE_CURVE('',#6545,#6545,#6997,.T.);
#5583=EDGE_CURVE('',#6546,#6546,#6998,.T.);
#5584=EDGE_CURVE('',#6547,#6547,#6999,.T.);
#5585=EDGE_CURVE('',#6548,#6548,#7000,.T.);
#5586=EDGE_CURVE('',#6549,#6549,#7001,.T.);
#5587=EDGE_CURVE('',#6550,#6550,#7002,.T.);
#5588=EDGE_CURVE('',#6551,#6552,#695,.T.);
#5589=EDGE_CURVE('',#6552,#6553,#696,.T.);
#5590=EDGE_CURVE('',#6554,#6553,#697,.T.);
#5591=EDGE_CURVE('',#6554,#6555,#698,.T.);
#5592=EDGE_CURVE('',#6555,#6556,#699,.T.);
#5593=EDGE_CURVE('',#6556,#6557,#700,.T.);
#5594=EDGE_CURVE('',#6558,#6557,#701,.T.);
#5595=EDGE_CURVE('',#6559,#6558,#702,.T.);
#5596=EDGE_CURVE('',#6559,#6560,#703,.T.);
#5597=EDGE_CURVE('',#6561,#6560,#704,.T.);
#5598=EDGE_CURVE('',#6561,#6562,#705,.T.);
#5599=EDGE_CURVE('',#6563,#6562,#706,.T.);
#5600=EDGE_CURVE('',#6564,#6563,#707,.T.);
#5601=EDGE_CURVE('',#6565,#6564,#708,.T.);
#5602=EDGE_CURVE('',#6566,#6565,#709,.T.);
#5603=EDGE_CURVE('',#6566,#6567,#710,.T.);
#5604=EDGE_CURVE('',#6567,#6568,#711,.T.);
#5605=EDGE_CURVE('',#6569,#6568,#712,.T.);
#5606=EDGE_CURVE('',#6570,#6569,#713,.T.);
#5607=EDGE_CURVE('',#6570,#6551,#714,.T.);
#5608=EDGE_CURVE('',#6571,#6571,#7003,.T.);
#5609=EDGE_CURVE('',#6572,#6572,#7004,.T.);
#5610=EDGE_CURVE('',#6573,#6573,#7005,.T.);
#5611=EDGE_CURVE('',#6574,#6574,#7006,.T.);
#5612=EDGE_CURVE('',#6575,#6575,#7007,.T.);
#5613=EDGE_CURVE('',#6576,#6576,#7008,.T.);
#5614=EDGE_CURVE('',#6577,#6577,#7009,.T.);
#5615=EDGE_CURVE('',#6578,#6578,#7010,.T.);
#5616=EDGE_CURVE('',#6579,#6579,#7011,.F.);
#5617=EDGE_CURVE('',#6580,#6580,#7012,.F.);
#5618=EDGE_CURVE('',#6518,#6551,#715,.T.);
#5619=EDGE_CURVE('',#6519,#6552,#716,.T.);
#5620=EDGE_CURVE('',#6520,#6570,#717,.T.);
#5621=EDGE_CURVE('',#6521,#6569,#718,.T.);
#5622=EDGE_CURVE('',#6522,#6568,#719,.T.);
#5623=EDGE_CURVE('',#6523,#6567,#720,.T.);
#5624=EDGE_CURVE('',#6524,#6566,#721,.T.);
#5625=EDGE_CURVE('',#6525,#6565,#722,.T.);
#5626=EDGE_CURVE('',#6526,#6564,#723,.T.);
#5627=EDGE_CURVE('',#6527,#6563,#724,.T.);
#5628=EDGE_CURVE('',#6528,#6562,#725,.T.);
#5629=EDGE_CURVE('',#6529,#6561,#726,.T.);
#5630=EDGE_CURVE('',#6530,#6560,#727,.T.);
#5631=EDGE_CURVE('',#6531,#6559,#728,.T.);
#5632=EDGE_CURVE('',#6532,#6558,#729,.T.);
#5633=EDGE_CURVE('',#6533,#6557,#730,.T.);
#5634=EDGE_CURVE('',#6534,#6556,#731,.T.);
#5635=EDGE_CURVE('',#6535,#6555,#732,.T.);
#5636=EDGE_CURVE('',#6536,#6554,#733,.T.);
#5637=EDGE_CURVE('',#6537,#6553,#734,.T.);
#5638=EDGE_CURVE('',#6581,#6582,#1719,.T.);
#5639=EDGE_CURVE('',#6583,#6582,#735,.T.);
#5640=EDGE_CURVE('',#6583,#6584,#1720,.T.);
#5641=EDGE_CURVE('',#6585,#6584,#736,.F.);
#5642=EDGE_CURVE('',#6585,#6586,#1721,.T.);
#5643=EDGE_CURVE('',#6586,#6587,#1722,.T.);
#5644=EDGE_CURVE('',#6588,#6587,#737,.T.);
#5645=EDGE_CURVE('',#6588,#6581,#1723,.T.);
#5646=EDGE_CURVE('',#6589,#6589,#7013,.T.);
#5647=EDGE_CURVE('',#6590,#6590,#7014,.T.);
#5648=EDGE_CURVE('',#6591,#6591,#7015,.T.);
#5649=EDGE_CURVE('',#6592,#6593,#738,.F.);
#5650=EDGE_CURVE('',#6594,#6593,#1724,.T.);
#5651=EDGE_CURVE('',#6595,#6594,#1725,.T.);
#5652=EDGE_CURVE('',#6596,#6595,#1726,.T.);
#5653=EDGE_CURVE('',#6597,#6596,#1727,.T.);
#5654=EDGE_CURVE('',#6598,#6597,#1728,.T.);
#5655=EDGE_CURVE('',#6599,#6598,#1729,.T.);
#5656=EDGE_CURVE('',#6600,#6599,#1730,.T.);
#5657=EDGE_CURVE('',#6601,#6600,#1731,.T.);
#5658=EDGE_CURVE('',#6602,#6601,#1732,.T.);
#5659=EDGE_CURVE('',#6602,#6603,#739,.T.);
#5660=EDGE_CURVE('',#6604,#6603,#1733,.T.);
#5661=EDGE_CURVE('',#6605,#6604,#1734,.T.);
#5662=EDGE_CURVE('',#6605,#6606,#740,.T.);
#5663=EDGE_CURVE('',#6607,#6606,#1735,.T.);
#5664=EDGE_CURVE('',#6592,#6607,#1736,.T.);
#5665=EDGE_CURVE('',#6608,#6609,#1737,.T.);
#5666=EDGE_CURVE('',#6610,#6609,#741,.F.);
#5667=EDGE_CURVE('',#6610,#6611,#1738,.T.);
#5668=EDGE_CURVE('',#6612,#6611,#742,.T.);
#5669=EDGE_CURVE('',#6612,#6613,#1739,.T.);
#5670=EDGE_CURVE('',#6613,#6614,#1740,.T.);
#5671=EDGE_CURVE('',#6615,#6614,#743,.F.);
#5672=EDGE_CURVE('',#6615,#6608,#1741,.T.);
#5673=EDGE_CURVE('',#6616,#6616,#7016,.T.);
#5674=EDGE_CURVE('',#6599,#6617,#744,.T.);
#5675=EDGE_CURVE('',#6617,#6600,#745,.T.);
#5676=EDGE_CURVE('',#6617,#6601,#746,.T.);
#5677=EDGE_CURVE('',#6617,#6598,#747,.T.);
#5678=EDGE_CURVE('',#6617,#6597,#748,.T.);
#5679=EDGE_CURVE('',#6618,#6606,#749,.T.);
#5680=EDGE_CURVE('',#6619,#6618,#750,.T.);
#5681=EDGE_CURVE('',#6607,#6619,#751,.T.);
#5682=EDGE_CURVE('',#6620,#6618,#752,.T.);
#5683=EDGE_CURVE('',#6619,#6620,#753,.T.);
#5684=EDGE_CURVE('',#6619,#6621,#754,.T.);
#5685=EDGE_CURVE('',#6621,#6592,#755,.T.);
#5686=EDGE_CURVE('',#6619,#6622,#756,.T.);
#5687=EDGE_CURVE('',#6622,#6621,#757,.T.);
#5688=EDGE_CURVE('',#6623,#6595,#758,.T.);
#5689=EDGE_CURVE('',#6624,#6623,#101,.T.);
#5690=EDGE_CURVE('',#6624,#6625,#102,.T.);
#5691=EDGE_CURVE('',#6626,#6625,#759,.T.);
#5692=EDGE_CURVE('',#6626,#6627,#760,.T.);
#5693=EDGE_CURVE('',#6596,#6627,#761,.T.);
#5694=EDGE_CURVE('',#6628,#6594,#762,.T.);
#5695=EDGE_CURVE('',#6623,#6628,#103,.T.);
#5696=EDGE_CURVE('',#6593,#6622,#763,.T.);
#5697=EDGE_CURVE('',#6629,#6619,#764,.T.);
#5698=EDGE_CURVE('',#6630,#6629,#765,.T.);
#5699=EDGE_CURVE('',#6630,#6631,#104,.T.);
#5700=EDGE_CURVE('',#6628,#6631,#105,.T.);
#5701=EDGE_CURVE('',#6629,#6626,#766,.T.);
#5702=EDGE_CURVE('',#6627,#6619,#767,.T.);
#5703=EDGE_CURVE('',#6630,#6625,#768,.T.);
#5704=EDGE_CURVE('',#6631,#6624,#769,.T.);
#5705=EDGE_CURVE('',#6632,#6617,#770,.T.);
#5706=EDGE_CURVE('',#6633,#6632,#106,.T.);
#5707=EDGE_CURVE('',#6633,#6634,#107,.T.);
#5708=EDGE_CURVE('',#6635,#6634,#771,.T.);
#5709=EDGE_CURVE('',#6635,#6636,#772,.T.);
#5710=EDGE_CURVE('',#6602,#6636,#773,.T.);
#5711=EDGE_CURVE('',#6637,#6638,#774,.T.);
#5712=EDGE_CURVE('',#6632,#6637,#108,.T.);
#5713=EDGE_CURVE('',#6638,#6617,#775,.T.);
#5714=EDGE_CURVE('',#6639,#6603,#776,.T.);
#5715=EDGE_CURVE('',#6640,#6639,#777,.T.);
#5716=EDGE_CURVE('',#6641,#6640,#778,.T.);
#5717=EDGE_CURVE('',#6641,#6642,#109,.T.);
#5718=EDGE_CURVE('',#6637,#6642,#110,.T.);
#5719=EDGE_CURVE('',#6604,#6638,#779,.T.);
#5720=EDGE_CURVE('',#6640,#6635,#780,.T.);
#5721=EDGE_CURVE('',#6636,#6639,#781,.T.);
#5722=EDGE_CURVE('',#6641,#6634,#782,.T.);
#5723=EDGE_CURVE('',#6642,#6633,#783,.T.);
#5724=EDGE_CURVE('',#6643,#6644,#784,.T.);
#5725=EDGE_CURVE('',#6643,#6645,#785,.T.);
#5726=EDGE_CURVE('',#6646,#6645,#786,.T.);
#5727=EDGE_CURVE('',#6644,#6646,#787,.T.);
#5728=EDGE_CURVE('',#6647,#6648,#111,.T.);
#5729=EDGE_CURVE('',#6649,#6647,#112,.T.);
#5730=EDGE_CURVE('',#6650,#6649,#788,.T.);
#5731=EDGE_CURVE('',#6648,#6650,#113,.T.);
#5732=EDGE_CURVE('',#6643,#6650,#114,.T.);
#5733=EDGE_CURVE('',#6649,#6645,#115,.T.);
#5734=EDGE_CURVE('',#6644,#6619,#789,.T.);
#5735=EDGE_CURVE('',#6646,#6627,#790,.T.);
#5736=EDGE_CURVE('',#6647,#6617,#791,.T.);
#5737=EDGE_CURVE('',#6648,#6638,#792,.T.);
#5738=EDGE_CURVE('',#6605,#6620,#793,.T.);
#5739=EDGE_CURVE('',#6614,#6651,#794,.T.);
#5740=EDGE_CURVE('',#6651,#6615,#795,.T.);
#5741=EDGE_CURVE('',#6612,#6651,#796,.T.);
#5742=EDGE_CURVE('',#6651,#6613,#797,.T.);
#5743=EDGE_CURVE('',#6651,#6611,#798,.T.);
#5744=EDGE_CURVE('',#6651,#6608,#799,.T.);
#5745=EDGE_CURVE('',#6609,#6651,#800,.T.);
#5746=EDGE_CURVE('',#6610,#6651,#801,.T.);
#5747=EDGE_CURVE('',#6652,#6588,#802,.T.);
#5748=EDGE_CURVE('',#6652,#6581,#803,.T.);
#5749=EDGE_CURVE('',#6582,#6652,#804,.T.);
#5750=EDGE_CURVE('',#6652,#6583,#805,.T.);
#5751=EDGE_CURVE('',#6652,#6584,#806,.T.);
#5752=EDGE_CURVE('',#6585,#6652,#807,.T.);
#5753=EDGE_CURVE('',#6652,#6586,#808,.T.);
#5754=EDGE_CURVE('',#6587,#6652,#809,.T.);
#5755=EDGE_CURVE('',#6653,#6654,#810,.T.);
#5756=EDGE_CURVE('',#6654,#6655,#811,.T.);
#5757=EDGE_CURVE('',#6656,#6655,#812,.T.);
#5758=EDGE_CURVE('',#6656,#6653,#813,.F.);
#5759=EDGE_CURVE('',#6657,#6658,#814,.T.);
#5760=EDGE_CURVE('',#6657,#6659,#815,.T.);
#5761=EDGE_CURVE('',#6659,#6660,#816,.T.);
#5762=EDGE_CURVE('',#6660,#6658,#817,.F.);
#5763=EDGE_CURVE('',#6661,#6662,#818,.T.);
#5764=EDGE_CURVE('',#6662,#6663,#819,.F.);
#5765=EDGE_CURVE('',#6664,#6663,#820,.T.);
#5766=EDGE_CURVE('',#6664,#6661,#821,.T.);
#5767=EDGE_CURVE('',#6665,#6666,#822,.T.);
#5768=EDGE_CURVE('',#6665,#6667,#823,.F.);
#5769=EDGE_CURVE('',#6667,#6668,#824,.T.);
#5770=EDGE_CURVE('',#6668,#6666,#825,.T.);
#5771=EDGE_CURVE('',#6667,#6654,#7017,.T.);
#5772=EDGE_CURVE('',#6653,#6657,#7018,.T.);
#5773=EDGE_CURVE('',#6658,#6664,#7019,.T.);
#5774=EDGE_CURVE('',#6663,#6668,#7020,.T.);
#5775=EDGE_CURVE('',#6655,#6665,#7021,.F.);
#5776=EDGE_CURVE('',#6666,#6660,#826,.F.);
#5777=EDGE_CURVE('',#6659,#6656,#7022,.F.);
#5778=EDGE_CURVE('',#6661,#6660,#1742,.T.);
#5779=EDGE_CURVE('',#6662,#6666,#1743,.T.);
#5780=EDGE_CURVE('',#6669,#6670,#1744,.T.);
#5781=EDGE_CURVE('',#6671,#6670,#827,.T.);
#5782=EDGE_CURVE('',#6671,#6672,#1745,.T.);
#5783=EDGE_CURVE('',#6673,#6672,#828,.F.);
#5784=EDGE_CURVE('',#6673,#6674,#1746,.T.);
#5785=EDGE_CURVE('',#6674,#6675,#1747,.T.);
#5786=EDGE_CURVE('',#6676,#6675,#829,.T.);
#5787=EDGE_CURVE('',#6676,#6669,#1748,.T.);
#5788=EDGE_CURVE('',#6677,#6677,#7023,.T.);
#5789=EDGE_CURVE('',#6678,#6678,#7024,.T.);
#5790=EDGE_CURVE('',#6679,#6679,#7025,.T.);
#5791=EDGE_CURVE('',#6680,#6681,#830,.F.);
#5792=EDGE_CURVE('',#6682,#6681,#1749,.T.);
#5793=EDGE_CURVE('',#6683,#6682,#1750,.T.);
#5794=EDGE_CURVE('',#6684,#6683,#1751,.T.);
#5795=EDGE_CURVE('',#6685,#6684,#1752,.T.);
#5796=EDGE_CURVE('',#6686,#6685,#1753,.T.);
#5797=EDGE_CURVE('',#6687,#6686,#1754,.T.);
#5798=EDGE_CURVE('',#6688,#6687,#1755,.T.);
#5799=EDGE_CURVE('',#6689,#6688,#1756,.T.);
#5800=EDGE_CURVE('',#6690,#6689,#1757,.T.);
#5801=EDGE_CURVE('',#6690,#6691,#831,.T.);
#5802=EDGE_CURVE('',#6692,#6691,#1758,.T.);
#5803=EDGE_CURVE('',#6693,#6692,#1759,.T.);
#5804=EDGE_CURVE('',#6693,#6694,#832,.T.);
#5805=EDGE_CURVE('',#6695,#6694,#1760,.T.);
#5806=EDGE_CURVE('',#6680,#6695,#1761,.T.);
#5807=EDGE_CURVE('',#6696,#6697,#1762,.T.);
#5808=EDGE_CURVE('',#6698,#6697,#833,.F.);
#5809=EDGE_CURVE('',#6698,#6699,#1763,.T.);
#5810=EDGE_CURVE('',#6700,#6699,#834,.T.);
#5811=EDGE_CURVE('',#6700,#6701,#1764,.T.);
#5812=EDGE_CURVE('',#6701,#6702,#1765,.T.);
#5813=EDGE_CURVE('',#6703,#6702,#835,.F.);
#5814=EDGE_CURVE('',#6703,#6696,#1766,.T.);
#5815=EDGE_CURVE('',#6704,#6704,#7026,.T.);
#5816=EDGE_CURVE('',#6687,#6705,#836,.T.);
#5817=EDGE_CURVE('',#6705,#6688,#837,.T.);
#5818=EDGE_CURVE('',#6705,#6689,#838,.T.);
#5819=EDGE_CURVE('',#6705,#6686,#839,.T.);
#5820=EDGE_CURVE('',#6705,#6685,#840,.T.);
#5821=EDGE_CURVE('',#6706,#6694,#841,.T.);
#5822=EDGE_CURVE('',#6707,#6706,#842,.T.);
#5823=EDGE_CURVE('',#6695,#6707,#843,.T.);
#5824=EDGE_CURVE('',#6708,#6706,#844,.T.);
#5825=EDGE_CURVE('',#6707,#6708,#845,.T.);
#5826=EDGE_CURVE('',#6707,#6709,#846,.T.);
#5827=EDGE_CURVE('',#6709,#6680,#847,.T.);
#5828=EDGE_CURVE('',#6707,#6710,#848,.T.);
#5829=EDGE_CURVE('',#6710,#6709,#849,.T.);
#5830=EDGE_CURVE('',#6711,#6683,#850,.T.);
#5831=EDGE_CURVE('',#6712,#6711,#116,.T.);
#5832=EDGE_CURVE('',#6712,#6713,#117,.T.);
#5833=EDGE_CURVE('',#6714,#6713,#851,.T.);
#5834=EDGE_CURVE('',#6714,#6715,#852,.T.);
#5835=EDGE_CURVE('',#6684,#6715,#853,.T.);
#5836=EDGE_CURVE('',#6716,#6682,#854,.T.);
#5837=EDGE_CURVE('',#6711,#6716,#118,.T.);
#5838=EDGE_CURVE('',#6681,#6710,#855,.T.);
#5839=EDGE_CURVE('',#6717,#6707,#856,.T.);
#5840=EDGE_CURVE('',#6718,#6717,#857,.T.);
#5841=EDGE_CURVE('',#6718,#6719,#119,.T.);
#5842=EDGE_CURVE('',#6716,#6719,#120,.T.);
#5843=EDGE_CURVE('',#6717,#6714,#858,.T.);
#5844=EDGE_CURVE('',#6715,#6707,#859,.T.);
#5845=EDGE_CURVE('',#6718,#6713,#860,.T.);
#5846=EDGE_CURVE('',#6719,#6712,#861,.T.);
#5847=EDGE_CURVE('',#6720,#6705,#862,.T.);
#5848=EDGE_CURVE('',#6721,#6720,#121,.T.);
#5849=EDGE_CURVE('',#6721,#6722,#122,.T.);
#5850=EDGE_CURVE('',#6723,#6722,#863,.T.);
#5851=EDGE_CURVE('',#6723,#6724,#864,.T.);
#5852=EDGE_CURVE('',#6690,#6724,#865,.T.);
#5853=EDGE_CURVE('',#6725,#6726,#866,.T.);
#5854=EDGE_CURVE('',#6720,#6725,#123,.T.);
#5855=EDGE_CURVE('',#6726,#6705,#867,.T.);
#5856=EDGE_CURVE('',#6727,#6691,#868,.T.);
#5857=EDGE_CURVE('',#6728,#6727,#869,.T.);
#5858=EDGE_CURVE('',#6729,#6728,#870,.T.);
#5859=EDGE_CURVE('',#6729,#6730,#124,.T.);
#5860=EDGE_CURVE('',#6725,#6730,#125,.T.);
#5861=EDGE_CURVE('',#6692,#6726,#871,.T.);
#5862=EDGE_CURVE('',#6728,#6723,#872,.T.);
#5863=EDGE_CURVE('',#6724,#6727,#873,.T.);
#5864=EDGE_CURVE('',#6729,#6722,#874,.T.);
#5865=EDGE_CURVE('',#6730,#6721,#875,.T.);
#5866=EDGE_CURVE('',#6731,#6732,#876,.T.);
#5867=EDGE_CURVE('',#6731,#6733,#877,.T.);
#5868=EDGE_CURVE('',#6734,#6733,#878,.T.);
#5869=EDGE_CURVE('',#6732,#6734,#879,.T.);
#5870=EDGE_CURVE('',#6735,#6736,#126,.T.);
#5871=EDGE_CURVE('',#6737,#6735,#127,.T.);
#5872=EDGE_CURVE('',#6738,#6737,#880,.T.);
#5873=EDGE_CURVE('',#6736,#6738,#128,.T.);
#5874=EDGE_CURVE('',#6731,#6738,#129,.T.);
#5875=EDGE_CURVE('',#6737,#6733,#130,.T.);
#5876=EDGE_CURVE('',#6732,#6707,#881,.T.);
#5877=EDGE_CURVE('',#6734,#6715,#882,.T.);
#5878=EDGE_CURVE('',#6735,#6705,#883,.T.);
#5879=EDGE_CURVE('',#6736,#6726,#884,.T.);
#5880=EDGE_CURVE('',#6693,#6708,#885,.T.);
#5881=EDGE_CURVE('',#6702,#6739,#886,.T.);
#5882=EDGE_CURVE('',#6739,#6703,#887,.T.);
#5883=EDGE_CURVE('',#6700,#6739,#888,.T.);
#5884=EDGE_CURVE('',#6739,#6701,#889,.T.);
#5885=EDGE_CURVE('',#6739,#6699,#890,.T.);
#5886=EDGE_CURVE('',#6739,#6696,#891,.T.);
#5887=EDGE_CURVE('',#6697,#6739,#892,.T.);
#5888=EDGE_CURVE('',#6698,#6739,#893,.T.);
#5889=EDGE_CURVE('',#6740,#6676,#894,.T.);
#5890=EDGE_CURVE('',#6740,#6669,#895,.T.);
#5891=EDGE_CURVE('',#6670,#6740,#896,.T.);
#5892=EDGE_CURVE('',#6740,#6671,#897,.T.);
#5893=EDGE_CURVE('',#6740,#6672,#898,.T.);
#5894=EDGE_CURVE('',#6673,#6740,#899,.T.);
#5895=EDGE_CURVE('',#6740,#6674,#900,.T.);
#5896=EDGE_CURVE('',#6675,#6740,#901,.T.);
#5897=VERTEX_POINT('',#12931);
#5898=VERTEX_POINT('',#12933);
#5899=VERTEX_POINT('',#12936);
#5900=VERTEX_POINT('',#12938);
#5901=VERTEX_POINT('',#12941);
#5902=VERTEX_POINT('',#12946);
#5903=VERTEX_POINT('',#12949);
#5904=VERTEX_POINT('',#12952);
#5905=VERTEX_POINT('',#12957);
#5906=VERTEX_POINT('',#12958);
#5907=VERTEX_POINT('',#12960);
#5908=VERTEX_POINT('',#12962);
#5909=VERTEX_POINT('',#12964);
#5910=VERTEX_POINT('',#12966);
#5911=VERTEX_POINT('',#12968);
#5912=VERTEX_POINT('',#12970);
#5913=VERTEX_POINT('',#12973);
#5914=VERTEX_POINT('',#12976);
#5915=VERTEX_POINT('',#12978);
#5916=VERTEX_POINT('',#12980);
#5917=VERTEX_POINT('',#12981);
#5918=VERTEX_POINT('',#12983);
#5919=VERTEX_POINT('',#12985);
#5920=VERTEX_POINT('',#12987);
#5921=VERTEX_POINT('',#12989);
#5922=VERTEX_POINT('',#12991);
#5923=VERTEX_POINT('',#12993);
#5924=VERTEX_POINT('',#12995);
#5925=VERTEX_POINT('',#12997);
#5926=VERTEX_POINT('',#12999);
#5927=VERTEX_POINT('',#13001);
#5928=VERTEX_POINT('',#13003);
#5929=VERTEX_POINT('',#13005);
#5930=VERTEX_POINT('',#13007);
#5931=VERTEX_POINT('',#13009);
#5932=VERTEX_POINT('',#13013);
#5933=VERTEX_POINT('',#13014);
#5934=VERTEX_POINT('',#13016);
#5935=VERTEX_POINT('',#13018);
#5936=VERTEX_POINT('',#13020);
#5937=VERTEX_POINT('',#13022);
#5938=VERTEX_POINT('',#13024);
#5939=VERTEX_POINT('',#13026);
#5940=VERTEX_POINT('',#13029);
#5941=VERTEX_POINT('',#13034);
#5942=VERTEX_POINT('',#13044);
#5943=VERTEX_POINT('',#13046);
#5944=VERTEX_POINT('',#13050);
#5945=VERTEX_POINT('',#13054);
#5946=VERTEX_POINT('',#13058);
#5947=VERTEX_POINT('',#13062);
#5948=VERTEX_POINT('',#13064);
#5949=VERTEX_POINT('',#13066);
#5950=VERTEX_POINT('',#13071);
#5951=VERTEX_POINT('',#13076);
#5952=VERTEX_POINT('',#13084);
#5953=VERTEX_POINT('',#13091);
#5954=VERTEX_POINT('',#13097);
#5955=VERTEX_POINT('',#13099);
#5956=VERTEX_POINT('',#13126);
#5957=VERTEX_POINT('',#13128);
#5958=VERTEX_POINT('',#13130);
#5959=VERTEX_POINT('',#13135);
#5960=VERTEX_POINT('',#13140);
#5961=VERTEX_POINT('',#13144);
#5962=VERTEX_POINT('',#13145);
#5963=VERTEX_POINT('',#13158);
#5964=VERTEX_POINT('',#13164);
#5965=VERTEX_POINT('',#13166);
#5966=VERTEX_POINT('',#13168);
#5967=VERTEX_POINT('',#13194);
#5968=VERTEX_POINT('',#13195);
#5969=VERTEX_POINT('',#13197);
#5970=VERTEX_POINT('',#13199);
#5971=VERTEX_POINT('',#13214);
#5972=VERTEX_POINT('',#13215);
#5973=VERTEX_POINT('',#13220);
#5974=VERTEX_POINT('',#13222);
#5975=VERTEX_POINT('',#13258);
#5976=VERTEX_POINT('',#13275);
#5977=VERTEX_POINT('',#13293);
#5978=VERTEX_POINT('',#13294);
#5979=VERTEX_POINT('',#13296);
#5980=VERTEX_POINT('',#13298);
#5981=VERTEX_POINT('',#13300);
#5982=VERTEX_POINT('',#13302);
#5983=VERTEX_POINT('',#13304);
#5984=VERTEX_POINT('',#13309);
#5985=VERTEX_POINT('',#13313);
#5986=VERTEX_POINT('',#13314);
#5987=VERTEX_POINT('',#13319);
#5988=VERTEX_POINT('',#13321);
#5989=VERTEX_POINT('',#13323);
#5990=VERTEX_POINT('',#13325);
#5991=VERTEX_POINT('',#13327);
#5992=VERTEX_POINT('',#13329);
#5993=VERTEX_POINT('',#13333);
#5994=VERTEX_POINT('',#13334);
#5995=VERTEX_POINT('',#13348);
#5996=VERTEX_POINT('',#13360);
#5997=VERTEX_POINT('',#13363);
#5998=VERTEX_POINT('',#13375);
#5999=VERTEX_POINT('',#13378);
#6000=VERTEX_POINT('',#13379);
#6001=VERTEX_POINT('',#13381);
#6002=VERTEX_POINT('',#13383);
#6003=VERTEX_POINT('',#13386);
#6004=VERTEX_POINT('',#13388);
#6005=VERTEX_POINT('',#13389);
#6006=VERTEX_POINT('',#13391);
#6007=VERTEX_POINT('',#13393);
#6008=VERTEX_POINT('',#13396);
#6009=VERTEX_POINT('',#13397);
#6010=VERTEX_POINT('',#13399);
#6011=VERTEX_POINT('',#13401);
#6012=VERTEX_POINT('',#13404);
#6013=VERTEX_POINT('',#13405);
#6014=VERTEX_POINT('',#13407);
#6015=VERTEX_POINT('',#13409);
#6016=VERTEX_POINT('',#13412);
#6017=VERTEX_POINT('',#13414);
#6018=VERTEX_POINT('',#13416);
#6019=VERTEX_POINT('',#13418);
#6020=VERTEX_POINT('',#13420);
#6021=VERTEX_POINT('',#13422);
#6022=VERTEX_POINT('',#13427);
#6023=VERTEX_POINT('',#13431);
#6024=VERTEX_POINT('',#13434);
#6025=VERTEX_POINT('',#13436);
#6026=VERTEX_POINT('',#13438);
#6027=VERTEX_POINT('',#13440);
#6028=VERTEX_POINT('',#13442);
#6029=VERTEX_POINT('',#13444);
#6030=VERTEX_POINT('',#13447);
#6031=VERTEX_POINT('',#13449);
#6032=VERTEX_POINT('',#13450);
#6033=VERTEX_POINT('',#13452);
#6034=VERTEX_POINT('',#13454);
#6035=VERTEX_POINT('',#13456);
#6036=VERTEX_POINT('',#13458);
#6037=VERTEX_POINT('',#13460);
#6038=VERTEX_POINT('',#13464);
#6039=VERTEX_POINT('',#13465);
#6040=VERTEX_POINT('',#13467);
#6041=VERTEX_POINT('',#13469);
#6042=VERTEX_POINT('',#13472);
#6043=VERTEX_POINT('',#13473);
#6044=VERTEX_POINT('',#13475);
#6045=VERTEX_POINT('',#13477);
#6046=VERTEX_POINT('',#13480);
#6047=VERTEX_POINT('',#13481);
#6048=VERTEX_POINT('',#13483);
#6049=VERTEX_POINT('',#13485);
#6050=VERTEX_POINT('',#13488);
#6051=VERTEX_POINT('',#13490);
#6052=VERTEX_POINT('',#13492);
#6053=VERTEX_POINT('',#13493);
#6054=VERTEX_POINT('',#13495);
#6055=VERTEX_POINT('',#13497);
#6056=VERTEX_POINT('',#13548);
#6057=VERTEX_POINT('',#13550);
#6058=VERTEX_POINT('',#13554);
#6059=VERTEX_POINT('',#13558);
#6060=VERTEX_POINT('',#13562);
#6061=VERTEX_POINT('',#13566);
#6062=VERTEX_POINT('',#13570);
#6063=VERTEX_POINT('',#13591);
#6064=VERTEX_POINT('',#13592);
#6065=VERTEX_POINT('',#13594);
#6066=VERTEX_POINT('',#13599);
#6067=VERTEX_POINT('',#13601);
#6068=VERTEX_POINT('',#13603);
#6069=VERTEX_POINT('',#13605);
#6070=VERTEX_POINT('',#13607);
#6071=VERTEX_POINT('',#13611);
#6072=VERTEX_POINT('',#13612);
#6073=VERTEX_POINT('',#13614);
#6074=VERTEX_POINT('',#13616);
#6075=VERTEX_POINT('',#13618);
#6076=VERTEX_POINT('',#13620);
#6077=VERTEX_POINT('',#13622);
#6078=VERTEX_POINT('',#13624);
#6079=VERTEX_POINT('',#13631);
#6080=VERTEX_POINT('',#13632);
#6081=VERTEX_POINT('',#13646);
#6082=VERTEX_POINT('',#13658);
#6083=VERTEX_POINT('',#13661);
#6084=VERTEX_POINT('',#13673);
#6085=VERTEX_POINT('',#13676);
#6086=VERTEX_POINT('',#13677);
#6087=VERTEX_POINT('',#13679);
#6088=VERTEX_POINT('',#13681);
#6089=VERTEX_POINT('',#13684);
#6090=VERTEX_POINT('',#13686);
#6091=VERTEX_POINT('',#13687);
#6092=VERTEX_POINT('',#13689);
#6093=VERTEX_POINT('',#13691);
#6094=VERTEX_POINT('',#13694);
#6095=VERTEX_POINT('',#13695);
#6096=VERTEX_POINT('',#13697);
#6097=VERTEX_POINT('',#13699);
#6098=VERTEX_POINT('',#13702);
#6099=VERTEX_POINT('',#13703);
#6100=VERTEX_POINT('',#13705);
#6101=VERTEX_POINT('',#13707);
#6102=VERTEX_POINT('',#13711);
#6103=VERTEX_POINT('',#13713);
#6104=VERTEX_POINT('',#13715);
#6105=VERTEX_POINT('',#13717);
#6106=VERTEX_POINT('',#13719);
#6107=VERTEX_POINT('',#13721);
#6108=VERTEX_POINT('',#13725);
#6109=VERTEX_POINT('',#13729);
#6110=VERTEX_POINT('',#13731);
#6111=VERTEX_POINT('',#13733);
#6112=VERTEX_POINT('',#13735);
#6113=VERTEX_POINT('',#13737);
#6114=VERTEX_POINT('',#13739);
#6115=VERTEX_POINT('',#13741);
#6116=VERTEX_POINT('',#13745);
#6117=VERTEX_POINT('',#13747);
#6118=VERTEX_POINT('',#13748);
#6119=VERTEX_POINT('',#13750);
#6120=VERTEX_POINT('',#13752);
#6121=VERTEX_POINT('',#13754);
#6122=VERTEX_POINT('',#13756);
#6123=VERTEX_POINT('',#13758);
#6124=VERTEX_POINT('',#13762);
#6125=VERTEX_POINT('',#13763);
#6126=VERTEX_POINT('',#13765);
#6127=VERTEX_POINT('',#13767);
#6128=VERTEX_POINT('',#13770);
#6129=VERTEX_POINT('',#13771);
#6130=VERTEX_POINT('',#13773);
#6131=VERTEX_POINT('',#13775);
#6132=VERTEX_POINT('',#13778);
#6133=VERTEX_POINT('',#13779);
#6134=VERTEX_POINT('',#13781);
#6135=VERTEX_POINT('',#13783);
#6136=VERTEX_POINT('',#13786);
#6137=VERTEX_POINT('',#13788);
#6138=VERTEX_POINT('',#13790);
#6139=VERTEX_POINT('',#13791);
#6140=VERTEX_POINT('',#13793);
#6141=VERTEX_POINT('',#13795);
#6142=VERTEX_POINT('',#13846);
#6143=VERTEX_POINT('',#13848);
#6144=VERTEX_POINT('',#13852);
#6145=VERTEX_POINT('',#13856);
#6146=VERTEX_POINT('',#13860);
#6147=VERTEX_POINT('',#13864);
#6148=VERTEX_POINT('',#13868);
#6149=VERTEX_POINT('',#13889);
#6150=VERTEX_POINT('',#13891);
#6151=VERTEX_POINT('',#13894);
#6152=VERTEX_POINT('',#13896);
#6153=VERTEX_POINT('',#13899);
#6154=VERTEX_POINT('',#13904);
#6155=VERTEX_POINT('',#13907);
#6156=VERTEX_POINT('',#13910);
#6157=VERTEX_POINT('',#13915);
#6158=VERTEX_POINT('',#13917);
#6159=VERTEX_POINT('',#13920);
#6160=VERTEX_POINT('',#13922);
#6161=VERTEX_POINT('',#13925);
#6162=VERTEX_POINT('',#13930);
#6163=VERTEX_POINT('',#13933);
#6164=VERTEX_POINT('',#13936);
#6165=VERTEX_POINT('',#13941);
#6166=VERTEX_POINT('',#13943);
#6167=VERTEX_POINT('',#13946);
#6168=VERTEX_POINT('',#13948);
#6169=VERTEX_POINT('',#13951);
#6170=VERTEX_POINT('',#13956);
#6171=VERTEX_POINT('',#13959);
#6172=VERTEX_POINT('',#13962);
#6173=VERTEX_POINT('',#13967);
#6174=VERTEX_POINT('',#13968);
#6175=VERTEX_POINT('',#13970);
#6176=VERTEX_POINT('',#13972);
#6177=VERTEX_POINT('',#13974);
#6178=VERTEX_POINT('',#13976);
#6179=VERTEX_POINT('',#13978);
#6180=VERTEX_POINT('',#13983);
#6181=VERTEX_POINT('',#13987);
#6182=VERTEX_POINT('',#13988);
#6183=VERTEX_POINT('',#13993);
#6184=VERTEX_POINT('',#13995);
#6185=VERTEX_POINT('',#13997);
#6186=VERTEX_POINT('',#13999);
#6187=VERTEX_POINT('',#14001);
#6188=VERTEX_POINT('',#14003);
#6189=VERTEX_POINT('',#14007);
#6190=VERTEX_POINT('',#14008);
#6191=VERTEX_POINT('',#14022);
#6192=VERTEX_POINT('',#14034);
#6193=VERTEX_POINT('',#14037);
#6194=VERTEX_POINT('',#14049);
#6195=VERTEX_POINT('',#14052);
#6196=VERTEX_POINT('',#14053);
#6197=VERTEX_POINT('',#14055);
#6198=VERTEX_POINT('',#14057);
#6199=VERTEX_POINT('',#14060);
#6200=VERTEX_POINT('',#14062);
#6201=VERTEX_POINT('',#14063);
#6202=VERTEX_POINT('',#14065);
#6203=VERTEX_POINT('',#14067);
#6204=VERTEX_POINT('',#14070);
#6205=VERTEX_POINT('',#14071);
#6206=VERTEX_POINT('',#14073);
#6207=VERTEX_POINT('',#14075);
#6208=VERTEX_POINT('',#14078);
#6209=VERTEX_POINT('',#14079);
#6210=VERTEX_POINT('',#14081);
#6211=VERTEX_POINT('',#14083);
#6212=VERTEX_POINT('',#14086);
#6213=VERTEX_POINT('',#14088);
#6214=VERTEX_POINT('',#14090);
#6215=VERTEX_POINT('',#14092);
#6216=VERTEX_POINT('',#14094);
#6217=VERTEX_POINT('',#14096);
#6218=VERTEX_POINT('',#14101);
#6219=VERTEX_POINT('',#14105);
#6220=VERTEX_POINT('',#14108);
#6221=VERTEX_POINT('',#14110);
#6222=VERTEX_POINT('',#14112);
#6223=VERTEX_POINT('',#14114);
#6224=VERTEX_POINT('',#14116);
#6225=VERTEX_POINT('',#14118);
#6226=VERTEX_POINT('',#14121);
#6227=VERTEX_POINT('',#14123);
#6228=VERTEX_POINT('',#14124);
#6229=VERTEX_POINT('',#14126);
#6230=VERTEX_POINT('',#14128);
#6231=VERTEX_POINT('',#14130);
#6232=VERTEX_POINT('',#14132);
#6233=VERTEX_POINT('',#14134);
#6234=VERTEX_POINT('',#14138);
#6235=VERTEX_POINT('',#14139);
#6236=VERTEX_POINT('',#14141);
#6237=VERTEX_POINT('',#14143);
#6238=VERTEX_POINT('',#14146);
#6239=VERTEX_POINT('',#14147);
#6240=VERTEX_POINT('',#14149);
#6241=VERTEX_POINT('',#14151);
#6242=VERTEX_POINT('',#14154);
#6243=VERTEX_POINT('',#14155);
#6244=VERTEX_POINT('',#14157);
#6245=VERTEX_POINT('',#14159);
#6246=VERTEX_POINT('',#14162);
#6247=VERTEX_POINT('',#14164);
#6248=VERTEX_POINT('',#14166);
#6249=VERTEX_POINT('',#14167);
#6250=VERTEX_POINT('',#14169);
#6251=VERTEX_POINT('',#14171);
#6252=VERTEX_POINT('',#14222);
#6253=VERTEX_POINT('',#14224);
#6254=VERTEX_POINT('',#14228);
#6255=VERTEX_POINT('',#14232);
#6256=VERTEX_POINT('',#14236);
#6257=VERTEX_POINT('',#14240);
#6258=VERTEX_POINT('',#14244);
#6259=VERTEX_POINT('',#14265);
#6260=VERTEX_POINT('',#14266);
#6261=VERTEX_POINT('',#14268);
#6262=VERTEX_POINT('',#14270);
#6263=VERTEX_POINT('',#14272);
#6264=VERTEX_POINT('',#14274);
#6265=VERTEX_POINT('',#14276);
#6266=VERTEX_POINT('',#14278);
#6267=VERTEX_POINT('',#14281);
#6268=VERTEX_POINT('',#14284);
#6269=VERTEX_POINT('',#14286);
#6270=VERTEX_POINT('',#14288);
#6271=VERTEX_POINT('',#14289);
#6272=VERTEX_POINT('',#14291);
#6273=VERTEX_POINT('',#14293);
#6274=VERTEX_POINT('',#14295);
#6275=VERTEX_POINT('',#14297);
#6276=VERTEX_POINT('',#14299);
#6277=VERTEX_POINT('',#14301);
#6278=VERTEX_POINT('',#14303);
#6279=VERTEX_POINT('',#14305);
#6280=VERTEX_POINT('',#14307);
#6281=VERTEX_POINT('',#14309);
#6282=VERTEX_POINT('',#14311);
#6283=VERTEX_POINT('',#14313);
#6284=VERTEX_POINT('',#14315);
#6285=VERTEX_POINT('',#14317);
#6286=VERTEX_POINT('',#14321);
#6287=VERTEX_POINT('',#14322);
#6288=VERTEX_POINT('',#14324);
#6289=VERTEX_POINT('',#14326);
#6290=VERTEX_POINT('',#14328);
#6291=VERTEX_POINT('',#14330);
#6292=VERTEX_POINT('',#14332);
#6293=VERTEX_POINT('',#14334);
#6294=VERTEX_POINT('',#14337);
#6295=VERTEX_POINT('',#14342);
#6296=VERTEX_POINT('',#14352);
#6297=VERTEX_POINT('',#14354);
#6298=VERTEX_POINT('',#14358);
#6299=VERTEX_POINT('',#14362);
#6300=VERTEX_POINT('',#14366);
#6301=VERTEX_POINT('',#14370);
#6302=VERTEX_POINT('',#14372);
#6303=VERTEX_POINT('',#14374);
#6304=VERTEX_POINT('',#14379);
#6305=VERTEX_POINT('',#14384);
#6306=VERTEX_POINT('',#14392);
#6307=VERTEX_POINT('',#14399);
#6308=VERTEX_POINT('',#14405);
#6309=VERTEX_POINT('',#14407);
#6310=VERTEX_POINT('',#14434);
#6311=VERTEX_POINT('',#14436);
#6312=VERTEX_POINT('',#14438);
#6313=VERTEX_POINT('',#14443);
#6314=VERTEX_POINT('',#14448);
#6315=VERTEX_POINT('',#14452);
#6316=VERTEX_POINT('',#14453);
#6317=VERTEX_POINT('',#14466);
#6318=VERTEX_POINT('',#14472);
#6319=VERTEX_POINT('',#14474);
#6320=VERTEX_POINT('',#14476);
#6321=VERTEX_POINT('',#14502);
#6322=VERTEX_POINT('',#14503);
#6323=VERTEX_POINT('',#14505);
#6324=VERTEX_POINT('',#14507);
#6325=VERTEX_POINT('',#14522);
#6326=VERTEX_POINT('',#14523);
#6327=VERTEX_POINT('',#14528);
#6328=VERTEX_POINT('',#14530);
#6329=VERTEX_POINT('',#14566);
#6330=VERTEX_POINT('',#14583);
#6331=VERTEX_POINT('',#14601);
#6332=VERTEX_POINT('',#14602);
#6333=VERTEX_POINT('',#14604);
#6334=VERTEX_POINT('',#14609);
#6335=VERTEX_POINT('',#14611);
#6336=VERTEX_POINT('',#14613);
#6337=VERTEX_POINT('',#14615);
#6338=VERTEX_POINT('',#14617);
#6339=VERTEX_POINT('',#14621);
#6340=VERTEX_POINT('',#14622);
#6341=VERTEX_POINT('',#14624);
#6342=VERTEX_POINT('',#14626);
#6343=VERTEX_POINT('',#14628);
#6344=VERTEX_POINT('',#14630);
#6345=VERTEX_POINT('',#14632);
#6346=VERTEX_POINT('',#14634);
#6347=VERTEX_POINT('',#14641);
#6348=VERTEX_POINT('',#14642);
#6349=VERTEX_POINT('',#14656);
#6350=VERTEX_POINT('',#14668);
#6351=VERTEX_POINT('',#14671);
#6352=VERTEX_POINT('',#14683);
#6353=VERTEX_POINT('',#14686);
#6354=VERTEX_POINT('',#14687);
#6355=VERTEX_POINT('',#14689);
#6356=VERTEX_POINT('',#14691);
#6357=VERTEX_POINT('',#14694);
#6358=VERTEX_POINT('',#14696);
#6359=VERTEX_POINT('',#14697);
#6360=VERTEX_POINT('',#14699);
#6361=VERTEX_POINT('',#14701);
#6362=VERTEX_POINT('',#14704);
#6363=VERTEX_POINT('',#14705);
#6364=VERTEX_POINT('',#14707);
#6365=VERTEX_POINT('',#14709);
#6366=VERTEX_POINT('',#14712);
#6367=VERTEX_POINT('',#14713);
#6368=VERTEX_POINT('',#14715);
#6369=VERTEX_POINT('',#14717);
#6370=VERTEX_POINT('',#14721);
#6371=VERTEX_POINT('',#14723);
#6372=VERTEX_POINT('',#14725);
#6373=VERTEX_POINT('',#14727);
#6374=VERTEX_POINT('',#14729);
#6375=VERTEX_POINT('',#14731);
#6376=VERTEX_POINT('',#14735);
#6377=VERTEX_POINT('',#14739);
#6378=VERTEX_POINT('',#14741);
#6379=VERTEX_POINT('',#14743);
#6380=VERTEX_POINT('',#14745);
#6381=VERTEX_POINT('',#14747);
#6382=VERTEX_POINT('',#14749);
#6383=VERTEX_POINT('',#14751);
#6384=VERTEX_POINT('',#14755);
#6385=VERTEX_POINT('',#14757);
#6386=VERTEX_POINT('',#14758);
#6387=VERTEX_POINT('',#14760);
#6388=VERTEX_POINT('',#14762);
#6389=VERTEX_POINT('',#14764);
#6390=VERTEX_POINT('',#14766);
#6391=VERTEX_POINT('',#14768);
#6392=VERTEX_POINT('',#14772);
#6393=VERTEX_POINT('',#14773);
#6394=VERTEX_POINT('',#14775);
#6395=VERTEX_POINT('',#14777);
#6396=VERTEX_POINT('',#14780);
#6397=VERTEX_POINT('',#14781);
#6398=VERTEX_POINT('',#14783);
#6399=VERTEX_POINT('',#14785);
#6400=VERTEX_POINT('',#14788);
#6401=VERTEX_POINT('',#14789);
#6402=VERTEX_POINT('',#14791);
#6403=VERTEX_POINT('',#14793);
#6404=VERTEX_POINT('',#14796);
#6405=VERTEX_POINT('',#14798);
#6406=VERTEX_POINT('',#14800);
#6407=VERTEX_POINT('',#14801);
#6408=VERTEX_POINT('',#14803);
#6409=VERTEX_POINT('',#14805);
#6410=VERTEX_POINT('',#14856);
#6411=VERTEX_POINT('',#14858);
#6412=VERTEX_POINT('',#14862);
#6413=VERTEX_POINT('',#14866);
#6414=VERTEX_POINT('',#14870);
#6415=VERTEX_POINT('',#14874);
#6416=VERTEX_POINT('',#14878);
#6417=VERTEX_POINT('',#14899);
#6418=VERTEX_POINT('',#14901);
#6419=VERTEX_POINT('',#14903);
#6420=VERTEX_POINT('',#14905);
#6421=VERTEX_POINT('',#14906);
#6422=VERTEX_POINT('',#14911);
#6423=VERTEX_POINT('',#14913);
#6424=VERTEX_POINT('',#14915);
#6425=VERTEX_POINT('',#14917);
#6426=VERTEX_POINT('',#14923);
#6427=VERTEX_POINT('',#14925);
#6428=VERTEX_POINT('',#14927);
#6429=VERTEX_POINT('',#14929);
#6430=VERTEX_POINT('',#14934);
#6431=VERTEX_POINT('',#14936);
#6432=VERTEX_POINT('',#14938);
#6433=VERTEX_POINT('',#14940);
#6434=VERTEX_POINT('',#14942);
#6435=VERTEX_POINT('',#14944);
#6436=VERTEX_POINT('',#14947);
#6437=VERTEX_POINT('',#14950);
#6438=VERTEX_POINT('',#14952);
#6439=VERTEX_POINT('',#14955);
#6440=VERTEX_POINT('',#14957);
#6441=VERTEX_POINT('',#14960);
#6442=VERTEX_POINT('',#14962);
#6443=VERTEX_POINT('',#14965);
#6444=VERTEX_POINT('',#14966);
#6445=VERTEX_POINT('',#14981);
#6446=VERTEX_POINT('',#14985);
#6447=VERTEX_POINT('',#14989);
#6448=VERTEX_POINT('',#14993);
#6449=VERTEX_POINT('',#15010);
#6450=VERTEX_POINT('',#15014);
#6451=VERTEX_POINT('',#15018);
#6452=VERTEX_POINT('',#15022);
#6453=VERTEX_POINT('',#15036);
#6454=VERTEX_POINT('',#15040);
#6455=VERTEX_POINT('',#15044);
#6456=VERTEX_POINT('',#15048);
#6457=VERTEX_POINT('',#15052);
#6458=VERTEX_POINT('',#15056);
#6459=VERTEX_POINT('',#15060);
#6460=VERTEX_POINT('',#15062);
#6461=VERTEX_POINT('',#15065);
#6462=VERTEX_POINT('',#15068);
#6463=VERTEX_POINT('',#15073);
#6464=VERTEX_POINT('',#15076);
#6465=VERTEX_POINT('',#15080);
#6466=VERTEX_POINT('',#15083);
#6467=VERTEX_POINT('',#15086);
#6468=VERTEX_POINT('',#15089);
#6469=VERTEX_POINT('',#15092);
#6470=VERTEX_POINT('',#15095);
#6471=VERTEX_POINT('',#15098);
#6472=VERTEX_POINT('',#15101);
#6473=VERTEX_POINT('',#15104);
#6474=VERTEX_POINT('',#15105);
#6475=VERTEX_POINT('',#15107);
#6476=VERTEX_POINT('',#15109);
#6477=VERTEX_POINT('',#15111);
#6478=VERTEX_POINT('',#15113);
#6479=VERTEX_POINT('',#15115);
#6480=VERTEX_POINT('',#15117);
#6481=VERTEX_POINT('',#15121);
#6482=VERTEX_POINT('',#15124);
#6483=VERTEX_POINT('',#15127);
#6484=VERTEX_POINT('',#15130);
#6485=VERTEX_POINT('',#15132);
#6486=VERTEX_POINT('',#15136);
#6487=VERTEX_POINT('',#15140);
#6488=VERTEX_POINT('',#15144);
#6489=VERTEX_POINT('',#15148);
#6490=VERTEX_POINT('',#15152);
#6491=VERTEX_POINT('',#15156);
#6492=VERTEX_POINT('',#15160);
#6493=VERTEX_POINT('',#15163);
#6494=VERTEX_POINT('',#15166);
#6495=VERTEX_POINT('',#15168);
#6496=VERTEX_POINT('',#15173);
#6497=VERTEX_POINT('',#15179);
#6498=VERTEX_POINT('',#15181);
#6499=VERTEX_POINT('',#15182);
#6500=VERTEX_POINT('',#15184);
#6501=VERTEX_POINT('',#15186);
#6502=VERTEX_POINT('',#15190);
#6503=VERTEX_POINT('',#15192);
#6504=VERTEX_POINT('',#15196);
#6505=VERTEX_POINT('',#15198);
#6506=VERTEX_POINT('',#15207);
#6507=VERTEX_POINT('',#15210);
#6508=VERTEX_POINT('',#15211);
#6509=VERTEX_POINT('',#15213);
#6510=VERTEX_POINT('',#15215);
#6511=VERTEX_POINT('',#15219);
#6512=VERTEX_POINT('',#15221);
#6513=VERTEX_POINT('',#15225);
#6514=VERTEX_POINT('',#15227);
#6515=VERTEX_POINT('',#15237);
#6516=VERTEX_POINT('',#15239);
#6517=VERTEX_POINT('',#15241);
#6518=VERTEX_POINT('',#15243);
#6519=VERTEX_POINT('',#15244);
#6520=VERTEX_POINT('',#15246);
#6521=VERTEX_POINT('',#15248);
#6522=VERTEX_POINT('',#15250);
#6523=VERTEX_POINT('',#15252);
#6524=VERTEX_POINT('',#15254);
#6525=VERTEX_POINT('',#15256);
#6526=VERTEX_POINT('',#15258);
#6527=VERTEX_POINT('',#15260);
#6528=VERTEX_POINT('',#15262);
#6529=VERTEX_POINT('',#15264);
#6530=VERTEX_POINT('',#15266);
#6531=VERTEX_POINT('',#15268);
#6532=VERTEX_POINT('',#15270);
#6533=VERTEX_POINT('',#15272);
#6534=VERTEX_POINT('',#15274);
#6535=VERTEX_POINT('',#15276);
#6536=VERTEX_POINT('',#15278);
#6537=VERTEX_POINT('',#15280);
#6538=VERTEX_POINT('',#15283);
#6539=VERTEX_POINT('',#15285);
#6540=VERTEX_POINT('',#15287);
#6541=VERTEX_POINT('',#15289);
#6542=VERTEX_POINT('',#15291);
#6543=VERTEX_POINT('',#15293);
#6544=VERTEX_POINT('',#15295);
#6545=VERTEX_POINT('',#15297);
#6546=VERTEX_POINT('',#15299);
#6547=VERTEX_POINT('',#15301);
#6548=VERTEX_POINT('',#15304);
#6549=VERTEX_POINT('',#15306);
#6550=VERTEX_POINT('',#15308);
#6551=VERTEX_POINT('',#15310);
#6552=VERTEX_POINT('',#15311);
#6553=VERTEX_POINT('',#15313);
#6554=VERTEX_POINT('',#15315);
#6555=VERTEX_POINT('',#15317);
#6556=VERTEX_POINT('',#15319);
#6557=VERTEX_POINT('',#15321);
#6558=VERTEX_POINT('',#15323);
#6559=VERTEX_POINT('',#15325);
#6560=VERTEX_POINT('',#15327);
#6561=VERTEX_POINT('',#15329);
#6562=VERTEX_POINT('',#15331);
#6563=VERTEX_POINT('',#15333);
#6564=VERTEX_POINT('',#15335);
#6565=VERTEX_POINT('',#15337);
#6566=VERTEX_POINT('',#15339);
#6567=VERTEX_POINT('',#15341);
#6568=VERTEX_POINT('',#15343);
#6569=VERTEX_POINT('',#15345);
#6570=VERTEX_POINT('',#15347);
#6571=VERTEX_POINT('',#15350);
#6572=VERTEX_POINT('',#15352);
#6573=VERTEX_POINT('',#15354);
#6574=VERTEX_POINT('',#15356);
#6575=VERTEX_POINT('',#15358);
#6576=VERTEX_POINT('',#15360);
#6577=VERTEX_POINT('',#15362);
#6578=VERTEX_POINT('',#15364);
#6579=VERTEX_POINT('',#15366);
#6580=VERTEX_POINT('',#15368);
#6581=VERTEX_POINT('',#15425);
#6582=VERTEX_POINT('',#15426);
#6583=VERTEX_POINT('',#15428);
#6584=VERTEX_POINT('',#15430);
#6585=VERTEX_POINT('',#15432);
#6586=VERTEX_POINT('',#15434);
#6587=VERTEX_POINT('',#15436);
#6588=VERTEX_POINT('',#15438);
#6589=VERTEX_POINT('',#15441);
#6590=VERTEX_POINT('',#15444);
#6591=VERTEX_POINT('',#15446);
#6592=VERTEX_POINT('',#15448);
#6593=VERTEX_POINT('',#15449);
#6594=VERTEX_POINT('',#15451);
#6595=VERTEX_POINT('',#15453);
#6596=VERTEX_POINT('',#15455);
#6597=VERTEX_POINT('',#15457);
#6598=VERTEX_POINT('',#15459);
#6599=VERTEX_POINT('',#15461);
#6600=VERTEX_POINT('',#15463);
#6601=VERTEX_POINT('',#15465);
#6602=VERTEX_POINT('',#15467);
#6603=VERTEX_POINT('',#15469);
#6604=VERTEX_POINT('',#15471);
#6605=VERTEX_POINT('',#15473);
#6606=VERTEX_POINT('',#15475);
#6607=VERTEX_POINT('',#15477);
#6608=VERTEX_POINT('',#15481);
#6609=VERTEX_POINT('',#15482);
#6610=VERTEX_POINT('',#15484);
#6611=VERTEX_POINT('',#15486);
#6612=VERTEX_POINT('',#15488);
#6613=VERTEX_POINT('',#15490);
#6614=VERTEX_POINT('',#15492);
#6615=VERTEX_POINT('',#15494);
#6616=VERTEX_POINT('',#15497);
#6617=VERTEX_POINT('',#15502);
#6618=VERTEX_POINT('',#15512);
#6619=VERTEX_POINT('',#15514);
#6620=VERTEX_POINT('',#15518);
#6621=VERTEX_POINT('',#15522);
#6622=VERTEX_POINT('',#15526);
#6623=VERTEX_POINT('',#15530);
#6624=VERTEX_POINT('',#15535);
#6625=VERTEX_POINT('',#15540);
#6626=VERTEX_POINT('',#15542);
#6627=VERTEX_POINT('',#15544);
#6628=VERTEX_POINT('',#15548);
#6629=VERTEX_POINT('',#15557);
#6630=VERTEX_POINT('',#15559);
#6631=VERTEX_POINT('',#15565);
#6632=VERTEX_POINT('',#15594);
#6633=VERTEX_POINT('',#15599);
#6634=VERTEX_POINT('',#15604);
#6635=VERTEX_POINT('',#15606);
#6636=VERTEX_POINT('',#15608);
#6637=VERTEX_POINT('',#15612);
#6638=VERTEX_POINT('',#15613);
#6639=VERTEX_POINT('',#15622);
#6640=VERTEX_POINT('',#15624);
#6641=VERTEX_POINT('',#15626);
#6642=VERTEX_POINT('',#15632);
#6643=VERTEX_POINT('',#15662);
#6644=VERTEX_POINT('',#15663);
#6645=VERTEX_POINT('',#15665);
#6646=VERTEX_POINT('',#15667);
#6647=VERTEX_POINT('',#15682);
#6648=VERTEX_POINT('',#15683);
#6649=VERTEX_POINT('',#15688);
#6650=VERTEX_POINT('',#15690);
#6651=VERTEX_POINT('',#15726);
#6652=VERTEX_POINT('',#15743);
#6653=VERTEX_POINT('',#15761);
#6654=VERTEX_POINT('',#15762);
#6655=VERTEX_POINT('',#15764);
#6656=VERTEX_POINT('',#15766);
#6657=VERTEX_POINT('',#15770);
#6658=VERTEX_POINT('',#15771);
#6659=VERTEX_POINT('',#15773);
#6660=VERTEX_POINT('',#15775);
#6661=VERTEX_POINT('',#15779);
#6662=VERTEX_POINT('',#15780);
#6663=VERTEX_POINT('',#15782);
#6664=VERTEX_POINT('',#15784);
#6665=VERTEX_POINT('',#15788);
#6666=VERTEX_POINT('',#15789);
#6667=VERTEX_POINT('',#15791);
#6668=VERTEX_POINT('',#15793);
#6669=VERTEX_POINT('',#15814);
#6670=VERTEX_POINT('',#15815);
#6671=VERTEX_POINT('',#15817);
#6672=VERTEX_POINT('',#15819);
#6673=VERTEX_POINT('',#15821);
#6674=VERTEX_POINT('',#15823);
#6675=VERTEX_POINT('',#15825);
#6676=VERTEX_POINT('',#15827);
#6677=VERTEX_POINT('',#15830);
#6678=VERTEX_POINT('',#15833);
#6679=VERTEX_POINT('',#15835);
#6680=VERTEX_POINT('',#15837);
#6681=VERTEX_POINT('',#15838);
#6682=VERTEX_POINT('',#15840);
#6683=VERTEX_POINT('',#15842);
#6684=VERTEX_POINT('',#15844);
#6685=VERTEX_POINT('',#15846);
#6686=VERTEX_POINT('',#15848);
#6687=VERTEX_POINT('',#15850);
#6688=VERTEX_POINT('',#15852);
#6689=VERTEX_POINT('',#15854);
#6690=VERTEX_POINT('',#15856);
#6691=VERTEX_POINT('',#15858);
#6692=VERTEX_POINT('',#15860);
#6693=VERTEX_POINT('',#15862);
#6694=VERTEX_POINT('',#15864);
#6695=VERTEX_POINT('',#15866);
#6696=VERTEX_POINT('',#15870);
#6697=VERTEX_POINT('',#15871);
#6698=VERTEX_POINT('',#15873);
#6699=VERTEX_POINT('',#15875);
#6700=VERTEX_POINT('',#15877);
#6701=VERTEX_POINT('',#15879);
#6702=VERTEX_POINT('',#15881);
#6703=VERTEX_POINT('',#15883);
#6704=VERTEX_POINT('',#15886);
#6705=VERTEX_POINT('',#15891);
#6706=VERTEX_POINT('',#15901);
#6707=VERTEX_POINT('',#15903);
#6708=VERTEX_POINT('',#15907);
#6709=VERTEX_POINT('',#15911);
#6710=VERTEX_POINT('',#15915);
#6711=VERTEX_POINT('',#15919);
#6712=VERTEX_POINT('',#15924);
#6713=VERTEX_POINT('',#15929);
#6714=VERTEX_POINT('',#15931);
#6715=VERTEX_POINT('',#15933);
#6716=VERTEX_POINT('',#15937);
#6717=VERTEX_POINT('',#15946);
#6718=VERTEX_POINT('',#15948);
#6719=VERTEX_POINT('',#15954);
#6720=VERTEX_POINT('',#15983);
#6721=VERTEX_POINT('',#15988);
#6722=VERTEX_POINT('',#15993);
#6723=VERTEX_POINT('',#15995);
#6724=VERTEX_POINT('',#15997);
#6725=VERTEX_POINT('',#16001);
#6726=VERTEX_POINT('',#16002);
#6727=VERTEX_POINT('',#16011);
#6728=VERTEX_POINT('',#16013);
#6729=VERTEX_POINT('',#16015);
#6730=VERTEX_POINT('',#16021);
#6731=VERTEX_POINT('',#16051);
#6732=VERTEX_POINT('',#16052);
#6733=VERTEX_POINT('',#16054);
#6734=VERTEX_POINT('',#16056);
#6735=VERTEX_POINT('',#16071);
#6736=VERTEX_POINT('',#16072);
#6737=VERTEX_POINT('',#16077);
#6738=VERTEX_POINT('',#16079);
#6739=VERTEX_POINT('',#16115);
#6740=VERTEX_POINT('',#16132);
#6741=CIRCLE('',#9423,0.01375);
#6742=CIRCLE('',#9424,0.01375);
#6743=CIRCLE('',#9426,0.002);
#6744=CIRCLE('',#9427,0.01075);
#6745=CIRCLE('',#9429,0.01075);
#6746=CIRCLE('',#9433,0.002);
#6747=CIRCLE('',#9435,0.0015);
#6748=CIRCLE('',#9437,0.0015);
#6749=CIRCLE('',#9446,0.0015);
#6750=CIRCLE('',#9448,0.004);
#6751=CIRCLE('',#9449,0.004);
#6752=CIRCLE('',#9469,0.0015);
#6753=CIRCLE('',#9520,0.00215);
#6754=CIRCLE('',#9522,0.00215);
#6755=CIRCLE('',#9524,0.0016);
#6756=CIRCLE('',#9525,0.018);
#6757=CIRCLE('',#9526,0.0016);
#6758=CIRCLE('',#9527,0.018);
#6759=CIRCLE('',#9528,0.004);
#6760=CIRCLE('',#9529,0.0016);
#6761=CIRCLE('',#9530,0.018);
#6762=CIRCLE('',#9531,0.0016);
#6763=CIRCLE('',#9532,0.018);
#6764=CIRCLE('',#9533,0.0016);
#6765=CIRCLE('',#9534,0.018);
#6766=CIRCLE('',#9535,0.0016);
#6767=CIRCLE('',#9536,0.018);
#6768=CIRCLE('',#9537,0.0016);
#6769=CIRCLE('',#9538,0.018);
#6770=CIRCLE('',#9539,0.0016);
#6771=CIRCLE('',#9540,0.018);
#6772=CIRCLE('',#9543,0.016);
#6773=CIRCLE('',#9545,0.0016);
#6774=CIRCLE('',#9546,0.018);
#6775=CIRCLE('',#9547,0.0016);
#6776=CIRCLE('',#9548,0.018);
#6777=CIRCLE('',#9549,0.0016);
#6778=CIRCLE('',#9550,0.018);
#6779=CIRCLE('',#9551,0.0016);
#6780=CIRCLE('',#9552,0.018);
#6781=CIRCLE('',#9553,0.0016);
#6782=CIRCLE('',#9554,0.018);
#6783=CIRCLE('',#9555,0.0016);
#6784=CIRCLE('',#9556,0.018);
#6785=CIRCLE('',#9557,0.004);
#6786=CIRCLE('',#9558,0.016);
#6787=CIRCLE('',#9559,0.0016);
#6788=CIRCLE('',#9560,0.018);
#6789=CIRCLE('',#9561,0.0016);
#6790=CIRCLE('',#9562,0.018);
#6791=CIRCLE('',#9605,0.00215);
#6792=CIRCLE('',#9607,0.00215);
#6793=CIRCLE('',#9609,0.0016);
#6794=CIRCLE('',#9610,0.018);
#6795=CIRCLE('',#9611,0.0016);
#6796=CIRCLE('',#9612,0.018);
#6797=CIRCLE('',#9613,0.004);
#6798=CIRCLE('',#9614,0.0016);
#6799=CIRCLE('',#9615,0.018);
#6800=CIRCLE('',#9616,0.0016);
#6801=CIRCLE('',#9617,0.018);
#6802=CIRCLE('',#9618,0.0016);
#6803=CIRCLE('',#9619,0.018);
#6804=CIRCLE('',#9620,0.0016);
#6805=CIRCLE('',#9621,0.018);
#6806=CIRCLE('',#9622,0.0016);
#6807=CIRCLE('',#9623,0.018);
#6808=CIRCLE('',#9624,0.0016);
#6809=CIRCLE('',#9625,0.018);
#6810=CIRCLE('',#9628,0.016);
#6811=CIRCLE('',#9630,0.0016);
#6812=CIRCLE('',#9631,0.018);
#6813=CIRCLE('',#9632,0.0016);
#6814=CIRCLE('',#9633,0.018);
#6815=CIRCLE('',#9634,0.0016);
#6816=CIRCLE('',#9635,0.018);
#6817=CIRCLE('',#9636,0.0016);
#6818=CIRCLE('',#9637,0.018);
#6819=CIRCLE('',#9638,0.0016);
#6820=CIRCLE('',#9639,0.018);
#6821=CIRCLE('',#9640,0.0016);
#6822=CIRCLE('',#9641,0.018);
#6823=CIRCLE('',#9642,0.004);
#6824=CIRCLE('',#9643,0.016);
#6825=CIRCLE('',#9644,0.0016);
#6826=CIRCLE('',#9645,0.018);
#6827=CIRCLE('',#9646,0.0016);
#6828=CIRCLE('',#9647,0.018);
#6829=CIRCLE('',#9686,0.01375);
#6830=CIRCLE('',#9687,0.01375);
#6831=CIRCLE('',#9689,0.002);
#6832=CIRCLE('',#9690,0.01075);
#6833=CIRCLE('',#9692,0.01075);
#6834=CIRCLE('',#9696,0.002);
#6835=CIRCLE('',#9698,0.0015);
#6836=CIRCLE('',#9700,0.0015);
#6837=CIRCLE('',#9704,0.01375);
#6838=CIRCLE('',#9705,0.01375);
#6839=CIRCLE('',#9707,0.002);
#6840=CIRCLE('',#9708,0.01075);
#6841=CIRCLE('',#9710,0.01075);
#6842=CIRCLE('',#9714,0.002);
#6843=CIRCLE('',#9716,0.0015);
#6844=CIRCLE('',#9718,0.0015);
#6845=CIRCLE('',#9722,0.01375);
#6846=CIRCLE('',#9723,0.01375);
#6847=CIRCLE('',#9725,0.002);
#6848=CIRCLE('',#9726,0.01075);
#6849=CIRCLE('',#9728,0.01075);
#6850=CIRCLE('',#9732,0.002);
#6851=CIRCLE('',#9734,0.0015);
#6852=CIRCLE('',#9736,0.0015);
#6853=CIRCLE('',#9744,0.00215);
#6854=CIRCLE('',#9746,0.00215);
#6855=CIRCLE('',#9748,0.0016);
#6856=CIRCLE('',#9749,0.018);
#6857=CIRCLE('',#9750,0.0016);
#6858=CIRCLE('',#9751,0.018);
#6859=CIRCLE('',#9752,0.004);
#6860=CIRCLE('',#9753,0.0016);
#6861=CIRCLE('',#9754,0.018);
#6862=CIRCLE('',#9755,0.0016);
#6863=CIRCLE('',#9756,0.018);
#6864=CIRCLE('',#9757,0.0016);
#6865=CIRCLE('',#9758,0.018);
#6866=CIRCLE('',#9759,0.0016);
#6867=CIRCLE('',#9760,0.018);
#6868=CIRCLE('',#9761,0.0016);
#6869=CIRCLE('',#9762,0.018);
#6870=CIRCLE('',#9763,0.0016);
#6871=CIRCLE('',#9764,0.018);
#6872=CIRCLE('',#9767,0.016);
#6873=CIRCLE('',#9769,0.0016);
#6874=CIRCLE('',#9770,0.018);
#6875=CIRCLE('',#9771,0.0016);
#6876=CIRCLE('',#9772,0.018);
#6877=CIRCLE('',#9773,0.0016);
#6878=CIRCLE('',#9774,0.018);
#6879=CIRCLE('',#9775,0.0016);
#6880=CIRCLE('',#9776,0.018);
#6881=CIRCLE('',#9777,0.0016);
#6882=CIRCLE('',#9778,0.018);
#6883=CIRCLE('',#9779,0.0016);
#6884=CIRCLE('',#9780,0.018);
#6885=CIRCLE('',#9781,0.004);
#6886=CIRCLE('',#9782,0.016);
#6887=CIRCLE('',#9783,0.0016);
#6888=CIRCLE('',#9784,0.018);
#6889=CIRCLE('',#9785,0.0016);
#6890=CIRCLE('',#9786,0.018);
#6891=CIRCLE('',#9830,0.0015);
#6892=CIRCLE('',#9832,0.004);
#6893=CIRCLE('',#9833,0.004);
#6894=CIRCLE('',#9853,0.0015);
#6895=CIRCLE('',#9904,0.00215);
#6896=CIRCLE('',#9906,0.00215);
#6897=CIRCLE('',#9908,0.0016);
#6898=CIRCLE('',#9909,0.018);
#6899=CIRCLE('',#9910,0.0016);
#6900=CIRCLE('',#9911,0.018);
#6901=CIRCLE('',#9912,0.004);
#6902=CIRCLE('',#9913,0.0016);
#6903=CIRCLE('',#9914,0.018);
#6904=CIRCLE('',#9915,0.0016);
#6905=CIRCLE('',#9916,0.018);
#6906=CIRCLE('',#9917,0.0016);
#6907=CIRCLE('',#9918,0.018);
#6908=CIRCLE('',#9919,0.0016);
#6909=CIRCLE('',#9920,0.018);
#6910=CIRCLE('',#9921,0.0016);
#6911=CIRCLE('',#9922,0.018);
#6912=CIRCLE('',#9923,0.0016);
#6913=CIRCLE('',#9924,0.018);
#6914=CIRCLE('',#9927,0.016);
#6915=CIRCLE('',#9929,0.0016);
#6916=CIRCLE('',#9930,0.018);
#6917=CIRCLE('',#9931,0.0016);
#6918=CIRCLE('',#9932,0.018);
#6919=CIRCLE('',#9933,0.0016);
#6920=CIRCLE('',#9934,0.018);
#6921=CIRCLE('',#9935,0.0016);
#6922=CIRCLE('',#9936,0.018);
#6923=CIRCLE('',#9937,0.0016);
#6924=CIRCLE('',#9938,0.018);
#6925=CIRCLE('',#9939,0.0016);
#6926=CIRCLE('',#9940,0.018);
#6927=CIRCLE('',#9941,0.004);
#6928=CIRCLE('',#9942,0.016);
#6929=CIRCLE('',#9943,0.0016);
#6930=CIRCLE('',#9944,0.018);
#6931=CIRCLE('',#9945,0.0016);
#6932=CIRCLE('',#9946,0.018);
#6933=CIRCLE('',#9985,0.004);
#6934=CIRCLE('',#9986,0.004);
#6935=CIRCLE('',#9987,0.004);
#6936=CIRCLE('',#9988,0.00383606144143915);
#6937=CIRCLE('',#9989,0.00203989050351083);
#6938=CIRCLE('',#9990,0.00203989050351083);
#6939=CIRCLE('',#9991,0.00383606144143915);
#6940=CIRCLE('',#9992,0.00383606144143915);
#6941=CIRCLE('',#9993,0.00383606144143915);
#6942=CIRCLE('',#9994,0.004);
#6943=CIRCLE('',#9996,0.0035);
#6944=CIRCLE('',#9997,0.002);
#6945=CIRCLE('',#9999,0.002);
#6946=CIRCLE('',#10000,0.0035);
#6947=CIRCLE('',#10002,0.002);
#6948=CIRCLE('',#10003,0.0035);
#6949=CIRCLE('',#10005,0.00383606144143915);
#6950=CIRCLE('',#10008,0.00203989050351083);
#6951=CIRCLE('',#10012,0.00203989050351083);
#6952=CIRCLE('',#10015,0.00383606144143915);
#6953=CIRCLE('',#10018,0.00383606144143915);
#6954=CIRCLE('',#10021,0.00383606144143915);
#6955=CIRCLE('',#10023,0.002);
#6956=CIRCLE('',#10024,0.002);
#6957=CIRCLE('',#10026,0.002);
#6958=CIRCLE('',#10028,0.002);
#6959=CIRCLE('',#10031,0.002);
#6960=CIRCLE('',#10033,0.0035);
#6961=CIRCLE('',#10036,0.0035);
#6962=CIRCLE('',#10038,0.004);
#6963=CIRCLE('',#10040,0.0035);
#6964=CIRCLE('',#10042,0.004);
#6965=CIRCLE('',#10044,0.0035);
#6966=CIRCLE('',#10046,0.004);
#6967=CIRCLE('',#10048,0.0035);
#6968=CIRCLE('',#10050,0.004);
#6969=CIRCLE('',#10052,0.00253405425703221);
#6970=CIRCLE('',#10053,0.00253405425703221);
#6971=CIRCLE('',#10054,0.00253405425703221);
#6972=CIRCLE('',#10055,0.00253405425703221);
#6973=CIRCLE('',#10057,0.002);
#6974=CIRCLE('',#10059,0.002);
#6975=CIRCLE('',#10061,0.002);
#6976=CIRCLE('',#10063,0.00253405425703221);
#6977=CIRCLE('',#10066,0.00253405425703221);
#6978=CIRCLE('',#10069,0.00253405425703221);
#6979=CIRCLE('',#10072,0.00253405425703221);
#6980=CIRCLE('',#10074,0.002);
#6981=CIRCLE('',#10076,0.002);
#6982=CIRCLE('',#10078,0.002);
#6983=CIRCLE('',#10079,0.002);
#6984=CIRCLE('',#10082,0.002);
#6985=CIRCLE('',#10087,0.00127706173424113);
#6986=CIRCLE('',#10094,0.00127706173424113);
#6987=CIRCLE('',#10103,0.00533974596215561);
#6988=CIRCLE('',#10104,0.00215);
#6989=CIRCLE('',#10105,0.00215);
#6990=CIRCLE('',#10106,0.00215);
#6991=CIRCLE('',#10107,0.00215);
#6992=CIRCLE('',#10108,0.00215);
#6993=CIRCLE('',#10109,0.00215);
#6994=CIRCLE('',#10110,0.00215);
#6995=CIRCLE('',#10111,0.00214999999999997);
#6996=CIRCLE('',#10112,0.00215);
#6997=CIRCLE('',#10113,0.00215);
#6998=CIRCLE('',#10114,0.00215);
#6999=CIRCLE('',#10115,0.00215);
#7000=CIRCLE('',#10117,0.014);
#7001=CIRCLE('',#10118,0.00215);
#7002=CIRCLE('',#10119,0.00215);
#7003=CIRCLE('',#10120,0.00215);
#7004=CIRCLE('',#10121,0.00215);
#7005=CIRCLE('',#10122,0.00215);
#7006=CIRCLE('',#10123,0.00215);
#7007=CIRCLE('',#10124,0.00215);
#7008=CIRCLE('',#10125,0.00214999999999997);
#7009=CIRCLE('',#10126,0.00215);
#7010=CIRCLE('',#10127,0.00215);
#7011=CIRCLE('',#10128,0.00215);
#7012=CIRCLE('',#10129,0.00215);
#7013=CIRCLE('',#10170,0.0015);
#7014=CIRCLE('',#10172,0.004);
#7015=CIRCLE('',#10173,0.004);
#7016=CIRCLE('',#10193,0.0015);
#7017=CIRCLE('',#10244,0.01);
#7018=CIRCLE('',#10245,0.01);
#7019=CIRCLE('',#10246,0.01);
#7020=CIRCLE('',#10247,0.01);
#7021=CIRCLE('',#10249,0.01);
#7022=CIRCLE('',#10250,0.01);
#7023=CIRCLE('',#10265,0.0015);
#7024=CIRCLE('',#10267,0.004);
#7025=CIRCLE('',#10268,0.004);
#7026=CIRCLE('',#10288,0.0015);
#7027=EDGE_LOOP('',(#2174));
#7028=EDGE_LOOP('',(#2175));
#7029=EDGE_LOOP('',(#2176));
#7030=EDGE_LOOP('',(#2177));
#7031=EDGE_LOOP('',(#2178));
#7032=EDGE_LOOP('',(#2179));
#7033=EDGE_LOOP('',(#2180));
#7034=EDGE_LOOP('',(#2181));
#7035=EDGE_LOOP('',(#2182));
#7036=EDGE_LOOP('',(#2183));
#7037=EDGE_LOOP('',(#2184));
#7038=EDGE_LOOP('',(#2185));
#7039=EDGE_LOOP('',(#2186));
#7040=EDGE_LOOP('',(#2187));
#7041=EDGE_LOOP('',(#2188));
#7042=EDGE_LOOP('',(#2189));
#7043=EDGE_LOOP('',(#2190,#2191,#2192,#2193,#2194,#2195,#2196,#2197));
#7044=EDGE_LOOP('',(#2198));
#7045=EDGE_LOOP('',(#2199));
#7046=EDGE_LOOP('',(#2200));
#7047=EDGE_LOOP('',(#2201,#2202,#2203,#2204,#2205,#2206,#2207,#2208,#2209,#2210,#2211,#2212,#2213,#2214,#2215,#2216));
#7048=EDGE_LOOP('',(#2217,#2218,#2219,#2220,#2221,#2222,#2223,#2224));
#7049=EDGE_LOOP('',(#2225));
#7050=EDGE_LOOP('',(#2226));
#7051=EDGE_LOOP('',(#2227));
#7052=EDGE_LOOP('',(#2228));
#7053=EDGE_LOOP('',(#2229));
#7054=EDGE_LOOP('',(#2230,#2231,#2232));
#7055=EDGE_LOOP('',(#2233,#2234,#2235));
#7056=EDGE_LOOP('',(#2236,#2237,#2238));
#7057=EDGE_LOOP('',(#2239,#2240,#2241));
#7058=EDGE_LOOP('',(#2242,#2243,#2244,#2245));
#7059=EDGE_LOOP('',(#2246,#2247,#2248));
#7060=EDGE_LOOP('',(#2249,#2250,#2251,#2252));
#7061=EDGE_LOOP('',(#2253,#2254,#2255));
#7062=EDGE_LOOP('',(#2256,#2257,#2258,#2259,#2260,#2261,#2262));
#7063=EDGE_LOOP('',(#2263,#2264,#2265,#2266));
#7064=EDGE_LOOP('',(#2267,#2268,#2269,#2270,#2271,#2272,#2273,#2274));
#7065=EDGE_LOOP('',(#2275,#2276,#2277,#2278));
#7066=EDGE_LOOP('',(#2279,#2280,#2281,#2282));
#7067=EDGE_LOOP('',(#2283,#2284,#2285,#2286));
#7068=EDGE_LOOP('',(#2287,#2288,#2289,#2290));
#7069=EDGE_LOOP('',(#2291,#2292,#2293,#2294,#2295,#2296,#2297,#2298));
#7070=EDGE_LOOP('',(#2299,#2300,#2301,#2302));
#7071=EDGE_LOOP('',(#2303,#2304,#2305,#2306,#2307,#2308,#2309,#2310));
#7072=EDGE_LOOP('',(#2311,#2312,#2313,#2314));
#7073=EDGE_LOOP('',(#2315,#2316,#2317,#2318));
#7074=EDGE_LOOP('',(#2319,#2320,#2321,#2322));
#7075=EDGE_LOOP('',(#2323,#2324,#2325,#2326));
#7076=EDGE_LOOP('',(#2327,#2328,#2329,#2330));
#7077=EDGE_LOOP('',(#2331,#2332,#2333,#2334));
#7078=EDGE_LOOP('',(#2335,#2336,#2337,#2338));
#7079=EDGE_LOOP('',(#2339,#2340,#2341,#2342));
#7080=EDGE_LOOP('',(#2343,#2344,#2345,#2346));
#7081=EDGE_LOOP('',(#2347,#2348,#2349,#2350,#2351,#2352,#2353,#2354,#2355));
#7082=EDGE_LOOP('',(#2356,#2357,#2358,#2359,#2360,#2361,#2362,#2363));
#7083=EDGE_LOOP('',(#2364,#2365,#2366,#2367));
#7084=EDGE_LOOP('',(#2368,#2369,#2370,#2371));
#7085=EDGE_LOOP('',(#2372,#2373,#2374,#2375));
#7086=EDGE_LOOP('',(#2376,#2377,#2378));
#7087=EDGE_LOOP('',(#2379,#2380,#2381));
#7088=EDGE_LOOP('',(#2382,#2383,#2384));
#7089=EDGE_LOOP('',(#2385,#2386,#2387));
#7090=EDGE_LOOP('',(#2388,#2389,#2390));
#7091=EDGE_LOOP('',(#2391,#2392,#2393));
#7092=EDGE_LOOP('',(#2394,#2395,#2396));
#7093=EDGE_LOOP('',(#2397,#2398,#2399));
#7094=EDGE_LOOP('',(#2400,#2401,#2402));
#7095=EDGE_LOOP('',(#2403,#2404,#2405));
#7096=EDGE_LOOP('',(#2406,#2407,#2408));
#7097=EDGE_LOOP('',(#2409,#2410,#2411));
#7098=EDGE_LOOP('',(#2412,#2413,#2414));
#7099=EDGE_LOOP('',(#2415,#2416,#2417));
#7100=EDGE_LOOP('',(#2418,#2419,#2420));
#7101=EDGE_LOOP('',(#2421,#2422,#2423));
#7102=EDGE_LOOP('',(#2424,#2425,#2426,#2427,#2428,#2429,#2430,#2431));
#7103=EDGE_LOOP('',(#2432,#2433,#2434,#2435,#2436,#2437,#2438,#2439));
#7104=EDGE_LOOP('',(#2440,#2441,#2442,#2443));
#7105=EDGE_LOOP('',(#2444,#2445,#2446,#2447));
#7106=EDGE_LOOP('',(#2448));
#7107=EDGE_LOOP('',(#2449));
#7108=EDGE_LOOP('',(#2450));
#7109=EDGE_LOOP('',(#2451));
#7110=EDGE_LOOP('',(#2452,#2453,#2454,#2455));
#7111=EDGE_LOOP('',(#2456));
#7112=EDGE_LOOP('',(#2457,#2458,#2459,#2460));
#7113=EDGE_LOOP('',(#2461,#2462,#2463,#2464));
#7114=EDGE_LOOP('',(#2465,#2466,#2467,#2468));
#7115=EDGE_LOOP('',(#2469,#2470,#2471,#2472,#2473,#2474,#2475,#2476,#2477,#2478));
#7116=EDGE_LOOP('',(#2479));
#7117=EDGE_LOOP('',(#2480));
#7118=EDGE_LOOP('',(#2481,#2482,#2483,#2484,#2485,#2486));
#7119=EDGE_LOOP('',(#2487,#2488,#2489,#2490,#2491,#2492,#2493,#2494,#2495,#2496,#2497));
#7120=EDGE_LOOP('',(#2498));
#7121=EDGE_LOOP('',(#2499,#2500,#2501,#2502,#2503,#2504,#2505));
#7122=EDGE_LOOP('',(#2506,#2507,#2508,#2509));
#7123=EDGE_LOOP('',(#2510,#2511,#2512,#2513));
#7124=EDGE_LOOP('',(#2514,#2515,#2516,#2517));
#7125=EDGE_LOOP('',(#2518));
#7126=EDGE_LOOP('',(#2519));
#7127=EDGE_LOOP('',(#2520,#2521,#2522,#2523));
#7128=EDGE_LOOP('',(#2524));
#7129=EDGE_LOOP('',(#2525));
#7130=EDGE_LOOP('',(#2526,#2527,#2528,#2529));
#7131=EDGE_LOOP('',(#2530,#2531,#2532,#2533));
#7132=EDGE_LOOP('',(#2534,#2535,#2536,#2537));
#7133=EDGE_LOOP('',(#2538,#2539,#2540,#2541));
#7134=EDGE_LOOP('',(#2542,#2543,#2544,#2545));
#7135=EDGE_LOOP('',(#2546,#2547,#2548,#2549));
#7136=EDGE_LOOP('',(#2550,#2551,#2552,#2553));
#7137=EDGE_LOOP('',(#2554));
#7138=EDGE_LOOP('',(#2555));
#7139=EDGE_LOOP('',(#2556,#2557,#2558,#2559));
#7140=EDGE_LOOP('',(#2560,#2561,#2562,#2563));
#7141=EDGE_LOOP('',(#2564,#2565,#2566,#2567));
#7142=EDGE_LOOP('',(#2568,#2569,#2570,#2571));
#7143=EDGE_LOOP('',(#2572,#2573,#2574,#2575));
#7144=EDGE_LOOP('',(#2576,#2577,#2578,#2579));
#7145=EDGE_LOOP('',(#2580,#2581,#2582,#2583));
#7146=EDGE_LOOP('',(#2584,#2585,#2586,#2587));
#7147=EDGE_LOOP('',(#2588,#2589,#2590,#2591));
#7148=EDGE_LOOP('',(#2592,#2593,#2594,#2595));
#7149=EDGE_LOOP('',(#2596,#2597,#2598,#2599));
#7150=EDGE_LOOP('',(#2600,#2601,#2602,#2603));
#7151=EDGE_LOOP('',(#2604,#2605,#2606,#2607));
#7152=EDGE_LOOP('',(#2608,#2609,#2610,#2611));
#7153=EDGE_LOOP('',(#2612,#2613,#2614,#2615));
#7154=EDGE_LOOP('',(#2616,#2617,#2618,#2619));
#7155=EDGE_LOOP('',(#2620,#2621,#2622,#2623));
#7156=EDGE_LOOP('',(#2624,#2625,#2626,#2627));
#7157=EDGE_LOOP('',(#2628,#2629,#2630,#2631));
#7158=EDGE_LOOP('',(#2632,#2633,#2634,#2635));
#7159=EDGE_LOOP('',(#2636,#2637,#2638,#2639));
#7160=EDGE_LOOP('',(#2640,#2641,#2642,#2643));
#7161=EDGE_LOOP('',(#2644,#2645,#2646,#2647));
#7162=EDGE_LOOP('',(#2648,#2649,#2650,#2651,#2652,#2653,#2654));
#7163=EDGE_LOOP('',(#2655,#2656,#2657,#2658));
#7164=EDGE_LOOP('',(#2659,#2660,#2661,#2662));
#7165=EDGE_LOOP('',(#2663,#2664,#2665,#2666));
#7166=EDGE_LOOP('',(#2667));
#7167=EDGE_LOOP('',(#2668));
#7168=EDGE_LOOP('',(#2669,#2670,#2671,#2672,#2673));
#7169=EDGE_LOOP('',(#2674,#2675,#2676,#2677,#2678,#2679,#2680,#2681));
#7170=EDGE_LOOP('',(#2682,#2683,#2684,#2685,#2686,#2687,#2688,#2689));
#7171=EDGE_LOOP('',(#2690,#2691,#2692,#2693));
#7172=EDGE_LOOP('',(#2694,#2695,#2696,#2697));
#7173=EDGE_LOOP('',(#2698));
#7174=EDGE_LOOP('',(#2699));
#7175=EDGE_LOOP('',(#2700));
#7176=EDGE_LOOP('',(#2701));
#7177=EDGE_LOOP('',(#2702,#2703,#2704,#2705));
#7178=EDGE_LOOP('',(#2706));
#7179=EDGE_LOOP('',(#2707,#2708,#2709,#2710));
#7180=EDGE_LOOP('',(#2711,#2712,#2713,#2714));
#7181=EDGE_LOOP('',(#2715,#2716,#2717,#2718));
#7182=EDGE_LOOP('',(#2719,#2720,#2721,#2722,#2723,#2724,#2725,#2726,#2727,#2728));
#7183=EDGE_LOOP('',(#2729));
#7184=EDGE_LOOP('',(#2730));
#7185=EDGE_LOOP('',(#2731,#2732,#2733,#2734,#2735,#2736));
#7186=EDGE_LOOP('',(#2737,#2738,#2739,#2740,#2741,#2742,#2743,#2744,#2745,#2746,#2747));
#7187=EDGE_LOOP('',(#2748));
#7188=EDGE_LOOP('',(#2749,#2750,#2751,#2752,#2753,#2754,#2755));
#7189=EDGE_LOOP('',(#2756,#2757,#2758,#2759));
#7190=EDGE_LOOP('',(#2760,#2761,#2762,#2763));
#7191=EDGE_LOOP('',(#2764,#2765,#2766,#2767));
#7192=EDGE_LOOP('',(#2768));
#7193=EDGE_LOOP('',(#2769));
#7194=EDGE_LOOP('',(#2770,#2771,#2772,#2773));
#7195=EDGE_LOOP('',(#2774));
#7196=EDGE_LOOP('',(#2775));
#7197=EDGE_LOOP('',(#2776,#2777,#2778,#2779));
#7198=EDGE_LOOP('',(#2780,#2781,#2782,#2783));
#7199=EDGE_LOOP('',(#2784,#2785,#2786,#2787));
#7200=EDGE_LOOP('',(#2788,#2789,#2790,#2791));
#7201=EDGE_LOOP('',(#2792,#2793,#2794,#2795));
#7202=EDGE_LOOP('',(#2796,#2797,#2798,#2799));
#7203=EDGE_LOOP('',(#2800,#2801,#2802,#2803));
#7204=EDGE_LOOP('',(#2804));
#7205=EDGE_LOOP('',(#2805));
#7206=EDGE_LOOP('',(#2806,#2807,#2808,#2809));
#7207=EDGE_LOOP('',(#2810,#2811,#2812,#2813));
#7208=EDGE_LOOP('',(#2814,#2815,#2816,#2817));
#7209=EDGE_LOOP('',(#2818,#2819,#2820,#2821));
#7210=EDGE_LOOP('',(#2822,#2823,#2824,#2825));
#7211=EDGE_LOOP('',(#2826,#2827,#2828,#2829));
#7212=EDGE_LOOP('',(#2830,#2831,#2832,#2833));
#7213=EDGE_LOOP('',(#2834,#2835,#2836,#2837));
#7214=EDGE_LOOP('',(#2838,#2839,#2840,#2841));
#7215=EDGE_LOOP('',(#2842,#2843,#2844,#2845));
#7216=EDGE_LOOP('',(#2846,#2847,#2848,#2849));
#7217=EDGE_LOOP('',(#2850,#2851,#2852,#2853));
#7218=EDGE_LOOP('',(#2854,#2855,#2856,#2857));
#7219=EDGE_LOOP('',(#2858,#2859,#2860,#2861));
#7220=EDGE_LOOP('',(#2862,#2863,#2864,#2865));
#7221=EDGE_LOOP('',(#2866,#2867,#2868,#2869));
#7222=EDGE_LOOP('',(#2870,#2871,#2872,#2873));
#7223=EDGE_LOOP('',(#2874,#2875,#2876,#2877));
#7224=EDGE_LOOP('',(#2878,#2879,#2880,#2881));
#7225=EDGE_LOOP('',(#2882,#2883,#2884,#2885));
#7226=EDGE_LOOP('',(#2886,#2887,#2888,#2889));
#7227=EDGE_LOOP('',(#2890,#2891,#2892,#2893));
#7228=EDGE_LOOP('',(#2894,#2895,#2896,#2897));
#7229=EDGE_LOOP('',(#2898,#2899,#2900,#2901,#2902,#2903,#2904));
#7230=EDGE_LOOP('',(#2905,#2906,#2907,#2908));
#7231=EDGE_LOOP('',(#2909,#2910,#2911,#2912));
#7232=EDGE_LOOP('',(#2913,#2914,#2915,#2916));
#7233=EDGE_LOOP('',(#2917));
#7234=EDGE_LOOP('',(#2918));
#7235=EDGE_LOOP('',(#2919,#2920,#2921,#2922,#2923));
#7236=EDGE_LOOP('',(#2924));
#7237=EDGE_LOOP('',(#2925));
#7238=EDGE_LOOP('',(#2926));
#7239=EDGE_LOOP('',(#2927));
#7240=EDGE_LOOP('',(#2928));
#7241=EDGE_LOOP('',(#2929));
#7242=EDGE_LOOP('',(#2930));
#7243=EDGE_LOOP('',(#2931));
#7244=EDGE_LOOP('',(#2932));
#7245=EDGE_LOOP('',(#2933));
#7246=EDGE_LOOP('',(#2934));
#7247=EDGE_LOOP('',(#2935));
#7248=EDGE_LOOP('',(#2936));
#7249=EDGE_LOOP('',(#2937));
#7250=EDGE_LOOP('',(#2938));
#7251=EDGE_LOOP('',(#2939));
#7252=EDGE_LOOP('',(#2940));
#7253=EDGE_LOOP('',(#2941));
#7254=EDGE_LOOP('',(#2942));
#7255=EDGE_LOOP('',(#2943));
#7256=EDGE_LOOP('',(#2944));
#7257=EDGE_LOOP('',(#2945));
#7258=EDGE_LOOP('',(#2946));
#7259=EDGE_LOOP('',(#2947));
#7260=EDGE_LOOP('',(#2948));
#7261=EDGE_LOOP('',(#2949));
#7262=EDGE_LOOP('',(#2950));
#7263=EDGE_LOOP('',(#2951));
#7264=EDGE_LOOP('',(#2952));
#7265=EDGE_LOOP('',(#2953));
#7266=EDGE_LOOP('',(#2954));
#7267=EDGE_LOOP('',(#2955));
#7268=EDGE_LOOP('',(#2956));
#7269=EDGE_LOOP('',(#2957));
#7270=EDGE_LOOP('',(#2958));
#7271=EDGE_LOOP('',(#2959));
#7272=EDGE_LOOP('',(#2960));
#7273=EDGE_LOOP('',(#2961));
#7274=EDGE_LOOP('',(#2962));
#7275=EDGE_LOOP('',(#2963));
#7276=EDGE_LOOP('',(#2964));
#7277=EDGE_LOOP('',(#2965));
#7278=EDGE_LOOP('',(#2966));
#7279=EDGE_LOOP('',(#2967));
#7280=EDGE_LOOP('',(#2968));
#7281=EDGE_LOOP('',(#2969));
#7282=EDGE_LOOP('',(#2970));
#7283=EDGE_LOOP('',(#2971));
#7284=EDGE_LOOP('',(#2972,#2973,#2974,#2975,#2976,#2977,#2978,#2979));
#7285=EDGE_LOOP('',(#2980,#2981,#2982,#2983,#2984,#2985,#2986,#2987));
#7286=EDGE_LOOP('',(#2988,#2989,#2990,#2991));
#7287=EDGE_LOOP('',(#2992,#2993,#2994,#2995));
#7288=EDGE_LOOP('',(#2996));
#7289=EDGE_LOOP('',(#2997));
#7290=EDGE_LOOP('',(#2998));
#7291=EDGE_LOOP('',(#2999));
#7292=EDGE_LOOP('',(#3000,#3001,#3002,#3003));
#7293=EDGE_LOOP('',(#3004));
#7294=EDGE_LOOP('',(#3005,#3006,#3007,#3008));
#7295=EDGE_LOOP('',(#3009,#3010,#3011,#3012));
#7296=EDGE_LOOP('',(#3013,#3014,#3015,#3016));
#7297=EDGE_LOOP('',(#3017,#3018,#3019,#3020,#3021,#3022,#3023,#3024,#3025,#3026));
#7298=EDGE_LOOP('',(#3027));
#7299=EDGE_LOOP('',(#3028));
#7300=EDGE_LOOP('',(#3029,#3030,#3031,#3032,#3033,#3034));
#7301=EDGE_LOOP('',(#3035,#3036,#3037,#3038,#3039,#3040,#3041,#3042,#3043,#3044,#3045));
#7302=EDGE_LOOP('',(#3046));
#7303=EDGE_LOOP('',(#3047,#3048,#3049,#3050,#3051,#3052,#3053));
#7304=EDGE_LOOP('',(#3054,#3055,#3056,#3057));
#7305=EDGE_LOOP('',(#3058,#3059,#3060,#3061));
#7306=EDGE_LOOP('',(#3062,#3063,#3064,#3065));
#7307=EDGE_LOOP('',(#3066));
#7308=EDGE_LOOP('',(#3067));
#7309=EDGE_LOOP('',(#3068,#3069,#3070,#3071));
#7310=EDGE_LOOP('',(#3072));
#7311=EDGE_LOOP('',(#3073));
#7312=EDGE_LOOP('',(#3074,#3075,#3076,#3077));
#7313=EDGE_LOOP('',(#3078,#3079,#3080,#3081));
#7314=EDGE_LOOP('',(#3082,#3083,#3084,#3085));
#7315=EDGE_LOOP('',(#3086,#3087,#3088,#3089));
#7316=EDGE_LOOP('',(#3090,#3091,#3092,#3093));
#7317=EDGE_LOOP('',(#3094,#3095,#3096,#3097));
#7318=EDGE_LOOP('',(#3098,#3099,#3100,#3101));
#7319=EDGE_LOOP('',(#3102));
#7320=EDGE_LOOP('',(#3103));
#7321=EDGE_LOOP('',(#3104,#3105,#3106,#3107));
#7322=EDGE_LOOP('',(#3108,#3109,#3110,#3111));
#7323=EDGE_LOOP('',(#3112,#3113,#3114,#3115));
#7324=EDGE_LOOP('',(#3116,#3117,#3118,#3119));
#7325=EDGE_LOOP('',(#3120,#3121,#3122,#3123));
#7326=EDGE_LOOP('',(#3124,#3125,#3126,#3127));
#7327=EDGE_LOOP('',(#3128,#3129,#3130,#3131));
#7328=EDGE_LOOP('',(#3132,#3133,#3134,#3135));
#7329=EDGE_LOOP('',(#3136,#3137,#3138,#3139));
#7330=EDGE_LOOP('',(#3140,#3141,#3142,#3143));
#7331=EDGE_LOOP('',(#3144,#3145,#3146,#3147));
#7332=EDGE_LOOP('',(#3148,#3149,#3150,#3151));
#7333=EDGE_LOOP('',(#3152,#3153,#3154,#3155));
#7334=EDGE_LOOP('',(#3156,#3157,#3158,#3159));
#7335=EDGE_LOOP('',(#3160,#3161,#3162,#3163));
#7336=EDGE_LOOP('',(#3164,#3165,#3166,#3167));
#7337=EDGE_LOOP('',(#3168,#3169,#3170,#3171));
#7338=EDGE_LOOP('',(#3172,#3173,#3174,#3175));
#7339=EDGE_LOOP('',(#3176,#3177,#3178,#3179));
#7340=EDGE_LOOP('',(#3180,#3181,#3182,#3183));
#7341=EDGE_LOOP('',(#3184,#3185,#3186,#3187));
#7342=EDGE_LOOP('',(#3188,#3189,#3190,#3191));
#7343=EDGE_LOOP('',(#3192,#3193,#3194,#3195));
#7344=EDGE_LOOP('',(#3196,#3197,#3198,#3199,#3200,#3201,#3202));
#7345=EDGE_LOOP('',(#3203,#3204,#3205,#3206));
#7346=EDGE_LOOP('',(#3207,#3208,#3209,#3210));
#7347=EDGE_LOOP('',(#3211,#3212,#3213,#3214));
#7348=EDGE_LOOP('',(#3215));
#7349=EDGE_LOOP('',(#3216));
#7350=EDGE_LOOP('',(#3217,#3218,#3219,#3220,#3221));
#7351=EDGE_LOOP('',(#3222,#3223,#3224,#3225,#3226,#3227,#3228,#3229));
#7352=EDGE_LOOP('',(#3230));
#7353=EDGE_LOOP('',(#3231));
#7354=EDGE_LOOP('',(#3232));
#7355=EDGE_LOOP('',(#3233,#3234,#3235,#3236,#3237,#3238,#3239,#3240,#3241,#3242,#3243,#3244,#3245,#3246,#3247,#3248));
#7356=EDGE_LOOP('',(#3249,#3250,#3251,#3252,#3253,#3254,#3255,#3256));
#7357=EDGE_LOOP('',(#3257));
#7358=EDGE_LOOP('',(#3258));
#7359=EDGE_LOOP('',(#3259));
#7360=EDGE_LOOP('',(#3260));
#7361=EDGE_LOOP('',(#3261));
#7362=EDGE_LOOP('',(#3262,#3263,#3264));
#7363=EDGE_LOOP('',(#3265,#3266,#3267));
#7364=EDGE_LOOP('',(#3268,#3269,#3270));
#7365=EDGE_LOOP('',(#3271,#3272,#3273));
#7366=EDGE_LOOP('',(#3274,#3275,#3276,#3277));
#7367=EDGE_LOOP('',(#3278,#3279,#3280));
#7368=EDGE_LOOP('',(#3281,#3282,#3283,#3284));
#7369=EDGE_LOOP('',(#3285,#3286,#3287));
#7370=EDGE_LOOP('',(#3288,#3289,#3290,#3291,#3292,#3293,#3294));
#7371=EDGE_LOOP('',(#3295,#3296,#3297,#3298));
#7372=EDGE_LOOP('',(#3299,#3300,#3301,#3302,#3303,#3304,#3305,#3306));
#7373=EDGE_LOOP('',(#3307,#3308,#3309,#3310));
#7374=EDGE_LOOP('',(#3311,#3312,#3313,#3314));
#7375=EDGE_LOOP('',(#3315,#3316,#3317,#3318));
#7376=EDGE_LOOP('',(#3319,#3320,#3321,#3322));
#7377=EDGE_LOOP('',(#3323,#3324,#3325,#3326,#3327,#3328,#3329,#3330));
#7378=EDGE_LOOP('',(#3331,#3332,#3333,#3334));
#7379=EDGE_LOOP('',(#3335,#3336,#3337,#3338,#3339,#3340,#3341,#3342));
#7380=EDGE_LOOP('',(#3343,#3344,#3345,#3346));
#7381=EDGE_LOOP('',(#3347,#3348,#3349,#3350));
#7382=EDGE_LOOP('',(#3351,#3352,#3353,#3354));
#7383=EDGE_LOOP('',(#3355,#3356,#3357,#3358));
#7384=EDGE_LOOP('',(#3359,#3360,#3361,#3362));
#7385=EDGE_LOOP('',(#3363,#3364,#3365,#3366));
#7386=EDGE_LOOP('',(#3367,#3368,#3369,#3370));
#7387=EDGE_LOOP('',(#3371,#3372,#3373,#3374));
#7388=EDGE_LOOP('',(#3375,#3376,#3377,#3378));
#7389=EDGE_LOOP('',(#3379,#3380,#3381,#3382,#3383,#3384,#3385,#3386,#3387));
#7390=EDGE_LOOP('',(#3388,#3389,#3390,#3391,#3392,#3393,#3394,#3395));
#7391=EDGE_LOOP('',(#3396,#3397,#3398,#3399));
#7392=EDGE_LOOP('',(#3400,#3401,#3402,#3403));
#7393=EDGE_LOOP('',(#3404,#3405,#3406,#3407));
#7394=EDGE_LOOP('',(#3408,#3409,#3410));
#7395=EDGE_LOOP('',(#3411,#3412,#3413));
#7396=EDGE_LOOP('',(#3414,#3415,#3416));
#7397=EDGE_LOOP('',(#3417,#3418,#3419));
#7398=EDGE_LOOP('',(#3420,#3421,#3422));
#7399=EDGE_LOOP('',(#3423,#3424,#3425));
#7400=EDGE_LOOP('',(#3426,#3427,#3428));
#7401=EDGE_LOOP('',(#3429,#3430,#3431));
#7402=EDGE_LOOP('',(#3432,#3433,#3434));
#7403=EDGE_LOOP('',(#3435,#3436,#3437));
#7404=EDGE_LOOP('',(#3438,#3439,#3440));
#7405=EDGE_LOOP('',(#3441,#3442,#3443));
#7406=EDGE_LOOP('',(#3444,#3445,#3446));
#7407=EDGE_LOOP('',(#3447,#3448,#3449));
#7408=EDGE_LOOP('',(#3450,#3451,#3452));
#7409=EDGE_LOOP('',(#3453,#3454,#3455));
#7410=EDGE_LOOP('',(#3456,#3457,#3458,#3459,#3460,#3461,#3462,#3463));
#7411=EDGE_LOOP('',(#3464,#3465,#3466,#3467,#3468,#3469,#3470,#3471));
#7412=EDGE_LOOP('',(#3472,#3473,#3474,#3475));
#7413=EDGE_LOOP('',(#3476,#3477,#3478,#3479));
#7414=EDGE_LOOP('',(#3480));
#7415=EDGE_LOOP('',(#3481));
#7416=EDGE_LOOP('',(#3482));
#7417=EDGE_LOOP('',(#3483));
#7418=EDGE_LOOP('',(#3484,#3485,#3486,#3487));
#7419=EDGE_LOOP('',(#3488));
#7420=EDGE_LOOP('',(#3489,#3490,#3491,#3492));
#7421=EDGE_LOOP('',(#3493,#3494,#3495,#3496));
#7422=EDGE_LOOP('',(#3497,#3498,#3499,#3500));
#7423=EDGE_LOOP('',(#3501,#3502,#3503,#3504,#3505,#3506,#3507,#3508,#3509,#3510));
#7424=EDGE_LOOP('',(#3511));
#7425=EDGE_LOOP('',(#3512));
#7426=EDGE_LOOP('',(#3513,#3514,#3515,#3516,#3517,#3518));
#7427=EDGE_LOOP('',(#3519,#3520,#3521,#3522,#3523,#3524,#3525,#3526,#3527,#3528,#3529));
#7428=EDGE_LOOP('',(#3530));
#7429=EDGE_LOOP('',(#3531,#3532,#3533,#3534,#3535,#3536,#3537));
#7430=EDGE_LOOP('',(#3538,#3539,#3540,#3541));
#7431=EDGE_LOOP('',(#3542,#3543,#3544,#3545));
#7432=EDGE_LOOP('',(#3546,#3547,#3548,#3549));
#7433=EDGE_LOOP('',(#3550));
#7434=EDGE_LOOP('',(#3551));
#7435=EDGE_LOOP('',(#3552,#3553,#3554,#3555));
#7436=EDGE_LOOP('',(#3556));
#7437=EDGE_LOOP('',(#3557));
#7438=EDGE_LOOP('',(#3558,#3559,#3560,#3561));
#7439=EDGE_LOOP('',(#3562,#3563,#3564,#3565));
#7440=EDGE_LOOP('',(#3566,#3567,#3568,#3569));
#7441=EDGE_LOOP('',(#3570,#3571,#3572,#3573));
#7442=EDGE_LOOP('',(#3574,#3575,#3576,#3577));
#7443=EDGE_LOOP('',(#3578,#3579,#3580,#3581));
#7444=EDGE_LOOP('',(#3582,#3583,#3584,#3585));
#7445=EDGE_LOOP('',(#3586));
#7446=EDGE_LOOP('',(#3587));
#7447=EDGE_LOOP('',(#3588,#3589,#3590,#3591));
#7448=EDGE_LOOP('',(#3592,#3593,#3594,#3595));
#7449=EDGE_LOOP('',(#3596,#3597,#3598,#3599));
#7450=EDGE_LOOP('',(#3600,#3601,#3602,#3603));
#7451=EDGE_LOOP('',(#3604,#3605,#3606,#3607));
#7452=EDGE_LOOP('',(#3608,#3609,#3610,#3611));
#7453=EDGE_LOOP('',(#3612,#3613,#3614,#3615));
#7454=EDGE_LOOP('',(#3616,#3617,#3618,#3619));
#7455=EDGE_LOOP('',(#3620,#3621,#3622,#3623));
#7456=EDGE_LOOP('',(#3624,#3625,#3626,#3627));
#7457=EDGE_LOOP('',(#3628,#3629,#3630,#3631));
#7458=EDGE_LOOP('',(#3632,#3633,#3634,#3635));
#7459=EDGE_LOOP('',(#3636,#3637,#3638,#3639));
#7460=EDGE_LOOP('',(#3640,#3641,#3642,#3643));
#7461=EDGE_LOOP('',(#3644,#3645,#3646,#3647));
#7462=EDGE_LOOP('',(#3648,#3649,#3650,#3651));
#7463=EDGE_LOOP('',(#3652,#3653,#3654,#3655));
#7464=EDGE_LOOP('',(#3656,#3657,#3658,#3659));
#7465=EDGE_LOOP('',(#3660,#3661,#3662,#3663));
#7466=EDGE_LOOP('',(#3664,#3665,#3666,#3667));
#7467=EDGE_LOOP('',(#3668,#3669,#3670,#3671));
#7468=EDGE_LOOP('',(#3672,#3673,#3674,#3675));
#7469=EDGE_LOOP('',(#3676,#3677,#3678,#3679));
#7470=EDGE_LOOP('',(#3680,#3681,#3682,#3683,#3684,#3685,#3686));
#7471=EDGE_LOOP('',(#3687,#3688,#3689,#3690));
#7472=EDGE_LOOP('',(#3691,#3692,#3693,#3694));
#7473=EDGE_LOOP('',(#3695,#3696,#3697,#3698));
#7474=EDGE_LOOP('',(#3699));
#7475=EDGE_LOOP('',(#3700));
#7476=EDGE_LOOP('',(#3701,#3702,#3703,#3704,#3705));
#7477=EDGE_LOOP('',(#3706));
#7478=EDGE_LOOP('',(#3707));
#7479=EDGE_LOOP('',(#3708));
#7480=EDGE_LOOP('',(#3709,#3710,#3711,#3712,#3713,#3714,#3715,#3716,#3717,#3718,#3719,#3720,#3721,#3722,#3723,#3724));
#7481=EDGE_LOOP('',(#3725));
#7482=EDGE_LOOP('',(#3726));
#7483=EDGE_LOOP('',(#3727));
#7484=EDGE_LOOP('',(#3728));
#7485=EDGE_LOOP('',(#3729));
#7486=EDGE_LOOP('',(#3730));
#7487=EDGE_LOOP('',(#3731));
#7488=EDGE_LOOP('',(#3732,#3733,#3734,#3735));
#7489=EDGE_LOOP('',(#3736,#3737,#3738,#3739));
#7490=EDGE_LOOP('',(#3740,#3741,#3742,#3743));
#7491=EDGE_LOOP('',(#3744,#3745,#3746,#3747));
#7492=EDGE_LOOP('',(#3748,#3749,#3750,#3751));
#7493=EDGE_LOOP('',(#3752,#3753,#3754,#3755));
#7494=EDGE_LOOP('',(#3756,#3757,#3758,#3759));
#7495=EDGE_LOOP('',(#3760,#3761,#3762,#3763));
#7496=EDGE_LOOP('',(#3764,#3765,#3766,#3767));
#7497=EDGE_LOOP('',(#3768,#3769,#3770,#3771));
#7498=EDGE_LOOP('',(#3772,#3773,#3774,#3775));
#7499=EDGE_LOOP('',(#3776,#3777,#3778,#3779));
#7500=EDGE_LOOP('',(#3780,#3781,#3782,#3783));
#7501=EDGE_LOOP('',(#3784,#3785,#3786,#3787));
#7502=EDGE_LOOP('',(#3788,#3789,#3790,#3791));
#7503=EDGE_LOOP('',(#3792));
#7504=EDGE_LOOP('',(#3793));
#7505=EDGE_LOOP('',(#3794));
#7506=EDGE_LOOP('',(#3795));
#7507=EDGE_LOOP('',(#3796));
#7508=EDGE_LOOP('',(#3797));
#7509=EDGE_LOOP('',(#3798,#3799,#3800,#3801));
#7510=EDGE_LOOP('',(#3802));
#7511=EDGE_LOOP('',(#3803));
#7512=EDGE_LOOP('',(#3804));
#7513=EDGE_LOOP('',(#3805));
#7514=EDGE_LOOP('',(#3806,#3807,#3808,#3809,#3810,#3811,#3812,#3813,#3814,#3815,#3816,#3817,#3818,#3819,#3820,#3821));
#7515=EDGE_LOOP('',(#3822));
#7516=EDGE_LOOP('',(#3823));
#7517=EDGE_LOOP('',(#3824));
#7518=EDGE_LOOP('',(#3825));
#7519=EDGE_LOOP('',(#3826));
#7520=EDGE_LOOP('',(#3827));
#7521=EDGE_LOOP('',(#3828));
#7522=EDGE_LOOP('',(#3829));
#7523=EDGE_LOOP('',(#3830));
#7524=EDGE_LOOP('',(#3831));
#7525=EDGE_LOOP('',(#3832));
#7526=EDGE_LOOP('',(#3833));
#7527=EDGE_LOOP('',(#3834));
#7528=EDGE_LOOP('',(#3835));
#7529=EDGE_LOOP('',(#3836));
#7530=EDGE_LOOP('',(#3837));
#7531=EDGE_LOOP('',(#3838));
#7532=EDGE_LOOP('',(#3839));
#7533=EDGE_LOOP('',(#3840));
#7534=EDGE_LOOP('',(#3841));
#7535=EDGE_LOOP('',(#3842));
#7536=EDGE_LOOP('',(#3843));
#7537=EDGE_LOOP('',(#3844));
#7538=EDGE_LOOP('',(#3845,#3846,#3847,#3848,#3849,#3850,#3851,#3852));
#7539=EDGE_LOOP('',(#3853));
#7540=EDGE_LOOP('',(#3854));
#7541=EDGE_LOOP('',(#3855));
#7542=EDGE_LOOP('',(#3856));
#7543=EDGE_LOOP('',(#3857));
#7544=EDGE_LOOP('',(#3858));
#7545=EDGE_LOOP('',(#3859));
#7546=EDGE_LOOP('',(#3860,#3861,#3862,#3863));
#7547=EDGE_LOOP('',(#3864,#3865,#3866,#3867));
#7548=EDGE_LOOP('',(#3868,#3869,#3870,#3871));
#7549=EDGE_LOOP('',(#3872,#3873,#3874,#3875));
#7550=EDGE_LOOP('',(#3876,#3877,#3878,#3879));
#7551=EDGE_LOOP('',(#3880,#3881,#3882,#3883));
#7552=EDGE_LOOP('',(#3884,#3885,#3886,#3887));
#7553=EDGE_LOOP('',(#3888));
#7554=EDGE_LOOP('',(#3889));
#7555=EDGE_LOOP('',(#3890));
#7556=EDGE_LOOP('',(#3891));
#7557=EDGE_LOOP('',(#3892));
#7558=EDGE_LOOP('',(#3893));
#7559=EDGE_LOOP('',(#3894,#3895,#3896,#3897));
#7560=EDGE_LOOP('',(#3898));
#7561=EDGE_LOOP('',(#3899));
#7562=EDGE_LOOP('',(#3900,#3901,#3902,#3903,#3904,#3905,#3906,#3907));
#7563=EDGE_LOOP('',(#3908));
#7564=EDGE_LOOP('',(#3909));
#7565=EDGE_LOOP('',(#3910));
#7566=EDGE_LOOP('',(#3911));
#7567=EDGE_LOOP('',(#3912));
#7568=EDGE_LOOP('',(#3913));
#7569=EDGE_LOOP('',(#3914));
#7570=EDGE_LOOP('',(#3915,#3916,#3917,#3918));
#7571=EDGE_LOOP('',(#3919,#3920,#3921,#3922));
#7572=EDGE_LOOP('',(#3923,#3924,#3925,#3926));
#7573=EDGE_LOOP('',(#3927,#3928,#3929,#3930));
#7574=EDGE_LOOP('',(#3931,#3932,#3933,#3934));
#7575=EDGE_LOOP('',(#3935,#3936,#3937,#3938));
#7576=EDGE_LOOP('',(#3939));
#7577=EDGE_LOOP('',(#3940));
#7578=EDGE_LOOP('',(#3941));
#7579=EDGE_LOOP('',(#3942,#3943,#3944,#3945));
#7580=EDGE_LOOP('',(#3946,#3947,#3948,#3949));
#7581=EDGE_LOOP('',(#3950,#3951,#3952,#3953));
#7582=EDGE_LOOP('',(#3954,#3955,#3956,#3957));
#7583=EDGE_LOOP('',(#3958,#3959,#3960,#3961));
#7584=EDGE_LOOP('',(#3962,#3963,#3964,#3965));
#7585=EDGE_LOOP('',(#3966));
#7586=EDGE_LOOP('',(#3967));
#7587=EDGE_LOOP('',(#3968));
#7588=EDGE_LOOP('',(#3969,#3970,#3971,#3972,#3973,#3974,#3975,#3976,#3977,#3978,#3979,#3980,#3981,#3982,#3983,#3984,#3985,#3986,#3987,#3988));
#7589=EDGE_LOOP('',(#3989));
#7590=EDGE_LOOP('',(#3990));
#7591=EDGE_LOOP('',(#3991));
#7592=EDGE_LOOP('',(#3992));
#7593=EDGE_LOOP('',(#3993));
#7594=EDGE_LOOP('',(#3994));
#7595=EDGE_LOOP('',(#3995));
#7596=EDGE_LOOP('',(#3996));
#7597=EDGE_LOOP('',(#3997));
#7598=EDGE_LOOP('',(#3998));
#7599=EDGE_LOOP('',(#3999));
#7600=EDGE_LOOP('',(#4000));
#7601=EDGE_LOOP('',(#4001));
#7602=EDGE_LOOP('',(#4002,#4003,#4004,#4005,#4006,#4007,#4008,#4009,#4010,#4011,#4012,#4013,#4014,#4015,#4016,#4017,#4018,#4019,#4020,#4021));
#7603=EDGE_LOOP('',(#4022));
#7604=EDGE_LOOP('',(#4023));
#7605=EDGE_LOOP('',(#4024));
#7606=EDGE_LOOP('',(#4025));
#7607=EDGE_LOOP('',(#4026));
#7608=EDGE_LOOP('',(#4027));
#7609=EDGE_LOOP('',(#4028));
#7610=EDGE_LOOP('',(#4029));
#7611=EDGE_LOOP('',(#4030));
#7612=EDGE_LOOP('',(#4031));
#7613=EDGE_LOOP('',(#4032,#4033,#4034,#4035));
#7614=EDGE_LOOP('',(#4036,#4037,#4038,#4039));
#7615=EDGE_LOOP('',(#4040,#4041,#4042,#4043));
#7616=EDGE_LOOP('',(#4044,#4045,#4046,#4047));
#7617=EDGE_LOOP('',(#4048,#4049,#4050,#4051));
#7618=EDGE_LOOP('',(#4052,#4053,#4054,#4055));
#7619=EDGE_LOOP('',(#4056,#4057,#4058,#4059));
#7620=EDGE_LOOP('',(#4060,#4061,#4062,#4063));
#7621=EDGE_LOOP('',(#4064,#4065,#4066,#4067));
#7622=EDGE_LOOP('',(#4068,#4069,#4070,#4071));
#7623=EDGE_LOOP('',(#4072,#4073,#4074,#4075));
#7624=EDGE_LOOP('',(#4076,#4077,#4078,#4079));
#7625=EDGE_LOOP('',(#4080,#4081,#4082,#4083));
#7626=EDGE_LOOP('',(#4084,#4085,#4086,#4087));
#7627=EDGE_LOOP('',(#4088,#4089,#4090,#4091));
#7628=EDGE_LOOP('',(#4092,#4093,#4094,#4095));
#7629=EDGE_LOOP('',(#4096,#4097,#4098,#4099));
#7630=EDGE_LOOP('',(#4100,#4101,#4102,#4103));
#7631=EDGE_LOOP('',(#4104,#4105,#4106,#4107));
#7632=EDGE_LOOP('',(#4108));
#7633=EDGE_LOOP('',(#4109));
#7634=EDGE_LOOP('',(#4110));
#7635=EDGE_LOOP('',(#4111));
#7636=EDGE_LOOP('',(#4112));
#7637=EDGE_LOOP('',(#4113));
#7638=EDGE_LOOP('',(#4114));
#7639=EDGE_LOOP('',(#4115));
#7640=EDGE_LOOP('',(#4116));
#7641=EDGE_LOOP('',(#4117));
#7642=EDGE_LOOP('',(#4118));
#7643=EDGE_LOOP('',(#4119));
#7644=EDGE_LOOP('',(#4120));
#7645=EDGE_LOOP('',(#4121));
#7646=EDGE_LOOP('',(#4122,#4123,#4124,#4125));
#7647=EDGE_LOOP('',(#4126));
#7648=EDGE_LOOP('',(#4127));
#7649=EDGE_LOOP('',(#4128));
#7650=EDGE_LOOP('',(#4129));
#7651=EDGE_LOOP('',(#4130));
#7652=EDGE_LOOP('',(#4131));
#7653=EDGE_LOOP('',(#4132));
#7654=EDGE_LOOP('',(#4133));
#7655=EDGE_LOOP('',(#4134));
#7656=EDGE_LOOP('',(#4135));
#7657=EDGE_LOOP('',(#4136));
#7658=EDGE_LOOP('',(#4137));
#7659=EDGE_LOOP('',(#4138,#4139,#4140,#4141,#4142,#4143,#4144,#4145));
#7660=EDGE_LOOP('',(#4146));
#7661=EDGE_LOOP('',(#4147));
#7662=EDGE_LOOP('',(#4148));
#7663=EDGE_LOOP('',(#4149,#4150,#4151,#4152,#4153,#4154,#4155,#4156,#4157,#4158,#4159,#4160,#4161,#4162,#4163,#4164));
#7664=EDGE_LOOP('',(#4165,#4166,#4167,#4168,#4169,#4170,#4171,#4172));
#7665=EDGE_LOOP('',(#4173));
#7666=EDGE_LOOP('',(#4174));
#7667=EDGE_LOOP('',(#4175));
#7668=EDGE_LOOP('',(#4176));
#7669=EDGE_LOOP('',(#4177));
#7670=EDGE_LOOP('',(#4178,#4179,#4180));
#7671=EDGE_LOOP('',(#4181,#4182,#4183));
#7672=EDGE_LOOP('',(#4184,#4185,#4186));
#7673=EDGE_LOOP('',(#4187,#4188,#4189));
#7674=EDGE_LOOP('',(#4190,#4191,#4192,#4193));
#7675=EDGE_LOOP('',(#4194,#4195,#4196));
#7676=EDGE_LOOP('',(#4197,#4198,#4199,#4200));
#7677=EDGE_LOOP('',(#4201,#4202,#4203));
#7678=EDGE_LOOP('',(#4204,#4205,#4206,#4207,#4208,#4209,#4210));
#7679=EDGE_LOOP('',(#4211,#4212,#4213,#4214));
#7680=EDGE_LOOP('',(#4215,#4216,#4217,#4218,#4219,#4220,#4221,#4222));
#7681=EDGE_LOOP('',(#4223,#4224,#4225,#4226));
#7682=EDGE_LOOP('',(#4227,#4228,#4229,#4230));
#7683=EDGE_LOOP('',(#4231,#4232,#4233,#4234));
#7684=EDGE_LOOP('',(#4235,#4236,#4237,#4238));
#7685=EDGE_LOOP('',(#4239,#4240,#4241,#4242,#4243,#4244,#4245,#4246));
#7686=EDGE_LOOP('',(#4247,#4248,#4249,#4250));
#7687=EDGE_LOOP('',(#4251,#4252,#4253,#4254,#4255,#4256,#4257,#4258));
#7688=EDGE_LOOP('',(#4259,#4260,#4261,#4262));
#7689=EDGE_LOOP('',(#4263,#4264,#4265,#4266));
#7690=EDGE_LOOP('',(#4267,#4268,#4269,#4270));
#7691=EDGE_LOOP('',(#4271,#4272,#4273,#4274));
#7692=EDGE_LOOP('',(#4275,#4276,#4277,#4278));
#7693=EDGE_LOOP('',(#4279,#4280,#4281,#4282));
#7694=EDGE_LOOP('',(#4283,#4284,#4285,#4286));
#7695=EDGE_LOOP('',(#4287,#4288,#4289,#4290));
#7696=EDGE_LOOP('',(#4291,#4292,#4293,#4294));
#7697=EDGE_LOOP('',(#4295,#4296,#4297,#4298,#4299,#4300,#4301,#4302,#4303));
#7698=EDGE_LOOP('',(#4304,#4305,#4306,#4307,#4308,#4309,#4310,#4311));
#7699=EDGE_LOOP('',(#4312,#4313,#4314,#4315));
#7700=EDGE_LOOP('',(#4316,#4317,#4318,#4319));
#7701=EDGE_LOOP('',(#4320,#4321,#4322,#4323));
#7702=EDGE_LOOP('',(#4324,#4325,#4326));
#7703=EDGE_LOOP('',(#4327,#4328,#4329));
#7704=EDGE_LOOP('',(#4330,#4331,#4332));
#7705=EDGE_LOOP('',(#4333,#4334,#4335));
#7706=EDGE_LOOP('',(#4336,#4337,#4338));
#7707=EDGE_LOOP('',(#4339,#4340,#4341));
#7708=EDGE_LOOP('',(#4342,#4343,#4344));
#7709=EDGE_LOOP('',(#4345,#4346,#4347));
#7710=EDGE_LOOP('',(#4348,#4349,#4350));
#7711=EDGE_LOOP('',(#4351,#4352,#4353));
#7712=EDGE_LOOP('',(#4354,#4355,#4356));
#7713=EDGE_LOOP('',(#4357,#4358,#4359));
#7714=EDGE_LOOP('',(#4360,#4361,#4362));
#7715=EDGE_LOOP('',(#4363,#4364,#4365));
#7716=EDGE_LOOP('',(#4366,#4367,#4368));
#7717=EDGE_LOOP('',(#4369,#4370,#4371));
#7718=EDGE_LOOP('',(#4372,#4373,#4374,#4375));
#7719=EDGE_LOOP('',(#4376,#4377,#4378,#4379));
#7720=EDGE_LOOP('',(#4380,#4381,#4382,#4383));
#7721=EDGE_LOOP('',(#4384,#4385,#4386,#4387));
#7722=EDGE_LOOP('',(#4388,#4389,#4390,#4391,#4392,#4393,#4394,#4395));
#7723=EDGE_LOOP('',(#4396,#4397,#4398,#4399,#4400,#4401));
#7724=EDGE_LOOP('',(#4402,#4403,#4404,#4405));
#7725=EDGE_LOOP('',(#4406,#4407,#4408,#4409));
#7726=EDGE_LOOP('',(#4410,#4411,#4412,#4413));
#7727=EDGE_LOOP('',(#4414,#4415,#4416,#4417));
#7728=EDGE_LOOP('',(#4418,#4419,#4420,#4421));
#7729=EDGE_LOOP('',(#4422,#4423,#4424,#4425,#4426,#4427,#4428,#4429));
#7730=EDGE_LOOP('',(#4430));
#7731=EDGE_LOOP('',(#4431));
#7732=EDGE_LOOP('',(#4432));
#7733=EDGE_LOOP('',(#4433,#4434,#4435,#4436,#4437,#4438,#4439,#4440,#4441,#4442,#4443,#4444,#4445,#4446,#4447,#4448));
#7734=EDGE_LOOP('',(#4449,#4450,#4451,#4452,#4453,#4454,#4455,#4456));
#7735=EDGE_LOOP('',(#4457));
#7736=EDGE_LOOP('',(#4458));
#7737=EDGE_LOOP('',(#4459));
#7738=EDGE_LOOP('',(#4460));
#7739=EDGE_LOOP('',(#4461));
#7740=EDGE_LOOP('',(#4462,#4463,#4464));
#7741=EDGE_LOOP('',(#4465,#4466,#4467));
#7742=EDGE_LOOP('',(#4468,#4469,#4470));
#7743=EDGE_LOOP('',(#4471,#4472,#4473));
#7744=EDGE_LOOP('',(#4474,#4475,#4476,#4477));
#7745=EDGE_LOOP('',(#4478,#4479,#4480));
#7746=EDGE_LOOP('',(#4481,#4482,#4483,#4484));
#7747=EDGE_LOOP('',(#4485,#4486,#4487));
#7748=EDGE_LOOP('',(#4488,#4489,#4490,#4491,#4492,#4493,#4494));
#7749=EDGE_LOOP('',(#4495,#4496,#4497,#4498));
#7750=EDGE_LOOP('',(#4499,#4500,#4501,#4502,#4503,#4504,#4505,#4506));
#7751=EDGE_LOOP('',(#4507,#4508,#4509,#4510));
#7752=EDGE_LOOP('',(#4511,#4512,#4513,#4514));
#7753=EDGE_LOOP('',(#4515,#4516,#4517,#4518));
#7754=EDGE_LOOP('',(#4519,#4520,#4521,#4522));
#7755=EDGE_LOOP('',(#4523,#4524,#4525,#4526,#4527,#4528,#4529,#4530));
#7756=EDGE_LOOP('',(#4531,#4532,#4533,#4534));
#7757=EDGE_LOOP('',(#4535,#4536,#4537,#4538,#4539,#4540,#4541,#4542));
#7758=EDGE_LOOP('',(#4543,#4544,#4545,#4546));
#7759=EDGE_LOOP('',(#4547,#4548,#4549,#4550));
#7760=EDGE_LOOP('',(#4551,#4552,#4553,#4554));
#7761=EDGE_LOOP('',(#4555,#4556,#4557,#4558));
#7762=EDGE_LOOP('',(#4559,#4560,#4561,#4562));
#7763=EDGE_LOOP('',(#4563,#4564,#4565,#4566));
#7764=EDGE_LOOP('',(#4567,#4568,#4569,#4570));
#7765=EDGE_LOOP('',(#4571,#4572,#4573,#4574));
#7766=EDGE_LOOP('',(#4575,#4576,#4577,#4578));
#7767=EDGE_LOOP('',(#4579,#4580,#4581,#4582,#4583,#4584,#4585,#4586,#4587));
#7768=EDGE_LOOP('',(#4588,#4589,#4590,#4591,#4592,#4593,#4594,#4595));
#7769=EDGE_LOOP('',(#4596,#4597,#4598,#4599));
#7770=EDGE_LOOP('',(#4600,#4601,#4602,#4603));
#7771=EDGE_LOOP('',(#4604,#4605,#4606,#4607));
#7772=EDGE_LOOP('',(#4608,#4609,#4610));
#7773=EDGE_LOOP('',(#4611,#4612,#4613));
#7774=EDGE_LOOP('',(#4614,#4615,#4616));
#7775=EDGE_LOOP('',(#4617,#4618,#4619));
#7776=EDGE_LOOP('',(#4620,#4621,#4622));
#7777=EDGE_LOOP('',(#4623,#4624,#4625));
#7778=EDGE_LOOP('',(#4626,#4627,#4628));
#7779=EDGE_LOOP('',(#4629,#4630,#4631));
#7780=EDGE_LOOP('',(#4632,#4633,#4634));
#7781=EDGE_LOOP('',(#4635,#4636,#4637));
#7782=EDGE_LOOP('',(#4638,#4639,#4640));
#7783=EDGE_LOOP('',(#4641,#4642,#4643));
#7784=EDGE_LOOP('',(#4644,#4645,#4646));
#7785=EDGE_LOOP('',(#4647,#4648,#4649));
#7786=EDGE_LOOP('',(#4650,#4651,#4652));
#7787=EDGE_LOOP('',(#4653,#4654,#4655));
#7788=FACE_BOUND('',#7027,.T.);
#7789=FACE_BOUND('',#7028,.T.);
#7790=FACE_BOUND('',#7029,.T.);
#7791=FACE_BOUND('',#7030,.T.);
#7792=FACE_BOUND('',#7031,.T.);
#7793=FACE_BOUND('',#7032,.T.);
#7794=FACE_BOUND('',#7033,.T.);
#7795=FACE_BOUND('',#7034,.T.);
#7796=FACE_BOUND('',#7035,.T.);
#7797=FACE_BOUND('',#7036,.T.);
#7798=FACE_BOUND('',#7037,.T.);
#7799=FACE_BOUND('',#7038,.T.);
#7800=FACE_BOUND('',#7039,.T.);
#7801=FACE_BOUND('',#7040,.T.);
#7802=FACE_BOUND('',#7041,.T.);
#7803=FACE_BOUND('',#7042,.T.);
#7804=FACE_BOUND('',#7043,.T.);
#7805=FACE_BOUND('',#7044,.T.);
#7806=FACE_BOUND('',#7045,.T.);
#7807=FACE_BOUND('',#7046,.T.);
#7808=FACE_BOUND('',#7047,.T.);
#7809=FACE_BOUND('',#7048,.T.);
#7810=FACE_BOUND('',#7049,.T.);
#7811=FACE_BOUND('',#7050,.T.);
#7812=FACE_BOUND('',#7051,.T.);
#7813=FACE_BOUND('',#7052,.T.);
#7814=FACE_BOUND('',#7053,.T.);
#7815=FACE_BOUND('',#7054,.T.);
#7816=FACE_BOUND('',#7055,.T.);
#7817=FACE_BOUND('',#7056,.T.);
#7818=FACE_BOUND('',#7057,.T.);
#7819=FACE_BOUND('',#7058,.T.);
#7820=FACE_BOUND('',#7059,.T.);
#7821=FACE_BOUND('',#7060,.T.);
#7822=FACE_BOUND('',#7061,.T.);
#7823=FACE_BOUND('',#7062,.T.);
#7824=FACE_BOUND('',#7063,.T.);
#7825=FACE_BOUND('',#7064,.T.);
#7826=FACE_BOUND('',#7065,.T.);
#7827=FACE_BOUND('',#7066,.T.);
#7828=FACE_BOUND('',#7067,.T.);
#7829=FACE_BOUND('',#7068,.T.);
#7830=FACE_BOUND('',#7069,.T.);
#7831=FACE_BOUND('',#7070,.T.);
#7832=FACE_BOUND('',#7071,.T.);
#7833=FACE_BOUND('',#7072,.T.);
#7834=FACE_BOUND('',#7073,.T.);
#7835=FACE_BOUND('',#7074,.T.);
#7836=FACE_BOUND('',#7075,.T.);
#7837=FACE_BOUND('',#7076,.T.);
#7838=FACE_BOUND('',#7077,.T.);
#7839=FACE_BOUND('',#7078,.T.);
#7840=FACE_BOUND('',#7079,.T.);
#7841=FACE_BOUND('',#7080,.T.);
#7842=FACE_BOUND('',#7081,.T.);
#7843=FACE_BOUND('',#7082,.T.);
#7844=FACE_BOUND('',#7083,.T.);
#7845=FACE_BOUND('',#7084,.T.);
#7846=FACE_BOUND('',#7085,.T.);
#7847=FACE_BOUND('',#7086,.T.);
#7848=FACE_BOUND('',#7087,.T.);
#7849=FACE_BOUND('',#7088,.T.);
#7850=FACE_BOUND('',#7089,.T.);
#7851=FACE_BOUND('',#7090,.T.);
#7852=FACE_BOUND('',#7091,.T.);
#7853=FACE_BOUND('',#7092,.T.);
#7854=FACE_BOUND('',#7093,.T.);
#7855=FACE_BOUND('',#7094,.T.);
#7856=FACE_BOUND('',#7095,.T.);
#7857=FACE_BOUND('',#7096,.T.);
#7858=FACE_BOUND('',#7097,.T.);
#7859=FACE_BOUND('',#7098,.T.);
#7860=FACE_BOUND('',#7099,.T.);
#7861=FACE_BOUND('',#7100,.T.);
#7862=FACE_BOUND('',#7101,.T.);
#7863=FACE_BOUND('',#7102,.T.);
#7864=FACE_BOUND('',#7103,.T.);
#7865=FACE_BOUND('',#7104,.T.);
#7866=FACE_BOUND('',#7105,.T.);
#7867=FACE_BOUND('',#7106,.T.);
#7868=FACE_BOUND('',#7107,.T.);
#7869=FACE_BOUND('',#7108,.T.);
#7870=FACE_BOUND('',#7109,.T.);
#7871=FACE_BOUND('',#7110,.T.);
#7872=FACE_BOUND('',#7111,.T.);
#7873=FACE_BOUND('',#7112,.T.);
#7874=FACE_BOUND('',#7113,.T.);
#7875=FACE_BOUND('',#7114,.T.);
#7876=FACE_BOUND('',#7115,.T.);
#7877=FACE_BOUND('',#7116,.T.);
#7878=FACE_BOUND('',#7117,.T.);
#7879=FACE_BOUND('',#7118,.T.);
#7880=FACE_BOUND('',#7119,.T.);
#7881=FACE_BOUND('',#7120,.T.);
#7882=FACE_BOUND('',#7121,.T.);
#7883=FACE_BOUND('',#7122,.T.);
#7884=FACE_BOUND('',#7123,.T.);
#7885=FACE_BOUND('',#7124,.T.);
#7886=FACE_BOUND('',#7125,.T.);
#7887=FACE_BOUND('',#7126,.T.);
#7888=FACE_BOUND('',#7127,.T.);
#7889=FACE_BOUND('',#7128,.T.);
#7890=FACE_BOUND('',#7129,.T.);
#7891=FACE_BOUND('',#7130,.T.);
#7892=FACE_BOUND('',#7131,.T.);
#7893=FACE_BOUND('',#7132,.T.);
#7894=FACE_BOUND('',#7133,.T.);
#7895=FACE_BOUND('',#7134,.T.);
#7896=FACE_BOUND('',#7135,.T.);
#7897=FACE_BOUND('',#7136,.T.);
#7898=FACE_BOUND('',#7137,.T.);
#7899=FACE_BOUND('',#7138,.T.);
#7900=FACE_BOUND('',#7139,.T.);
#7901=FACE_BOUND('',#7140,.T.);
#7902=FACE_BOUND('',#7141,.T.);
#7903=FACE_BOUND('',#7142,.T.);
#7904=FACE_BOUND('',#7143,.T.);
#7905=FACE_BOUND('',#7144,.T.);
#7906=FACE_BOUND('',#7145,.T.);
#7907=FACE_BOUND('',#7146,.T.);
#7908=FACE_BOUND('',#7147,.T.);
#7909=FACE_BOUND('',#7148,.T.);
#7910=FACE_BOUND('',#7149,.T.);
#7911=FACE_BOUND('',#7150,.T.);
#7912=FACE_BOUND('',#7151,.T.);
#7913=FACE_BOUND('',#7152,.T.);
#7914=FACE_BOUND('',#7153,.T.);
#7915=FACE_BOUND('',#7154,.T.);
#7916=FACE_BOUND('',#7155,.T.);
#7917=FACE_BOUND('',#7156,.T.);
#7918=FACE_BOUND('',#7157,.T.);
#7919=FACE_BOUND('',#7158,.T.);
#7920=FACE_BOUND('',#7159,.T.);
#7921=FACE_BOUND('',#7160,.T.);
#7922=FACE_BOUND('',#7161,.T.);
#7923=FACE_BOUND('',#7162,.T.);
#7924=FACE_BOUND('',#7163,.T.);
#7925=FACE_BOUND('',#7164,.T.);
#7926=FACE_BOUND('',#7165,.T.);
#7927=FACE_BOUND('',#7166,.T.);
#7928=FACE_BOUND('',#7167,.T.);
#7929=FACE_BOUND('',#7168,.T.);
#7930=FACE_BOUND('',#7169,.T.);
#7931=FACE_BOUND('',#7170,.T.);
#7932=FACE_BOUND('',#7171,.T.);
#7933=FACE_BOUND('',#7172,.T.);
#7934=FACE_BOUND('',#7173,.T.);
#7935=FACE_BOUND('',#7174,.T.);
#7936=FACE_BOUND('',#7175,.T.);
#7937=FACE_BOUND('',#7176,.T.);
#7938=FACE_BOUND('',#7177,.T.);
#7939=FACE_BOUND('',#7178,.T.);
#7940=FACE_BOUND('',#7179,.T.);
#7941=FACE_BOUND('',#7180,.T.);
#7942=FACE_BOUND('',#7181,.T.);
#7943=FACE_BOUND('',#7182,.T.);
#7944=FACE_BOUND('',#7183,.T.);
#7945=FACE_BOUND('',#7184,.T.);
#7946=FACE_BOUND('',#7185,.T.);
#7947=FACE_BOUND('',#7186,.T.);
#7948=FACE_BOUND('',#7187,.T.);
#7949=FACE_BOUND('',#7188,.T.);
#7950=FACE_BOUND('',#7189,.T.);
#7951=FACE_BOUND('',#7190,.T.);
#7952=FACE_BOUND('',#7191,.T.);
#7953=FACE_BOUND('',#7192,.T.);
#7954=FACE_BOUND('',#7193,.T.);
#7955=FACE_BOUND('',#7194,.T.);
#7956=FACE_BOUND('',#7195,.T.);
#7957=FACE_BOUND('',#7196,.T.);
#7958=FACE_BOUND('',#7197,.T.);
#7959=FACE_BOUND('',#7198,.T.);
#7960=FACE_BOUND('',#7199,.T.);
#7961=FACE_BOUND('',#7200,.T.);
#7962=FACE_BOUND('',#7201,.T.);
#7963=FACE_BOUND('',#7202,.T.);
#7964=FACE_BOUND('',#7203,.T.);
#7965=FACE_BOUND('',#7204,.T.);
#7966=FACE_BOUND('',#7205,.T.);
#7967=FACE_BOUND('',#7206,.T.);
#7968=FACE_BOUND('',#7207,.T.);
#7969=FACE_BOUND('',#7208,.T.);
#7970=FACE_BOUND('',#7209,.T.);
#7971=FACE_BOUND('',#7210,.T.);
#7972=FACE_BOUND('',#7211,.T.);
#7973=FACE_BOUND('',#7212,.T.);
#7974=FACE_BOUND('',#7213,.T.);
#7975=FACE_BOUND('',#7214,.T.);
#7976=FACE_BOUND('',#7215,.T.);
#7977=FACE_BOUND('',#7216,.T.);
#7978=FACE_BOUND('',#7217,.T.);
#7979=FACE_BOUND('',#7218,.T.);
#7980=FACE_BOUND('',#7219,.T.);
#7981=FACE_BOUND('',#7220,.T.);
#7982=FACE_BOUND('',#7221,.T.);
#7983=FACE_BOUND('',#7222,.T.);
#7984=FACE_BOUND('',#7223,.T.);
#7985=FACE_BOUND('',#7224,.T.);
#7986=FACE_BOUND('',#7225,.T.);
#7987=FACE_BOUND('',#7226,.T.);
#7988=FACE_BOUND('',#7227,.T.);
#7989=FACE_BOUND('',#7228,.T.);
#7990=FACE_BOUND('',#7229,.T.);
#7991=FACE_BOUND('',#7230,.T.);
#7992=FACE_BOUND('',#7231,.T.);
#7993=FACE_BOUND('',#7232,.T.);
#7994=FACE_BOUND('',#7233,.T.);
#7995=FACE_BOUND('',#7234,.T.);
#7996=FACE_BOUND('',#7235,.T.);
#7997=FACE_BOUND('',#7236,.T.);
#7998=FACE_BOUND('',#7237,.T.);
#7999=FACE_BOUND('',#7238,.T.);
#8000=FACE_BOUND('',#7239,.T.);
#8001=FACE_BOUND('',#7240,.T.);
#8002=FACE_BOUND('',#7241,.T.);
#8003=FACE_BOUND('',#7242,.T.);
#8004=FACE_BOUND('',#7243,.T.);
#8005=FACE_BOUND('',#7244,.T.);
#8006=FACE_BOUND('',#7245,.T.);
#8007=FACE_BOUND('',#7246,.T.);
#8008=FACE_BOUND('',#7247,.T.);
#8009=FACE_BOUND('',#7248,.T.);
#8010=FACE_BOUND('',#7249,.T.);
#8011=FACE_BOUND('',#7250,.T.);
#8012=FACE_BOUND('',#7251,.T.);
#8013=FACE_BOUND('',#7252,.T.);
#8014=FACE_BOUND('',#7253,.T.);
#8015=FACE_BOUND('',#7254,.T.);
#8016=FACE_BOUND('',#7255,.T.);
#8017=FACE_BOUND('',#7256,.T.);
#8018=FACE_BOUND('',#7257,.T.);
#8019=FACE_BOUND('',#7258,.T.);
#8020=FACE_BOUND('',#7259,.T.);
#8021=FACE_BOUND('',#7260,.T.);
#8022=FACE_BOUND('',#7261,.T.);
#8023=FACE_BOUND('',#7262,.T.);
#8024=FACE_BOUND('',#7263,.T.);
#8025=FACE_BOUND('',#7264,.T.);
#8026=FACE_BOUND('',#7265,.T.);
#8027=FACE_BOUND('',#7266,.T.);
#8028=FACE_BOUND('',#7267,.T.);
#8029=FACE_BOUND('',#7268,.T.);
#8030=FACE_BOUND('',#7269,.T.);
#8031=FACE_BOUND('',#7270,.T.);
#8032=FACE_BOUND('',#7271,.T.);
#8033=FACE_BOUND('',#7272,.T.);
#8034=FACE_BOUND('',#7273,.T.);
#8035=FACE_BOUND('',#7274,.T.);
#8036=FACE_BOUND('',#7275,.T.);
#8037=FACE_BOUND('',#7276,.T.);
#8038=FACE_BOUND('',#7277,.T.);
#8039=FACE_BOUND('',#7278,.T.);
#8040=FACE_BOUND('',#7279,.T.);
#8041=FACE_BOUND('',#7280,.T.);
#8042=FACE_BOUND('',#7281,.T.);
#8043=FACE_BOUND('',#7282,.T.);
#8044=FACE_BOUND('',#7283,.T.);
#8045=FACE_BOUND('',#7284,.T.);
#8046=FACE_BOUND('',#7285,.T.);
#8047=FACE_BOUND('',#7286,.T.);
#8048=FACE_BOUND('',#7287,.T.);
#8049=FACE_BOUND('',#7288,.T.);
#8050=FACE_BOUND('',#7289,.T.);
#8051=FACE_BOUND('',#7290,.T.);
#8052=FACE_BOUND('',#7291,.T.);
#8053=FACE_BOUND('',#7292,.T.);
#8054=FACE_BOUND('',#7293,.T.);
#8055=FACE_BOUND('',#7294,.T.);
#8056=FACE_BOUND('',#7295,.T.);
#8057=FACE_BOUND('',#7296,.T.);
#8058=FACE_BOUND('',#7297,.T.);
#8059=FACE_BOUND('',#7298,.T.);
#8060=FACE_BOUND('',#7299,.T.);
#8061=FACE_BOUND('',#7300,.T.);
#8062=FACE_BOUND('',#7301,.T.);
#8063=FACE_BOUND('',#7302,.T.);
#8064=FACE_BOUND('',#7303,.T.);
#8065=FACE_BOUND('',#7304,.T.);
#8066=FACE_BOUND('',#7305,.T.);
#8067=FACE_BOUND('',#7306,.T.);
#8068=FACE_BOUND('',#7307,.T.);
#8069=FACE_BOUND('',#7308,.T.);
#8070=FACE_BOUND('',#7309,.T.);
#8071=FACE_BOUND('',#7310,.T.);
#8072=FACE_BOUND('',#7311,.T.);
#8073=FACE_BOUND('',#7312,.T.);
#8074=FACE_BOUND('',#7313,.T.);
#8075=FACE_BOUND('',#7314,.T.);
#8076=FACE_BOUND('',#7315,.T.);
#8077=FACE_BOUND('',#7316,.T.);
#8078=FACE_BOUND('',#7317,.T.);
#8079=FACE_BOUND('',#7318,.T.);
#8080=FACE_BOUND('',#7319,.T.);
#8081=FACE_BOUND('',#7320,.T.);
#8082=FACE_BOUND('',#7321,.T.);
#8083=FACE_BOUND('',#7322,.T.);
#8084=FACE_BOUND('',#7323,.T.);
#8085=FACE_BOUND('',#7324,.T.);
#8086=FACE_BOUND('',#7325,.T.);
#8087=FACE_BOUND('',#7326,.T.);
#8088=FACE_BOUND('',#7327,.T.);
#8089=FACE_BOUND('',#7328,.T.);
#8090=FACE_BOUND('',#7329,.T.);
#8091=FACE_BOUND('',#7330,.T.);
#8092=FACE_BOUND('',#7331,.T.);
#8093=FACE_BOUND('',#7332,.T.);
#8094=FACE_BOUND('',#7333,.T.);
#8095=FACE_BOUND('',#7334,.T.);
#8096=FACE_BOUND('',#7335,.T.);
#8097=FACE_BOUND('',#7336,.T.);
#8098=FACE_BOUND('',#7337,.T.);
#8099=FACE_BOUND('',#7338,.T.);
#8100=FACE_BOUND('',#7339,.T.);
#8101=FACE_BOUND('',#7340,.T.);
#8102=FACE_BOUND('',#7341,.T.);
#8103=FACE_BOUND('',#7342,.T.);
#8104=FACE_BOUND('',#7343,.T.);
#8105=FACE_BOUND('',#7344,.T.);
#8106=FACE_BOUND('',#7345,.T.);
#8107=FACE_BOUND('',#7346,.T.);
#8108=FACE_BOUND('',#7347,.T.);
#8109=FACE_BOUND('',#7348,.T.);
#8110=FACE_BOUND('',#7349,.T.);
#8111=FACE_BOUND('',#7350,.T.);
#8112=FACE_BOUND('',#7351,.T.);
#8113=FACE_BOUND('',#7352,.T.);
#8114=FACE_BOUND('',#7353,.T.);
#8115=FACE_BOUND('',#7354,.T.);
#8116=FACE_BOUND('',#7355,.T.);
#8117=FACE_BOUND('',#7356,.T.);
#8118=FACE_BOUND('',#7357,.T.);
#8119=FACE_BOUND('',#7358,.T.);
#8120=FACE_BOUND('',#7359,.T.);
#8121=FACE_BOUND('',#7360,.T.);
#8122=FACE_BOUND('',#7361,.T.);
#8123=FACE_BOUND('',#7362,.T.);
#8124=FACE_BOUND('',#7363,.T.);
#8125=FACE_BOUND('',#7364,.T.);
#8126=FACE_BOUND('',#7365,.T.);
#8127=FACE_BOUND('',#7366,.T.);
#8128=FACE_BOUND('',#7367,.T.);
#8129=FACE_BOUND('',#7368,.T.);
#8130=FACE_BOUND('',#7369,.T.);
#8131=FACE_BOUND('',#7370,.T.);
#8132=FACE_BOUND('',#7371,.T.);
#8133=FACE_BOUND('',#7372,.T.);
#8134=FACE_BOUND('',#7373,.T.);
#8135=FACE_BOUND('',#7374,.T.);
#8136=FACE_BOUND('',#7375,.T.);
#8137=FACE_BOUND('',#7376,.T.);
#8138=FACE_BOUND('',#7377,.T.);
#8139=FACE_BOUND('',#7378,.T.);
#8140=FACE_BOUND('',#7379,.T.);
#8141=FACE_BOUND('',#7380,.T.);
#8142=FACE_BOUND('',#7381,.T.);
#8143=FACE_BOUND('',#7382,.T.);
#8144=FACE_BOUND('',#7383,.T.);
#8145=FACE_BOUND('',#7384,.T.);
#8146=FACE_BOUND('',#7385,.T.);
#8147=FACE_BOUND('',#7386,.T.);
#8148=FACE_BOUND('',#7387,.T.);
#8149=FACE_BOUND('',#7388,.T.);
#8150=FACE_BOUND('',#7389,.T.);
#8151=FACE_BOUND('',#7390,.T.);
#8152=FACE_BOUND('',#7391,.T.);
#8153=FACE_BOUND('',#7392,.T.);
#8154=FACE_BOUND('',#7393,.T.);
#8155=FACE_BOUND('',#7394,.T.);
#8156=FACE_BOUND('',#7395,.T.);
#8157=FACE_BOUND('',#7396,.T.);
#8158=FACE_BOUND('',#7397,.T.);
#8159=FACE_BOUND('',#7398,.T.);
#8160=FACE_BOUND('',#7399,.T.);
#8161=FACE_BOUND('',#7400,.T.);
#8162=FACE_BOUND('',#7401,.T.);
#8163=FACE_BOUND('',#7402,.T.);
#8164=FACE_BOUND('',#7403,.T.);
#8165=FACE_BOUND('',#7404,.T.);
#8166=FACE_BOUND('',#7405,.T.);
#8167=FACE_BOUND('',#7406,.T.);
#8168=FACE_BOUND('',#7407,.T.);
#8169=FACE_BOUND('',#7408,.T.);
#8170=FACE_BOUND('',#7409,.T.);
#8171=FACE_BOUND('',#7410,.T.);
#8172=FACE_BOUND('',#7411,.T.);
#8173=FACE_BOUND('',#7412,.T.);
#8174=FACE_BOUND('',#7413,.T.);
#8175=FACE_BOUND('',#7414,.T.);
#8176=FACE_BOUND('',#7415,.T.);
#8177=FACE_BOUND('',#7416,.T.);
#8178=FACE_BOUND('',#7417,.T.);
#8179=FACE_BOUND('',#7418,.T.);
#8180=FACE_BOUND('',#7419,.T.);
#8181=FACE_BOUND('',#7420,.T.);
#8182=FACE_BOUND('',#7421,.T.);
#8183=FACE_BOUND('',#7422,.T.);
#8184=FACE_BOUND('',#7423,.T.);
#8185=FACE_BOUND('',#7424,.T.);
#8186=FACE_BOUND('',#7425,.T.);
#8187=FACE_BOUND('',#7426,.T.);
#8188=FACE_BOUND('',#7427,.T.);
#8189=FACE_BOUND('',#7428,.T.);
#8190=FACE_BOUND('',#7429,.T.);
#8191=FACE_BOUND('',#7430,.T.);
#8192=FACE_BOUND('',#7431,.T.);
#8193=FACE_BOUND('',#7432,.T.);
#8194=FACE_BOUND('',#7433,.T.);
#8195=FACE_BOUND('',#7434,.T.);
#8196=FACE_BOUND('',#7435,.T.);
#8197=FACE_BOUND('',#7436,.T.);
#8198=FACE_BOUND('',#7437,.T.);
#8199=FACE_BOUND('',#7438,.T.);
#8200=FACE_BOUND('',#7439,.T.);
#8201=FACE_BOUND('',#7440,.T.);
#8202=FACE_BOUND('',#7441,.T.);
#8203=FACE_BOUND('',#7442,.T.);
#8204=FACE_BOUND('',#7443,.T.);
#8205=FACE_BOUND('',#7444,.T.);
#8206=FACE_BOUND('',#7445,.T.);
#8207=FACE_BOUND('',#7446,.T.);
#8208=FACE_BOUND('',#7447,.T.);
#8209=FACE_BOUND('',#7448,.T.);
#8210=FACE_BOUND('',#7449,.T.);
#8211=FACE_BOUND('',#7450,.T.);
#8212=FACE_BOUND('',#7451,.T.);
#8213=FACE_BOUND('',#7452,.T.);
#8214=FACE_BOUND('',#7453,.T.);
#8215=FACE_BOUND('',#7454,.T.);
#8216=FACE_BOUND('',#7455,.T.);
#8217=FACE_BOUND('',#7456,.T.);
#8218=FACE_BOUND('',#7457,.T.);
#8219=FACE_BOUND('',#7458,.T.);
#8220=FACE_BOUND('',#7459,.T.);
#8221=FACE_BOUND('',#7460,.T.);
#8222=FACE_BOUND('',#7461,.T.);
#8223=FACE_BOUND('',#7462,.T.);
#8224=FACE_BOUND('',#7463,.T.);
#8225=FACE_BOUND('',#7464,.T.);
#8226=FACE_BOUND('',#7465,.T.);
#8227=FACE_BOUND('',#7466,.T.);
#8228=FACE_BOUND('',#7467,.T.);
#8229=FACE_BOUND('',#7468,.T.);
#8230=FACE_BOUND('',#7469,.T.);
#8231=FACE_BOUND('',#7470,.T.);
#8232=FACE_BOUND('',#7471,.T.);
#8233=FACE_BOUND('',#7472,.T.);
#8234=FACE_BOUND('',#7473,.T.);
#8235=FACE_BOUND('',#7474,.T.);
#8236=FACE_BOUND('',#7475,.T.);
#8237=FACE_BOUND('',#7476,.T.);
#8238=FACE_BOUND('',#7477,.T.);
#8239=FACE_BOUND('',#7478,.T.);
#8240=FACE_BOUND('',#7479,.T.);
#8241=FACE_BOUND('',#7480,.T.);
#8242=FACE_BOUND('',#7481,.T.);
#8243=FACE_BOUND('',#7482,.T.);
#8244=FACE_BOUND('',#7483,.T.);
#8245=FACE_BOUND('',#7484,.T.);
#8246=FACE_BOUND('',#7485,.T.);
#8247=FACE_BOUND('',#7486,.T.);
#8248=FACE_BOUND('',#7487,.T.);
#8249=FACE_BOUND('',#7488,.T.);
#8250=FACE_BOUND('',#7489,.T.);
#8251=FACE_BOUND('',#7490,.T.);
#8252=FACE_BOUND('',#7491,.T.);
#8253=FACE_BOUND('',#7492,.T.);
#8254=FACE_BOUND('',#7493,.T.);
#8255=FACE_BOUND('',#7494,.T.);
#8256=FACE_BOUND('',#7495,.T.);
#8257=FACE_BOUND('',#7496,.T.);
#8258=FACE_BOUND('',#7497,.T.);
#8259=FACE_BOUND('',#7498,.T.);
#8260=FACE_BOUND('',#7499,.T.);
#8261=FACE_BOUND('',#7500,.T.);
#8262=FACE_BOUND('',#7501,.T.);
#8263=FACE_BOUND('',#7502,.T.);
#8264=FACE_BOUND('',#7503,.T.);
#8265=FACE_BOUND('',#7504,.T.);
#8266=FACE_BOUND('',#7505,.T.);
#8267=FACE_BOUND('',#7506,.T.);
#8268=FACE_BOUND('',#7507,.T.);
#8269=FACE_BOUND('',#7508,.T.);
#8270=FACE_BOUND('',#7509,.T.);
#8271=FACE_BOUND('',#7510,.T.);
#8272=FACE_BOUND('',#7511,.T.);
#8273=FACE_BOUND('',#7512,.T.);
#8274=FACE_BOUND('',#7513,.T.);
#8275=FACE_BOUND('',#7514,.T.);
#8276=FACE_BOUND('',#7515,.T.);
#8277=FACE_BOUND('',#7516,.T.);
#8278=FACE_BOUND('',#7517,.T.);
#8279=FACE_BOUND('',#7518,.T.);
#8280=FACE_BOUND('',#7519,.T.);
#8281=FACE_BOUND('',#7520,.T.);
#8282=FACE_BOUND('',#7521,.T.);
#8283=FACE_BOUND('',#7522,.T.);
#8284=FACE_BOUND('',#7523,.T.);
#8285=FACE_BOUND('',#7524,.T.);
#8286=FACE_BOUND('',#7525,.T.);
#8287=FACE_BOUND('',#7526,.T.);
#8288=FACE_BOUND('',#7527,.T.);
#8289=FACE_BOUND('',#7528,.T.);
#8290=FACE_BOUND('',#7529,.T.);
#8291=FACE_BOUND('',#7530,.T.);
#8292=FACE_BOUND('',#7531,.T.);
#8293=FACE_BOUND('',#7532,.T.);
#8294=FACE_BOUND('',#7533,.T.);
#8295=FACE_BOUND('',#7534,.T.);
#8296=FACE_BOUND('',#7535,.T.);
#8297=FACE_BOUND('',#7536,.T.);
#8298=FACE_BOUND('',#7537,.T.);
#8299=FACE_BOUND('',#7538,.T.);
#8300=FACE_BOUND('',#7539,.T.);
#8301=FACE_BOUND('',#7540,.T.);
#8302=FACE_BOUND('',#7541,.T.);
#8303=FACE_BOUND('',#7542,.T.);
#8304=FACE_BOUND('',#7543,.T.);
#8305=FACE_BOUND('',#7544,.T.);
#8306=FACE_BOUND('',#7545,.T.);
#8307=FACE_BOUND('',#7546,.T.);
#8308=FACE_BOUND('',#7547,.T.);
#8309=FACE_BOUND('',#7548,.T.);
#8310=FACE_BOUND('',#7549,.T.);
#8311=FACE_BOUND('',#7550,.T.);
#8312=FACE_BOUND('',#7551,.T.);
#8313=FACE_BOUND('',#7552,.T.);
#8314=FACE_BOUND('',#7553,.T.);
#8315=FACE_BOUND('',#7554,.T.);
#8316=FACE_BOUND('',#7555,.T.);
#8317=FACE_BOUND('',#7556,.T.);
#8318=FACE_BOUND('',#7557,.T.);
#8319=FACE_BOUND('',#7558,.T.);
#8320=FACE_BOUND('',#7559,.T.);
#8321=FACE_BOUND('',#7560,.T.);
#8322=FACE_BOUND('',#7561,.T.);
#8323=FACE_BOUND('',#7562,.T.);
#8324=FACE_BOUND('',#7563,.T.);
#8325=FACE_BOUND('',#7564,.T.);
#8326=FACE_BOUND('',#7565,.T.);
#8327=FACE_BOUND('',#7566,.T.);
#8328=FACE_BOUND('',#7567,.T.);
#8329=FACE_BOUND('',#7568,.T.);
#8330=FACE_BOUND('',#7569,.T.);
#8331=FACE_BOUND('',#7570,.T.);
#8332=FACE_BOUND('',#7571,.T.);
#8333=FACE_BOUND('',#7572,.T.);
#8334=FACE_BOUND('',#7573,.T.);
#8335=FACE_BOUND('',#7574,.T.);
#8336=FACE_BOUND('',#7575,.T.);
#8337=FACE_BOUND('',#7576,.T.);
#8338=FACE_BOUND('',#7577,.T.);
#8339=FACE_BOUND('',#7578,.T.);
#8340=FACE_BOUND('',#7579,.T.);
#8341=FACE_BOUND('',#7580,.T.);
#8342=FACE_BOUND('',#7581,.T.);
#8343=FACE_BOUND('',#7582,.T.);
#8344=FACE_BOUND('',#7583,.T.);
#8345=FACE_BOUND('',#7584,.T.);
#8346=FACE_BOUND('',#7585,.T.);
#8347=FACE_BOUND('',#7586,.T.);
#8348=FACE_BOUND('',#7587,.T.);
#8349=FACE_BOUND('',#7588,.T.);
#8350=FACE_BOUND('',#7589,.T.);
#8351=FACE_BOUND('',#7590,.T.);
#8352=FACE_BOUND('',#7591,.T.);
#8353=FACE_BOUND('',#7592,.T.);
#8354=FACE_BOUND('',#7593,.T.);
#8355=FACE_BOUND('',#7594,.T.);
#8356=FACE_BOUND('',#7595,.T.);
#8357=FACE_BOUND('',#7596,.T.);
#8358=FACE_BOUND('',#7597,.T.);
#8359=FACE_BOUND('',#7598,.T.);
#8360=FACE_BOUND('',#7599,.T.);
#8361=FACE_BOUND('',#7600,.T.);
#8362=FACE_BOUND('',#7601,.T.);
#8363=FACE_BOUND('',#7602,.T.);
#8364=FACE_BOUND('',#7603,.T.);
#8365=FACE_BOUND('',#7604,.T.);
#8366=FACE_BOUND('',#7605,.T.);
#8367=FACE_BOUND('',#7606,.T.);
#8368=FACE_BOUND('',#7607,.T.);
#8369=FACE_BOUND('',#7608,.T.);
#8370=FACE_BOUND('',#7609,.T.);
#8371=FACE_BOUND('',#7610,.T.);
#8372=FACE_BOUND('',#7611,.T.);
#8373=FACE_BOUND('',#7612,.T.);
#8374=FACE_BOUND('',#7613,.T.);
#8375=FACE_BOUND('',#7614,.T.);
#8376=FACE_BOUND('',#7615,.T.);
#8377=FACE_BOUND('',#7616,.T.);
#8378=FACE_BOUND('',#7617,.T.);
#8379=FACE_BOUND('',#7618,.T.);
#8380=FACE_BOUND('',#7619,.T.);
#8381=FACE_BOUND('',#7620,.T.);
#8382=FACE_BOUND('',#7621,.T.);
#8383=FACE_BOUND('',#7622,.T.);
#8384=FACE_BOUND('',#7623,.T.);
#8385=FACE_BOUND('',#7624,.T.);
#8386=FACE_BOUND('',#7625,.T.);
#8387=FACE_BOUND('',#7626,.T.);
#8388=FACE_BOUND('',#7627,.T.);
#8389=FACE_BOUND('',#7628,.T.);
#8390=FACE_BOUND('',#7629,.T.);
#8391=FACE_BOUND('',#7630,.T.);
#8392=FACE_BOUND('',#7631,.T.);
#8393=FACE_BOUND('',#7632,.T.);
#8394=FACE_BOUND('',#7633,.T.);
#8395=FACE_BOUND('',#7634,.T.);
#8396=FACE_BOUND('',#7635,.T.);
#8397=FACE_BOUND('',#7636,.T.);
#8398=FACE_BOUND('',#7637,.T.);
#8399=FACE_BOUND('',#7638,.T.);
#8400=FACE_BOUND('',#7639,.T.);
#8401=FACE_BOUND('',#7640,.T.);
#8402=FACE_BOUND('',#7641,.T.);
#8403=FACE_BOUND('',#7642,.T.);
#8404=FACE_BOUND('',#7643,.T.);
#8405=FACE_BOUND('',#7644,.T.);
#8406=FACE_BOUND('',#7645,.T.);
#8407=FACE_BOUND('',#7646,.T.);
#8408=FACE_BOUND('',#7647,.T.);
#8409=FACE_BOUND('',#7648,.T.);
#8410=FACE_BOUND('',#7649,.T.);
#8411=FACE_BOUND('',#7650,.T.);
#8412=FACE_BOUND('',#7651,.T.);
#8413=FACE_BOUND('',#7652,.T.);
#8414=FACE_BOUND('',#7653,.T.);
#8415=FACE_BOUND('',#7654,.T.);
#8416=FACE_BOUND('',#7655,.T.);
#8417=FACE_BOUND('',#7656,.T.);
#8418=FACE_BOUND('',#7657,.T.);
#8419=FACE_BOUND('',#7658,.T.);
#8420=FACE_BOUND('',#7659,.T.);
#8421=FACE_BOUND('',#7660,.T.);
#8422=FACE_BOUND('',#7661,.T.);
#8423=FACE_BOUND('',#7662,.T.);
#8424=FACE_BOUND('',#7663,.T.);
#8425=FACE_BOUND('',#7664,.T.);
#8426=FACE_BOUND('',#7665,.T.);
#8427=FACE_BOUND('',#7666,.T.);
#8428=FACE_BOUND('',#7667,.T.);
#8429=FACE_BOUND('',#7668,.T.);
#8430=FACE_BOUND('',#7669,.T.);
#8431=FACE_BOUND('',#7670,.T.);
#8432=FACE_BOUND('',#7671,.T.);
#8433=FACE_BOUND('',#7672,.T.);
#8434=FACE_BOUND('',#7673,.T.);
#8435=FACE_BOUND('',#7674,.T.);
#8436=FACE_BOUND('',#7675,.T.);
#8437=FACE_BOUND('',#7676,.T.);
#8438=FACE_BOUND('',#7677,.T.);
#8439=FACE_BOUND('',#7678,.T.);
#8440=FACE_BOUND('',#7679,.T.);
#8441=FACE_BOUND('',#7680,.T.);
#8442=FACE_BOUND('',#7681,.T.);
#8443=FACE_BOUND('',#7682,.T.);
#8444=FACE_BOUND('',#7683,.T.);
#8445=FACE_BOUND('',#7684,.T.);
#8446=FACE_BOUND('',#7685,.T.);
#8447=FACE_BOUND('',#7686,.T.);
#8448=FACE_BOUND('',#7687,.T.);
#8449=FACE_BOUND('',#7688,.T.);
#8450=FACE_BOUND('',#7689,.T.);
#8451=FACE_BOUND('',#7690,.T.);
#8452=FACE_BOUND('',#7691,.T.);
#8453=FACE_BOUND('',#7692,.T.);
#8454=FACE_BOUND('',#7693,.T.);
#8455=FACE_BOUND('',#7694,.T.);
#8456=FACE_BOUND('',#7695,.T.);
#8457=FACE_BOUND('',#7696,.T.);
#8458=FACE_BOUND('',#7697,.T.);
#8459=FACE_BOUND('',#7698,.T.);
#8460=FACE_BOUND('',#7699,.T.);
#8461=FACE_BOUND('',#7700,.T.);
#8462=FACE_BOUND('',#7701,.T.);
#8463=FACE_BOUND('',#7702,.T.);
#8464=FACE_BOUND('',#7703,.T.);
#8465=FACE_BOUND('',#7704,.T.);
#8466=FACE_BOUND('',#7705,.T.);
#8467=FACE_BOUND('',#7706,.T.);
#8468=FACE_BOUND('',#7707,.T.);
#8469=FACE_BOUND('',#7708,.T.);
#8470=FACE_BOUND('',#7709,.T.);
#8471=FACE_BOUND('',#7710,.T.);
#8472=FACE_BOUND('',#7711,.T.);
#8473=FACE_BOUND('',#7712,.T.);
#8474=FACE_BOUND('',#7713,.T.);
#8475=FACE_BOUND('',#7714,.T.);
#8476=FACE_BOUND('',#7715,.T.);
#8477=FACE_BOUND('',#7716,.T.);
#8478=FACE_BOUND('',#7717,.T.);
#8479=FACE_BOUND('',#7718,.T.);
#8480=FACE_BOUND('',#7719,.T.);
#8481=FACE_BOUND('',#7720,.T.);
#8482=FACE_BOUND('',#7721,.T.);
#8483=FACE_BOUND('',#7722,.T.);
#8484=FACE_BOUND('',#7723,.T.);
#8485=FACE_BOUND('',#7724,.T.);
#8486=FACE_BOUND('',#7725,.T.);
#8487=FACE_BOUND('',#7726,.T.);
#8488=FACE_BOUND('',#7727,.T.);
#8489=FACE_BOUND('',#7728,.T.);
#8490=FACE_BOUND('',#7729,.T.);
#8491=FACE_BOUND('',#7730,.T.);
#8492=FACE_BOUND('',#7731,.T.);
#8493=FACE_BOUND('',#7732,.T.);
#8494=FACE_BOUND('',#7733,.T.);
#8495=FACE_BOUND('',#7734,.T.);
#8496=FACE_BOUND('',#7735,.T.);
#8497=FACE_BOUND('',#7736,.T.);
#8498=FACE_BOUND('',#7737,.T.);
#8499=FACE_BOUND('',#7738,.T.);
#8500=FACE_BOUND('',#7739,.T.);
#8501=FACE_BOUND('',#7740,.T.);
#8502=FACE_BOUND('',#7741,.T.);
#8503=FACE_BOUND('',#7742,.T.);
#8504=FACE_BOUND('',#7743,.T.);
#8505=FACE_BOUND('',#7744,.T.);
#8506=FACE_BOUND('',#7745,.T.);
#8507=FACE_BOUND('',#7746,.T.);
#8508=FACE_BOUND('',#7747,.T.);
#8509=FACE_BOUND('',#7748,.T.);
#8510=FACE_BOUND('',#7749,.T.);
#8511=FACE_BOUND('',#7750,.T.);
#8512=FACE_BOUND('',#7751,.T.);
#8513=FACE_BOUND('',#7752,.T.);
#8514=FACE_BOUND('',#7753,.T.);
#8515=FACE_BOUND('',#7754,.T.);
#8516=FACE_BOUND('',#7755,.T.);
#8517=FACE_BOUND('',#7756,.T.);
#8518=FACE_BOUND('',#7757,.T.);
#8519=FACE_BOUND('',#7758,.T.);
#8520=FACE_BOUND('',#7759,.T.);
#8521=FACE_BOUND('',#7760,.T.);
#8522=FACE_BOUND('',#7761,.T.);
#8523=FACE_BOUND('',#7762,.T.);
#8524=FACE_BOUND('',#7763,.T.);
#8525=FACE_BOUND('',#7764,.T.);
#8526=FACE_BOUND('',#7765,.T.);
#8527=FACE_BOUND('',#7766,.T.);
#8528=FACE_BOUND('',#7767,.T.);
#8529=FACE_BOUND('',#7768,.T.);
#8530=FACE_BOUND('',#7769,.T.);
#8531=FACE_BOUND('',#7770,.T.);
#8532=FACE_BOUND('',#7771,.T.);
#8533=FACE_BOUND('',#7772,.T.);
#8534=FACE_BOUND('',#7773,.T.);
#8535=FACE_BOUND('',#7774,.T.);
#8536=FACE_BOUND('',#7775,.T.);
#8537=FACE_BOUND('',#7776,.T.);
#8538=FACE_BOUND('',#7777,.T.);
#8539=FACE_BOUND('',#7778,.T.);
#8540=FACE_BOUND('',#7779,.T.);
#8541=FACE_BOUND('',#7780,.T.);
#8542=FACE_BOUND('',#7781,.T.);
#8543=FACE_BOUND('',#7782,.T.);
#8544=FACE_BOUND('',#7783,.T.);
#8545=FACE_BOUND('',#7784,.T.);
#8546=FACE_BOUND('',#7785,.T.);
#8547=FACE_BOUND('',#7786,.T.);
#8548=FACE_BOUND('',#7787,.T.);
#8549=CYLINDRICAL_SURFACE('',#9422,0.01375);
#8550=CYLINDRICAL_SURFACE('',#9432,0.002);
#8551=CYLINDRICAL_SURFACE('',#9436,0.0015);
#8552=CYLINDRICAL_SURFACE('',#9440,0.0015);
#8553=CYLINDRICAL_SURFACE('',#9447,0.004);
#8554=CYLINDRICAL_SURFACE('',#9463,0.0015);
#8555=CYLINDRICAL_SURFACE('',#9519,0.00215);
#8556=CYLINDRICAL_SURFACE('',#9521,0.00215);
#8557=CYLINDRICAL_SURFACE('',#9563,0.016);
#8558=CYLINDRICAL_SURFACE('',#9571,0.004);
#8559=CYLINDRICAL_SURFACE('',#9572,0.0016);
#8560=CYLINDRICAL_SURFACE('',#9573,0.0016);
#8561=CYLINDRICAL_SURFACE('',#9574,0.0016);
#8562=CYLINDRICAL_SURFACE('',#9575,0.0016);
#8563=CYLINDRICAL_SURFACE('',#9576,0.0016);
#8564=CYLINDRICAL_SURFACE('',#9577,0.0016);
#8565=CYLINDRICAL_SURFACE('',#9578,0.0016);
#8566=CYLINDRICAL_SURFACE('',#9579,0.0016);
#8567=CYLINDRICAL_SURFACE('',#9580,0.018);
#8568=CYLINDRICAL_SURFACE('',#9581,0.018);
#8569=CYLINDRICAL_SURFACE('',#9582,0.018);
#8570=CYLINDRICAL_SURFACE('',#9583,0.018);
#8571=CYLINDRICAL_SURFACE('',#9584,0.018);
#8572=CYLINDRICAL_SURFACE('',#9585,0.018);
#8573=CYLINDRICAL_SURFACE('',#9586,0.018);
#8574=CYLINDRICAL_SURFACE('',#9587,0.018);
#8575=CYLINDRICAL_SURFACE('',#9604,0.00215);
#8576=CYLINDRICAL_SURFACE('',#9606,0.00215);
#8577=CYLINDRICAL_SURFACE('',#9648,0.016);
#8578=CYLINDRICAL_SURFACE('',#9656,0.004);
#8579=CYLINDRICAL_SURFACE('',#9657,0.0016);
#8580=CYLINDRICAL_SURFACE('',#9658,0.0016);
#8581=CYLINDRICAL_SURFACE('',#9659,0.0016);
#8582=CYLINDRICAL_SURFACE('',#9660,0.0016);
#8583=CYLINDRICAL_SURFACE('',#9661,0.0016);
#8584=CYLINDRICAL_SURFACE('',#9662,0.0016);
#8585=CYLINDRICAL_SURFACE('',#9663,0.0016);
#8586=CYLINDRICAL_SURFACE('',#9664,0.0016);
#8587=CYLINDRICAL_SURFACE('',#9665,0.018);
#8588=CYLINDRICAL_SURFACE('',#9666,0.018);
#8589=CYLINDRICAL_SURFACE('',#9667,0.018);
#8590=CYLINDRICAL_SURFACE('',#9668,0.018);
#8591=CYLINDRICAL_SURFACE('',#9669,0.018);
#8592=CYLINDRICAL_SURFACE('',#9670,0.018);
#8593=CYLINDRICAL_SURFACE('',#9671,0.018);
#8594=CYLINDRICAL_SURFACE('',#9672,0.018);
#8595=CYLINDRICAL_SURFACE('',#9685,0.01375);
#8596=CYLINDRICAL_SURFACE('',#9695,0.002);
#8597=CYLINDRICAL_SURFACE('',#9699,0.0015);
#8598=CYLINDRICAL_SURFACE('',#9703,0.01375);
#8599=CYLINDRICAL_SURFACE('',#9713,0.002);
#8600=CYLINDRICAL_SURFACE('',#9717,0.0015);
#8601=CYLINDRICAL_SURFACE('',#9721,0.01375);
#8602=CYLINDRICAL_SURFACE('',#9731,0.002);
#8603=CYLINDRICAL_SURFACE('',#9735,0.0015);
#8604=CYLINDRICAL_SURFACE('',#9743,0.00215);
#8605=CYLINDRICAL_SURFACE('',#9745,0.00215);
#8606=CYLINDRICAL_SURFACE('',#9787,0.016);
#8607=CYLINDRICAL_SURFACE('',#9795,0.004);
#8608=CYLINDRICAL_SURFACE('',#9796,0.0016);
#8609=CYLINDRICAL_SURFACE('',#9797,0.0016);
#8610=CYLINDRICAL_SURFACE('',#9798,0.0016);
#8611=CYLINDRICAL_SURFACE('',#9799,0.0016);
#8612=CYLINDRICAL_SURFACE('',#9800,0.0016);
#8613=CYLINDRICAL_SURFACE('',#9801,0.0016);
#8614=CYLINDRICAL_SURFACE('',#9802,0.0016);
#8615=CYLINDRICAL_SURFACE('',#9803,0.0016);
#8616=CYLINDRICAL_SURFACE('',#9804,0.018);
#8617=CYLINDRICAL_SURFACE('',#9805,0.018);
#8618=CYLINDRICAL_SURFACE('',#9806,0.018);
#8619=CYLINDRICAL_SURFACE('',#9807,0.018);
#8620=CYLINDRICAL_SURFACE('',#9808,0.018);
#8621=CYLINDRICAL_SURFACE('',#9809,0.018);
#8622=CYLINDRICAL_SURFACE('',#9810,0.018);
#8623=CYLINDRICAL_SURFACE('',#9811,0.018);
#8624=CYLINDRICAL_SURFACE('',#9824,0.0015);
#8625=CYLINDRICAL_SURFACE('',#9831,0.004);
#8626=CYLINDRICAL_SURFACE('',#9847,0.0015);
#8627=CYLINDRICAL_SURFACE('',#9903,0.00215);
#8628=CYLINDRICAL_SURFACE('',#9905,0.00215);
#8629=CYLINDRICAL_SURFACE('',#9947,0.016);
#8630=CYLINDRICAL_SURFACE('',#9955,0.004);
#8631=CYLINDRICAL_SURFACE('',#9956,0.0016);
#8632=CYLINDRICAL_SURFACE('',#9957,0.0016);
#8633=CYLINDRICAL_SURFACE('',#9958,0.0016);
#8634=CYLINDRICAL_SURFACE('',#9959,0.0016);
#8635=CYLINDRICAL_SURFACE('',#9960,0.0016);
#8636=CYLINDRICAL_SURFACE('',#9961,0.0016);
#8637=CYLINDRICAL_SURFACE('',#9962,0.0016);
#8638=CYLINDRICAL_SURFACE('',#9963,0.0016);
#8639=CYLINDRICAL_SURFACE('',#9964,0.018);
#8640=CYLINDRICAL_SURFACE('',#9965,0.018);
#8641=CYLINDRICAL_SURFACE('',#9966,0.018);
#8642=CYLINDRICAL_SURFACE('',#9967,0.018);
#8643=CYLINDRICAL_SURFACE('',#9968,0.018);
#8644=CYLINDRICAL_SURFACE('',#9969,0.018);
#8645=CYLINDRICAL_SURFACE('',#9970,0.018);
#8646=CYLINDRICAL_SURFACE('',#9971,0.018);
#8647=CYLINDRICAL_SURFACE('',#10004,0.00383606144143915);
#8648=CYLINDRICAL_SURFACE('',#10007,0.00203989050351083);
#8649=CYLINDRICAL_SURFACE('',#10011,0.00203989050351083);
#8650=CYLINDRICAL_SURFACE('',#10014,0.00383606144143915);
#8651=CYLINDRICAL_SURFACE('',#10017,0.00383606144143915);
#8652=CYLINDRICAL_SURFACE('',#10020,0.00383606144143915);
#8653=CYLINDRICAL_SURFACE('',#10022,0.002);
#8654=CYLINDRICAL_SURFACE('',#10025,0.002);
#8655=CYLINDRICAL_SURFACE('',#10027,0.002);
#8656=CYLINDRICAL_SURFACE('',#10030,0.002);
#8657=CYLINDRICAL_SURFACE('',#10035,0.0035);
#8658=CYLINDRICAL_SURFACE('',#10037,0.004);
#8659=CYLINDRICAL_SURFACE('',#10039,0.0035);
#8660=CYLINDRICAL_SURFACE('',#10041,0.004);
#8661=CYLINDRICAL_SURFACE('',#10043,0.0035);
#8662=CYLINDRICAL_SURFACE('',#10045,0.004);
#8663=CYLINDRICAL_SURFACE('',#10047,0.0035);
#8664=CYLINDRICAL_SURFACE('',#10049,0.004);
#8665=CYLINDRICAL_SURFACE('',#10062,0.00253405425703221);
#8666=CYLINDRICAL_SURFACE('',#10065,0.00253405425703221);
#8667=CYLINDRICAL_SURFACE('',#10068,0.00253405425703221);
#8668=CYLINDRICAL_SURFACE('',#10071,0.00253405425703221);
#8669=CYLINDRICAL_SURFACE('',#10073,0.002);
#8670=CYLINDRICAL_SURFACE('',#10075,0.002);
#8671=CYLINDRICAL_SURFACE('',#10077,0.002);
#8672=CYLINDRICAL_SURFACE('',#10081,0.002);
#8673=CYLINDRICAL_SURFACE('',#10093,0.00127706173424113);
#8674=CYLINDRICAL_SURFACE('',#10149,0.00215);
#8675=CYLINDRICAL_SURFACE('',#10150,0.00214999999999997);
#8676=CYLINDRICAL_SURFACE('',#10151,0.00215);
#8677=CYLINDRICAL_SURFACE('',#10152,0.00215);
#8678=CYLINDRICAL_SURFACE('',#10153,0.00215);
#8679=CYLINDRICAL_SURFACE('',#10154,0.00215);
#8680=CYLINDRICAL_SURFACE('',#10155,0.00215);
#8681=CYLINDRICAL_SURFACE('',#10157,0.00215);
#8682=CYLINDRICAL_SURFACE('',#10158,0.00215);
#8683=CYLINDRICAL_SURFACE('',#10159,0.00215);
#8684=CYLINDRICAL_SURFACE('',#10160,0.00215);
#8685=CYLINDRICAL_SURFACE('',#10161,0.00215);
#8686=CYLINDRICAL_SURFACE('',#10164,0.0015);
#8687=CYLINDRICAL_SURFACE('',#10171,0.004);
#8688=CYLINDRICAL_SURFACE('',#10187,0.0015);
#8689=CYLINDRICAL_SURFACE('',#10251,0.01);
#8690=CYLINDRICAL_SURFACE('',#10252,0.01);
#8691=CYLINDRICAL_SURFACE('',#10253,0.01);
#8692=CYLINDRICAL_SURFACE('',#10255,0.01);
#8693=CYLINDRICAL_SURFACE('',#10257,0.01);
#8694=CYLINDRICAL_SURFACE('',#10259,0.0015);
#8695=CYLINDRICAL_SURFACE('',#10266,0.004);
#8696=CYLINDRICAL_SURFACE('',#10282,0.0015);
#8697=ADVANCED_FACE('',(#7788,#7789),#8549,.T.);
#8698=ADVANCED_FACE('',(#7790,#7791),#1815,.T.);
#8699=ADVANCED_FACE('',(#7792),#1816,.F.);
#8700=ADVANCED_FACE('',(#7793,#7794),#1806,.T.);
#8701=ADVANCED_FACE('',(#7795,#7796),#1807,.T.);
#8702=ADVANCED_FACE('',(#7797,#7798),#8550,.T.);
#8703=ADVANCED_FACE('',(#7799,#7800),#1817,.T.);
#8704=ADVANCED_FACE('',(#7801,#7802),#8551,.T.);
#8705=ADVANCED_FACE('',(#7803),#1818,.T.);
#8706=ADVANCED_FACE('',(#7804,#7805),#8552,.F.);
#8707=ADVANCED_FACE('',(#7806,#7807,#7808),#8553,.T.);
#8708=ADVANCED_FACE('',(#7809,#7810),#8554,.F.);
#8709=ADVANCED_FACE('',(#7811,#7812),#1819,.T.);
#8710=ADVANCED_FACE('',(#7813,#7814),#1820,.F.);
#8711=ADVANCED_FACE('',(#7815),#1821,.T.);
#8712=ADVANCED_FACE('',(#7816),#1822,.T.);
#8713=ADVANCED_FACE('',(#7817),#1823,.T.);
#8714=ADVANCED_FACE('',(#7818),#1824,.T.);
#8715=ADVANCED_FACE('',(#7819),#1825,.T.);
#8716=ADVANCED_FACE('',(#7820),#1826,.T.);
#8717=ADVANCED_FACE('',(#7821),#1827,.T.);
#8718=ADVANCED_FACE('',(#7822),#1828,.T.);
#8719=ADVANCED_FACE('',(#7823),#1829,.T.);
#8720=ADVANCED_FACE('',(#7824),#1830,.T.);
#8721=ADVANCED_FACE('',(#7825),#1831,.T.);
#8722=ADVANCED_FACE('',(#7826),#1832,.T.);
#8723=ADVANCED_FACE('',(#7827),#10,.F.);
#8724=ADVANCED_FACE('',(#7828),#11,.T.);
#8725=ADVANCED_FACE('',(#7829),#1833,.F.);
#8726=ADVANCED_FACE('',(#7830),#1834,.T.);
#8727=ADVANCED_FACE('',(#7831),#1835,.T.);
#8728=ADVANCED_FACE('',(#7832),#1836,.T.);
#8729=ADVANCED_FACE('',(#7833),#1837,.T.);
#8730=ADVANCED_FACE('',(#7834),#12,.F.);
#8731=ADVANCED_FACE('',(#7835),#13,.T.);
#8732=ADVANCED_FACE('',(#7836),#1838,.F.);
#8733=ADVANCED_FACE('',(#7837),#1839,.F.);
#8734=ADVANCED_FACE('',(#7838),#14,.F.);
#8735=ADVANCED_FACE('',(#7839),#15,.T.);
#8736=ADVANCED_FACE('',(#7840),#1840,.T.);
#8737=ADVANCED_FACE('',(#7841),#1841,.T.);
#8738=ADVANCED_FACE('',(#7842),#1842,.T.);
#8739=ADVANCED_FACE('',(#7843),#1843,.T.);
#8740=ADVANCED_FACE('',(#7844),#1844,.F.);
#8741=ADVANCED_FACE('',(#7845),#1845,.F.);
#8742=ADVANCED_FACE('',(#7846),#1846,.F.);
#8743=ADVANCED_FACE('',(#7847),#1847,.F.);
#8744=ADVANCED_FACE('',(#7848),#1848,.T.);
#8745=ADVANCED_FACE('',(#7849),#1849,.F.);
#8746=ADVANCED_FACE('',(#7850),#1850,.T.);
#8747=ADVANCED_FACE('',(#7851),#1851,.T.);
#8748=ADVANCED_FACE('',(#7852),#1852,.F.);
#8749=ADVANCED_FACE('',(#7853),#1853,.T.);
#8750=ADVANCED_FACE('',(#7854),#1854,.T.);
#8751=ADVANCED_FACE('',(#7855),#1855,.T.);
#8752=ADVANCED_FACE('',(#7856),#1856,.T.);
#8753=ADVANCED_FACE('',(#7857),#1857,.T.);
#8754=ADVANCED_FACE('',(#7858),#1858,.T.);
#8755=ADVANCED_FACE('',(#7859),#1859,.T.);
#8756=ADVANCED_FACE('',(#7860),#1860,.F.);
#8757=ADVANCED_FACE('',(#7861),#1861,.F.);
#8758=ADVANCED_FACE('',(#7862),#1862,.F.);
#8759=ADVANCED_FACE('',(#7863),#1863,.T.);
#8760=ADVANCED_FACE('',(#7864),#1864,.F.);
#8761=ADVANCED_FACE('',(#7865),#1865,.T.);
#8762=ADVANCED_FACE('',(#7866),#1866,.F.);
#8763=ADVANCED_FACE('',(#7867,#7868),#8555,.F.);
#8764=ADVANCED_FACE('',(#7869,#7870),#8556,.F.);
#8765=ADVANCED_FACE('',(#7871,#7872,#7873,#7874,#7875,#7876),#1867,.F.);
#8766=ADVANCED_FACE('',(#7877,#7878,#7879),#1868,.T.);
#8767=ADVANCED_FACE('',(#7880,#7881,#7882),#1869,.T.);
#8768=ADVANCED_FACE('',(#7883,#7884,#7885,#7886,#7887,#7888),#1870,.F.);
#8769=ADVANCED_FACE('',(#7889,#7890),#8557,.F.);
#8770=ADVANCED_FACE('',(#7891),#1871,.F.);
#8771=ADVANCED_FACE('',(#7892),#1872,.F.);
#8772=ADVANCED_FACE('',(#7893),#1873,.F.);
#8773=ADVANCED_FACE('',(#7894),#1874,.T.);
#8774=ADVANCED_FACE('',(#7895),#1875,.T.);
#8775=ADVANCED_FACE('',(#7896),#1876,.T.);
#8776=ADVANCED_FACE('',(#7897),#1877,.T.);
#8777=ADVANCED_FACE('',(#7898,#7899),#8558,.F.);
#8778=ADVANCED_FACE('',(#7900),#8559,.F.);
#8779=ADVANCED_FACE('',(#7901),#8560,.F.);
#8780=ADVANCED_FACE('',(#7902),#8561,.F.);
#8781=ADVANCED_FACE('',(#7903),#8562,.F.);
#8782=ADVANCED_FACE('',(#7904),#8563,.F.);
#8783=ADVANCED_FACE('',(#7905),#8564,.F.);
#8784=ADVANCED_FACE('',(#7906),#8565,.F.);
#8785=ADVANCED_FACE('',(#7907),#8566,.F.);
#8786=ADVANCED_FACE('',(#7908),#8567,.T.);
#8787=ADVANCED_FACE('',(#7909),#8568,.T.);
#8788=ADVANCED_FACE('',(#7910),#8569,.T.);
#8789=ADVANCED_FACE('',(#7911),#8570,.T.);
#8790=ADVANCED_FACE('',(#7912),#8571,.T.);
#8791=ADVANCED_FACE('',(#7913),#8572,.T.);
#8792=ADVANCED_FACE('',(#7914),#8573,.T.);
#8793=ADVANCED_FACE('',(#7915),#8574,.T.);
#8794=ADVANCED_FACE('',(#7916),#1878,.T.);
#8795=ADVANCED_FACE('',(#7917),#1879,.F.);
#8796=ADVANCED_FACE('',(#7918),#1880,.F.);
#8797=ADVANCED_FACE('',(#7919),#1881,.F.);
#8798=ADVANCED_FACE('',(#7920),#1882,.T.);
#8799=ADVANCED_FACE('',(#7921),#1883,.T.);
#8800=ADVANCED_FACE('',(#7922),#1884,.T.);
#8801=ADVANCED_FACE('',(#7923),#1885,.T.);
#8802=ADVANCED_FACE('',(#7924),#1886,.F.);
#8803=ADVANCED_FACE('',(#7925),#1887,.F.);
#8804=ADVANCED_FACE('',(#7926),#1888,.T.);
#8805=ADVANCED_FACE('',(#7927,#7928,#7929),#16,.F.);
#8806=ADVANCED_FACE('',(#7930),#1889,.T.);
#8807=ADVANCED_FACE('',(#7931),#1890,.F.);
#8808=ADVANCED_FACE('',(#7932),#1891,.T.);
#8809=ADVANCED_FACE('',(#7933),#1892,.F.);
#8810=ADVANCED_FACE('',(#7934,#7935),#8575,.F.);
#8811=ADVANCED_FACE('',(#7936,#7937),#8576,.F.);
#8812=ADVANCED_FACE('',(#7938,#7939,#7940,#7941,#7942,#7943),#1893,.F.);
#8813=ADVANCED_FACE('',(#7944,#7945,#7946),#1894,.T.);
#8814=ADVANCED_FACE('',(#7947,#7948,#7949),#1895,.T.);
#8815=ADVANCED_FACE('',(#7950,#7951,#7952,#7953,#7954,#7955),#1896,.F.);
#8816=ADVANCED_FACE('',(#7956,#7957),#8577,.F.);
#8817=ADVANCED_FACE('',(#7958),#1897,.F.);
#8818=ADVANCED_FACE('',(#7959),#1898,.F.);
#8819=ADVANCED_FACE('',(#7960),#1899,.F.);
#8820=ADVANCED_FACE('',(#7961),#1900,.T.);
#8821=ADVANCED_FACE('',(#7962),#1901,.T.);
#8822=ADVANCED_FACE('',(#7963),#1902,.T.);
#8823=ADVANCED_FACE('',(#7964),#1903,.T.);
#8824=ADVANCED_FACE('',(#7965,#7966),#8578,.F.);
#8825=ADVANCED_FACE('',(#7967),#8579,.F.);
#8826=ADVANCED_FACE('',(#7968),#8580,.F.);
#8827=ADVANCED_FACE('',(#7969),#8581,.F.);
#8828=ADVANCED_FACE('',(#7970),#8582,.F.);
#8829=ADVANCED_FACE('',(#7971),#8583,.F.);
#8830=ADVANCED_FACE('',(#7972),#8584,.F.);
#8831=ADVANCED_FACE('',(#7973),#8585,.F.);
#8832=ADVANCED_FACE('',(#7974),#8586,.F.);
#8833=ADVANCED_FACE('',(#7975),#8587,.T.);
#8834=ADVANCED_FACE('',(#7976),#8588,.T.);
#8835=ADVANCED_FACE('',(#7977),#8589,.T.);
#8836=ADVANCED_FACE('',(#7978),#8590,.T.);
#8837=ADVANCED_FACE('',(#7979),#8591,.T.);
#8838=ADVANCED_FACE('',(#7980),#8592,.T.);
#8839=ADVANCED_FACE('',(#7981),#8593,.T.);
#8840=ADVANCED_FACE('',(#7982),#8594,.T.);
#8841=ADVANCED_FACE('',(#7983),#1904,.T.);
#8842=ADVANCED_FACE('',(#7984),#1905,.F.);
#8843=ADVANCED_FACE('',(#7985),#1906,.F.);
#8844=ADVANCED_FACE('',(#7986),#1907,.F.);
#8845=ADVANCED_FACE('',(#7987),#1908,.T.);
#8846=ADVANCED_FACE('',(#7988),#1909,.T.);
#8847=ADVANCED_FACE('',(#7989),#1910,.T.);
#8848=ADVANCED_FACE('',(#7990),#1911,.T.);
#8849=ADVANCED_FACE('',(#7991),#1912,.F.);
#8850=ADVANCED_FACE('',(#7992),#1913,.F.);
#8851=ADVANCED_FACE('',(#7993),#1914,.T.);
#8852=ADVANCED_FACE('',(#7994,#7995,#7996),#17,.T.);
#8853=ADVANCED_FACE('',(#7997,#7998),#8595,.T.);
#8854=ADVANCED_FACE('',(#7999,#8000),#1915,.T.);
#8855=ADVANCED_FACE('',(#8001),#1916,.F.);
#8856=ADVANCED_FACE('',(#8002,#8003),#1808,.T.);
#8857=ADVANCED_FACE('',(#8004,#8005),#1809,.T.);
#8858=ADVANCED_FACE('',(#8006,#8007),#8596,.T.);
#8859=ADVANCED_FACE('',(#8008,#8009),#1917,.T.);
#8860=ADVANCED_FACE('',(#8010,#8011),#8597,.T.);
#8861=ADVANCED_FACE('',(#8012),#1918,.T.);
#8862=ADVANCED_FACE('',(#8013,#8014),#8598,.T.);
#8863=ADVANCED_FACE('',(#8015,#8016),#1919,.T.);
#8864=ADVANCED_FACE('',(#8017),#1920,.F.);
#8865=ADVANCED_FACE('',(#8018,#8019),#1810,.T.);
#8866=ADVANCED_FACE('',(#8020,#8021),#1811,.T.);
#8867=ADVANCED_FACE('',(#8022,#8023),#8599,.T.);
#8868=ADVANCED_FACE('',(#8024,#8025),#1921,.T.);
#8869=ADVANCED_FACE('',(#8026,#8027),#8600,.T.);
#8870=ADVANCED_FACE('',(#8028),#1922,.T.);
#8871=ADVANCED_FACE('',(#8029,#8030),#8601,.T.);
#8872=ADVANCED_FACE('',(#8031,#8032),#1923,.T.);
#8873=ADVANCED_FACE('',(#8033),#1924,.F.);
#8874=ADVANCED_FACE('',(#8034,#8035),#1812,.T.);
#8875=ADVANCED_FACE('',(#8036,#8037),#1813,.T.);
#8876=ADVANCED_FACE('',(#8038,#8039),#8602,.T.);
#8877=ADVANCED_FACE('',(#8040,#8041),#1925,.T.);
#8878=ADVANCED_FACE('',(#8042,#8043),#8603,.T.);
#8879=ADVANCED_FACE('',(#8044),#1926,.T.);
#8880=ADVANCED_FACE('',(#8045),#1927,.T.);
#8881=ADVANCED_FACE('',(#8046),#1928,.F.);
#8882=ADVANCED_FACE('',(#8047),#1929,.T.);
#8883=ADVANCED_FACE('',(#8048),#1930,.F.);
#8884=ADVANCED_FACE('',(#8049,#8050),#8604,.F.);
#8885=ADVANCED_FACE('',(#8051,#8052),#8605,.F.);
#8886=ADVANCED_FACE('',(#8053,#8054,#8055,#8056,#8057,#8058),#1931,.F.);
#8887=ADVANCED_FACE('',(#8059,#8060,#8061),#1932,.T.);
#8888=ADVANCED_FACE('',(#8062,#8063,#8064),#1933,.T.);
#8889=ADVANCED_FACE('',(#8065,#8066,#8067,#8068,#8069,#8070),#1934,.F.);
#8890=ADVANCED_FACE('',(#8071,#8072),#8606,.F.);
#8891=ADVANCED_FACE('',(#8073),#1935,.F.);
#8892=ADVANCED_FACE('',(#8074),#1936,.F.);
#8893=ADVANCED_FACE('',(#8075),#1937,.F.);
#8894=ADVANCED_FACE('',(#8076),#1938,.T.);
#8895=ADVANCED_FACE('',(#8077),#1939,.T.);
#8896=ADVANCED_FACE('',(#8078),#1940,.T.);
#8897=ADVANCED_FACE('',(#8079),#1941,.T.);
#8898=ADVANCED_FACE('',(#8080,#8081),#8607,.F.);
#8899=ADVANCED_FACE('',(#8082),#8608,.F.);
#8900=ADVANCED_FACE('',(#8083),#8609,.F.);
#8901=ADVANCED_FACE('',(#8084),#8610,.F.);
#8902=ADVANCED_FACE('',(#8085),#8611,.F.);
#8903=ADVANCED_FACE('',(#8086),#8612,.F.);
#8904=ADVANCED_FACE('',(#8087),#8613,.F.);
#8905=ADVANCED_FACE('',(#8088),#8614,.F.);
#8906=ADVANCED_FACE('',(#8089),#8615,.F.);
#8907=ADVANCED_FACE('',(#8090),#8616,.T.);
#8908=ADVANCED_FACE('',(#8091),#8617,.T.);
#8909=ADVANCED_FACE('',(#8092),#8618,.T.);
#8910=ADVANCED_FACE('',(#8093),#8619,.T.);
#8911=ADVANCED_FACE('',(#8094),#8620,.T.);
#8912=ADVANCED_FACE('',(#8095),#8621,.T.);
#8913=ADVANCED_FACE('',(#8096),#8622,.T.);
#8914=ADVANCED_FACE('',(#8097),#8623,.T.);
#8915=ADVANCED_FACE('',(#8098),#1942,.T.);
#8916=ADVANCED_FACE('',(#8099),#1943,.F.);
#8917=ADVANCED_FACE('',(#8100),#1944,.F.);
#8918=ADVANCED_FACE('',(#8101),#1945,.F.);
#8919=ADVANCED_FACE('',(#8102),#1946,.T.);
#8920=ADVANCED_FACE('',(#8103),#1947,.T.);
#8921=ADVANCED_FACE('',(#8104),#1948,.T.);
#8922=ADVANCED_FACE('',(#8105),#1949,.T.);
#8923=ADVANCED_FACE('',(#8106),#1950,.F.);
#8924=ADVANCED_FACE('',(#8107),#1951,.F.);
#8925=ADVANCED_FACE('',(#8108),#1952,.T.);
#8926=ADVANCED_FACE('',(#8109,#8110,#8111),#18,.F.);
#8927=ADVANCED_FACE('',(#8112,#8113),#8624,.F.);
#8928=ADVANCED_FACE('',(#8114,#8115,#8116),#8625,.T.);
#8929=ADVANCED_FACE('',(#8117,#8118),#8626,.F.);
#8930=ADVANCED_FACE('',(#8119,#8120),#1953,.T.);
#8931=ADVANCED_FACE('',(#8121,#8122),#1954,.F.);
#8932=ADVANCED_FACE('',(#8123),#1955,.T.);
#8933=ADVANCED_FACE('',(#8124),#1956,.T.);
#8934=ADVANCED_FACE('',(#8125),#1957,.T.);
#8935=ADVANCED_FACE('',(#8126),#1958,.T.);
#8936=ADVANCED_FACE('',(#8127),#1959,.T.);
#8937=ADVANCED_FACE('',(#8128),#1960,.T.);
#8938=ADVANCED_FACE('',(#8129),#1961,.T.);
#8939=ADVANCED_FACE('',(#8130),#1962,.T.);
#8940=ADVANCED_FACE('',(#8131),#1963,.T.);
#8941=ADVANCED_FACE('',(#8132),#1964,.T.);
#8942=ADVANCED_FACE('',(#8133),#1965,.T.);
#8943=ADVANCED_FACE('',(#8134),#1966,.T.);
#8944=ADVANCED_FACE('',(#8135),#19,.F.);
#8945=ADVANCED_FACE('',(#8136),#20,.T.);
#8946=ADVANCED_FACE('',(#8137),#1967,.F.);
#8947=ADVANCED_FACE('',(#8138),#1968,.T.);
#8948=ADVANCED_FACE('',(#8139),#1969,.T.);
#8949=ADVANCED_FACE('',(#8140),#1970,.T.);
#8950=ADVANCED_FACE('',(#8141),#1971,.T.);
#8951=ADVANCED_FACE('',(#8142),#21,.F.);
#8952=ADVANCED_FACE('',(#8143),#22,.T.);
#8953=ADVANCED_FACE('',(#8144),#1972,.F.);
#8954=ADVANCED_FACE('',(#8145),#1973,.F.);
#8955=ADVANCED_FACE('',(#8146),#23,.F.);
#8956=ADVANCED_FACE('',(#8147),#24,.T.);
#8957=ADVANCED_FACE('',(#8148),#1974,.T.);
#8958=ADVANCED_FACE('',(#8149),#1975,.T.);
#8959=ADVANCED_FACE('',(#8150),#1976,.T.);
#8960=ADVANCED_FACE('',(#8151),#1977,.T.);
#8961=ADVANCED_FACE('',(#8152),#1978,.F.);
#8962=ADVANCED_FACE('',(#8153),#1979,.F.);
#8963=ADVANCED_FACE('',(#8154),#1980,.F.);
#8964=ADVANCED_FACE('',(#8155),#1981,.F.);
#8965=ADVANCED_FACE('',(#8156),#1982,.T.);
#8966=ADVANCED_FACE('',(#8157),#1983,.F.);
#8967=ADVANCED_FACE('',(#8158),#1984,.T.);
#8968=ADVANCED_FACE('',(#8159),#1985,.T.);
#8969=ADVANCED_FACE('',(#8160),#1986,.F.);
#8970=ADVANCED_FACE('',(#8161),#1987,.T.);
#8971=ADVANCED_FACE('',(#8162),#1988,.T.);
#8972=ADVANCED_FACE('',(#8163),#1989,.T.);
#8973=ADVANCED_FACE('',(#8164),#1990,.T.);
#8974=ADVANCED_FACE('',(#8165),#1991,.T.);
#8975=ADVANCED_FACE('',(#8166),#1992,.T.);
#8976=ADVANCED_FACE('',(#8167),#1993,.T.);
#8977=ADVANCED_FACE('',(#8168),#1994,.F.);
#8978=ADVANCED_FACE('',(#8169),#1995,.F.);
#8979=ADVANCED_FACE('',(#8170),#1996,.F.);
#8980=ADVANCED_FACE('',(#8171),#1997,.T.);
#8981=ADVANCED_FACE('',(#8172),#1998,.F.);
#8982=ADVANCED_FACE('',(#8173),#1999,.T.);
#8983=ADVANCED_FACE('',(#8174),#2000,.F.);
#8984=ADVANCED_FACE('',(#8175,#8176),#8627,.F.);
#8985=ADVANCED_FACE('',(#8177,#8178),#8628,.F.);
#8986=ADVANCED_FACE('',(#8179,#8180,#8181,#8182,#8183,#8184),#2001,.F.);
#8987=ADVANCED_FACE('',(#8185,#8186,#8187),#2002,.T.);
#8988=ADVANCED_FACE('',(#8188,#8189,#8190),#2003,.T.);
#8989=ADVANCED_FACE('',(#8191,#8192,#8193,#8194,#8195,#8196),#2004,.F.);
#8990=ADVANCED_FACE('',(#8197,#8198),#8629,.F.);
#8991=ADVANCED_FACE('',(#8199),#2005,.F.);
#8992=ADVANCED_FACE('',(#8200),#2006,.F.);
#8993=ADVANCED_FACE('',(#8201),#2007,.F.);
#8994=ADVANCED_FACE('',(#8202),#2008,.T.);
#8995=ADVANCED_FACE('',(#8203),#2009,.T.);
#8996=ADVANCED_FACE('',(#8204),#2010,.T.);
#8997=ADVANCED_FACE('',(#8205),#2011,.T.);
#8998=ADVANCED_FACE('',(#8206,#8207),#8630,.F.);
#8999=ADVANCED_FACE('',(#8208),#8631,.F.);
#9000=ADVANCED_FACE('',(#8209),#8632,.F.);
#9001=ADVANCED_FACE('',(#8210),#8633,.F.);
#9002=ADVANCED_FACE('',(#8211),#8634,.F.);
#9003=ADVANCED_FACE('',(#8212),#8635,.F.);
#9004=ADVANCED_FACE('',(#8213),#8636,.F.);
#9005=ADVANCED_FACE('',(#8214),#8637,.F.);
#9006=ADVANCED_FACE('',(#8215),#8638,.F.);
#9007=ADVANCED_FACE('',(#8216),#8639,.T.);
#9008=ADVANCED_FACE('',(#8217),#8640,.T.);
#9009=ADVANCED_FACE('',(#8218),#8641,.T.);
#9010=ADVANCED_FACE('',(#8219),#8642,.T.);
#9011=ADVANCED_FACE('',(#8220),#8643,.T.);
#9012=ADVANCED_FACE('',(#8221),#8644,.T.);
#9013=ADVANCED_FACE('',(#8222),#8645,.T.);
#9014=ADVANCED_FACE('',(#8223),#8646,.T.);
#9015=ADVANCED_FACE('',(#8224),#2012,.T.);
#9016=ADVANCED_FACE('',(#8225),#2013,.F.);
#9017=ADVANCED_FACE('',(#8226),#2014,.F.);
#9018=ADVANCED_FACE('',(#8227),#2015,.F.);
#9019=ADVANCED_FACE('',(#8228),#2016,.T.);
#9020=ADVANCED_FACE('',(#8229),#2017,.T.);
#9021=ADVANCED_FACE('',(#8230),#2018,.T.);
#9022=ADVANCED_FACE('',(#8231),#2019,.T.);
#9023=ADVANCED_FACE('',(#8232),#2020,.F.);
#9024=ADVANCED_FACE('',(#8233),#2021,.F.);
#9025=ADVANCED_FACE('',(#8234),#2022,.T.);
#9026=ADVANCED_FACE('',(#8235,#8236,#8237),#25,.T.);
#9027=ADVANCED_FACE('',(#8238,#8239,#8240,#8241,#8242),#2023,.T.);
#9028=ADVANCED_FACE('',(#8243,#8244),#2024,.T.);
#9029=ADVANCED_FACE('',(#8245,#8246),#2025,.T.);
#9030=ADVANCED_FACE('',(#8247,#8248),#2026,.T.);
#9031=ADVANCED_FACE('',(#8249),#8647,.T.);
#9032=ADVANCED_FACE('',(#8250),#26,.F.);
#9033=ADVANCED_FACE('',(#8251),#2027,.T.);
#9034=ADVANCED_FACE('',(#8252),#8648,.F.);
#9035=ADVANCED_FACE('',(#8253),#2028,.F.);
#9036=ADVANCED_FACE('',(#8254),#27,.F.);
#9037=ADVANCED_FACE('',(#8255),#2029,.F.);
#9038=ADVANCED_FACE('',(#8256),#8649,.F.);
#9039=ADVANCED_FACE('',(#8257),#2030,.F.);
#9040=ADVANCED_FACE('',(#8258),#28,.T.);
#9041=ADVANCED_FACE('',(#8259),#8650,.T.);
#9042=ADVANCED_FACE('',(#8260),#2031,.T.);
#9043=ADVANCED_FACE('',(#8261),#8651,.T.);
#9044=ADVANCED_FACE('',(#8262),#2032,.T.);
#9045=ADVANCED_FACE('',(#8263),#8652,.T.);
#9046=ADVANCED_FACE('',(#8264,#8265),#8653,.F.);
#9047=ADVANCED_FACE('',(#8266,#8267),#8654,.F.);
#9048=ADVANCED_FACE('',(#8268,#8269),#8655,.F.);
#9049=ADVANCED_FACE('',(#8270),#2033,.T.);
#9050=ADVANCED_FACE('',(#8271,#8272),#8656,.F.);
#9051=ADVANCED_FACE('',(#8273,#8274),#2034,.T.);
#9052=ADVANCED_FACE('',(#8275,#8276,#8277,#8278,#8279),#2035,.F.);
#9053=ADVANCED_FACE('',(#8280,#8281),#8657,.F.);
#9054=ADVANCED_FACE('',(#8282,#8283),#8658,.T.);
#9055=ADVANCED_FACE('',(#8284,#8285),#8659,.F.);
#9056=ADVANCED_FACE('',(#8286,#8287),#8660,.T.);
#9057=ADVANCED_FACE('',(#8288,#8289),#8661,.F.);
#9058=ADVANCED_FACE('',(#8290,#8291),#8662,.T.);
#9059=ADVANCED_FACE('',(#8292,#8293),#8663,.F.);
#9060=ADVANCED_FACE('',(#8294,#8295),#8664,.T.);
#9061=ADVANCED_FACE('',(#8296,#8297,#8298,#8299,#8300),#2036,.F.);
#9062=ADVANCED_FACE('',(#8301,#8302),#2037,.F.);
#9063=ADVANCED_FACE('',(#8303,#8304),#2038,.F.);
#9064=ADVANCED_FACE('',(#8305,#8306),#2039,.F.);
#9065=ADVANCED_FACE('',(#8307),#8665,.T.);
#9066=ADVANCED_FACE('',(#8308),#2040,.F.);
#9067=ADVANCED_FACE('',(#8309),#8666,.T.);
#9068=ADVANCED_FACE('',(#8310),#2041,.F.);
#9069=ADVANCED_FACE('',(#8311),#8667,.T.);
#9070=ADVANCED_FACE('',(#8312),#2042,.T.);
#9071=ADVANCED_FACE('',(#8313),#8668,.T.);
#9072=ADVANCED_FACE('',(#8314,#8315),#8669,.F.);
#9073=ADVANCED_FACE('',(#8316,#8317),#8670,.F.);
#9074=ADVANCED_FACE('',(#8318,#8319),#8671,.F.);
#9075=ADVANCED_FACE('',(#8320),#2043,.T.);
#9076=ADVANCED_FACE('',(#8321,#8322),#8672,.F.);
#9077=ADVANCED_FACE('',(#8323,#8324,#8325,#8326,#8327),#2044,.T.);
#9078=ADVANCED_FACE('',(#8328,#8329),#2045,.F.);
#9079=ADVANCED_FACE('',(#8330,#8331),#2046,.T.);
#9080=ADVANCED_FACE('',(#8332),#2047,.F.);
#9081=ADVANCED_FACE('',(#8333),#2048,.F.);
#9082=ADVANCED_FACE('',(#8334),#2049,.T.);
#9083=ADVANCED_FACE('',(#8335),#2050,.T.);
#9084=ADVANCED_FACE('',(#8336),#2051,.F.);
#9085=ADVANCED_FACE('',(#8337,#8338),#8673,.T.);
#9086=ADVANCED_FACE('',(#8339,#8340),#2052,.T.);
#9087=ADVANCED_FACE('',(#8341),#2053,.F.);
#9088=ADVANCED_FACE('',(#8342),#2054,.F.);
#9089=ADVANCED_FACE('',(#8343),#2055,.T.);
#9090=ADVANCED_FACE('',(#8344),#2056,.T.);
#9091=ADVANCED_FACE('',(#8345),#2057,.F.);
#9092=ADVANCED_FACE('',(#8346,#8347,#8348,#8349,#8350,#8351,#8352,#8353,#8354,#8355,#8356,#8357,#8358,#8359),#2058,.T.);
#9093=ADVANCED_FACE('',(#8360,#8361,#8362,#8363,#8364,#8365,#8366,#8367,#8368,#8369,#8370,#8371,#8372,#8373),#2059,.F.);
#9094=ADVANCED_FACE('',(#8374),#2060,.T.);
#9095=ADVANCED_FACE('',(#8375),#2061,.T.);
#9096=ADVANCED_FACE('',(#8376),#2062,.F.);
#9097=ADVANCED_FACE('',(#8377),#2063,.F.);
#9098=ADVANCED_FACE('',(#8378),#2064,.T.);
#9099=ADVANCED_FACE('',(#8379),#2065,.T.);
#9100=ADVANCED_FACE('',(#8380),#2066,.F.);
#9101=ADVANCED_FACE('',(#8381),#2067,.F.);
#9102=ADVANCED_FACE('',(#8382),#2068,.F.);
#9103=ADVANCED_FACE('',(#8383),#2069,.F.);
#9104=ADVANCED_FACE('',(#8384),#2070,.T.);
#9105=ADVANCED_FACE('',(#8385),#2071,.F.);
#9106=ADVANCED_FACE('',(#8386),#2072,.T.);
#9107=ADVANCED_FACE('',(#8387),#2073,.F.);
#9108=ADVANCED_FACE('',(#8388),#2074,.F.);
#9109=ADVANCED_FACE('',(#8389),#2075,.T.);
#9110=ADVANCED_FACE('',(#8390),#2076,.T.);
#9111=ADVANCED_FACE('',(#8391),#2077,.T.);
#9112=ADVANCED_FACE('',(#8392),#2078,.F.);
#9113=ADVANCED_FACE('',(#8393,#8394),#8674,.F.);
#9114=ADVANCED_FACE('',(#8395,#8396),#8675,.F.);
#9115=ADVANCED_FACE('',(#8397,#8398),#8676,.F.);
#9116=ADVANCED_FACE('',(#8399,#8400),#8677,.F.);
#9117=ADVANCED_FACE('',(#8401,#8402),#8678,.F.);
#9118=ADVANCED_FACE('',(#8403,#8404),#8679,.F.);
#9119=ADVANCED_FACE('',(#8405,#8406),#8680,.F.);
#9120=ADVANCED_FACE('',(#8407),#2079,.T.);
#9121=ADVANCED_FACE('',(#8408,#8409),#8681,.F.);
#9122=ADVANCED_FACE('',(#8410,#8411),#8682,.F.);
#9123=ADVANCED_FACE('',(#8412,#8413),#8683,.F.);
#9124=ADVANCED_FACE('',(#8414,#8415),#8684,.F.);
#9125=ADVANCED_FACE('',(#8416,#8417),#8685,.F.);
#9126=ADVANCED_FACE('',(#8418,#8419),#1814,.T.);
#9127=ADVANCED_FACE('',(#8420,#8421),#8686,.F.);
#9128=ADVANCED_FACE('',(#8422,#8423,#8424),#8687,.T.);
#9129=ADVANCED_FACE('',(#8425,#8426),#8688,.F.);
#9130=ADVANCED_FACE('',(#8427,#8428),#2080,.T.);
#9131=ADVANCED_FACE('',(#8429,#8430),#2081,.F.);
#9132=ADVANCED_FACE('',(#8431),#2082,.T.);
#9133=ADVANCED_FACE('',(#8432),#2083,.T.);
#9134=ADVANCED_FACE('',(#8433),#2084,.T.);
#9135=ADVANCED_FACE('',(#8434),#2085,.T.);
#9136=ADVANCED_FACE('',(#8435),#2086,.T.);
#9137=ADVANCED_FACE('',(#8436),#2087,.T.);
#9138=ADVANCED_FACE('',(#8437),#2088,.T.);
#9139=ADVANCED_FACE('',(#8438),#2089,.T.);
#9140=ADVANCED_FACE('',(#8439),#2090,.T.);
#9141=ADVANCED_FACE('',(#8440),#2091,.T.);
#9142=ADVANCED_FACE('',(#8441),#2092,.T.);
#9143=ADVANCED_FACE('',(#8442),#2093,.T.);
#9144=ADVANCED_FACE('',(#8443),#29,.T.);
#9145=ADVANCED_FACE('',(#8444),#30,.F.);
#9146=ADVANCED_FACE('',(#8445),#2094,.F.);
#9147=ADVANCED_FACE('',(#8446),#2095,.T.);
#9148=ADVANCED_FACE('',(#8447),#2096,.T.);
#9149=ADVANCED_FACE('',(#8448),#2097,.T.);
#9150=ADVANCED_FACE('',(#8449),#2098,.T.);
#9151=ADVANCED_FACE('',(#8450),#31,.T.);
#9152=ADVANCED_FACE('',(#8451),#32,.F.);
#9153=ADVANCED_FACE('',(#8452),#2099,.F.);
#9154=ADVANCED_FACE('',(#8453),#2100,.F.);
#9155=ADVANCED_FACE('',(#8454),#33,.T.);
#9156=ADVANCED_FACE('',(#8455),#34,.F.);
#9157=ADVANCED_FACE('',(#8456),#2101,.T.);
#9158=ADVANCED_FACE('',(#8457),#2102,.T.);
#9159=ADVANCED_FACE('',(#8458),#2103,.T.);
#9160=ADVANCED_FACE('',(#8459),#2104,.T.);
#9161=ADVANCED_FACE('',(#8460),#2105,.F.);
#9162=ADVANCED_FACE('',(#8461),#2106,.F.);
#9163=ADVANCED_FACE('',(#8462),#2107,.F.);
#9164=ADVANCED_FACE('',(#8463),#2108,.F.);
#9165=ADVANCED_FACE('',(#8464),#2109,.T.);
#9166=ADVANCED_FACE('',(#8465),#2110,.F.);
#9167=ADVANCED_FACE('',(#8466),#2111,.T.);
#9168=ADVANCED_FACE('',(#8467),#2112,.T.);
#9169=ADVANCED_FACE('',(#8468),#2113,.F.);
#9170=ADVANCED_FACE('',(#8469),#2114,.T.);
#9171=ADVANCED_FACE('',(#8470),#2115,.T.);
#9172=ADVANCED_FACE('',(#8471),#2116,.T.);
#9173=ADVANCED_FACE('',(#8472),#2117,.T.);
#9174=ADVANCED_FACE('',(#8473),#2118,.T.);
#9175=ADVANCED_FACE('',(#8474),#2119,.T.);
#9176=ADVANCED_FACE('',(#8475),#2120,.T.);
#9177=ADVANCED_FACE('',(#8476),#2121,.F.);
#9178=ADVANCED_FACE('',(#8477),#2122,.F.);
#9179=ADVANCED_FACE('',(#8478),#2123,.F.);
#9180=ADVANCED_FACE('',(#8479),#2124,.T.);
#9181=ADVANCED_FACE('',(#8480),#2125,.F.);
#9182=ADVANCED_FACE('',(#8481),#2126,.F.);
#9183=ADVANCED_FACE('',(#8482),#2127,.T.);
#9184=ADVANCED_FACE('',(#8483),#2128,.T.);
#9185=ADVANCED_FACE('',(#8484),#2129,.F.);
#9186=ADVANCED_FACE('',(#8485),#8689,.T.);
#9187=ADVANCED_FACE('',(#8486),#8690,.T.);
#9188=ADVANCED_FACE('',(#8487),#8691,.T.);
#9189=ADVANCED_FACE('',(#8488),#8692,.T.);
#9190=ADVANCED_FACE('',(#8489),#8693,.T.);
#9191=ADVANCED_FACE('',(#8490,#8491),#8694,.F.);
#9192=ADVANCED_FACE('',(#8492,#8493,#8494),#8695,.T.);
#9193=ADVANCED_FACE('',(#8495,#8496),#8696,.F.);
#9194=ADVANCED_FACE('',(#8497,#8498),#2130,.T.);
#9195=ADVANCED_FACE('',(#8499,#8500),#2131,.F.);
#9196=ADVANCED_FACE('',(#8501),#2132,.T.);
#9197=ADVANCED_FACE('',(#8502),#2133,.T.);
#9198=ADVANCED_FACE('',(#8503),#2134,.T.);
#9199=ADVANCED_FACE('',(#8504),#2135,.T.);
#9200=ADVANCED_FACE('',(#8505),#2136,.T.);
#9201=ADVANCED_FACE('',(#8506),#2137,.T.);
#9202=ADVANCED_FACE('',(#8507),#2138,.T.);
#9203=ADVANCED_FACE('',(#8508),#2139,.T.);
#9204=ADVANCED_FACE('',(#8509),#2140,.T.);
#9205=ADVANCED_FACE('',(#8510),#2141,.T.);
#9206=ADVANCED_FACE('',(#8511),#2142,.T.);
#9207=ADVANCED_FACE('',(#8512),#2143,.T.);
#9208=ADVANCED_FACE('',(#8513),#35,.T.);
#9209=ADVANCED_FACE('',(#8514),#36,.F.);
#9210=ADVANCED_FACE('',(#8515),#2144,.F.);
#9211=ADVANCED_FACE('',(#8516),#2145,.T.);
#9212=ADVANCED_FACE('',(#8517),#2146,.T.);
#9213=ADVANCED_FACE('',(#8518),#2147,.T.);
#9214=ADVANCED_FACE('',(#8519),#2148,.T.);
#9215=ADVANCED_FACE('',(#8520),#37,.T.);
#9216=ADVANCED_FACE('',(#8521),#38,.F.);
#9217=ADVANCED_FACE('',(#8522),#2149,.F.);
#9218=ADVANCED_FACE('',(#8523),#2150,.F.);
#9219=ADVANCED_FACE('',(#8524),#39,.T.);
#9220=ADVANCED_FACE('',(#8525),#40,.F.);
#9221=ADVANCED_FACE('',(#8526),#2151,.T.);
#9222=ADVANCED_FACE('',(#8527),#2152,.T.);
#9223=ADVANCED_FACE('',(#8528),#2153,.T.);
#9224=ADVANCED_FACE('',(#8529),#2154,.T.);
#9225=ADVANCED_FACE('',(#8530),#2155,.F.);
#9226=ADVANCED_FACE('',(#8531),#2156,.F.);
#9227=ADVANCED_FACE('',(#8532),#2157,.F.);
#9228=ADVANCED_FACE('',(#8533),#2158,.F.);
#9229=ADVANCED_FACE('',(#8534),#2159,.T.);
#9230=ADVANCED_FACE('',(#8535),#2160,.F.);
#9231=ADVANCED_FACE('',(#8536),#2161,.T.);
#9232=ADVANCED_FACE('',(#8537),#2162,.T.);
#9233=ADVANCED_FACE('',(#8538),#2163,.F.);
#9234=ADVANCED_FACE('',(#8539),#2164,.T.);
#9235=ADVANCED_FACE('',(#8540),#2165,.T.);
#9236=ADVANCED_FACE('',(#8541),#2166,.T.);
#9237=ADVANCED_FACE('',(#8542),#2167,.T.);
#9238=ADVANCED_FACE('',(#8543),#2168,.T.);
#9239=ADVANCED_FACE('',(#8544),#2169,.T.);
#9240=ADVANCED_FACE('',(#8545),#2170,.T.);
#9241=ADVANCED_FACE('',(#8546),#2171,.F.);
#9242=ADVANCED_FACE('',(#8547),#2172,.F.);
#9243=ADVANCED_FACE('',(#8548),#2173,.F.);
#9244=CLOSED_SHELL('',(#8697,#8698,#8699,#8700,#8701,#8702,#8703,#8704,#8705));
#9245=CLOSED_SHELL('',(#8706,#8707,#8708,#8709,#8710,#8711,#8712,#8713,#8714,#8715,#8716,#8717,#8718,#8719,#8720,#8721,#8722,#8723,#8724,#8725,#8726,#8727,#8728,#8729,#8730,#8731,#8732,#8733,#8734,#8735,#8736,#8737,#8738,#8739,#8740,#8741,#8742,#8743,#8744,#8745,#8746,#8747,#8748,#8749,#8750,#8751,#8752,#8753,#8754,#8755,#8756,#8757,#8758));
#9246=CLOSED_SHELL('',(#8759,#8760,#8761,#8762,#8763,#8764,#8765,#8766,#8767,#8768,#8769,#8770,#8771,#8772,#8773,#8774,#8775,#8776,#8777,#8778,#8779,#8780,#8781,#8782,#8783,#8784,#8785,#8786,#8787,#8788,#8789,#8790,#8791,#8792,#8793,#8794,#8795,#8796,#8797,#8798,#8799,#8800,#8801,#8802,#8803,#8804,#8805));
#9247=CLOSED_SHELL('',(#8806,#8807,#8808,#8809,#8810,#8811,#8812,#8813,#8814,#8815,#8816,#8817,#8818,#8819,#8820,#8821,#8822,#8823,#8824,#8825,#8826,#8827,#8828,#8829,#8830,#8831,#8832,#8833,#8834,#8835,#8836,#8837,#8838,#8839,#8840,#8841,#8842,#8843,#8844,#8845,#8846,#8847,#8848,#8849,#8850,#8851,#8852));
#9248=CLOSED_SHELL('',(#8853,#8854,#8855,#8856,#8857,#8858,#8859,#8860,#8861));
#9249=CLOSED_SHELL('',(#8862,#8863,#8864,#8865,#8866,#8867,#8868,#8869,#8870));
#9250=CLOSED_SHELL('',(#8871,#8872,#8873,#8874,#8875,#8876,#8877,#8878,#8879));
#9251=CLOSED_SHELL('',(#8880,#8881,#8882,#8883,#8884,#8885,#8886,#8887,#8888,#8889,#8890,#8891,#8892,#8893,#8894,#8895,#8896,#8897,#8898,#8899,#8900,#8901,#8902,#8903,#8904,#8905,#8906,#8907,#8908,#8909,#8910,#8911,#8912,#8913,#8914,#8915,#8916,#8917,#8918,#8919,#8920,#8921,#8922,#8923,#8924,#8925,#8926));
#9252=CLOSED_SHELL('',(#8927,#8928,#8929,#8930,#8931,#8932,#8933,#8934,#8935,#8936,#8937,#8938,#8939,#8940,#8941,#8942,#8943,#8944,#8945,#8946,#8947,#8948,#8949,#8950,#8951,#8952,#8953,#8954,#8955,#8956,#8957,#8958,#8959,#8960,#8961,#8962,#8963,#8964,#8965,#8966,#8967,#8968,#8969,#8970,#8971,#8972,#8973,#8974,#8975,#8976,#8977,#8978,#8979));
#9253=CLOSED_SHELL('',(#8980,#8981,#8982,#8983,#8984,#8985,#8986,#8987,#8988,#8989,#8990,#8991,#8992,#8993,#8994,#8995,#8996,#8997,#8998,#8999,#9000,#9001,#9002,#9003,#9004,#9005,#9006,#9007,#9008,#9009,#9010,#9011,#9012,#9013,#9014,#9015,#9016,#9017,#9018,#9019,#9020,#9021,#9022,#9023,#9024,#9025,#9026));
#9254=CLOSED_SHELL('',(#9027,#9028,#9029,#9030,#9031,#9032,#9033,#9034,#9035,#9036,#9037,#9038,#9039,#9040,#9041,#9042,#9043,#9044,#9045,#9046,#9047,#9048,#9049,#9050,#9051,#9052,#9053,#9054,#9055,#9056,#9057,#9058,#9059,#9060,#9061,#9062,#9063,#9064,#9065,#9066,#9067,#9068,#9069,#9070,#9071,#9072,#9073,#9074,#9075,#9076,#9077,#9078));
#9255=CLOSED_SHELL('',(#9079,#9080,#9081,#9082,#9083,#9084,#9085,#9086,#9087,#9088,#9089,#9090,#9091));
#9256=CLOSED_SHELL('',(#9092,#9093,#9094,#9095,#9096,#9097,#9098,#9099,#9100,#9101,#9102,#9103,#9104,#9105,#9106,#9107,#9108,#9109,#9110,#9111,#9112,#9113,#9114,#9115,#9116,#9117,#9118,#9119,#9120,#9121,#9122,#9123,#9124,#9125,#9126));
#9257=CLOSED_SHELL('',(#9127,#9128,#9129,#9130,#9131,#9132,#9133,#9134,#9135,#9136,#9137,#9138,#9139,#9140,#9141,#9142,#9143,#9144,#9145,#9146,#9147,#9148,#9149,#9150,#9151,#9152,#9153,#9154,#9155,#9156,#9157,#9158,#9159,#9160,#9161,#9162,#9163,#9164,#9165,#9166,#9167,#9168,#9169,#9170,#9171,#9172,#9173,#9174,#9175,#9176,#9177,#9178,#9179));
#9258=CLOSED_SHELL('',(#9180,#9181,#9182,#9183,#9184,#9185,#9186,#9187,#9188,#9189,#9190));
#9259=CLOSED_SHELL('',(#9191,#9192,#9193,#9194,#9195,#9196,#9197,#9198,#9199,#9200,#9201,#9202,#9203,#9204,#9205,#9206,#9207,#9208,#9209,#9210,#9211,#9212,#9213,#9214,#9215,#9216,#9217,#9218,#9219,#9220,#9221,#9222,#9223,#9224,#9225,#9226,#9227,#9228,#9229,#9230,#9231,#9232,#9233,#9234,#9235,#9236,#9237,#9238,#9239,#9240,#9241,#9242,#9243));
#9260=STYLED_ITEM('',(#9276),#9373);
#9261=STYLED_ITEM('',(#9277),#9374);
#9262=STYLED_ITEM('',(#9278),#9375);
#9263=STYLED_ITEM('',(#9279),#9376);
#9264=STYLED_ITEM('',(#9280),#9377);
#9265=STYLED_ITEM('',(#9281),#9378);
#9266=STYLED_ITEM('',(#9282),#9379);
#9267=STYLED_ITEM('',(#9283),#9380);
#9268=STYLED_ITEM('',(#9284),#9381);
#9269=STYLED_ITEM('',(#9285),#9382);
#9270=STYLED_ITEM('',(#9286),#9383);
#9271=STYLED_ITEM('',(#9287),#9384);
#9272=STYLED_ITEM('',(#9288),#9385);
#9273=STYLED_ITEM('',(#9289),#9386);
#9274=STYLED_ITEM('',(#9290),#9387);
#9275=STYLED_ITEM('',(#9291),#9388);
#9276=PRESENTATION_STYLE_ASSIGNMENT((#9292));
#9277=PRESENTATION_STYLE_ASSIGNMENT((#9293));
#9278=PRESENTATION_STYLE_ASSIGNMENT((#9294));
#9279=PRESENTATION_STYLE_ASSIGNMENT((#9295));
#9280=PRESENTATION_STYLE_ASSIGNMENT((#9296));
#9281=PRESENTATION_STYLE_ASSIGNMENT((#9297));
#9282=PRESENTATION_STYLE_ASSIGNMENT((#9298));
#9283=PRESENTATION_STYLE_ASSIGNMENT((#9299));
#9284=PRESENTATION_STYLE_ASSIGNMENT((#9300));
#9285=PRESENTATION_STYLE_ASSIGNMENT((#9301));
#9286=PRESENTATION_STYLE_ASSIGNMENT((#9302));
#9287=PRESENTATION_STYLE_ASSIGNMENT((#9303));
#9288=PRESENTATION_STYLE_ASSIGNMENT((#9304));
#9289=PRESENTATION_STYLE_ASSIGNMENT((#9305));
#9290=PRESENTATION_STYLE_ASSIGNMENT((#9306));
#9291=PRESENTATION_STYLE_ASSIGNMENT((#9307));
#9292=SURFACE_STYLE_USAGE(.BOTH.,#9308);
#9293=SURFACE_STYLE_USAGE(.BOTH.,#9309);
#9294=SURFACE_STYLE_USAGE(.BOTH.,#9310);
#9295=SURFACE_STYLE_USAGE(.BOTH.,#9311);
#9296=SURFACE_STYLE_USAGE(.BOTH.,#9312);
#9297=SURFACE_STYLE_USAGE(.BOTH.,#9313);
#9298=SURFACE_STYLE_USAGE(.BOTH.,#9314);
#9299=SURFACE_STYLE_USAGE(.BOTH.,#9315);
#9300=SURFACE_STYLE_USAGE(.BOTH.,#9316);
#9301=SURFACE_STYLE_USAGE(.BOTH.,#9317);
#9302=SURFACE_STYLE_USAGE(.BOTH.,#9318);
#9303=SURFACE_STYLE_USAGE(.BOTH.,#9319);
#9304=SURFACE_STYLE_USAGE(.BOTH.,#9320);
#9305=SURFACE_STYLE_USAGE(.BOTH.,#9321);
#9306=SURFACE_STYLE_USAGE(.BOTH.,#9322);
#9307=SURFACE_STYLE_USAGE(.BOTH.,#9323);
#9308=SURFACE_SIDE_STYLE('',(#9324));
#9309=SURFACE_SIDE_STYLE('',(#9325));
#9310=SURFACE_SIDE_STYLE('',(#9326));
#9311=SURFACE_SIDE_STYLE('',(#9327));
#9312=SURFACE_SIDE_STYLE('',(#9328));
#9313=SURFACE_SIDE_STYLE('',(#9329));
#9314=SURFACE_SIDE_STYLE('',(#9330));
#9315=SURFACE_SIDE_STYLE('',(#9331));
#9316=SURFACE_SIDE_STYLE('',(#9332));
#9317=SURFACE_SIDE_STYLE('',(#9333));
#9318=SURFACE_SIDE_STYLE('',(#9334));
#9319=SURFACE_SIDE_STYLE('',(#9335));
#9320=SURFACE_SIDE_STYLE('',(#9336));
#9321=SURFACE_SIDE_STYLE('',(#9337));
#9322=SURFACE_SIDE_STYLE('',(#9338));
#9323=SURFACE_SIDE_STYLE('',(#9339));
#9324=SURFACE_STYLE_FILL_AREA(#9340);
#9325=SURFACE_STYLE_FILL_AREA(#9341);
#9326=SURFACE_STYLE_FILL_AREA(#9342);
#9327=SURFACE_STYLE_FILL_AREA(#9343);
#9328=SURFACE_STYLE_FILL_AREA(#9344);
#9329=SURFACE_STYLE_FILL_AREA(#9345);
#9330=SURFACE_STYLE_FILL_AREA(#9346);
#9331=SURFACE_STYLE_FILL_AREA(#9347);
#9332=SURFACE_STYLE_FILL_AREA(#9348);
#9333=SURFACE_STYLE_FILL_AREA(#9349);
#9334=SURFACE_STYLE_FILL_AREA(#9350);
#9335=SURFACE_STYLE_FILL_AREA(#9351);
#9336=SURFACE_STYLE_FILL_AREA(#9352);
#9337=SURFACE_STYLE_FILL_AREA(#9353);
#9338=SURFACE_STYLE_FILL_AREA(#9354);
#9339=SURFACE_STYLE_FILL_AREA(#9355);
#9340=FILL_AREA_STYLE('',(#9356));
#9341=FILL_AREA_STYLE('',(#9357));
#9342=FILL_AREA_STYLE('',(#9358));
#9343=FILL_AREA_STYLE('',(#9359));
#9344=FILL_AREA_STYLE('',(#9360));
#9345=FILL_AREA_STYLE('',(#9361));
#9346=FILL_AREA_STYLE('',(#9362));
#9347=FILL_AREA_STYLE('',(#9363));
#9348=FILL_AREA_STYLE('',(#9364));
#9349=FILL_AREA_STYLE('',(#9365));
#9350=FILL_AREA_STYLE('',(#9366));
#9351=FILL_AREA_STYLE('',(#9367));
#9352=FILL_AREA_STYLE('',(#9368));
#9353=FILL_AREA_STYLE('',(#9369));
#9354=FILL_AREA_STYLE('',(#9370));
#9355=FILL_AREA_STYLE('',(#9371));
#9356=FILL_AREA_STYLE_COLOUR('',#9372);
#9357=FILL_AREA_STYLE_COLOUR('',#1767);
#9358=FILL_AREA_STYLE_COLOUR('',#1768);
#9359=FILL_AREA_STYLE_COLOUR('',#1769);
#9360=FILL_AREA_STYLE_COLOUR('',#9372);
#9361=FILL_AREA_STYLE_COLOUR('',#9372);
#9362=FILL_AREA_STYLE_COLOUR('',#9372);
#9363=FILL_AREA_STYLE_COLOUR('',#1769);
#9364=FILL_AREA_STYLE_COLOUR('',#1767);
#9365=FILL_AREA_STYLE_COLOUR('',#1768);
#9366=FILL_AREA_STYLE_COLOUR('',#1770);
#9367=FILL_AREA_STYLE_COLOUR('',#1771);
#9368=FILL_AREA_STYLE_COLOUR('',#1772);
#9369=FILL_AREA_STYLE_COLOUR('',#1767);
#9370=FILL_AREA_STYLE_COLOUR('',#1773);
#9371=FILL_AREA_STYLE_COLOUR('',#1767);
#9372=DRAUGHTING_PRE_DEFINED_COLOUR('black');
#9373=MANIFOLD_SOLID_BREP('motor4',#9244);
#9374=MANIFOLD_SOLID_BREP('PROP',#9245);
#9375=MANIFOLD_SOLID_BREP('ARM CC2',#9246);
#9376=MANIFOLD_SOLID_BREP('ARM C2',#9247);
#9377=MANIFOLD_SOLID_BREP('motor2',#9248);
#9378=MANIFOLD_SOLID_BREP('MOTOR1',#9249);
#9379=MANIFOLD_SOLID_BREP('motor 3',#9250);
#9380=MANIFOLD_SOLID_BREP('ARM C1',#9251);
#9381=MANIFOLD_SOLID_BREP('PROP4',#9252);
#9382=MANIFOLD_SOLID_BREP('ARM CC1',#9253);
#9383=MANIFOLD_SOLID_BREP('ESC',#9254);
#9384=MANIFOLD_SOLID_BREP('RECIEVER',#9255);
#9385=MANIFOLD_SOLID_BREP('BASE',#9256);
#9386=MANIFOLD_SOLID_BREP('PROP3',#9257);
#9387=MANIFOLD_SOLID_BREP('BATTERY',#9258);
#9388=MANIFOLD_SOLID_BREP('PROP2',#9259);
#9389=SHAPE_DEFINITION_REPRESENTATION(#16243,#9405);
#9390=SHAPE_DEFINITION_REPRESENTATION(#16244,#9406);
#9391=SHAPE_DEFINITION_REPRESENTATION(#16245,#9407);
#9392=SHAPE_DEFINITION_REPRESENTATION(#16246,#9408);
#9393=SHAPE_DEFINITION_REPRESENTATION(#16247,#9409);
#9394=SHAPE_DEFINITION_REPRESENTATION(#16248,#9410);
#9395=SHAPE_DEFINITION_REPRESENTATION(#16249,#9411);
#9396=SHAPE_DEFINITION_REPRESENTATION(#16250,#9412);
#9397=SHAPE_DEFINITION_REPRESENTATION(#16251,#9413);
#9398=SHAPE_DEFINITION_REPRESENTATION(#16252,#9414);
#9399=SHAPE_DEFINITION_REPRESENTATION(#16253,#9415);
#9400=SHAPE_DEFINITION_REPRESENTATION(#16254,#9416);
#9401=SHAPE_DEFINITION_REPRESENTATION(#16255,#9417);
#9402=SHAPE_DEFINITION_REPRESENTATION(#16256,#9418);
#9403=SHAPE_DEFINITION_REPRESENTATION(#16257,#9419);
#9404=SHAPE_DEFINITION_REPRESENTATION(#16258,#9420);
#9405=SHAPE_REPRESENTATION('motor4',(#9421),#16163);
#9406=SHAPE_REPRESENTATION('PROP',(#9439),#16164);
#9407=SHAPE_REPRESENTATION('ARM CC2',(#9514),#16165);
#9408=SHAPE_REPRESENTATION('ARM C2',(#9599),#16166);
#9409=SHAPE_REPRESENTATION('motor2',(#9684),#16167);
#9410=SHAPE_REPRESENTATION('MOTOR1',(#9702),#16168);
#9411=SHAPE_REPRESENTATION('motor 3',(#9720),#16169);
#9412=SHAPE_REPRESENTATION('ARM C1',(#9738),#16170);
#9413=SHAPE_REPRESENTATION('PROP4',(#9823),#16171);
#9414=SHAPE_REPRESENTATION('ARM CC1',(#9898),#16172);
#9415=SHAPE_REPRESENTATION('ESC',(#9983),#16173);
#9416=SHAPE_REPRESENTATION('RECIEVER',(#10085),#16174);
#9417=SHAPE_REPRESENTATION('BASE',(#10101),#16175);
#9418=SHAPE_REPRESENTATION('PROP3',(#10163),#16176);
#9419=SHAPE_REPRESENTATION('BATTERY',(#10238),#16177);
#9420=SHAPE_REPRESENTATION('PROP2',(#10258),#16178);
#9421=AXIS2_PLACEMENT_3D('',#12928,#10333,#10334);
#9422=AXIS2_PLACEMENT_3D('',#12929,#10335,#10336);
#9423=AXIS2_PLACEMENT_3D('',#12930,#10337,#10338);
#9424=AXIS2_PLACEMENT_3D('',#12932,#10339,#10340);
#9425=AXIS2_PLACEMENT_3D('',#12934,#10341,#10342);
#9426=AXIS2_PLACEMENT_3D('',#12935,#10343,#10344);
#9427=AXIS2_PLACEMENT_3D('',#12937,#10345,#10346);
#9428=AXIS2_PLACEMENT_3D('',#12939,#10347,#10348);
#9429=AXIS2_PLACEMENT_3D('',#12940,#10349,#10350);
#9430=AXIS2_PLACEMENT_3D('',#12942,#10351,#10352);
#9431=AXIS2_PLACEMENT_3D('',#12943,#10353,#10354);
#9432=AXIS2_PLACEMENT_3D('',#12944,#10355,#10356);
#9433=AXIS2_PLACEMENT_3D('',#12945,#10357,#10358);
#9434=AXIS2_PLACEMENT_3D('',#12947,#10359,#10360);
#9435=AXIS2_PLACEMENT_3D('',#12948,#10361,#10362);
#9436=AXIS2_PLACEMENT_3D('',#12950,#10363,#10364);
#9437=AXIS2_PLACEMENT_3D('',#12951,#10365,#10366);
#9438=AXIS2_PLACEMENT_3D('',#12953,#10367,#10368);
#9439=AXIS2_PLACEMENT_3D('',#12954,#10369,#10370);
#9440=AXIS2_PLACEMENT_3D('',#12955,#10371,#10372);
#9441=AXIS2_PLACEMENT_3D('',#12956,#10373,#10374);
#9442=AXIS2_PLACEMENT_3D('',#12959,#10375,#10376);
#9443=AXIS2_PLACEMENT_3D('',#12963,#10378,#10379);
#9444=AXIS2_PLACEMENT_3D('',#12965,#10380,#10381);
#9445=AXIS2_PLACEMENT_3D('',#12969,#10383,#10384);
#9446=AXIS2_PLACEMENT_3D('',#12972,#10386,#10387);
#9447=AXIS2_PLACEMENT_3D('',#12974,#10388,#10389);
#9448=AXIS2_PLACEMENT_3D('',#12975,#10390,#10391);
#9449=AXIS2_PLACEMENT_3D('',#12977,#10392,#10393);
#9450=AXIS2_PLACEMENT_3D('',#12982,#10395,#10396);
#9451=AXIS2_PLACEMENT_3D('',#12984,#10397,#10398);
#9452=AXIS2_PLACEMENT_3D('',#12988,#10400,#10401);
#9453=AXIS2_PLACEMENT_3D('',#12990,#10402,#10403);
#9454=AXIS2_PLACEMENT_3D('',#12994,#10405,#10406);
#9455=AXIS2_PLACEMENT_3D('',#12996,#10407,#10408);
#9456=AXIS2_PLACEMENT_3D('',#12998,#10409,#10410);
#9457=AXIS2_PLACEMENT_3D('',#13000,#10411,#10412);
#9458=AXIS2_PLACEMENT_3D('',#13002,#10413,#10414);
#9459=AXIS2_PLACEMENT_3D('',#13004,#10415,#10416);
#9460=AXIS2_PLACEMENT_3D('',#13006,#10417,#10418);
#9461=AXIS2_PLACEMENT_3D('',#13008,#10419,#10420);
#9462=AXIS2_PLACEMENT_3D('',#13010,#10421,#10422);
#9463=AXIS2_PLACEMENT_3D('',#13011,#10423,#10424);
#9464=AXIS2_PLACEMENT_3D('',#13012,#10425,#10426);
#9465=AXIS2_PLACEMENT_3D('',#13015,#10427,#10428);
#9466=AXIS2_PLACEMENT_3D('',#13019,#10430,#10431);
#9467=AXIS2_PLACEMENT_3D('',#13021,#10432,#10433);
#9468=AXIS2_PLACEMENT_3D('',#13025,#10435,#10436);
#9469=AXIS2_PLACEMENT_3D('',#13028,#10438,#10439);
#9470=AXIS2_PLACEMENT_3D('',#13030,#10440,#10441);
#9471=AXIS2_PLACEMENT_3D('',#13031,#10442,#10443);
#9472=AXIS2_PLACEMENT_3D('',#13032,#10444,#10445);
#9473=AXIS2_PLACEMENT_3D('',#13036,#10448,#10449);
#9474=AXIS2_PLACEMENT_3D('',#13038,#10451,#10452);
#9475=AXIS2_PLACEMENT_3D('',#13040,#10454,#10455);
#9476=AXIS2_PLACEMENT_3D('',#13042,#10457,#10458);
#9477=AXIS2_PLACEMENT_3D('',#13048,#10462,#10463);
#9478=AXIS2_PLACEMENT_3D('',#13052,#10466,#10467);
#9479=AXIS2_PLACEMENT_3D('',#13056,#10470,#10471);
#9480=AXIS2_PLACEMENT_3D('',#13060,#10474,#10475);
#9481=AXIS2_PLACEMENT_3D('',#13078,#10480,#10481);
#9482=AXIS2_PLACEMENT_3D('',#13086,#10483,#10484);
#9483=AXIS2_PLACEMENT_3D('',#13102,#10488,#10489);
#9484=AXIS2_PLACEMENT_3D('',#13123,#10494,#10495);
#9485=AXIS2_PLACEMENT_3D('',#13124,#10496,#10497);
#9486=AXIS2_PLACEMENT_3D('',#13142,#10502,#10503);
#9487=AXIS2_PLACEMENT_3D('',#13152,#10506,#10507);
#9488=AXIS2_PLACEMENT_3D('',#13170,#10512,#10513);
#9489=AXIS2_PLACEMENT_3D('',#13191,#10518,#10519);
#9490=AXIS2_PLACEMENT_3D('',#13192,#10520,#10521);
#9491=AXIS2_PLACEMENT_3D('',#13244,#10527,#10528);
#9492=AXIS2_PLACEMENT_3D('',#13247,#10531,#10532);
#9493=AXIS2_PLACEMENT_3D('',#13250,#10535,#10536);
#9494=AXIS2_PLACEMENT_3D('',#13252,#10538,#10539);
#9495=AXIS2_PLACEMENT_3D('',#13253,#10540,#10541);
#9496=AXIS2_PLACEMENT_3D('',#13254,#10542,#10543);
#9497=AXIS2_PLACEMENT_3D('',#13255,#10544,#10545);
#9498=AXIS2_PLACEMENT_3D('',#13256,#10546,#10547);
#9499=AXIS2_PLACEMENT_3D('',#13260,#10550,#10551);
#9500=AXIS2_PLACEMENT_3D('',#13263,#10554,#10555);
#9501=AXIS2_PLACEMENT_3D('',#13265,#10557,#10558);
#9502=AXIS2_PLACEMENT_3D('',#13266,#10559,#10560);
#9503=AXIS2_PLACEMENT_3D('',#13269,#10563,#10564);
#9504=AXIS2_PLACEMENT_3D('',#13271,#10566,#10567);
#9505=AXIS2_PLACEMENT_3D('',#13272,#10568,#10569);
#9506=AXIS2_PLACEMENT_3D('',#13273,#10570,#10571);
#9507=AXIS2_PLACEMENT_3D('',#13277,#10574,#10575);
#9508=AXIS2_PLACEMENT_3D('',#13279,#10577,#10578);
#9509=AXIS2_PLACEMENT_3D('',#13282,#10581,#10582);
#9510=AXIS2_PLACEMENT_3D('',#13285,#10585,#10586);
#9511=AXIS2_PLACEMENT_3D('',#13287,#10588,#10589);
#9512=AXIS2_PLACEMENT_3D('',#13288,#10590,#10591);
#9513=AXIS2_PLACEMENT_3D('',#13289,#10592,#10593);
#9514=AXIS2_PLACEMENT_3D('',#13290,#10594,#10595);
#9515=AXIS2_PLACEMENT_3D('',#13291,#10596,#10597);
#9516=AXIS2_PLACEMENT_3D('',#13311,#10605,#10606);
#9517=AXIS2_PLACEMENT_3D('',#13331,#10614,#10615);
#9518=AXIS2_PLACEMENT_3D('',#13340,#10618,#10619);
#9519=AXIS2_PLACEMENT_3D('',#13346,#10621,#10622);
#9520=AXIS2_PLACEMENT_3D('',#13347,#10623,#10624);
#9521=AXIS2_PLACEMENT_3D('',#13361,#10625,#10626);
#9522=AXIS2_PLACEMENT_3D('',#13362,#10627,#10628);
#9523=AXIS2_PLACEMENT_3D('',#13376,#10629,#10630);
#9524=AXIS2_PLACEMENT_3D('',#13377,#10631,#10632);
#9525=AXIS2_PLACEMENT_3D('',#13380,#10633,#10634);
#9526=AXIS2_PLACEMENT_3D('',#13382,#10635,#10636);
#9527=AXIS2_PLACEMENT_3D('',#13384,#10637,#10638);
#9528=AXIS2_PLACEMENT_3D('',#13385,#10639,#10640);
#9529=AXIS2_PLACEMENT_3D('',#13387,#10641,#10642);
#9530=AXIS2_PLACEMENT_3D('',#13390,#10643,#10644);
#9531=AXIS2_PLACEMENT_3D('',#13392,#10645,#10646);
#9532=AXIS2_PLACEMENT_3D('',#13394,#10647,#10648);
#9533=AXIS2_PLACEMENT_3D('',#13395,#10649,#10650);
#9534=AXIS2_PLACEMENT_3D('',#13398,#10651,#10652);
#9535=AXIS2_PLACEMENT_3D('',#13400,#10653,#10654);
#9536=AXIS2_PLACEMENT_3D('',#13402,#10655,#10656);
#9537=AXIS2_PLACEMENT_3D('',#13403,#10657,#10658);
#9538=AXIS2_PLACEMENT_3D('',#13406,#10659,#10660);
#9539=AXIS2_PLACEMENT_3D('',#13408,#10661,#10662);
#9540=AXIS2_PLACEMENT_3D('',#13410,#10663,#10664);
#9541=AXIS2_PLACEMENT_3D('',#13425,#10673,#10674);
#9542=AXIS2_PLACEMENT_3D('',#13429,#10677,#10678);
#9543=AXIS2_PLACEMENT_3D('',#13446,#10688,#10689);
#9544=AXIS2_PLACEMENT_3D('',#13462,#10697,#10698);
#9545=AXIS2_PLACEMENT_3D('',#13463,#10699,#10700);
#9546=AXIS2_PLACEMENT_3D('',#13466,#10701,#10702);
#9547=AXIS2_PLACEMENT_3D('',#13468,#10703,#10704);
#9548=AXIS2_PLACEMENT_3D('',#13470,#10705,#10706);
#9549=AXIS2_PLACEMENT_3D('',#13471,#10707,#10708);
#9550=AXIS2_PLACEMENT_3D('',#13474,#10709,#10710);
#9551=AXIS2_PLACEMENT_3D('',#13476,#10711,#10712);
#9552=AXIS2_PLACEMENT_3D('',#13478,#10713,#10714);
#9553=AXIS2_PLACEMENT_3D('',#13479,#10715,#10716);
#9554=AXIS2_PLACEMENT_3D('',#13482,#10717,#10718);
#9555=AXIS2_PLACEMENT_3D('',#13484,#10719,#10720);
#9556=AXIS2_PLACEMENT_3D('',#13486,#10721,#10722);
#9557=AXIS2_PLACEMENT_3D('',#13487,#10723,#10724);
#9558=AXIS2_PLACEMENT_3D('',#13489,#10725,#10726);
#9559=AXIS2_PLACEMENT_3D('',#13491,#10727,#10728);
#9560=AXIS2_PLACEMENT_3D('',#13494,#10729,#10730);
#9561=AXIS2_PLACEMENT_3D('',#13496,#10731,#10732);
#9562=AXIS2_PLACEMENT_3D('',#13498,#10733,#10734);
#9563=AXIS2_PLACEMENT_3D('',#13499,#10735,#10736);
#9564=AXIS2_PLACEMENT_3D('',#13500,#10737,#10738);
#9565=AXIS2_PLACEMENT_3D('',#13503,#10741,#10742);
#9566=AXIS2_PLACEMENT_3D('',#13505,#10744,#10745);
#9567=AXIS2_PLACEMENT_3D('',#13506,#10746,#10747);
#9568=AXIS2_PLACEMENT_3D('',#13508,#10749,#10750);
#9569=AXIS2_PLACEMENT_3D('',#13510,#10752,#10753);
#9570=AXIS2_PLACEMENT_3D('',#13512,#10755,#10756);
#9571=AXIS2_PLACEMENT_3D('',#13513,#10757,#10758);
#9572=AXIS2_PLACEMENT_3D('',#13514,#10759,#10760);
#9573=AXIS2_PLACEMENT_3D('',#13517,#10763,#10764);
#9574=AXIS2_PLACEMENT_3D('',#13520,#10767,#10768);
#9575=AXIS2_PLACEMENT_3D('',#13523,#10771,#10772);
#9576=AXIS2_PLACEMENT_3D('',#13526,#10775,#10776);
#9577=AXIS2_PLACEMENT_3D('',#13529,#10779,#10780);
#9578=AXIS2_PLACEMENT_3D('',#13532,#10783,#10784);
#9579=AXIS2_PLACEMENT_3D('',#13535,#10787,#10788);
#9580=AXIS2_PLACEMENT_3D('',#13538,#10791,#10792);
#9581=AXIS2_PLACEMENT_3D('',#13539,#10793,#10794);
#9582=AXIS2_PLACEMENT_3D('',#13540,#10795,#10796);
#9583=AXIS2_PLACEMENT_3D('',#13541,#10797,#10798);
#9584=AXIS2_PLACEMENT_3D('',#13542,#10799,#10800);
#9585=AXIS2_PLACEMENT_3D('',#13543,#10801,#10802);
#9586=AXIS2_PLACEMENT_3D('',#13544,#10803,#10804);
#9587=AXIS2_PLACEMENT_3D('',#13545,#10805,#10806);
#9588=AXIS2_PLACEMENT_3D('',#13546,#10807,#10808);
#9589=AXIS2_PLACEMENT_3D('',#13552,#10812,#10813);
#9590=AXIS2_PLACEMENT_3D('',#13556,#10816,#10817);
#9591=AXIS2_PLACEMENT_3D('',#13560,#10820,#10821);
#9592=AXIS2_PLACEMENT_3D('',#13564,#10824,#10825);
#9593=AXIS2_PLACEMENT_3D('',#13568,#10828,#10829);
#9594=AXIS2_PLACEMENT_3D('',#13572,#10832,#10833);
#9595=AXIS2_PLACEMENT_3D('',#13574,#10835,#10836);
#9596=AXIS2_PLACEMENT_3D('',#13575,#10837,#10838);
#9597=AXIS2_PLACEMENT_3D('',#13577,#10840,#10841);
#9598=AXIS2_PLACEMENT_3D('',#13578,#10842,#10843);
#9599=AXIS2_PLACEMENT_3D('',#13588,#10845,#10846);
#9600=AXIS2_PLACEMENT_3D('',#13589,#10847,#10848);
#9601=AXIS2_PLACEMENT_3D('',#13609,#10856,#10857);
#9602=AXIS2_PLACEMENT_3D('',#13629,#10865,#10866);
#9603=AXIS2_PLACEMENT_3D('',#13638,#10869,#10870);
#9604=AXIS2_PLACEMENT_3D('',#13644,#10872,#10873);
#9605=AXIS2_PLACEMENT_3D('',#13645,#10874,#10875);
#9606=AXIS2_PLACEMENT_3D('',#13659,#10876,#10877);
#9607=AXIS2_PLACEMENT_3D('',#13660,#10878,#10879);
#9608=AXIS2_PLACEMENT_3D('',#13674,#10880,#10881);
#9609=AXIS2_PLACEMENT_3D('',#13675,#10882,#10883);
#9610=AXIS2_PLACEMENT_3D('',#13678,#10884,#10885);
#9611=AXIS2_PLACEMENT_3D('',#13680,#10886,#10887);
#9612=AXIS2_PLACEMENT_3D('',#13682,#10888,#10889);
#9613=AXIS2_PLACEMENT_3D('',#13683,#10890,#10891);
#9614=AXIS2_PLACEMENT_3D('',#13685,#10892,#10893);
#9615=AXIS2_PLACEMENT_3D('',#13688,#10894,#10895);
#9616=AXIS2_PLACEMENT_3D('',#13690,#10896,#10897);
#9617=AXIS2_PLACEMENT_3D('',#13692,#10898,#10899);
#9618=AXIS2_PLACEMENT_3D('',#13693,#10900,#10901);
#9619=AXIS2_PLACEMENT_3D('',#13696,#10902,#10903);
#9620=AXIS2_PLACEMENT_3D('',#13698,#10904,#10905);
#9621=AXIS2_PLACEMENT_3D('',#13700,#10906,#10907);
#9622=AXIS2_PLACEMENT_3D('',#13701,#10908,#10909);
#9623=AXIS2_PLACEMENT_3D('',#13704,#10910,#10911);
#9624=AXIS2_PLACEMENT_3D('',#13706,#10912,#10913);
#9625=AXIS2_PLACEMENT_3D('',#13708,#10914,#10915);
#9626=AXIS2_PLACEMENT_3D('',#13723,#10924,#10925);
#9627=AXIS2_PLACEMENT_3D('',#13727,#10928,#10929);
#9628=AXIS2_PLACEMENT_3D('',#13744,#10939,#10940);
#9629=AXIS2_PLACEMENT_3D('',#13760,#10948,#10949);
#9630=AXIS2_PLACEMENT_3D('',#13761,#10950,#10951);
#9631=AXIS2_PLACEMENT_3D('',#13764,#10952,#10953);
#9632=AXIS2_PLACEMENT_3D('',#13766,#10954,#10955);
#9633=AXIS2_PLACEMENT_3D('',#13768,#10956,#10957);
#9634=AXIS2_PLACEMENT_3D('',#13769,#10958,#10959);
#9635=AXIS2_PLACEMENT_3D('',#13772,#10960,#10961);
#9636=AXIS2_PLACEMENT_3D('',#13774,#10962,#10963);
#9637=AXIS2_PLACEMENT_3D('',#13776,#10964,#10965);
#9638=AXIS2_PLACEMENT_3D('',#13777,#10966,#10967);
#9639=AXIS2_PLACEMENT_3D('',#13780,#10968,#10969);
#9640=AXIS2_PLACEMENT_3D('',#13782,#10970,#10971);
#9641=AXIS2_PLACEMENT_3D('',#13784,#10972,#10973);
#9642=AXIS2_PLACEMENT_3D('',#13785,#10974,#10975);
#9643=AXIS2_PLACEMENT_3D('',#13787,#10976,#10977);
#9644=AXIS2_PLACEMENT_3D('',#13789,#10978,#10979);
#9645=AXIS2_PLACEMENT_3D('',#13792,#10980,#10981);
#9646=AXIS2_PLACEMENT_3D('',#13794,#10982,#10983);
#9647=AXIS2_PLACEMENT_3D('',#13796,#10984,#10985);
#9648=AXIS2_PLACEMENT_3D('',#13797,#10986,#10987);
#9649=AXIS2_PLACEMENT_3D('',#13798,#10988,#10989);
#9650=AXIS2_PLACEMENT_3D('',#13801,#10992,#10993);
#9651=AXIS2_PLACEMENT_3D('',#13803,#10995,#10996);
#9652=AXIS2_PLACEMENT_3D('',#13804,#10997,#10998);
#9653=AXIS2_PLACEMENT_3D('',#13806,#11000,#11001);
#9654=AXIS2_PLACEMENT_3D('',#13808,#11003,#11004);
#9655=AXIS2_PLACEMENT_3D('',#13810,#11006,#11007);
#9656=AXIS2_PLACEMENT_3D('',#13811,#11008,#11009);
#9657=AXIS2_PLACEMENT_3D('',#13812,#11010,#11011);
#9658=AXIS2_PLACEMENT_3D('',#13815,#11014,#11015);
#9659=AXIS2_PLACEMENT_3D('',#13818,#11018,#11019);
#9660=AXIS2_PLACEMENT_3D('',#13821,#11022,#11023);
#9661=AXIS2_PLACEMENT_3D('',#13824,#11026,#11027);
#9662=AXIS2_PLACEMENT_3D('',#13827,#11030,#11031);
#9663=AXIS2_PLACEMENT_3D('',#13830,#11034,#11035);
#9664=AXIS2_PLACEMENT_3D('',#13833,#11038,#11039);
#9665=AXIS2_PLACEMENT_3D('',#13836,#11042,#11043);
#9666=AXIS2_PLACEMENT_3D('',#13837,#11044,#11045);
#9667=AXIS2_PLACEMENT_3D('',#13838,#11046,#11047);
#9668=AXIS2_PLACEMENT_3D('',#13839,#11048,#11049);
#9669=AXIS2_PLACEMENT_3D('',#13840,#11050,#11051);
#9670=AXIS2_PLACEMENT_3D('',#13841,#11052,#11053);
#9671=AXIS2_PLACEMENT_3D('',#13842,#11054,#11055);
#9672=AXIS2_PLACEMENT_3D('',#13843,#11056,#11057);
#9673=AXIS2_PLACEMENT_3D('',#13844,#11058,#11059);
#9674=AXIS2_PLACEMENT_3D('',#13850,#11063,#11064);
#9675=AXIS2_PLACEMENT_3D('',#13854,#11067,#11068);
#9676=AXIS2_PLACEMENT_3D('',#13858,#11071,#11072);
#9677=AXIS2_PLACEMENT_3D('',#13862,#11075,#11076);
#9678=AXIS2_PLACEMENT_3D('',#13866,#11079,#11080);
#9679=AXIS2_PLACEMENT_3D('',#13870,#11083,#11084);
#9680=AXIS2_PLACEMENT_3D('',#13872,#11086,#11087);
#9681=AXIS2_PLACEMENT_3D('',#13873,#11088,#11089);
#9682=AXIS2_PLACEMENT_3D('',#13875,#11091,#11092);
#9683=AXIS2_PLACEMENT_3D('',#13876,#11093,#11094);
#9684=AXIS2_PLACEMENT_3D('',#13886,#11096,#11097);
#9685=AXIS2_PLACEMENT_3D('',#13887,#11098,#11099);
#9686=AXIS2_PLACEMENT_3D('',#13888,#11100,#11101);
#9687=AXIS2_PLACEMENT_3D('',#13890,#11102,#11103);
#9688=AXIS2_PLACEMENT_3D('',#13892,#11104,#11105);
#9689=AXIS2_PLACEMENT_3D('',#13893,#11106,#11107);
#9690=AXIS2_PLACEMENT_3D('',#13895,#11108,#11109);
#9691=AXIS2_PLACEMENT_3D('',#13897,#11110,#11111);
#9692=AXIS2_PLACEMENT_3D('',#13898,#11112,#11113);
#9693=AXIS2_PLACEMENT_3D('',#13900,#11114,#11115);
#9694=AXIS2_PLACEMENT_3D('',#13901,#11116,#11117);
#9695=AXIS2_PLACEMENT_3D('',#13902,#11118,#11119);
#9696=AXIS2_PLACEMENT_3D('',#13903,#11120,#11121);
#9697=AXIS2_PLACEMENT_3D('',#13905,#11122,#11123);
#9698=AXIS2_PLACEMENT_3D('',#13906,#11124,#11125);
#9699=AXIS2_PLACEMENT_3D('',#13908,#11126,#11127);
#9700=AXIS2_PLACEMENT_3D('',#13909,#11128,#11129);
#9701=AXIS2_PLACEMENT_3D('',#13911,#11130,#11131);
#9702=AXIS2_PLACEMENT_3D('',#13912,#11132,#11133);
#9703=AXIS2_PLACEMENT_3D('',#13913,#11134,#11135);
#9704=AXIS2_PLACEMENT_3D('',#13914,#11136,#11137);
#9705=AXIS2_PLACEMENT_3D('',#13916,#11138,#11139);
#9706=AXIS2_PLACEMENT_3D('',#13918,#11140,#11141);
#9707=AXIS2_PLACEMENT_3D('',#13919,#11142,#11143);
#9708=AXIS2_PLACEMENT_3D('',#13921,#11144,#11145);
#9709=AXIS2_PLACEMENT_3D('',#13923,#11146,#11147);
#9710=AXIS2_PLACEMENT_3D('',#13924,#11148,#11149);
#9711=AXIS2_PLACEMENT_3D('',#13926,#11150,#11151);
#9712=AXIS2_PLACEMENT_3D('',#13927,#11152,#11153);
#9713=AXIS2_PLACEMENT_3D('',#13928,#11154,#11155);
#9714=AXIS2_PLACEMENT_3D('',#13929,#11156,#11157);
#9715=AXIS2_PLACEMENT_3D('',#13931,#11158,#11159);
#9716=AXIS2_PLACEMENT_3D('',#13932,#11160,#11161);
#9717=AXIS2_PLACEMENT_3D('',#13934,#11162,#11163);
#9718=AXIS2_PLACEMENT_3D('',#13935,#11164,#11165);
#9719=AXIS2_PLACEMENT_3D('',#13937,#11166,#11167);
#9720=AXIS2_PLACEMENT_3D('',#13938,#11168,#11169);
#9721=AXIS2_PLACEMENT_3D('',#13939,#11170,#11171);
#9722=AXIS2_PLACEMENT_3D('',#13940,#11172,#11173);
#9723=AXIS2_PLACEMENT_3D('',#13942,#11174,#11175);
#9724=AXIS2_PLACEMENT_3D('',#13944,#11176,#11177);
#9725=AXIS2_PLACEMENT_3D('',#13945,#11178,#11179);
#9726=AXIS2_PLACEMENT_3D('',#13947,#11180,#11181);
#9727=AXIS2_PLACEMENT_3D('',#13949,#11182,#11183);
#9728=AXIS2_PLACEMENT_3D('',#13950,#11184,#11185);
#9729=AXIS2_PLACEMENT_3D('',#13952,#11186,#11187);
#9730=AXIS2_PLACEMENT_3D('',#13953,#11188,#11189);
#9731=AXIS2_PLACEMENT_3D('',#13954,#11190,#11191);
#9732=AXIS2_PLACEMENT_3D('',#13955,#11192,#11193);
#9733=AXIS2_PLACEMENT_3D('',#13957,#11194,#11195);
#9734=AXIS2_PLACEMENT_3D('',#13958,#11196,#11197);
#9735=AXIS2_PLACEMENT_3D('',#13960,#11198,#11199);
#9736=AXIS2_PLACEMENT_3D('',#13961,#11200,#11201);
#9737=AXIS2_PLACEMENT_3D('',#13963,#11202,#11203);
#9738=AXIS2_PLACEMENT_3D('',#13964,#11204,#11205);
#9739=AXIS2_PLACEMENT_3D('',#13965,#11206,#11207);
#9740=AXIS2_PLACEMENT_3D('',#13985,#11215,#11216);
#9741=AXIS2_PLACEMENT_3D('',#14005,#11224,#11225);
#9742=AXIS2_PLACEMENT_3D('',#14014,#11228,#11229);
#9743=AXIS2_PLACEMENT_3D('',#14020,#11231,#11232);
#9744=AXIS2_PLACEMENT_3D('',#14021,#11233,#11234);
#9745=AXIS2_PLACEMENT_3D('',#14035,#11235,#11236);
#9746=AXIS2_PLACEMENT_3D('',#14036,#11237,#11238);
#9747=AXIS2_PLACEMENT_3D('',#14050,#11239,#11240);
#9748=AXIS2_PLACEMENT_3D('',#14051,#11241,#11242);
#9749=AXIS2_PLACEMENT_3D('',#14054,#11243,#11244);
#9750=AXIS2_PLACEMENT_3D('',#14056,#11245,#11246);
#9751=AXIS2_PLACEMENT_3D('',#14058,#11247,#11248);
#9752=AXIS2_PLACEMENT_3D('',#14059,#11249,#11250);
#9753=AXIS2_PLACEMENT_3D('',#14061,#11251,#11252);
#9754=AXIS2_PLACEMENT_3D('',#14064,#11253,#11254);
#9755=AXIS2_PLACEMENT_3D('',#14066,#11255,#11256);
#9756=AXIS2_PLACEMENT_3D('',#14068,#11257,#11258);
#9757=AXIS2_PLACEMENT_3D('',#14069,#11259,#11260);
#9758=AXIS2_PLACEMENT_3D('',#14072,#11261,#11262);
#9759=AXIS2_PLACEMENT_3D('',#14074,#11263,#11264);
#9760=AXIS2_PLACEMENT_3D('',#14076,#11265,#11266);
#9761=AXIS2_PLACEMENT_3D('',#14077,#11267,#11268);
#9762=AXIS2_PLACEMENT_3D('',#14080,#11269,#11270);
#9763=AXIS2_PLACEMENT_3D('',#14082,#11271,#11272);
#9764=AXIS2_PLACEMENT_3D('',#14084,#11273,#11274);
#9765=AXIS2_PLACEMENT_3D('',#14099,#11283,#11284);
#9766=AXIS2_PLACEMENT_3D('',#14103,#11287,#11288);
#9767=AXIS2_PLACEMENT_3D('',#14120,#11298,#11299);
#9768=AXIS2_PLACEMENT_3D('',#14136,#11307,#11308);
#9769=AXIS2_PLACEMENT_3D('',#14137,#11309,#11310);
#9770=AXIS2_PLACEMENT_3D('',#14140,#11311,#11312);
#9771=AXIS2_PLACEMENT_3D('',#14142,#11313,#11314);
#9772=AXIS2_PLACEMENT_3D('',#14144,#11315,#11316);
#9773=AXIS2_PLACEMENT_3D('',#14145,#11317,#11318);
#9774=AXIS2_PLACEMENT_3D('',#14148,#11319,#11320);
#9775=AXIS2_PLACEMENT_3D('',#14150,#11321,#11322);
#9776=AXIS2_PLACEMENT_3D('',#14152,#11323,#11324);
#9777=AXIS2_PLACEMENT_3D('',#14153,#11325,#11326);
#9778=AXIS2_PLACEMENT_3D('',#14156,#11327,#11328);
#9779=AXIS2_PLACEMENT_3D('',#14158,#11329,#11330);
#9780=AXIS2_PLACEMENT_3D('',#14160,#11331,#11332);
#9781=AXIS2_PLACEMENT_3D('',#14161,#11333,#11334);
#9782=AXIS2_PLACEMENT_3D('',#14163,#11335,#11336);
#9783=AXIS2_PLACEMENT_3D('',#14165,#11337,#11338);
#9784=AXIS2_PLACEMENT_3D('',#14168,#11339,#11340);
#9785=AXIS2_PLACEMENT_3D('',#14170,#11341,#11342);
#9786=AXIS2_PLACEMENT_3D('',#14172,#11343,#11344);
#9787=AXIS2_PLACEMENT_3D('',#14173,#11345,#11346);
#9788=AXIS2_PLACEMENT_3D('',#14174,#11347,#11348);
#9789=AXIS2_PLACEMENT_3D('',#14177,#11351,#11352);
#9790=AXIS2_PLACEMENT_3D('',#14179,#11354,#11355);
#9791=AXIS2_PLACEMENT_3D('',#14180,#11356,#11357);
#9792=AXIS2_PLACEMENT_3D('',#14182,#11359,#11360);
#9793=AXIS2_PLACEMENT_3D('',#14184,#11362,#11363);
#9794=AXIS2_PLACEMENT_3D('',#14186,#11365,#11366);
#9795=AXIS2_PLACEMENT_3D('',#14187,#11367,#11368);
#9796=AXIS2_PLACEMENT_3D('',#14188,#11369,#11370);
#9797=AXIS2_PLACEMENT_3D('',#14191,#11373,#11374);
#9798=AXIS2_PLACEMENT_3D('',#14194,#11377,#11378);
#9799=AXIS2_PLACEMENT_3D('',#14197,#11381,#11382);
#9800=AXIS2_PLACEMENT_3D('',#14200,#11385,#11386);
#9801=AXIS2_PLACEMENT_3D('',#14203,#11389,#11390);
#9802=AXIS2_PLACEMENT_3D('',#14206,#11393,#11394);
#9803=AXIS2_PLACEMENT_3D('',#14209,#11397,#11398);
#9804=AXIS2_PLACEMENT_3D('',#14212,#11401,#11402);
#9805=AXIS2_PLACEMENT_3D('',#14213,#11403,#11404);
#9806=AXIS2_PLACEMENT_3D('',#14214,#11405,#11406);
#9807=AXIS2_PLACEMENT_3D('',#14215,#11407,#11408);
#9808=AXIS2_PLACEMENT_3D('',#14216,#11409,#11410);
#9809=AXIS2_PLACEMENT_3D('',#14217,#11411,#11412);
#9810=AXIS2_PLACEMENT_3D('',#14218,#11413,#11414);
#9811=AXIS2_PLACEMENT_3D('',#14219,#11415,#11416);
#9812=AXIS2_PLACEMENT_3D('',#14220,#11417,#11418);
#9813=AXIS2_PLACEMENT_3D('',#14226,#11422,#11423);
#9814=AXIS2_PLACEMENT_3D('',#14230,#11426,#11427);
#9815=AXIS2_PLACEMENT_3D('',#14234,#11430,#11431);
#9816=AXIS2_PLACEMENT_3D('',#14238,#11434,#11435);
#9817=AXIS2_PLACEMENT_3D('',#14242,#11438,#11439);
#9818=AXIS2_PLACEMENT_3D('',#14246,#11442,#11443);
#9819=AXIS2_PLACEMENT_3D('',#14248,#11445,#11446);
#9820=AXIS2_PLACEMENT_3D('',#14249,#11447,#11448);
#9821=AXIS2_PLACEMENT_3D('',#14251,#11450,#11451);
#9822=AXIS2_PLACEMENT_3D('',#14252,#11452,#11453);
#9823=AXIS2_PLACEMENT_3D('',#14262,#11455,#11456);
#9824=AXIS2_PLACEMENT_3D('',#14263,#11457,#11458);
#9825=AXIS2_PLACEMENT_3D('',#14264,#11459,#11460);
#9826=AXIS2_PLACEMENT_3D('',#14267,#11461,#11462);
#9827=AXIS2_PLACEMENT_3D('',#14271,#11464,#11465);
#9828=AXIS2_PLACEMENT_3D('',#14273,#11466,#11467);
#9829=AXIS2_PLACEMENT_3D('',#14277,#11469,#11470);
#9830=AXIS2_PLACEMENT_3D('',#14280,#11472,#11473);
#9831=AXIS2_PLACEMENT_3D('',#14282,#11474,#11475);
#9832=AXIS2_PLACEMENT_3D('',#14283,#11476,#11477);
#9833=AXIS2_PLACEMENT_3D('',#14285,#11478,#11479);
#9834=AXIS2_PLACEMENT_3D('',#14290,#11481,#11482);
#9835=AXIS2_PLACEMENT_3D('',#14292,#11483,#11484);
#9836=AXIS2_PLACEMENT_3D('',#14296,#11486,#11487);
#9837=AXIS2_PLACEMENT_3D('',#14298,#11488,#11489);
#9838=AXIS2_PLACEMENT_3D('',#14302,#11491,#11492);
#9839=AXIS2_PLACEMENT_3D('',#14304,#11493,#11494);
#9840=AXIS2_PLACEMENT_3D('',#14306,#11495,#11496);
#9841=AXIS2_PLACEMENT_3D('',#14308,#11497,#11498);
#9842=AXIS2_PLACEMENT_3D('',#14310,#11499,#11500);
#9843=AXIS2_PLACEMENT_3D('',#14312,#11501,#11502);
#9844=AXIS2_PLACEMENT_3D('',#14314,#11503,#11504);
#9845=AXIS2_PLACEMENT_3D('',#14316,#11505,#11506);
#9846=AXIS2_PLACEMENT_3D('',#14318,#11507,#11508);
#9847=AXIS2_PLACEMENT_3D('',#14319,#11509,#11510);
#9848=AXIS2_PLACEMENT_3D('',#14320,#11511,#11512);
#9849=AXIS2_PLACEMENT_3D('',#14323,#11513,#11514);
#9850=AXIS2_PLACEMENT_3D('',#14327,#11516,#11517);
#9851=AXIS2_PLACEMENT_3D('',#14329,#11518,#11519);
#9852=AXIS2_PLACEMENT_3D('',#14333,#11521,#11522);
#9853=AXIS2_PLACEMENT_3D('',#14336,#11524,#11525);
#9854=AXIS2_PLACEMENT_3D('',#14338,#11526,#11527);
#9855=AXIS2_PLACEMENT_3D('',#14339,#11528,#11529);
#9856=AXIS2_PLACEMENT_3D('',#14340,#11530,#11531);
#9857=AXIS2_PLACEMENT_3D('',#14344,#11534,#11535);
#9858=AXIS2_PLACEMENT_3D('',#14346,#11537,#11538);
#9859=AXIS2_PLACEMENT_3D('',#14348,#11540,#11541);
#9860=AXIS2_PLACEMENT_3D('',#14350,#11543,#11544);
#9861=AXIS2_PLACEMENT_3D('',#14356,#11548,#11549);
#9862=AXIS2_PLACEMENT_3D('',#14360,#11552,#11553);
#9863=AXIS2_PLACEMENT_3D('',#14364,#11556,#11557);
#9864=AXIS2_PLACEMENT_3D('',#14368,#11560,#11561);
#9865=AXIS2_PLACEMENT_3D('',#14386,#11566,#11567);
#9866=AXIS2_PLACEMENT_3D('',#14394,#11569,#11570);
#9867=AXIS2_PLACEMENT_3D('',#14410,#11574,#11575);
#9868=AXIS2_PLACEMENT_3D('',#14431,#11580,#11581);
#9869=AXIS2_PLACEMENT_3D('',#14432,#11582,#11583);
#9870=AXIS2_PLACEMENT_3D('',#14450,#11588,#11589);
#9871=AXIS2_PLACEMENT_3D('',#14460,#11592,#11593);
#9872=AXIS2_PLACEMENT_3D('',#14478,#11598,#11599);
#9873=AXIS2_PLACEMENT_3D('',#14499,#11604,#11605);
#9874=AXIS2_PLACEMENT_3D('',#14500,#11606,#11607);
#9875=AXIS2_PLACEMENT_3D('',#14552,#11613,#11614);
#9876=AXIS2_PLACEMENT_3D('',#14555,#11617,#11618);
#9877=AXIS2_PLACEMENT_3D('',#14558,#11621,#11622);
#9878=AXIS2_PLACEMENT_3D('',#14560,#11624,#11625);
#9879=AXIS2_PLACEMENT_3D('',#14561,#11626,#11627);
#9880=AXIS2_PLACEMENT_3D('',#14562,#11628,#11629);
#9881=AXIS2_PLACEMENT_3D('',#14563,#11630,#11631);
#9882=AXIS2_PLACEMENT_3D('',#14564,#11632,#11633);
#9883=AXIS2_PLACEMENT_3D('',#14568,#11636,#11637);
#9884=AXIS2_PLACEMENT_3D('',#14571,#11640,#11641);
#9885=AXIS2_PLACEMENT_3D('',#14573,#11643,#11644);
#9886=AXIS2_PLACEMENT_3D('',#14574,#11645,#11646);
#9887=AXIS2_PLACEMENT_3D('',#14577,#11649,#11650);
#9888=AXIS2_PLACEMENT_3D('',#14579,#11652,#11653);
#9889=AXIS2_PLACEMENT_3D('',#14580,#11654,#11655);
#9890=AXIS2_PLACEMENT_3D('',#14581,#11656,#11657);
#9891=AXIS2_PLACEMENT_3D('',#14585,#11660,#11661);
#9892=AXIS2_PLACEMENT_3D('',#14587,#11663,#11664);
#9893=AXIS2_PLACEMENT_3D('',#14590,#11667,#11668);
#9894=AXIS2_PLACEMENT_3D('',#14593,#11671,#11672);
#9895=AXIS2_PLACEMENT_3D('',#14595,#11674,#11675);
#9896=AXIS2_PLACEMENT_3D('',#14596,#11676,#11677);
#9897=AXIS2_PLACEMENT_3D('',#14597,#11678,#11679);
#9898=AXIS2_PLACEMENT_3D('',#14598,#11680,#11681);
#9899=AXIS2_PLACEMENT_3D('',#14599,#11682,#11683);
#9900=AXIS2_PLACEMENT_3D('',#14619,#11691,#11692);
#9901=AXIS2_PLACEMENT_3D('',#14639,#11700,#11701);
#9902=AXIS2_PLACEMENT_3D('',#14648,#11704,#11705);
#9903=AXIS2_PLACEMENT_3D('',#14654,#11707,#11708);
#9904=AXIS2_PLACEMENT_3D('',#14655,#11709,#11710);
#9905=AXIS2_PLACEMENT_3D('',#14669,#11711,#11712);
#9906=AXIS2_PLACEMENT_3D('',#14670,#11713,#11714);
#9907=AXIS2_PLACEMENT_3D('',#14684,#11715,#11716);
#9908=AXIS2_PLACEMENT_3D('',#14685,#11717,#11718);
#9909=AXIS2_PLACEMENT_3D('',#14688,#11719,#11720);
#9910=AXIS2_PLACEMENT_3D('',#14690,#11721,#11722);
#9911=AXIS2_PLACEMENT_3D('',#14692,#11723,#11724);
#9912=AXIS2_PLACEMENT_3D('',#14693,#11725,#11726);
#9913=AXIS2_PLACEMENT_3D('',#14695,#11727,#11728);
#9914=AXIS2_PLACEMENT_3D('',#14698,#11729,#11730);
#9915=AXIS2_PLACEMENT_3D('',#14700,#11731,#11732);
#9916=AXIS2_PLACEMENT_3D('',#14702,#11733,#11734);
#9917=AXIS2_PLACEMENT_3D('',#14703,#11735,#11736);
#9918=AXIS2_PLACEMENT_3D('',#14706,#11737,#11738);
#9919=AXIS2_PLACEMENT_3D('',#14708,#11739,#11740);
#9920=AXIS2_PLACEMENT_3D('',#14710,#11741,#11742);
#9921=AXIS2_PLACEMENT_3D('',#14711,#11743,#11744);
#9922=AXIS2_PLACEMENT_3D('',#14714,#11745,#11746);
#9923=AXIS2_PLACEMENT_3D('',#14716,#11747,#11748);
#9924=AXIS2_PLACEMENT_3D('',#14718,#11749,#11750);
#9925=AXIS2_PLACEMENT_3D('',#14733,#11759,#11760);
#9926=AXIS2_PLACEMENT_3D('',#14737,#11763,#11764);
#9927=AXIS2_PLACEMENT_3D('',#14754,#11774,#11775);
#9928=AXIS2_PLACEMENT_3D('',#14770,#11783,#11784);
#9929=AXIS2_PLACEMENT_3D('',#14771,#11785,#11786);
#9930=AXIS2_PLACEMENT_3D('',#14774,#11787,#11788);
#9931=AXIS2_PLACEMENT_3D('',#14776,#11789,#11790);
#9932=AXIS2_PLACEMENT_3D('',#14778,#11791,#11792);
#9933=AXIS2_PLACEMENT_3D('',#14779,#11793,#11794);
#9934=AXIS2_PLACEMENT_3D('',#14782,#11795,#11796);
#9935=AXIS2_PLACEMENT_3D('',#14784,#11797,#11798);
#9936=AXIS2_PLACEMENT_3D('',#14786,#11799,#11800);
#9937=AXIS2_PLACEMENT_3D('',#14787,#11801,#11802);
#9938=AXIS2_PLACEMENT_3D('',#14790,#11803,#11804);
#9939=AXIS2_PLACEMENT_3D('',#14792,#11805,#11806);
#9940=AXIS2_PLACEMENT_3D('',#14794,#11807,#11808);
#9941=AXIS2_PLACEMENT_3D('',#14795,#11809,#11810);
#9942=AXIS2_PLACEMENT_3D('',#14797,#11811,#11812);
#9943=AXIS2_PLACEMENT_3D('',#14799,#11813,#11814);
#9944=AXIS2_PLACEMENT_3D('',#14802,#11815,#11816);
#9945=AXIS2_PLACEMENT_3D('',#14804,#11817,#11818);
#9946=AXIS2_PLACEMENT_3D('',#14806,#11819,#11820);
#9947=AXIS2_PLACEMENT_3D('',#14807,#11821,#11822);
#9948=AXIS2_PLACEMENT_3D('',#14808,#11823,#11824);
#9949=AXIS2_PLACEMENT_3D('',#14811,#11827,#11828);
#9950=AXIS2_PLACEMENT_3D('',#14813,#11830,#11831);
#9951=AXIS2_PLACEMENT_3D('',#14814,#11832,#11833);
#9952=AXIS2_PLACEMENT_3D('',#14816,#11835,#11836);
#9953=AXIS2_PLACEMENT_3D('',#14818,#11838,#11839);
#9954=AXIS2_PLACEMENT_3D('',#14820,#11841,#11842);
#9955=AXIS2_PLACEMENT_3D('',#14821,#11843,#11844);
#9956=AXIS2_PLACEMENT_3D('',#14822,#11845,#11846);
#9957=AXIS2_PLACEMENT_3D('',#14825,#11849,#11850);
#9958=AXIS2_PLACEMENT_3D('',#14828,#11853,#11854);
#9959=AXIS2_PLACEMENT_3D('',#14831,#11857,#11858);
#9960=AXIS2_PLACEMENT_3D('',#14834,#11861,#11862);
#9961=AXIS2_PLACEMENT_3D('',#14837,#11865,#11866);
#9962=AXIS2_PLACEMENT_3D('',#14840,#11869,#11870);
#9963=AXIS2_PLACEMENT_3D('',#14843,#11873,#11874);
#9964=AXIS2_PLACEMENT_3D('',#14846,#11877,#11878);
#9965=AXIS2_PLACEMENT_3D('',#14847,#11879,#11880);
#9966=AXIS2_PLACEMENT_3D('',#14848,#11881,#11882);
#9967=AXIS2_PLACEMENT_3D('',#14849,#11883,#11884);
#9968=AXIS2_PLACEMENT_3D('',#14850,#11885,#11886);
#9969=AXIS2_PLACEMENT_3D('',#14851,#11887,#11888);
#9970=AXIS2_PLACEMENT_3D('',#14852,#11889,#11890);
#9971=AXIS2_PLACEMENT_3D('',#14853,#11891,#11892);
#9972=AXIS2_PLACEMENT_3D('',#14854,#11893,#11894);
#9973=AXIS2_PLACEMENT_3D('',#14860,#11898,#11899);
#9974=AXIS2_PLACEMENT_3D('',#14864,#11902,#11903);
#9975=AXIS2_PLACEMENT_3D('',#14868,#11906,#11907);
#9976=AXIS2_PLACEMENT_3D('',#14872,#11910,#11911);
#9977=AXIS2_PLACEMENT_3D('',#14876,#11914,#11915);
#9978=AXIS2_PLACEMENT_3D('',#14880,#11918,#11919);
#9979=AXIS2_PLACEMENT_3D('',#14882,#11921,#11922);
#9980=AXIS2_PLACEMENT_3D('',#14883,#11923,#11924);
#9981=AXIS2_PLACEMENT_3D('',#14885,#11926,#11927);
#9982=AXIS2_PLACEMENT_3D('',#14886,#11928,#11929);
#9983=AXIS2_PLACEMENT_3D('',#14896,#11931,#11932);
#9984=AXIS2_PLACEMENT_3D('',#14897,#11933,#11934);
#9985=AXIS2_PLACEMENT_3D('',#14898,#11935,#11936);
#9986=AXIS2_PLACEMENT_3D('',#14900,#11937,#11938);
#9987=AXIS2_PLACEMENT_3D('',#14902,#11939,#11940);
#9988=AXIS2_PLACEMENT_3D('',#14904,#11941,#11942);
#9989=AXIS2_PLACEMENT_3D('',#14914,#11944,#11945);
#9990=AXIS2_PLACEMENT_3D('',#14926,#11948,#11949);
#9991=AXIS2_PLACEMENT_3D('',#14935,#11951,#11952);
#9992=AXIS2_PLACEMENT_3D('',#14939,#11954,#11955);
#9993=AXIS2_PLACEMENT_3D('',#14943,#11957,#11958);
#9994=AXIS2_PLACEMENT_3D('',#14946,#11960,#11961);
#9995=AXIS2_PLACEMENT_3D('',#14948,#11962,#11963);
#9996=AXIS2_PLACEMENT_3D('',#14949,#11964,#11965);
#9997=AXIS2_PLACEMENT_3D('',#14951,#11966,#11967);
#9998=AXIS2_PLACEMENT_3D('',#14953,#11968,#11969);
#9999=AXIS2_PLACEMENT_3D('',#14954,#11970,#11971);
#10000=AXIS2_PLACEMENT_3D('',#14956,#11972,#11973);
#10001=AXIS2_PLACEMENT_3D('',#14958,#11974,#11975);
#10002=AXIS2_PLACEMENT_3D('',#14959,#11976,#11977);
#10003=AXIS2_PLACEMENT_3D('',#14961,#11978,#11979);
#10004=AXIS2_PLACEMENT_3D('',#14963,#11980,#11981);
#10005=AXIS2_PLACEMENT_3D('',#14964,#11982,#11983);
#10006=AXIS2_PLACEMENT_3D('',#14983,#11987,#11988);
#10007=AXIS2_PLACEMENT_3D('',#14987,#11991,#11992);
#10008=AXIS2_PLACEMENT_3D('',#14988,#11993,#11994);
#10009=AXIS2_PLACEMENT_3D('',#14991,#11996,#11997);
#10010=AXIS2_PLACEMENT_3D('',#15012,#12001,#12002);
#10011=AXIS2_PLACEMENT_3D('',#15016,#12005,#12006);
#10012=AXIS2_PLACEMENT_3D('',#15017,#12007,#12008);
#10013=AXIS2_PLACEMENT_3D('',#15020,#12010,#12011);
#10014=AXIS2_PLACEMENT_3D('',#15038,#12015,#12016);
#10015=AXIS2_PLACEMENT_3D('',#15039,#12017,#12018);
#10016=AXIS2_PLACEMENT_3D('',#15042,#12020,#12021);
#10017=AXIS2_PLACEMENT_3D('',#15046,#12024,#12025);
#10018=AXIS2_PLACEMENT_3D('',#15047,#12026,#12027);
#10019=AXIS2_PLACEMENT_3D('',#15050,#12029,#12030);
#10020=AXIS2_PLACEMENT_3D('',#15054,#12033,#12034);
#10021=AXIS2_PLACEMENT_3D('',#15055,#12035,#12036);
#10022=AXIS2_PLACEMENT_3D('',#15058,#12038,#12039);
#10023=AXIS2_PLACEMENT_3D('',#15059,#12040,#12041);
#10024=AXIS2_PLACEMENT_3D('',#15061,#12042,#12043);
#10025=AXIS2_PLACEMENT_3D('',#15063,#12044,#12045);
#10026=AXIS2_PLACEMENT_3D('',#15064,#12046,#12047);
#10027=AXIS2_PLACEMENT_3D('',#15066,#12048,#12049);
#10028=AXIS2_PLACEMENT_3D('',#15067,#12050,#12051);
#10029=AXIS2_PLACEMENT_3D('',#15069,#12052,#12053);
#10030=AXIS2_PLACEMENT_3D('',#15071,#12055,#12056);
#10031=AXIS2_PLACEMENT_3D('',#15072,#12057,#12058);
#10032=AXIS2_PLACEMENT_3D('',#15074,#12059,#12060);
#10033=AXIS2_PLACEMENT_3D('',#15075,#12061,#12062);
#10034=AXIS2_PLACEMENT_3D('',#15077,#12063,#12064);
#10035=AXIS2_PLACEMENT_3D('',#15078,#12065,#12066);
#10036=AXIS2_PLACEMENT_3D('',#15079,#12067,#12068);
#10037=AXIS2_PLACEMENT_3D('',#15081,#12069,#12070);
#10038=AXIS2_PLACEMENT_3D('',#15082,#12071,#12072);
#10039=AXIS2_PLACEMENT_3D('',#15084,#12073,#12074);
#10040=AXIS2_PLACEMENT_3D('',#15085,#12075,#12076);
#10041=AXIS2_PLACEMENT_3D('',#15087,#12077,#12078);
#10042=AXIS2_PLACEMENT_3D('',#15088,#12079,#12080);
#10043=AXIS2_PLACEMENT_3D('',#15090,#12081,#12082);
#10044=AXIS2_PLACEMENT_3D('',#15091,#12083,#12084);
#10045=AXIS2_PLACEMENT_3D('',#15093,#12085,#12086);
#10046=AXIS2_PLACEMENT_3D('',#15094,#12087,#12088);
#10047=AXIS2_PLACEMENT_3D('',#15096,#12089,#12090);
#10048=AXIS2_PLACEMENT_3D('',#15097,#12091,#12092);
#10049=AXIS2_PLACEMENT_3D('',#15099,#12093,#12094);
#10050=AXIS2_PLACEMENT_3D('',#15100,#12095,#12096);
#10051=AXIS2_PLACEMENT_3D('',#15102,#12097,#12098);
#10052=AXIS2_PLACEMENT_3D('',#15103,#12099,#12100);
#10053=AXIS2_PLACEMENT_3D('',#15108,#12102,#12103);
#10054=AXIS2_PLACEMENT_3D('',#15112,#12105,#12106);
#10055=AXIS2_PLACEMENT_3D('',#15116,#12108,#12109);
#10056=AXIS2_PLACEMENT_3D('',#15119,#12111,#12112);
#10057=AXIS2_PLACEMENT_3D('',#15120,#12113,#12114);
#10058=AXIS2_PLACEMENT_3D('',#15122,#12115,#12116);
#10059=AXIS2_PLACEMENT_3D('',#15123,#12117,#12118);
#10060=AXIS2_PLACEMENT_3D('',#15125,#12119,#12120);
#10061=AXIS2_PLACEMENT_3D('',#15126,#12121,#12122);
#10062=AXIS2_PLACEMENT_3D('',#15128,#12123,#12124);
#10063=AXIS2_PLACEMENT_3D('',#15131,#12126,#12127);
#10064=AXIS2_PLACEMENT_3D('',#15134,#12129,#12130);
#10065=AXIS2_PLACEMENT_3D('',#15138,#12133,#12134);
#10066=AXIS2_PLACEMENT_3D('',#15141,#12136,#12137);
#10067=AXIS2_PLACEMENT_3D('',#15142,#12138,#12139);
#10068=AXIS2_PLACEMENT_3D('',#15146,#12142,#12143);
#10069=AXIS2_PLACEMENT_3D('',#15149,#12145,#12146);
#10070=AXIS2_PLACEMENT_3D('',#15150,#12147,#12148);
#10071=AXIS2_PLACEMENT_3D('',#15154,#12151,#12152);
#10072=AXIS2_PLACEMENT_3D('',#15157,#12154,#12155);
#10073=AXIS2_PLACEMENT_3D('',#15158,#12156,#12157);
#10074=AXIS2_PLACEMENT_3D('',#15159,#12158,#12159);
#10075=AXIS2_PLACEMENT_3D('',#15161,#12160,#12161);
#10076=AXIS2_PLACEMENT_3D('',#15162,#12162,#12163);
#10077=AXIS2_PLACEMENT_3D('',#15164,#12164,#12165);
#10078=AXIS2_PLACEMENT_3D('',#15165,#12166,#12167);
#10079=AXIS2_PLACEMENT_3D('',#15167,#12168,#12169);
#10080=AXIS2_PLACEMENT_3D('',#15169,#12170,#12171);
#10081=AXIS2_PLACEMENT_3D('',#15171,#12173,#12174);
#10082=AXIS2_PLACEMENT_3D('',#15172,#12175,#12176);
#10083=AXIS2_PLACEMENT_3D('',#15174,#12177,#12178);
#10084=AXIS2_PLACEMENT_3D('',#15175,#12179,#12180);
#10085=AXIS2_PLACEMENT_3D('',#15176,#12181,#12182);
#10086=AXIS2_PLACEMENT_3D('',#15177,#12183,#12184);
#10087=AXIS2_PLACEMENT_3D('',#15178,#12185,#12186);
#10088=AXIS2_PLACEMENT_3D('',#15188,#12191,#12192);
#10089=AXIS2_PLACEMENT_3D('',#15194,#12196,#12197);
#10090=AXIS2_PLACEMENT_3D('',#15200,#12201,#12202);
#10091=AXIS2_PLACEMENT_3D('',#15203,#12205,#12206);
#10092=AXIS2_PLACEMENT_3D('',#15204,#12207,#12208);
#10093=AXIS2_PLACEMENT_3D('',#15205,#12209,#12210);
#10094=AXIS2_PLACEMENT_3D('',#15206,#12211,#12212);
#10095=AXIS2_PLACEMENT_3D('',#15208,#12213,#12214);
#10096=AXIS2_PLACEMENT_3D('',#15217,#12219,#12220);
#10097=AXIS2_PLACEMENT_3D('',#15223,#12224,#12225);
#10098=AXIS2_PLACEMENT_3D('',#15229,#12229,#12230);
#10099=AXIS2_PLACEMENT_3D('',#15232,#12233,#12234);
#10100=AXIS2_PLACEMENT_3D('',#15233,#12235,#12236);
#10101=AXIS2_PLACEMENT_3D('',#15234,#12237,#12238);
#10102=AXIS2_PLACEMENT_3D('',#15235,#12239,#12240);
#10103=AXIS2_PLACEMENT_3D('',#15236,#12241,#12242);
#10104=AXIS2_PLACEMENT_3D('',#15238,#12243,#12244);
#10105=AXIS2_PLACEMENT_3D('',#15240,#12245,#12246);
#10106=AXIS2_PLACEMENT_3D('',#15282,#12267,#12268);
#10107=AXIS2_PLACEMENT_3D('',#15284,#12269,#12270);
#10108=AXIS2_PLACEMENT_3D('',#15286,#12271,#12272);
#10109=AXIS2_PLACEMENT_3D('',#15288,#12273,#12274);
#10110=AXIS2_PLACEMENT_3D('',#15290,#12275,#12276);
#10111=AXIS2_PLACEMENT_3D('',#15292,#12277,#12278);
#10112=AXIS2_PLACEMENT_3D('',#15294,#12279,#12280);
#10113=AXIS2_PLACEMENT_3D('',#15296,#12281,#12282);
#10114=AXIS2_PLACEMENT_3D('',#15298,#12283,#12284);
#10115=AXIS2_PLACEMENT_3D('',#15300,#12285,#12286);
#10116=AXIS2_PLACEMENT_3D('',#15302,#12287,#12288);
#10117=AXIS2_PLACEMENT_3D('',#15303,#12289,#12290);
#10118=AXIS2_PLACEMENT_3D('',#15305,#12291,#12292);
#10119=AXIS2_PLACEMENT_3D('',#15307,#12293,#12294);
#10120=AXIS2_PLACEMENT_3D('',#15349,#12315,#12316);
#10121=AXIS2_PLACEMENT_3D('',#15351,#12317,#12318);
#10122=AXIS2_PLACEMENT_3D('',#15353,#12319,#12320);
#10123=AXIS2_PLACEMENT_3D('',#15355,#12321,#12322);
#10124=AXIS2_PLACEMENT_3D('',#15357,#12323,#12324);
#10125=AXIS2_PLACEMENT_3D('',#15359,#12325,#12326);
#10126=AXIS2_PLACEMENT_3D('',#15361,#12327,#12328);
#10127=AXIS2_PLACEMENT_3D('',#15363,#12329,#12330);
#10128=AXIS2_PLACEMENT_3D('',#15365,#12331,#12332);
#10129=AXIS2_PLACEMENT_3D('',#15367,#12333,#12334);
#10130=AXIS2_PLACEMENT_3D('',#15369,#12335,#12336);
#10131=AXIS2_PLACEMENT_3D('',#15372,#12339,#12340);
#10132=AXIS2_PLACEMENT_3D('',#15374,#12342,#12343);
#10133=AXIS2_PLACEMENT_3D('',#15376,#12345,#12346);
#10134=AXIS2_PLACEMENT_3D('',#15378,#12348,#12349);
#10135=AXIS2_PLACEMENT_3D('',#15380,#12351,#12352);
#10136=AXIS2_PLACEMENT_3D('',#15382,#12354,#12355);
#10137=AXIS2_PLACEMENT_3D('',#15384,#12357,#12358);
#10138=AXIS2_PLACEMENT_3D('',#15386,#12360,#12361);
#10139=AXIS2_PLACEMENT_3D('',#15388,#12363,#12364);
#10140=AXIS2_PLACEMENT_3D('',#15390,#12366,#12367);
#10141=AXIS2_PLACEMENT_3D('',#15392,#12369,#12370);
#10142=AXIS2_PLACEMENT_3D('',#15394,#12372,#12373);
#10143=AXIS2_PLACEMENT_3D('',#15396,#12375,#12376);
#10144=AXIS2_PLACEMENT_3D('',#15398,#12378,#12379);
#10145=AXIS2_PLACEMENT_3D('',#15400,#12381,#12382);
#10146=AXIS2_PLACEMENT_3D('',#15402,#12384,#12385);
#10147=AXIS2_PLACEMENT_3D('',#15404,#12387,#12388);
#10148=AXIS2_PLACEMENT_3D('',#15406,#12390,#12391);
#10149=AXIS2_PLACEMENT_3D('',#15408,#12393,#12394);
#10150=AXIS2_PLACEMENT_3D('',#15409,#12395,#12396);
#10151=AXIS2_PLACEMENT_3D('',#15410,#12397,#12398);
#10152=AXIS2_PLACEMENT_3D('',#15411,#12399,#12400);
#10153=AXIS2_PLACEMENT_3D('',#15412,#12401,#12402);
#10154=AXIS2_PLACEMENT_3D('',#15413,#12403,#12404);
#10155=AXIS2_PLACEMENT_3D('',#15414,#12405,#12406);
#10156=AXIS2_PLACEMENT_3D('',#15415,#12407,#12408);
#10157=AXIS2_PLACEMENT_3D('',#15416,#12409,#12410);
#10158=AXIS2_PLACEMENT_3D('',#15417,#12411,#12412);
#10159=AXIS2_PLACEMENT_3D('',#15418,#12413,#12414);
#10160=AXIS2_PLACEMENT_3D('',#15419,#12415,#12416);
#10161=AXIS2_PLACEMENT_3D('',#15420,#12417,#12418);
#10162=AXIS2_PLACEMENT_3D('',#15421,#12419,#12420);
#10163=AXIS2_PLACEMENT_3D('',#15422,#12421,#12422);
#10164=AXIS2_PLACEMENT_3D('',#15423,#12423,#12424);
#10165=AXIS2_PLACEMENT_3D('',#15424,#12425,#12426);
#10166=AXIS2_PLACEMENT_3D('',#15429,#12428,#12429);
#10167=AXIS2_PLACEMENT_3D('',#15433,#12431,#12432);
#10168=AXIS2_PLACEMENT_3D('',#15435,#12433,#12434);
#10169=AXIS2_PLACEMENT_3D('',#15439,#12436,#12437);
#10170=AXIS2_PLACEMENT_3D('',#15440,#12438,#12439);
#10171=AXIS2_PLACEMENT_3D('',#15442,#12440,#12441);
#10172=AXIS2_PLACEMENT_3D('',#15443,#12442,#12443);
#10173=AXIS2_PLACEMENT_3D('',#15445,#12444,#12445);
#10174=AXIS2_PLACEMENT_3D('',#15450,#12447,#12448);
#10175=AXIS2_PLACEMENT_3D('',#15452,#12449,#12450);
#10176=AXIS2_PLACEMENT_3D('',#15454,#12451,#12452);
#10177=AXIS2_PLACEMENT_3D('',#15456,#12453,#12454);
#10178=AXIS2_PLACEMENT_3D('',#15458,#12455,#12456);
#10179=AXIS2_PLACEMENT_3D('',#15460,#12457,#12458);
#10180=AXIS2_PLACEMENT_3D('',#15462,#12459,#12460);
#10181=AXIS2_PLACEMENT_3D('',#15464,#12461,#12462);
#10182=AXIS2_PLACEMENT_3D('',#15466,#12463,#12464);
#10183=AXIS2_PLACEMENT_3D('',#15470,#12466,#12467);
#10184=AXIS2_PLACEMENT_3D('',#15472,#12468,#12469);
#10185=AXIS2_PLACEMENT_3D('',#15476,#12471,#12472);
#10186=AXIS2_PLACEMENT_3D('',#15478,#12473,#12474);
#10187=AXIS2_PLACEMENT_3D('',#15479,#12475,#12476);
#10188=AXIS2_PLACEMENT_3D('',#15480,#12477,#12478);
#10189=AXIS2_PLACEMENT_3D('',#15485,#12480,#12481);
#10190=AXIS2_PLACEMENT_3D('',#15489,#12483,#12484);
#10191=AXIS2_PLACEMENT_3D('',#15491,#12485,#12486);
#10192=AXIS2_PLACEMENT_3D('',#15495,#12488,#12489);
#10193=AXIS2_PLACEMENT_3D('',#15496,#12490,#12491);
#10194=AXIS2_PLACEMENT_3D('',#15498,#12492,#12493);
#10195=AXIS2_PLACEMENT_3D('',#15499,#12494,#12495);
#10196=AXIS2_PLACEMENT_3D('',#15500,#12496,#12497);
#10197=AXIS2_PLACEMENT_3D('',#15504,#12500,#12501);
#10198=AXIS2_PLACEMENT_3D('',#15506,#12503,#12504);
#10199=AXIS2_PLACEMENT_3D('',#15508,#12506,#12507);
#10200=AXIS2_PLACEMENT_3D('',#15510,#12509,#12510);
#10201=AXIS2_PLACEMENT_3D('',#15516,#12514,#12515);
#10202=AXIS2_PLACEMENT_3D('',#15520,#12518,#12519);
#10203=AXIS2_PLACEMENT_3D('',#15524,#12522,#12523);
#10204=AXIS2_PLACEMENT_3D('',#15528,#12526,#12527);
#10205=AXIS2_PLACEMENT_3D('',#15546,#12532,#12533);
#10206=AXIS2_PLACEMENT_3D('',#15554,#12535,#12536);
#10207=AXIS2_PLACEMENT_3D('',#15570,#12540,#12541);
#10208=AXIS2_PLACEMENT_3D('',#15591,#12546,#12547);
#10209=AXIS2_PLACEMENT_3D('',#15592,#12548,#12549);
#10210=AXIS2_PLACEMENT_3D('',#15610,#12554,#12555);
#10211=AXIS2_PLACEMENT_3D('',#15620,#12558,#12559);
#10212=AXIS2_PLACEMENT_3D('',#15638,#12564,#12565);
#10213=AXIS2_PLACEMENT_3D('',#15659,#12570,#12571);
#10214=AXIS2_PLACEMENT_3D('',#15660,#12572,#12573);
#10215=AXIS2_PLACEMENT_3D('',#15712,#12579,#12580);
#10216=AXIS2_PLACEMENT_3D('',#15715,#12583,#12584);
#10217=AXIS2_PLACEMENT_3D('',#15718,#12587,#12588);
#10218=AXIS2_PLACEMENT_3D('',#15720,#12590,#12591);
#10219=AXIS2_PLACEMENT_3D('',#15721,#12592,#12593);
#10220=AXIS2_PLACEMENT_3D('',#15722,#12594,#12595);
#10221=AXIS2_PLACEMENT_3D('',#15723,#12596,#12597);
#10222=AXIS2_PLACEMENT_3D('',#15724,#12598,#12599);
#10223=AXIS2_PLACEMENT_3D('',#15728,#12602,#12603);
#10224=AXIS2_PLACEMENT_3D('',#15731,#12606,#12607);
#10225=AXIS2_PLACEMENT_3D('',#15733,#12609,#12610);
#10226=AXIS2_PLACEMENT_3D('',#15734,#12611,#12612);
#10227=AXIS2_PLACEMENT_3D('',#15737,#12615,#12616);
#10228=AXIS2_PLACEMENT_3D('',#15739,#12618,#12619);
#10229=AXIS2_PLACEMENT_3D('',#15740,#12620,#12621);
#10230=AXIS2_PLACEMENT_3D('',#15741,#12622,#12623);
#10231=AXIS2_PLACEMENT_3D('',#15745,#12626,#12627);
#10232=AXIS2_PLACEMENT_3D('',#15747,#12629,#12630);
#10233=AXIS2_PLACEMENT_3D('',#15750,#12633,#12634);
#10234=AXIS2_PLACEMENT_3D('',#15753,#12637,#12638);
#10235=AXIS2_PLACEMENT_3D('',#15755,#12640,#12641);
#10236=AXIS2_PLACEMENT_3D('',#15756,#12642,#12643);
#10237=AXIS2_PLACEMENT_3D('',#15757,#12644,#12645);
#10238=AXIS2_PLACEMENT_3D('',#15758,#12646,#12647);
#10239=AXIS2_PLACEMENT_3D('',#15759,#12648,#12649);
#10240=AXIS2_PLACEMENT_3D('',#15768,#12654,#12655);
#10241=AXIS2_PLACEMENT_3D('',#15777,#12660,#12661);
#10242=AXIS2_PLACEMENT_3D('',#15786,#12666,#12667);
#10243=AXIS2_PLACEMENT_3D('',#15795,#12672,#12673);
#10244=AXIS2_PLACEMENT_3D('',#15796,#12674,#12675);
#10245=AXIS2_PLACEMENT_3D('',#15797,#12676,#12677);
#10246=AXIS2_PLACEMENT_3D('',#15798,#12678,#12679);
#10247=AXIS2_PLACEMENT_3D('',#15799,#12680,#12681);
#10248=AXIS2_PLACEMENT_3D('',#15800,#12682,#12683);
#10249=AXIS2_PLACEMENT_3D('',#15801,#12684,#12685);
#10250=AXIS2_PLACEMENT_3D('',#15803,#12687,#12688);
#10251=AXIS2_PLACEMENT_3D('',#15804,#12689,#12690);
#10252=AXIS2_PLACEMENT_3D('',#15805,#12691,#12692);
#10253=AXIS2_PLACEMENT_3D('',#15806,#12693,#12694);
#10254=AXIS2_PLACEMENT_3D('',#15807,#12695,#12696);
#10255=AXIS2_PLACEMENT_3D('',#15808,#12697,#12698);
#10256=AXIS2_PLACEMENT_3D('',#15809,#12699,#12700);
#10257=AXIS2_PLACEMENT_3D('',#15810,#12701,#12702);
#10258=AXIS2_PLACEMENT_3D('',#15811,#12703,#12704);
#10259=AXIS2_PLACEMENT_3D('',#15812,#12705,#12706);
#10260=AXIS2_PLACEMENT_3D('',#15813,#12707,#12708);
#10261=AXIS2_PLACEMENT_3D('',#15818,#12710,#12711);
#10262=AXIS2_PLACEMENT_3D('',#15822,#12713,#12714);
#10263=AXIS2_PLACEMENT_3D('',#15824,#12715,#12716);
#10264=AXIS2_PLACEMENT_3D('',#15828,#12718,#12719);
#10265=AXIS2_PLACEMENT_3D('',#15829,#12720,#12721);
#10266=AXIS2_PLACEMENT_3D('',#15831,#12722,#12723);
#10267=AXIS2_PLACEMENT_3D('',#15832,#12724,#12725);
#10268=AXIS2_PLACEMENT_3D('',#15834,#12726,#12727);
#10269=AXIS2_PLACEMENT_3D('',#15839,#12729,#12730);
#10270=AXIS2_PLACEMENT_3D('',#15841,#12731,#12732);
#10271=AXIS2_PLACEMENT_3D('',#15843,#12733,#12734);
#10272=AXIS2_PLACEMENT_3D('',#15845,#12735,#12736);
#10273=AXIS2_PLACEMENT_3D('',#15847,#12737,#12738);
#10274=AXIS2_PLACEMENT_3D('',#15849,#12739,#12740);
#10275=AXIS2_PLACEMENT_3D('',#15851,#12741,#12742);
#10276=AXIS2_PLACEMENT_3D('',#15853,#12743,#12744);
#10277=AXIS2_PLACEMENT_3D('',#15855,#12745,#12746);
#10278=AXIS2_PLACEMENT_3D('',#15859,#12748,#12749);
#10279=AXIS2_PLACEMENT_3D('',#15861,#12750,#12751);
#10280=AXIS2_PLACEMENT_3D('',#15865,#12753,#12754);
#10281=AXIS2_PLACEMENT_3D('',#15867,#12755,#12756);
#10282=AXIS2_PLACEMENT_3D('',#15868,#12757,#12758);
#10283=AXIS2_PLACEMENT_3D('',#15869,#12759,#12760);
#10284=AXIS2_PLACEMENT_3D('',#15874,#12762,#12763);
#10285=AXIS2_PLACEMENT_3D('',#15878,#12765,#12766);
#10286=AXIS2_PLACEMENT_3D('',#15880,#12767,#12768);
#10287=AXIS2_PLACEMENT_3D('',#15884,#12770,#12771);
#10288=AXIS2_PLACEMENT_3D('',#15885,#12772,#12773);
#10289=AXIS2_PLACEMENT_3D('',#15887,#12774,#12775);
#10290=AXIS2_PLACEMENT_3D('',#15888,#12776,#12777);
#10291=AXIS2_PLACEMENT_3D('',#15889,#12778,#12779);
#10292=AXIS2_PLACEMENT_3D('',#15893,#12782,#12783);
#10293=AXIS2_PLACEMENT_3D('',#15895,#12785,#12786);
#10294=AXIS2_PLACEMENT_3D('',#15897,#12788,#12789);
#10295=AXIS2_PLACEMENT_3D('',#15899,#12791,#12792);
#10296=AXIS2_PLACEMENT_3D('',#15905,#12796,#12797);
#10297=AXIS2_PLACEMENT_3D('',#15909,#12800,#12801);
#10298=AXIS2_PLACEMENT_3D('',#15913,#12804,#12805);
#10299=AXIS2_PLACEMENT_3D('',#15917,#12808,#12809);
#10300=AXIS2_PLACEMENT_3D('',#15935,#12814,#12815);
#10301=AXIS2_PLACEMENT_3D('',#15943,#12817,#12818);
#10302=AXIS2_PLACEMENT_3D('',#15959,#12822,#12823);
#10303=AXIS2_PLACEMENT_3D('',#15980,#12828,#12829);
#10304=AXIS2_PLACEMENT_3D('',#15981,#12830,#12831);
#10305=AXIS2_PLACEMENT_3D('',#15999,#12836,#12837);
#10306=AXIS2_PLACEMENT_3D('',#16009,#12840,#12841);
#10307=AXIS2_PLACEMENT_3D('',#16027,#12846,#12847);
#10308=AXIS2_PLACEMENT_3D('',#16048,#12852,#12853);
#10309=AXIS2_PLACEMENT_3D('',#16049,#12854,#12855);
#10310=AXIS2_PLACEMENT_3D('',#16101,#12861,#12862);
#10311=AXIS2_PLACEMENT_3D('',#16104,#12865,#12866);
#10312=AXIS2_PLACEMENT_3D('',#16107,#12869,#12870);
#10313=AXIS2_PLACEMENT_3D('',#16109,#12872,#12873);
#10314=AXIS2_PLACEMENT_3D('',#16110,#12874,#12875);
#10315=AXIS2_PLACEMENT_3D('',#16111,#12876,#12877);
#10316=AXIS2_PLACEMENT_3D('',#16112,#12878,#12879);
#10317=AXIS2_PLACEMENT_3D('',#16113,#12880,#12881);
#10318=AXIS2_PLACEMENT_3D('',#16117,#12884,#12885);
#10319=AXIS2_PLACEMENT_3D('',#16120,#12888,#12889);
#10320=AXIS2_PLACEMENT_3D('',#16122,#12891,#12892);
#10321=AXIS2_PLACEMENT_3D('',#16123,#12893,#12894);
#10322=AXIS2_PLACEMENT_3D('',#16126,#12897,#12898);
#10323=AXIS2_PLACEMENT_3D('',#16128,#12900,#12901);
#10324=AXIS2_PLACEMENT_3D('',#16129,#12902,#12903);
#10325=AXIS2_PLACEMENT_3D('',#16130,#12904,#12905);
#10326=AXIS2_PLACEMENT_3D('',#16134,#12908,#12909);
#10327=AXIS2_PLACEMENT_3D('',#16136,#12911,#12912);
#10328=AXIS2_PLACEMENT_3D('',#16139,#12915,#12916);
#10329=AXIS2_PLACEMENT_3D('',#16142,#12919,#12920);
#10330=AXIS2_PLACEMENT_3D('',#16144,#12922,#12923);
#10331=AXIS2_PLACEMENT_3D('',#16145,#12924,#12925);
#10332=AXIS2_PLACEMENT_3D('',#16146,#12926,#12927);
#10333=DIRECTION('',(0.,0.,1.));
#10334=DIRECTION('',(1.,0.,0.));
#10335=DIRECTION('',(0.,0.,-1.));
#10336=DIRECTION('',(1.,0.,0.));
#10337=DIRECTION('',(0.,0.,1.));
#10338=DIRECTION('',(-1.,0.,0.));
#10339=DIRECTION('',(0.,0.,1.));
#10340=DIRECTION('',(-1.,0.,0.));
#10341=DIRECTION('',(0.,0.,1.));
#10342=DIRECTION('',(-1.,0.,0.));
#10343=DIRECTION('',(0.,0.,1.));
#10344=DIRECTION('',(-1.,0.,0.));
#10345=DIRECTION('',(0.,0.,1.));
#10346=DIRECTION('',(-1.,0.,0.));
#10347=DIRECTION('',(0.,0.,1.));
#10348=DIRECTION('',(-1.,0.,0.));
#10349=DIRECTION('',(0.,0.,1.));
#10350=DIRECTION('',(-1.,0.,0.));
#10351=DIRECTION('',(0.,0.,1.));
#10352=DIRECTION('',(-1.,0.,0.));
#10353=DIRECTION('',(0.,0.,1.));
#10354=DIRECTION('',(-1.,0.,0.));
#10355=DIRECTION('',(0.,0.,-1.));
#10356=DIRECTION('',(1.,0.,0.));
#10357=DIRECTION('',(0.,0.,1.));
#10358=DIRECTION('',(-1.,0.,0.));
#10359=DIRECTION('',(0.,0.,1.));
#10360=DIRECTION('',(-1.,0.,0.));
#10361=DIRECTION('',(0.,0.,1.));
#10362=DIRECTION('',(-1.,0.,0.));
#10363=DIRECTION('',(0.,0.,-1.));
#10364=DIRECTION('',(1.,0.,0.));
#10365=DIRECTION('',(0.,0.,1.));
#10366=DIRECTION('',(-1.,0.,0.));
#10367=DIRECTION('',(0.,0.,1.));
#10368=DIRECTION('',(-1.,0.,0.));
#10369=DIRECTION('',(0.,0.,1.));
#10370=DIRECTION('',(1.,0.,0.));
#10371=DIRECTION('',(0.,0.,-1.));
#10372=DIRECTION('',(-1.,0.,0.));
#10373=DIRECTION('',(-0.144042085710521,-0.249488210878812,-0.957605090930835));
#10374=DIRECTION('',(0.478802545465419,0.82931033553941,-0.288084171421041));
#10375=DIRECTION('',(-0.288084171421041,0.,-0.957605090930835));
#10376=DIRECTION('',(0.957605090930835,0.,-0.288084171421041));
#10377=DIRECTION('',(0.,0.,-1.));
#10378=DIRECTION('',(-0.14404208571052,0.249488210878812,-0.957605090930835));
#10379=DIRECTION('',(0.478802545465417,-0.829310335539411,-0.288084171421041));
#10380=DIRECTION('',(-0.288084171421041,0.,-0.957605090930835));
#10381=DIRECTION('',(0.957605090930835,0.,-0.288084171421041));
#10382=DIRECTION('',(0.,0.,-1.));
#10383=DIRECTION('',(-0.14404208571052,0.249488210878812,-0.957605090930835));
#10384=DIRECTION('',(0.478802545465417,-0.829310335539411,-0.288084171421041));
#10385=DIRECTION('',(0.,0.,-1.));
#10386=DIRECTION('',(0.,0.,1.));
#10387=DIRECTION('',(1.,0.,0.));
#10388=DIRECTION('',(0.,0.,-1.));
#10389=DIRECTION('',(-1.,0.,0.));
#10390=DIRECTION('',(0.,0.,1.));
#10391=DIRECTION('',(1.,0.,0.));
#10392=DIRECTION('',(0.,0.,1.));
#10393=DIRECTION('',(1.,0.,0.));
#10394=DIRECTION('',(0.,0.,-1.));
#10395=DIRECTION('',(-0.288084171421041,0.,-0.957605090930835));
#10396=DIRECTION('',(0.957605090930835,0.,-0.288084171421041));
#10397=DIRECTION('',(-0.14404208571052,0.249488210878812,-0.957605090930835));
#10398=DIRECTION('',(0.478802545465417,-0.829310335539411,-0.288084171421041));
#10399=DIRECTION('',(0.,0.,-1.));
#10400=DIRECTION('',(-0.288084171421041,0.,-0.957605090930835));
#10401=DIRECTION('',(0.957605090930835,0.,-0.288084171421041));
#10402=DIRECTION('',(-0.144042085710521,-0.249488210878812,-0.957605090930835));
#10403=DIRECTION('',(0.478802545465419,0.82931033553941,-0.288084171421041));
#10404=DIRECTION('',(0.,0.,-1.));
#10405=DIRECTION('',(0.202727909443578,0.351135039268499,0.914114642115827));
#10406=DIRECTION('',(0.457057321057915,0.791646502043626,-0.405455818887156));
#10407=DIRECTION('',(-0.999930300273392,0.,-0.0118065488252958));
#10408=DIRECTION('',(0.0118065488252958,0.,-0.999930300273392));
#10409=DIRECTION('',(0.405455818887156,0.,0.914114642115827));
#10410=DIRECTION('',(0.914114642115827,0.,-0.405455818887156));
#10411=DIRECTION('',(0.202727909443578,0.351135039268499,0.914114642115827));
#10412=DIRECTION('',(0.457057321057915,0.791646502043626,-0.405455818887156));
#10413=DIRECTION('',(-0.499965150136697,-0.865965042050559,-0.0118065488252958));
#10414=DIRECTION('',(0.00590327441264792,0.0102247712137275,-0.999930300273392));
#10415=DIRECTION('',(0.405455818887156,0.,0.914114642115827));
#10416=DIRECTION('',(0.914114642115827,0.,-0.405455818887156));
#10417=DIRECTION('',(0.202727909443578,-0.351135039268499,0.914114642115827));
#10418=DIRECTION('',(0.457057321057913,-0.791646502043627,-0.405455818887156));
#10419=DIRECTION('',(-0.499965150136696,0.86596504205056,-0.0118065488252958));
#10420=DIRECTION('',(0.0059032744126479,-0.0102247712137275,-0.999930300273392));
#10421=DIRECTION('',(-0.14404208571052,0.249488210878812,-0.957605090930835));
#10422=DIRECTION('',(0.478802545465417,-0.829310335539411,-0.288084171421041));
#10423=DIRECTION('',(0.,0.,-1.));
#10424=DIRECTION('',(-1.,0.,0.));
#10425=DIRECTION('',(0.202727909443578,-0.351135039268499,0.914114642115827));
#10426=DIRECTION('',(0.457057321057913,-0.791646502043627,-0.405455818887156));
#10427=DIRECTION('',(0.405455818887156,0.,0.914114642115827));
#10428=DIRECTION('',(0.914114642115827,0.,-0.405455818887156));
#10429=DIRECTION('',(0.,0.,-1.));
#10430=DIRECTION('',(0.202727909443578,0.351135039268499,0.914114642115827));
#10431=DIRECTION('',(0.457057321057915,0.791646502043626,-0.405455818887156));
#10432=DIRECTION('',(0.405455818887156,0.,0.914114642115827));
#10433=DIRECTION('',(0.914114642115827,0.,-0.405455818887156));
#10434=DIRECTION('',(0.,0.,-1.));
#10435=DIRECTION('',(0.202727909443578,0.351135039268499,0.914114642115827));
#10436=DIRECTION('',(0.457057321057915,0.791646502043626,-0.405455818887156));
#10437=DIRECTION('',(0.,0.,-1.));
#10438=DIRECTION('',(0.,0.,1.));
#10439=DIRECTION('',(1.,0.,0.));
#10440=DIRECTION('',(0.,0.,1.));
#10441=DIRECTION('',(1.,0.,0.));
#10442=DIRECTION('',(0.,0.,1.));
#10443=DIRECTION('',(1.,0.,0.));
#10444=DIRECTION('',(0.405455818887156,0.,0.914114642115827));
#10445=DIRECTION('',(0.914114642115827,0.,-0.405455818887156));
#10446=DIRECTION('',(0.,1.,0.));
#10447=DIRECTION('',(-0.808433537977428,-0.466749320773189,0.35858093400384));
#10448=DIRECTION('',(-0.999930300273392,0.,-0.0118065488252958));
#10449=DIRECTION('',(-0.0118065488252958,0.,0.999930300273392));
#10450=DIRECTION('',(0.00424354192026077,0.933174853210107,-0.359397670677295));
#10451=DIRECTION('',(0.202727909443578,0.351135039268499,0.914114642115827));
#10452=DIRECTION('',(0.457057321057914,0.791646502043626,-0.405455818887156));
#10453=DIRECTION('',(0.866025403784438,-0.5,-3.14532231468219E-17));
#10454=DIRECTION('',(-0.499965150136697,-0.865965042050559,-0.0118065488252958));
#10455=DIRECTION('',(-0.00590327441264789,-0.0102247712137275,0.999930300273392));
#10456=DIRECTION('',(0.810274900012897,-0.462912411500085,-0.359397670677295));
#10457=DIRECTION('',(-0.14404208571052,0.249488210878812,-0.957605090930835));
#10458=DIRECTION('',(-0.478802545465417,0.829310335539411,0.288084171421041));
#10459=DIRECTION('',(0.838049886300873,-0.483848327450144,-0.252117401412105));
#10460=DIRECTION('',(-0.866025403784439,-0.5,3.1453223146822E-17));
#10461=DIRECTION('',(-0.478802545465417,0.829310335539411,0.288084171421041));
#10462=DIRECTION('',(0.5,-0.866025403784439,1.81595268506991E-17));
#10463=DIRECTION('',(-1.81595268506991E-17,-3.1453223146822E-17,-1.));
#10464=DIRECTION('',(-0.838049886300873,-0.483848327450144,0.252117401412105));
#10465=DIRECTION('',(-1.81595268506991E-17,-3.1453223146822E-17,-1.));
#10466=DIRECTION('',(-0.288084171421041,0.,-0.957605090930835));
#10467=DIRECTION('',(-0.957605090930835,0.,0.288084171421041));
#10468=DIRECTION('',(-0.957605090930835,0.,0.288084171421041));
#10469=DIRECTION('',(0.,1.,0.));
#10470=DIRECTION('',(1.,0.,0.));
#10471=DIRECTION('',(0.,0.,-1.));
#10472=DIRECTION('',(0.,0.967696654900288,0.252117401412105));
#10473=DIRECTION('',(0.,0.,-1.));
#10474=DIRECTION('',(0.202727909443578,-0.351135039268499,0.914114642115827));
#10475=DIRECTION('',(0.457057321057913,-0.791646502043627,-0.405455818887156));
#10476=DIRECTION('',(0.808433537977428,-0.46674932077319,-0.358580934003839));
#10477=DIRECTION('',(-0.866025403784439,-0.5,3.1453223146822E-17));
#10478=DIRECTION('',(-0.457057321057913,0.791646502043627,0.405455818887156));
#10479=DIRECTION('',(-0.866025403784439,-0.5,3.1453223146822E-17));
#10480=DIRECTION('',(-0.499965150136696,0.86596504205056,-0.0118065488252958));
#10481=DIRECTION('',(-0.00590327441264787,0.0102247712137275,0.999930300273392));
#10482=DIRECTION('',(-0.866025403784439,-0.5,3.1453223146822E-17));
#10483=DIRECTION('',(-0.14404208571052,0.249488210878812,-0.957605090930835));
#10484=DIRECTION('',(-0.478802545465417,0.829310335539411,0.288084171421041));
#10485=DIRECTION('',(0.478802545465417,-0.829310335539411,-0.288084171421041));
#10486=DIRECTION('',(-0.866025403784439,-0.5,3.1453223146822E-17));
#10487=DIRECTION('',(0.988875473652632,0.,-0.148745748202368));
#10488=DIRECTION('',(0.5,-0.866025403784439,1.81595268506991E-17));
#10489=DIRECTION('',(-1.81595268506991E-17,-3.1453223146822E-17,-1.));
#10490=DIRECTION('',(0.,-2.09688154312146E-17,-1.));
#10491=DIRECTION('',(1.81595268506991E-17,3.1453223146822E-17,1.));
#10492=DIRECTION('',(0.202727909443578,-0.351135039268499,0.914114642115827));
#10493=DIRECTION('',(0.202727909443578,-0.351135039268499,0.914114642115827));
#10494=DIRECTION('',(-0.866025403784439,-0.5,3.1453223146822E-17));
#10495=DIRECTION('',(1.81595268506991E-17,3.1453223146822E-17,1.));
#10496=DIRECTION('',(0.202727909443578,0.351135039268499,0.914114642115827));
#10497=DIRECTION('',(0.457057321057914,0.791646502043626,-0.405455818887156));
#10498=DIRECTION('',(0.457057321057914,0.791646502043626,-0.405455818887156));
#10499=DIRECTION('',(0.866025403784438,-0.5,-3.14532231468219E-17));
#10500=DIRECTION('',(-0.457057321057914,-0.791646502043626,0.405455818887156));
#10501=DIRECTION('',(0.866025403784438,-0.5,-3.14532231468219E-17));
#10502=DIRECTION('',(-0.499965150136697,-0.865965042050559,-0.0118065488252958));
#10503=DIRECTION('',(-0.00590327441264789,-0.0102247712137275,0.999930300273392));
#10504=DIRECTION('',(0.866025403784438,-0.5,-3.14532231468219E-17));
#10505=DIRECTION('',(-0.0118062745400053,-0.00681635578379868,0.99990707026969));
#10506=DIRECTION('',(-0.144042085710521,-0.249488210878812,-0.957605090930835));
#10507=DIRECTION('',(-0.478802545465418,-0.82931033553941,0.288084171421041));
#10508=DIRECTION('',(-0.838049886300873,-0.483848327450143,0.252117401412105));
#10509=DIRECTION('',(0.478802545465418,0.82931033553941,-0.288084171421041));
#10510=DIRECTION('',(0.866025403784438,-0.5,-3.14532231468219E-17));
#10511=DIRECTION('',(-0.478802545465418,-0.82931033553941,0.288084171421041));
#10512=DIRECTION('',(0.5,0.866025403784438,1.8159526850699E-17));
#10513=DIRECTION('',(-1.8159526850699E-17,3.14532231468219E-17,-1.));
#10514=DIRECTION('',(1.8159526850699E-17,-3.14532231468219E-17,1.));
#10515=DIRECTION('',(-1.8159526850699E-17,3.14532231468219E-17,-1.));
#10516=DIRECTION('',(0.202727909443578,0.351135039268499,0.914114642115827));
#10517=DIRECTION('',(0.202727909443578,0.351135039268499,0.914114642115827));
#10518=DIRECTION('',(0.866025403784438,-0.5,-3.14532231468219E-17));
#10519=DIRECTION('',(1.8159526850699E-17,-3.14532231468219E-17,1.));
#10520=DIRECTION('',(0.,1.,0.));
#10521=DIRECTION('',(0.,0.,1.));
#10522=DIRECTION('',(0.957605090930835,0.,-0.288084171421041));
#10523=DIRECTION('',(0.,0.,1.));
#10524=DIRECTION('',(-0.914114642115827,0.,0.405455818887156));
#10525=DIRECTION('',(0.405455818887156,0.,0.914114642115827));
#10526=DIRECTION('',(0.405455818887156,0.,0.914114642115827));
#10527=DIRECTION('',(1.,0.,0.));
#10528=DIRECTION('',(0.,0.,-1.));
#10529=DIRECTION('',(0.,1.,0.));
#10530=DIRECTION('',(0.,1.,0.));
#10531=DIRECTION('',(-0.999930300273392,0.,-0.0118065488252958));
#10532=DIRECTION('',(-0.0118065488252958,0.,0.999930300273392));
#10533=DIRECTION('',(0.,1.,0.));
#10534=DIRECTION('',(0.,1.,0.));
#10535=DIRECTION('',(-0.288084171421041,0.,-0.957605090930835));
#10536=DIRECTION('',(-0.957605090930835,0.,0.288084171421041));
#10537=DIRECTION('',(0.494437736826316,-0.856391281362549,-0.148745748202368));
#10538=DIRECTION('',(0.405455818887156,0.,0.914114642115827));
#10539=DIRECTION('',(0.914114642115827,0.,-0.405455818887156));
#10540=DIRECTION('',(0.866025403784439,0.5,-3.1453223146822E-17));
#10541=DIRECTION('',(0.5,-0.866025403784439,1.81595268506991E-17));
#10542=DIRECTION('',(0.,-1.,0.));
#10543=DIRECTION('',(1.,0.,0.));
#10544=DIRECTION('',(-0.866025403784438,0.5,3.14532231468219E-17));
#10545=DIRECTION('',(0.5,0.866025403784438,1.8159526850699E-17));
#10546=DIRECTION('',(-0.866025403784438,0.5,3.14532231468219E-17));
#10547=DIRECTION('',(0.5,0.866025403784438,1.8159526850699E-17));
#10548=DIRECTION('',(-0.488139700257538,-0.845482762037496,0.21651450789711));
#10549=DIRECTION('',(0.457057321057914,0.791646502043626,-0.405455818887156));
#10550=DIRECTION('',(0.405455818887156,0.,0.914114642115827));
#10551=DIRECTION('',(0.914114642115827,0.,-0.405455818887156));
#10552=DIRECTION('',(0.914114642115827,0.,-0.405455818887156));
#10553=DIRECTION('',(-0.808433537977428,-0.466749320773189,0.35858093400384));
#10554=DIRECTION('',(0.,-1.,0.));
#10555=DIRECTION('',(1.,0.,0.));
#10556=DIRECTION('',(-0.976279400515074,0.,0.21651450789711));
#10557=DIRECTION('',(0.202727909443578,0.351135039268499,0.914114642115827));
#10558=DIRECTION('',(0.457057321057914,0.791646502043626,-0.405455818887156));
#10559=DIRECTION('',(0.202727909443578,-0.351135039268499,0.914114642115827));
#10560=DIRECTION('',(0.457057321057913,-0.791646502043627,-0.405455818887156));
#10561=DIRECTION('',(0.808433537977428,-0.46674932077319,-0.358580934003839));
#10562=DIRECTION('',(0.457057321057913,-0.791646502043627,-0.405455818887156));
#10563=DIRECTION('',(0.866025403784439,0.5,-3.1453223146822E-17));
#10564=DIRECTION('',(0.5,-0.866025403784439,1.81595268506991E-17));
#10565=DIRECTION('',(0.488139700257537,-0.845482762037497,0.216514507897109));
#10566=DIRECTION('',(0.202727909443578,0.351135039268499,0.914114642115827));
#10567=DIRECTION('',(0.457057321057914,0.791646502043626,-0.405455818887156));
#10568=DIRECTION('',(0.405455818887156,0.,0.914114642115827));
#10569=DIRECTION('',(0.914114642115827,0.,-0.405455818887156));
#10570=DIRECTION('',(-0.288084171421041,0.,-0.957605090930835));
#10571=DIRECTION('',(-0.957605090930835,0.,0.288084171421041));
#10572=DIRECTION('',(0.494437736826316,-0.856391281362549,-0.148745748202368));
#10573=DIRECTION('',(-0.838049886300873,-0.483848327450143,0.252117401412105));
#10574=DIRECTION('',(-0.144042085710521,-0.249488210878812,-0.957605090930835));
#10575=DIRECTION('',(-0.478802545465418,-0.82931033553941,0.288084171421041));
#10576=DIRECTION('',(-0.478802545465418,-0.82931033553941,0.288084171421041));
#10577=DIRECTION('',(-0.14404208571052,0.249488210878812,-0.957605090930835));
#10578=DIRECTION('',(-0.478802545465417,0.829310335539411,0.288084171421041));
#10579=DIRECTION('',(0.494437736826317,0.856391281362548,0.148745748202368));
#10580=DIRECTION('',(0.988875473652632,0.,-0.148745748202368));
#10581=DIRECTION('',(-0.288084171421041,0.,-0.957605090930835));
#10582=DIRECTION('',(-0.957605090930835,0.,0.288084171421041));
#10583=DIRECTION('',(-0.957605090930835,0.,0.288084171421041));
#10584=DIRECTION('',(0.838049886300873,-0.483848327450144,-0.252117401412105));
#10585=DIRECTION('',(-0.14404208571052,0.249488210878812,-0.957605090930835));
#10586=DIRECTION('',(-0.478802545465417,0.829310335539411,0.288084171421041));
#10587=DIRECTION('',(-0.478802545465417,0.829310335539411,0.288084171421041));
#10588=DIRECTION('',(-0.866025403784438,0.5,3.14532231468219E-17));
#10589=DIRECTION('',(0.5,0.866025403784438,1.8159526850699E-17));
#10590=DIRECTION('',(0.,-1.,0.));
#10591=DIRECTION('',(1.,0.,0.));
#10592=DIRECTION('',(0.866025403784439,0.5,-3.1453223146822E-17));
#10593=DIRECTION('',(0.5,-0.866025403784439,1.81595268506991E-17));
#10594=DIRECTION('',(0.,0.,1.));
#10595=DIRECTION('',(1.,0.,0.));
#10596=DIRECTION('',(-0.707106781186548,0.707106781186548,0.));
#10597=DIRECTION('',(0.707106781186548,0.707106781186548,0.));
#10598=DIRECTION('',(-0.707106781186548,-0.707106781186548,0.));
#10599=DIRECTION('',(0.,0.,-1.));
#10600=DIRECTION('',(-0.707106781186548,-0.707106781186548,0.));
#10601=DIRECTION('',(0.,0.,-1.));
#10602=DIRECTION('',(-0.707106781186548,-0.707106781186548,0.));
#10603=DIRECTION('',(0.,0.,-1.));
#10604=DIRECTION('',(0.,0.,1.));
#10605=DIRECTION('',(-0.707106781186548,0.707106781186548,0.));
#10606=DIRECTION('',(0.707106781186548,0.707106781186548,0.));
#10607=DIRECTION('',(0.,0.,1.));
#10608=DIRECTION('',(0.,0.,1.));
#10609=DIRECTION('',(-0.707106781186548,-0.707106781186548,0.));
#10610=DIRECTION('',(0.,0.,-1.));
#10611=DIRECTION('',(-0.707106781186548,-0.707106781186548,0.));
#10612=DIRECTION('',(0.,0.,-1.));
#10613=DIRECTION('',(-0.707106781186548,-0.707106781186548,0.));
#10614=DIRECTION('',(1.96291199544759E-16,1.,0.));
#10615=DIRECTION('',(1.,-1.96291199544759E-16,0.));
#10616=DIRECTION('',(0.,0.,1.));
#10617=DIRECTION('',(1.,-1.96291199544759E-16,0.));
#10618=DIRECTION('',(-1.,0.,0.));
#10619=DIRECTION('',(0.,0.,1.));
#10620=DIRECTION('',(0.,1.,0.));
#10621=DIRECTION('',(0.,0.,1.));
#10622=DIRECTION('',(1.,0.,0.));
#10623=DIRECTION('',(0.,0.,-1.));
#10624=DIRECTION('',(1.,0.,0.));
#10625=DIRECTION('',(0.,0.,1.));
#10626=DIRECTION('',(1.,0.,0.));
#10627=DIRECTION('',(0.,0.,-1.));
#10628=DIRECTION('',(1.,0.,0.));
#10629=DIRECTION('',(0.,0.,1.));
#10630=DIRECTION('',(1.,0.,0.));
#10631=DIRECTION('',(0.,0.,-1.));
#10632=DIRECTION('',(-1.,0.,0.));
#10633=DIRECTION('',(0.,0.,-1.));
#10634=DIRECTION('',(1.,0.,0.));
#10635=DIRECTION('',(0.,0.,-1.));
#10636=DIRECTION('',(-1.,0.,0.));
#10637=DIRECTION('',(0.,0.,-1.));
#10638=DIRECTION('',(1.,0.,0.));
#10639=DIRECTION('',(0.,0.,1.));
#10640=DIRECTION('',(-1.,0.,0.));
#10641=DIRECTION('',(0.,0.,1.));
#10642=DIRECTION('',(-1.,0.,0.));
#10643=DIRECTION('',(0.,0.,-1.));
#10644=DIRECTION('',(1.,0.,0.));
#10645=DIRECTION('',(0.,0.,1.));
#10646=DIRECTION('',(-1.,0.,0.));
#10647=DIRECTION('',(0.,0.,-1.));
#10648=DIRECTION('',(1.,0.,0.));
#10649=DIRECTION('',(0.,0.,-1.));
#10650=DIRECTION('',(-1.,0.,0.));
#10651=DIRECTION('',(0.,0.,-1.));
#10652=DIRECTION('',(1.,0.,0.));
#10653=DIRECTION('',(0.,0.,-1.));
#10654=DIRECTION('',(-1.,0.,0.));
#10655=DIRECTION('',(0.,0.,-1.));
#10656=DIRECTION('',(1.,0.,0.));
#10657=DIRECTION('',(0.,0.,1.));
#10658=DIRECTION('',(-1.,0.,0.));
#10659=DIRECTION('',(0.,0.,-1.));
#10660=DIRECTION('',(1.,0.,0.));
#10661=DIRECTION('',(0.,0.,1.));
#10662=DIRECTION('',(-1.,0.,0.));
#10663=DIRECTION('',(0.,0.,-1.));
#10664=DIRECTION('',(1.,0.,0.));
#10665=DIRECTION('',(-0.045744293619,0.998953181886568,0.));
#10666=DIRECTION('',(0.530885855908085,0.847443336156902,0.));
#10667=DIRECTION('',(1.,0.,0.));
#10668=DIRECTION('',(0.707106781186548,-0.707106781186548,0.));
#10669=DIRECTION('',(0.,1.,0.));
#10670=DIRECTION('',(0.847443336156902,0.530885855908085,0.));
#10671=DIRECTION('',(0.998953181886568,-0.045744293619,0.));
#10672=DIRECTION('',(-0.707106781186548,0.707106781186548,0.));
#10673=DIRECTION('',(0.,0.,1.));
#10674=DIRECTION('',(1.,0.,0.));
#10675=DIRECTION('',(0.,1.,0.));
#10676=DIRECTION('',(-1.,4.16333634234434E-16,0.));
#10677=DIRECTION('',(0.,0.,1.));
#10678=DIRECTION('',(1.,0.,0.));
#10679=DIRECTION('',(-1.,4.16333634234434E-16,0.));
#10680=DIRECTION('',(0.,1.,0.));
#10681=DIRECTION('',(0.998953181886568,-0.045744293619,0.));
#10682=DIRECTION('',(0.847443336156902,0.530885855908085,0.));
#10683=DIRECTION('',(0.,1.,0.));
#10684=DIRECTION('',(0.707106781186548,-0.707106781186548,0.));
#10685=DIRECTION('',(1.,0.,0.));
#10686=DIRECTION('',(0.530885855908085,0.847443336156902,0.));
#10687=DIRECTION('',(-0.045744293619,0.998953181886568,0.));
#10688=DIRECTION('',(0.,0.,-1.));
#10689=DIRECTION('',(1.,0.,0.));
#10690=DIRECTION('',(0.707106781186548,0.707106781186548,0.));
#10691=DIRECTION('',(0.935646888095809,0.352937531011693,0.));
#10692=DIRECTION('',(0.97943586717668,-0.201755748586913,0.));
#10693=DIRECTION('',(-0.201755748586913,0.97943586717668,0.));
#10694=DIRECTION('',(0.352937531011693,0.935646888095809,0.));
#10695=DIRECTION('',(0.707106781186548,0.707106781186548,0.));
#10696=DIRECTION('',(0.707106781186546,-0.707106781186549,0.));
#10697=DIRECTION('',(0.,0.,-1.));
#10698=DIRECTION('',(1.,0.,0.));
#10699=DIRECTION('',(0.,0.,1.));
#10700=DIRECTION('',(-1.,0.,0.));
#10701=DIRECTION('',(0.,0.,1.));
#10702=DIRECTION('',(-1.,0.,0.));
#10703=DIRECTION('',(0.,0.,1.));
#10704=DIRECTION('',(-1.,0.,0.));
#10705=DIRECTION('',(0.,0.,1.));
#10706=DIRECTION('',(-1.,0.,0.));
#10707=DIRECTION('',(0.,0.,1.));
#10708=DIRECTION('',(-1.,0.,0.));
#10709=DIRECTION('',(0.,0.,1.));
#10710=DIRECTION('',(-1.,0.,0.));
#10711=DIRECTION('',(0.,0.,1.));
#10712=DIRECTION('',(-1.,0.,0.));
#10713=DIRECTION('',(0.,0.,1.));
#10714=DIRECTION('',(-1.,0.,0.));
#10715=DIRECTION('',(0.,0.,1.));
#10716=DIRECTION('',(-1.,0.,0.));
#10717=DIRECTION('',(0.,0.,1.));
#10718=DIRECTION('',(-1.,0.,0.));
#10719=DIRECTION('',(0.,0.,1.));
#10720=DIRECTION('',(-1.,0.,0.));
#10721=DIRECTION('',(0.,0.,1.));
#10722=DIRECTION('',(-1.,0.,0.));
#10723=DIRECTION('',(0.,0.,1.));
#10724=DIRECTION('',(-1.,0.,0.));
#10725=DIRECTION('',(0.,0.,1.));
#10726=DIRECTION('',(-1.,0.,0.));
#10727=DIRECTION('',(0.,0.,1.));
#10728=DIRECTION('',(-1.,0.,0.));
#10729=DIRECTION('',(0.,0.,1.));
#10730=DIRECTION('',(-1.,0.,0.));
#10731=DIRECTION('',(0.,0.,1.));
#10732=DIRECTION('',(-1.,0.,0.));
#10733=DIRECTION('',(0.,0.,1.));
#10734=DIRECTION('',(-1.,0.,0.));
#10735=DIRECTION('',(0.,0.,-1.));
#10736=DIRECTION('',(-1.,0.,0.));
#10737=DIRECTION('',(1.,0.,0.));
#10738=DIRECTION('',(0.,0.,-1.));
#10739=DIRECTION('',(0.,0.,-1.));
#10740=DIRECTION('',(0.,0.,-1.));
#10741=DIRECTION('',(0.530885855908085,-0.847443336156902,0.));
#10742=DIRECTION('',(-0.847443336156902,-0.530885855908085,0.));
#10743=DIRECTION('',(0.,0.,-1.));
#10744=DIRECTION('',(-0.045744293619,-0.998953181886568,0.));
#10745=DIRECTION('',(-0.998953181886568,0.045744293619,0.));
#10746=DIRECTION('',(0.998953181886568,0.045744293619,0.));
#10747=DIRECTION('',(0.045744293619,-0.998953181886568,0.));
#10748=DIRECTION('',(0.,0.,-1.));
#10749=DIRECTION('',(0.847443336156902,-0.530885855908085,0.));
#10750=DIRECTION('',(-0.530885855908085,-0.847443336156902,0.));
#10751=DIRECTION('',(0.,0.,-1.));
#10752=DIRECTION('',(0.,-1.,0.));
#10753=DIRECTION('',(0.,0.,1.));
#10754=DIRECTION('',(0.,0.,-1.));
#10755=DIRECTION('',(-0.707106781186548,-0.707106781186548,0.));
#10756=DIRECTION('',(-0.707106781186548,0.707106781186548,0.));
#10757=DIRECTION('',(0.,0.,-1.));
#10758=DIRECTION('',(-1.,0.,0.));
#10759=DIRECTION('',(0.,0.,-1.));
#10760=DIRECTION('',(-1.,0.,0.));
#10761=DIRECTION('',(0.,0.,-1.));
#10762=DIRECTION('',(0.,0.,-1.));
#10763=DIRECTION('',(0.,0.,-1.));
#10764=DIRECTION('',(-1.,0.,0.));
#10765=DIRECTION('',(0.,0.,-1.));
#10766=DIRECTION('',(0.,0.,-1.));
#10767=DIRECTION('',(0.,0.,-1.));
#10768=DIRECTION('',(-1.,0.,0.));
#10769=DIRECTION('',(0.,0.,-1.));
#10770=DIRECTION('',(0.,0.,-1.));
#10771=DIRECTION('',(0.,0.,-1.));
#10772=DIRECTION('',(-1.,0.,0.));
#10773=DIRECTION('',(0.,0.,-1.));
#10774=DIRECTION('',(0.,0.,-1.));
#10775=DIRECTION('',(0.,0.,-1.));
#10776=DIRECTION('',(-1.,0.,0.));
#10777=DIRECTION('',(0.,0.,-1.));
#10778=DIRECTION('',(0.,0.,-1.));
#10779=DIRECTION('',(0.,0.,-1.));
#10780=DIRECTION('',(-1.,0.,0.));
#10781=DIRECTION('',(0.,0.,-1.));
#10782=DIRECTION('',(0.,0.,-1.));
#10783=DIRECTION('',(0.,0.,-1.));
#10784=DIRECTION('',(-1.,0.,0.));
#10785=DIRECTION('',(0.,0.,-1.));
#10786=DIRECTION('',(0.,0.,-1.));
#10787=DIRECTION('',(0.,0.,-1.));
#10788=DIRECTION('',(-1.,0.,0.));
#10789=DIRECTION('',(0.,0.,-1.));
#10790=DIRECTION('',(0.,0.,-1.));
#10791=DIRECTION('',(0.,0.,-1.));
#10792=DIRECTION('',(-1.,0.,0.));
#10793=DIRECTION('',(0.,0.,-1.));
#10794=DIRECTION('',(-1.,0.,0.));
#10795=DIRECTION('',(0.,0.,-1.));
#10796=DIRECTION('',(-1.,0.,0.));
#10797=DIRECTION('',(0.,0.,-1.));
#10798=DIRECTION('',(-1.,0.,0.));
#10799=DIRECTION('',(0.,0.,-1.));
#10800=DIRECTION('',(-1.,0.,0.));
#10801=DIRECTION('',(0.,0.,-1.));
#10802=DIRECTION('',(-1.,0.,0.));
#10803=DIRECTION('',(0.,0.,-1.));
#10804=DIRECTION('',(-1.,0.,0.));
#10805=DIRECTION('',(0.,0.,-1.));
#10806=DIRECTION('',(-1.,0.,0.));
#10807=DIRECTION('',(0.707106781186549,0.707106781186546,0.));
#10808=DIRECTION('',(0.707106781186546,-0.707106781186549,0.));
#10809=DIRECTION('',(0.,0.,1.));
#10810=DIRECTION('',(0.707106781186546,-0.707106781186549,0.));
#10811=DIRECTION('',(0.,0.,1.));
#10812=DIRECTION('',(-0.707106781186548,0.707106781186548,0.));
#10813=DIRECTION('',(0.707106781186548,0.707106781186548,0.));
#10814=DIRECTION('',(0.707106781186548,0.707106781186548,0.));
#10815=DIRECTION('',(0.,0.,1.));
#10816=DIRECTION('',(-0.352937531011693,0.935646888095808,0.));
#10817=DIRECTION('',(0.935646888095809,0.352937531011693,0.));
#10818=DIRECTION('',(0.935646888095809,0.352937531011693,0.));
#10819=DIRECTION('',(0.,0.,1.));
#10820=DIRECTION('',(0.201755748586913,0.97943586717668,0.));
#10821=DIRECTION('',(0.97943586717668,-0.201755748586913,0.));
#10822=DIRECTION('',(0.97943586717668,-0.201755748586913,0.));
#10823=DIRECTION('',(0.,0.,1.));
#10824=DIRECTION('',(-0.97943586717668,-0.201755748586913,0.));
#10825=DIRECTION('',(-0.201755748586913,0.97943586717668,0.));
#10826=DIRECTION('',(-0.201755748586913,0.97943586717668,0.));
#10827=DIRECTION('',(0.,0.,1.));
#10828=DIRECTION('',(-0.935646888095808,0.352937531011693,0.));
#10829=DIRECTION('',(0.352937531011693,0.935646888095809,0.));
#10830=DIRECTION('',(0.352937531011693,0.935646888095809,0.));
#10831=DIRECTION('',(0.,0.,1.));
#10832=DIRECTION('',(-0.707106781186548,0.707106781186548,0.));
#10833=DIRECTION('',(0.707106781186548,0.707106781186548,0.));
#10834=DIRECTION('',(0.707106781186548,0.707106781186548,0.));
#10835=DIRECTION('',(0.,0.,1.));
#10836=DIRECTION('',(1.,0.,0.));
#10837=DIRECTION('',(-4.16333634234434E-16,-1.,0.));
#10838=DIRECTION('',(-1.,4.16333634234434E-16,0.));
#10839=DIRECTION('',(0.,0.,1.));
#10840=DIRECTION('',(-1.,0.,0.));
#10841=DIRECTION('',(0.,0.,1.));
#10842=DIRECTION('',(0.707106781186548,0.707106781186548,0.));
#10843=DIRECTION('',(0.707106781186548,-0.707106781186548,0.));
#10844=DIRECTION('',(-0.707106781186548,0.707106781186548,0.));
#10845=DIRECTION('',(0.,0.,1.));
#10846=DIRECTION('',(1.,0.,0.));
#10847=DIRECTION('',(0.707106781186548,0.707106781186548,0.));
#10848=DIRECTION('',(-0.707106781186548,0.707106781186548,0.));
#10849=DIRECTION('',(0.707106781186548,-0.707106781186548,0.));
#10850=DIRECTION('',(0.,0.,1.));
#10851=DIRECTION('',(0.,0.,-1.));
#10852=DIRECTION('',(0.707106781186548,-0.707106781186548,0.));
#10853=DIRECTION('',(0.,0.,-1.));
#10854=DIRECTION('',(0.707106781186548,-0.707106781186548,0.));
#10855=DIRECTION('',(0.,0.,-1.));
#10856=DIRECTION('',(0.707106781186548,0.707106781186548,0.));
#10857=DIRECTION('',(-0.707106781186548,0.707106781186548,0.));
#10858=DIRECTION('',(0.,0.,1.));
#10859=DIRECTION('',(0.707106781186548,-0.707106781186548,0.));
#10860=DIRECTION('',(0.,0.,-1.));
#10861=DIRECTION('',(0.707106781186548,-0.707106781186548,0.));
#10862=DIRECTION('',(0.,0.,-1.));
#10863=DIRECTION('',(0.707106781186548,-0.707106781186548,0.));
#10864=DIRECTION('',(0.,0.,1.));
#10865=DIRECTION('',(-1.96291199544759E-16,1.,0.));
#10866=DIRECTION('',(-1.,-1.96291199544759E-16,0.));
#10867=DIRECTION('',(0.,0.,1.));
#10868=DIRECTION('',(-1.,-1.96291199544759E-16,0.));
#10869=DIRECTION('',(1.,0.,0.));
#10870=DIRECTION('',(0.,0.,1.));
#10871=DIRECTION('',(0.,1.,0.));
#10872=DIRECTION('',(0.,0.,1.));
#10873=DIRECTION('',(-1.,0.,0.));
#10874=DIRECTION('',(0.,0.,1.));
#10875=DIRECTION('',(-1.,0.,0.));
#10876=DIRECTION('',(0.,0.,1.));
#10877=DIRECTION('',(-1.,0.,0.));
#10878=DIRECTION('',(0.,0.,1.));
#10879=DIRECTION('',(-1.,0.,0.));
#10880=DIRECTION('',(0.,0.,1.));
#10881=DIRECTION('',(-1.,0.,0.));
#10882=DIRECTION('',(0.,0.,1.));
#10883=DIRECTION('',(1.,0.,0.));
#10884=DIRECTION('',(0.,0.,1.));
#10885=DIRECTION('',(-1.,0.,0.));
#10886=DIRECTION('',(0.,0.,1.));
#10887=DIRECTION('',(1.,0.,0.));
#10888=DIRECTION('',(0.,0.,1.));
#10889=DIRECTION('',(-1.,0.,0.));
#10890=DIRECTION('',(0.,0.,-1.));
#10891=DIRECTION('',(1.,0.,0.));
#10892=DIRECTION('',(0.,0.,-1.));
#10893=DIRECTION('',(1.,0.,0.));
#10894=DIRECTION('',(0.,0.,1.));
#10895=DIRECTION('',(-1.,0.,0.));
#10896=DIRECTION('',(0.,0.,-1.));
#10897=DIRECTION('',(1.,0.,0.));
#10898=DIRECTION('',(0.,0.,1.));
#10899=DIRECTION('',(-1.,0.,0.));
#10900=DIRECTION('',(0.,0.,1.));
#10901=DIRECTION('',(1.,0.,0.));
#10902=DIRECTION('',(0.,0.,1.));
#10903=DIRECTION('',(-1.,0.,0.));
#10904=DIRECTION('',(0.,0.,1.));
#10905=DIRECTION('',(1.,0.,0.));
#10906=DIRECTION('',(0.,0.,1.));
#10907=DIRECTION('',(-1.,0.,0.));
#10908=DIRECTION('',(0.,0.,-1.));
#10909=DIRECTION('',(1.,0.,0.));
#10910=DIRECTION('',(0.,0.,1.));
#10911=DIRECTION('',(-1.,0.,0.));
#10912=DIRECTION('',(0.,0.,-1.));
#10913=DIRECTION('',(1.,0.,0.));
#10914=DIRECTION('',(0.,0.,1.));
#10915=DIRECTION('',(-1.,0.,0.));
#10916=DIRECTION('',(0.707106781186548,0.707106781186548,0.));
#10917=DIRECTION('',(-0.998953181886568,-0.045744293619,0.));
#10918=DIRECTION('',(-0.847443336156902,0.530885855908085,0.));
#10919=DIRECTION('',(0.,1.,0.));
#10920=DIRECTION('',(-0.707106781186548,-0.707106781186548,0.));
#10921=DIRECTION('',(-1.,0.,0.));
#10922=DIRECTION('',(-0.530885855908085,0.847443336156902,0.));
#10923=DIRECTION('',(0.045744293619,0.998953181886568,0.));
#10924=DIRECTION('',(0.,0.,1.));
#10925=DIRECTION('',(-1.,0.,0.));
#10926=DIRECTION('',(1.,4.16333634234434E-16,0.));
#10927=DIRECTION('',(0.,1.,0.));
#10928=DIRECTION('',(0.,0.,1.));
#10929=DIRECTION('',(-1.,0.,0.));
#10930=DIRECTION('',(1.,4.16333634234434E-16,0.));
#10931=DIRECTION('',(0.045744293619,0.998953181886568,0.));
#10932=DIRECTION('',(-0.530885855908085,0.847443336156902,0.));
#10933=DIRECTION('',(-1.,0.,0.));
#10934=DIRECTION('',(-0.707106781186548,-0.707106781186548,0.));
#10935=DIRECTION('',(0.,1.,0.));
#10936=DIRECTION('',(-0.847443336156902,0.530885855908085,0.));
#10937=DIRECTION('',(-0.998953181886568,-0.045744293619,0.));
#10938=DIRECTION('',(0.,1.,0.));
#10939=DIRECTION('',(0.,0.,1.));
#10940=DIRECTION('',(-1.,0.,0.));
#10941=DIRECTION('',(-0.707106781186548,0.707106781186548,0.));
#10942=DIRECTION('',(-0.707106781186546,-0.707106781186549,0.));
#10943=DIRECTION('',(-0.707106781186548,0.707106781186548,0.));
#10944=DIRECTION('',(-0.352937531011693,0.935646888095809,0.));
#10945=DIRECTION('',(0.201755748586913,0.97943586717668,0.));
#10946=DIRECTION('',(-0.97943586717668,-0.201755748586913,0.));
#10947=DIRECTION('',(-0.935646888095809,0.352937531011693,0.));
#10948=DIRECTION('',(0.,0.,-1.));
#10949=DIRECTION('',(-1.,0.,0.));
#10950=DIRECTION('',(0.,0.,-1.));
#10951=DIRECTION('',(1.,0.,0.));
#10952=DIRECTION('',(0.,0.,-1.));
#10953=DIRECTION('',(1.,0.,0.));
#10954=DIRECTION('',(0.,0.,-1.));
#10955=DIRECTION('',(1.,0.,0.));
#10956=DIRECTION('',(0.,0.,-1.));
#10957=DIRECTION('',(1.,0.,0.));
#10958=DIRECTION('',(0.,0.,-1.));
#10959=DIRECTION('',(1.,0.,0.));
#10960=DIRECTION('',(0.,0.,-1.));
#10961=DIRECTION('',(1.,0.,0.));
#10962=DIRECTION('',(0.,0.,-1.));
#10963=DIRECTION('',(1.,0.,0.));
#10964=DIRECTION('',(0.,0.,-1.));
#10965=DIRECTION('',(1.,0.,0.));
#10966=DIRECTION('',(0.,0.,-1.));
#10967=DIRECTION('',(1.,0.,0.));
#10968=DIRECTION('',(0.,0.,-1.));
#10969=DIRECTION('',(1.,0.,0.));
#10970=DIRECTION('',(0.,0.,-1.));
#10971=DIRECTION('',(1.,0.,0.));
#10972=DIRECTION('',(0.,0.,-1.));
#10973=DIRECTION('',(1.,0.,0.));
#10974=DIRECTION('',(0.,0.,-1.));
#10975=DIRECTION('',(1.,0.,0.));
#10976=DIRECTION('',(0.,0.,-1.));
#10977=DIRECTION('',(1.,0.,0.));
#10978=DIRECTION('',(0.,0.,-1.));
#10979=DIRECTION('',(1.,0.,0.));
#10980=DIRECTION('',(0.,0.,-1.));
#10981=DIRECTION('',(1.,0.,0.));
#10982=DIRECTION('',(0.,0.,-1.));
#10983=DIRECTION('',(1.,0.,0.));
#10984=DIRECTION('',(0.,0.,-1.));
#10985=DIRECTION('',(1.,0.,0.));
#10986=DIRECTION('',(0.,0.,-1.));
#10987=DIRECTION('',(1.,0.,0.));
#10988=DIRECTION('',(-1.,0.,0.));
#10989=DIRECTION('',(0.,0.,-1.));
#10990=DIRECTION('',(0.,0.,-1.));
#10991=DIRECTION('',(0.,0.,-1.));
#10992=DIRECTION('',(-0.530885855908085,-0.847443336156902,0.));
#10993=DIRECTION('',(0.847443336156902,-0.530885855908085,0.));
#10994=DIRECTION('',(0.,0.,-1.));
#10995=DIRECTION('',(0.045744293619,-0.998953181886568,0.));
#10996=DIRECTION('',(0.998953181886568,0.045744293619,0.));
#10997=DIRECTION('',(-0.998953181886568,0.045744293619,0.));
#10998=DIRECTION('',(-0.045744293619,-0.998953181886568,0.));
#10999=DIRECTION('',(0.,0.,-1.));
#11000=DIRECTION('',(-0.847443336156902,-0.530885855908085,0.));
#11001=DIRECTION('',(0.530885855908085,-0.847443336156902,0.));
#11002=DIRECTION('',(0.,0.,-1.));
#11003=DIRECTION('',(0.,-1.,0.));
#11004=DIRECTION('',(0.,0.,1.));
#11005=DIRECTION('',(0.,0.,-1.));
#11006=DIRECTION('',(0.707106781186548,-0.707106781186548,0.));
#11007=DIRECTION('',(0.707106781186548,0.707106781186548,0.));
#11008=DIRECTION('',(0.,0.,-1.));
#11009=DIRECTION('',(1.,0.,0.));
#11010=DIRECTION('',(0.,0.,-1.));
#11011=DIRECTION('',(1.,0.,0.));
#11012=DIRECTION('',(0.,0.,-1.));
#11013=DIRECTION('',(0.,0.,-1.));
#11014=DIRECTION('',(0.,0.,-1.));
#11015=DIRECTION('',(1.,0.,0.));
#11016=DIRECTION('',(0.,0.,-1.));
#11017=DIRECTION('',(0.,0.,-1.));
#11018=DIRECTION('',(0.,0.,-1.));
#11019=DIRECTION('',(1.,0.,0.));
#11020=DIRECTION('',(0.,0.,-1.));
#11021=DIRECTION('',(0.,0.,-1.));
#11022=DIRECTION('',(0.,0.,-1.));
#11023=DIRECTION('',(1.,0.,0.));
#11024=DIRECTION('',(0.,0.,-1.));
#11025=DIRECTION('',(0.,0.,-1.));
#11026=DIRECTION('',(0.,0.,-1.));
#11027=DIRECTION('',(1.,0.,0.));
#11028=DIRECTION('',(0.,0.,-1.));
#11029=DIRECTION('',(0.,0.,-1.));
#11030=DIRECTION('',(0.,0.,-1.));
#11031=DIRECTION('',(1.,0.,0.));
#11032=DIRECTION('',(0.,0.,-1.));
#11033=DIRECTION('',(0.,0.,-1.));
#11034=DIRECTION('',(0.,0.,-1.));
#11035=DIRECTION('',(1.,0.,0.));
#11036=DIRECTION('',(0.,0.,-1.));
#11037=DIRECTION('',(0.,0.,-1.));
#11038=DIRECTION('',(0.,0.,-1.));
#11039=DIRECTION('',(1.,0.,0.));
#11040=DIRECTION('',(0.,0.,-1.));
#11041=DIRECTION('',(0.,0.,-1.));
#11042=DIRECTION('',(0.,0.,-1.));
#11043=DIRECTION('',(1.,0.,0.));
#11044=DIRECTION('',(0.,0.,-1.));
#11045=DIRECTION('',(1.,0.,0.));
#11046=DIRECTION('',(0.,0.,-1.));
#11047=DIRECTION('',(1.,0.,0.));
#11048=DIRECTION('',(0.,0.,-1.));
#11049=DIRECTION('',(1.,0.,0.));
#11050=DIRECTION('',(0.,0.,-1.));
#11051=DIRECTION('',(1.,0.,0.));
#11052=DIRECTION('',(0.,0.,-1.));
#11053=DIRECTION('',(1.,0.,0.));
#11054=DIRECTION('',(0.,0.,-1.));
#11055=DIRECTION('',(1.,0.,0.));
#11056=DIRECTION('',(0.,0.,-1.));
#11057=DIRECTION('',(1.,0.,0.));
#11058=DIRECTION('',(-0.707106781186549,0.707106781186546,0.));
#11059=DIRECTION('',(-0.707106781186546,-0.707106781186549,0.));
#11060=DIRECTION('',(0.,0.,1.));
#11061=DIRECTION('',(-0.707106781186546,-0.707106781186549,0.));
#11062=DIRECTION('',(0.,0.,1.));
#11063=DIRECTION('',(0.707106781186548,0.707106781186548,0.));
#11064=DIRECTION('',(-0.707106781186548,0.707106781186548,0.));
#11065=DIRECTION('',(0.,0.,1.));
#11066=DIRECTION('',(-0.707106781186548,0.707106781186548,0.));
#11067=DIRECTION('',(0.352937531011693,0.935646888095808,0.));
#11068=DIRECTION('',(-0.935646888095809,0.352937531011693,0.));
#11069=DIRECTION('',(0.,0.,1.));
#11070=DIRECTION('',(-0.935646888095809,0.352937531011693,0.));
#11071=DIRECTION('',(-0.201755748586913,0.97943586717668,0.));
#11072=DIRECTION('',(-0.97943586717668,-0.201755748586913,0.));
#11073=DIRECTION('',(0.,0.,1.));
#11074=DIRECTION('',(-0.97943586717668,-0.201755748586913,0.));
#11075=DIRECTION('',(0.97943586717668,-0.201755748586913,0.));
#11076=DIRECTION('',(0.201755748586913,0.97943586717668,0.));
#11077=DIRECTION('',(0.,0.,1.));
#11078=DIRECTION('',(0.201755748586913,0.97943586717668,0.));
#11079=DIRECTION('',(0.935646888095808,0.352937531011693,0.));
#11080=DIRECTION('',(-0.352937531011693,0.935646888095809,0.));
#11081=DIRECTION('',(0.,0.,1.));
#11082=DIRECTION('',(-0.352937531011693,0.935646888095809,0.));
#11083=DIRECTION('',(0.707106781186548,0.707106781186548,0.));
#11084=DIRECTION('',(-0.707106781186548,0.707106781186548,0.));
#11085=DIRECTION('',(-0.707106781186548,0.707106781186548,0.));
#11086=DIRECTION('',(0.,0.,1.));
#11087=DIRECTION('',(-1.,0.,0.));
#11088=DIRECTION('',(4.16333634234434E-16,-1.,0.));
#11089=DIRECTION('',(1.,4.16333634234434E-16,0.));
#11090=DIRECTION('',(0.,0.,1.));
#11091=DIRECTION('',(1.,0.,0.));
#11092=DIRECTION('',(0.,0.,1.));
#11093=DIRECTION('',(-0.707106781186548,0.707106781186548,0.));
#11094=DIRECTION('',(-0.707106781186548,-0.707106781186548,0.));
#11095=DIRECTION('',(0.707106781186548,0.707106781186548,0.));
#11096=DIRECTION('',(0.,0.,1.));
#11097=DIRECTION('',(1.,0.,0.));
#11098=DIRECTION('',(0.,0.,-1.));
#11099=DIRECTION('',(1.,0.,0.));
#11100=DIRECTION('',(0.,0.,-1.));
#11101=DIRECTION('',(-1.,0.,0.));
#11102=DIRECTION('',(0.,0.,-1.));
#11103=DIRECTION('',(-1.,0.,0.));
#11104=DIRECTION('',(0.,0.,1.));
#11105=DIRECTION('',(-1.,0.,0.));
#11106=DIRECTION('',(0.,0.,-1.));
#11107=DIRECTION('',(-1.,0.,0.));
#11108=DIRECTION('',(0.,0.,-1.));
#11109=DIRECTION('',(-1.,0.,0.));
#11110=DIRECTION('',(0.,0.,1.));
#11111=DIRECTION('',(-1.,0.,0.));
#11112=DIRECTION('',(0.,0.,-1.));
#11113=DIRECTION('',(-1.,0.,0.));
#11114=DIRECTION('',(0.,0.,1.));
#11115=DIRECTION('',(-1.,0.,0.));
#11116=DIRECTION('',(0.,0.,1.));
#11117=DIRECTION('',(-1.,0.,0.));
#11118=DIRECTION('',(0.,0.,-1.));
#11119=DIRECTION('',(1.,0.,0.));
#11120=DIRECTION('',(0.,0.,-1.));
#11121=DIRECTION('',(-1.,0.,0.));
#11122=DIRECTION('',(0.,0.,1.));
#11123=DIRECTION('',(-1.,0.,0.));
#11124=DIRECTION('',(0.,0.,-1.));
#11125=DIRECTION('',(-1.,0.,0.));
#11126=DIRECTION('',(0.,0.,-1.));
#11127=DIRECTION('',(1.,0.,0.));
#11128=DIRECTION('',(0.,0.,-1.));
#11129=DIRECTION('',(-1.,0.,0.));
#11130=DIRECTION('',(0.,0.,1.));
#11131=DIRECTION('',(-1.,0.,0.));
#11132=DIRECTION('',(0.,0.,1.));
#11133=DIRECTION('',(1.,0.,0.));
#11134=DIRECTION('',(0.,0.,-1.));
#11135=DIRECTION('',(-1.,0.,0.));
#11136=DIRECTION('',(0.,0.,1.));
#11137=DIRECTION('',(1.,0.,0.));
#11138=DIRECTION('',(0.,0.,1.));
#11139=DIRECTION('',(1.,0.,0.));
#11140=DIRECTION('',(0.,0.,1.));
#11141=DIRECTION('',(1.,0.,0.));
#11142=DIRECTION('',(0.,0.,1.));
#11143=DIRECTION('',(1.,0.,0.));
#11144=DIRECTION('',(0.,0.,1.));
#11145=DIRECTION('',(1.,0.,0.));
#11146=DIRECTION('',(0.,0.,1.));
#11147=DIRECTION('',(1.,0.,0.));
#11148=DIRECTION('',(0.,0.,1.));
#11149=DIRECTION('',(1.,0.,0.));
#11150=DIRECTION('',(0.,0.,1.));
#11151=DIRECTION('',(1.,0.,0.));
#11152=DIRECTION('',(0.,0.,1.));
#11153=DIRECTION('',(1.,0.,0.));
#11154=DIRECTION('',(0.,0.,-1.));
#11155=DIRECTION('',(-1.,0.,0.));
#11156=DIRECTION('',(0.,0.,1.));
#11157=DIRECTION('',(1.,0.,0.));
#11158=DIRECTION('',(0.,0.,1.));
#11159=DIRECTION('',(1.,0.,0.));
#11160=DIRECTION('',(0.,0.,1.));
#11161=DIRECTION('',(1.,0.,0.));
#11162=DIRECTION('',(0.,0.,-1.));
#11163=DIRECTION('',(-1.,0.,0.));
#11164=DIRECTION('',(0.,0.,1.));
#11165=DIRECTION('',(1.,0.,0.));
#11166=DIRECTION('',(0.,0.,1.));
#11167=DIRECTION('',(1.,0.,0.));
#11168=DIRECTION('',(0.,0.,1.));
#11169=DIRECTION('',(1.,0.,0.));
#11170=DIRECTION('',(0.,0.,-1.));
#11171=DIRECTION('',(-1.,0.,0.));
#11172=DIRECTION('',(0.,0.,-1.));
#11173=DIRECTION('',(1.,0.,0.));
#11174=DIRECTION('',(0.,0.,-1.));
#11175=DIRECTION('',(1.,0.,0.));
#11176=DIRECTION('',(0.,0.,1.));
#11177=DIRECTION('',(1.,0.,0.));
#11178=DIRECTION('',(0.,0.,-1.));
#11179=DIRECTION('',(1.,0.,0.));
#11180=DIRECTION('',(0.,0.,-1.));
#11181=DIRECTION('',(1.,0.,0.));
#11182=DIRECTION('',(0.,0.,1.));
#11183=DIRECTION('',(1.,0.,0.));
#11184=DIRECTION('',(0.,0.,-1.));
#11185=DIRECTION('',(1.,0.,0.));
#11186=DIRECTION('',(0.,0.,1.));
#11187=DIRECTION('',(1.,0.,0.));
#11188=DIRECTION('',(0.,0.,1.));
#11189=DIRECTION('',(1.,0.,0.));
#11190=DIRECTION('',(0.,0.,-1.));
#11191=DIRECTION('',(-1.,0.,0.));
#11192=DIRECTION('',(0.,0.,-1.));
#11193=DIRECTION('',(1.,0.,0.));
#11194=DIRECTION('',(0.,0.,1.));
#11195=DIRECTION('',(1.,0.,0.));
#11196=DIRECTION('',(0.,0.,-1.));
#11197=DIRECTION('',(1.,0.,0.));
#11198=DIRECTION('',(0.,0.,-1.));
#11199=DIRECTION('',(-1.,0.,0.));
#11200=DIRECTION('',(0.,0.,-1.));
#11201=DIRECTION('',(1.,0.,0.));
#11202=DIRECTION('',(0.,0.,1.));
#11203=DIRECTION('',(1.,0.,0.));
#11204=DIRECTION('',(0.,0.,1.));
#11205=DIRECTION('',(1.,0.,0.));
#11206=DIRECTION('',(0.707106781186548,-0.707106781186548,0.));
#11207=DIRECTION('',(-0.707106781186548,-0.707106781186548,0.));
#11208=DIRECTION('',(0.707106781186548,0.707106781186548,0.));
#11209=DIRECTION('',(0.,0.,-1.));
#11210=DIRECTION('',(0.707106781186548,0.707106781186548,0.));
#11211=DIRECTION('',(0.,0.,-1.));
#11212=DIRECTION('',(0.707106781186548,0.707106781186548,0.));
#11213=DIRECTION('',(0.,0.,-1.));
#11214=DIRECTION('',(0.,0.,1.));
#11215=DIRECTION('',(0.707106781186548,-0.707106781186548,0.));
#11216=DIRECTION('',(-0.707106781186548,-0.707106781186548,0.));
#11217=DIRECTION('',(0.,0.,1.));
#11218=DIRECTION('',(0.,0.,1.));
#11219=DIRECTION('',(0.707106781186548,0.707106781186548,0.));
#11220=DIRECTION('',(0.,0.,-1.));
#11221=DIRECTION('',(0.707106781186548,0.707106781186548,0.));
#11222=DIRECTION('',(0.,0.,-1.));
#11223=DIRECTION('',(0.707106781186548,0.707106781186548,0.));
#11224=DIRECTION('',(-1.96291199544759E-16,-1.,0.));
#11225=DIRECTION('',(-1.,1.96291199544759E-16,0.));
#11226=DIRECTION('',(0.,0.,1.));
#11227=DIRECTION('',(-1.,1.96291199544759E-16,0.));
#11228=DIRECTION('',(1.,0.,0.));
#11229=DIRECTION('',(0.,0.,1.));
#11230=DIRECTION('',(0.,-1.,0.));
#11231=DIRECTION('',(0.,0.,1.));
#11232=DIRECTION('',(-1.,0.,0.));
#11233=DIRECTION('',(0.,0.,-1.));
#11234=DIRECTION('',(-1.,0.,0.));
#11235=DIRECTION('',(0.,0.,1.));
#11236=DIRECTION('',(-1.,0.,0.));
#11237=DIRECTION('',(0.,0.,-1.));
#11238=DIRECTION('',(-1.,0.,0.));
#11239=DIRECTION('',(0.,0.,1.));
#11240=DIRECTION('',(-1.,0.,0.));
#11241=DIRECTION('',(0.,0.,-1.));
#11242=DIRECTION('',(1.,0.,0.));
#11243=DIRECTION('',(0.,0.,-1.));
#11244=DIRECTION('',(-1.,0.,0.));
#11245=DIRECTION('',(0.,0.,-1.));
#11246=DIRECTION('',(1.,0.,0.));
#11247=DIRECTION('',(0.,0.,-1.));
#11248=DIRECTION('',(-1.,0.,0.));
#11249=DIRECTION('',(0.,0.,1.));
#11250=DIRECTION('',(1.,0.,0.));
#11251=DIRECTION('',(0.,0.,1.));
#11252=DIRECTION('',(1.,0.,0.));
#11253=DIRECTION('',(0.,0.,-1.));
#11254=DIRECTION('',(-1.,0.,0.));
#11255=DIRECTION('',(0.,0.,1.));
#11256=DIRECTION('',(1.,0.,0.));
#11257=DIRECTION('',(0.,0.,-1.));
#11258=DIRECTION('',(-1.,0.,0.));
#11259=DIRECTION('',(0.,0.,-1.));
#11260=DIRECTION('',(1.,0.,0.));
#11261=DIRECTION('',(0.,0.,-1.));
#11262=DIRECTION('',(-1.,0.,0.));
#11263=DIRECTION('',(0.,0.,-1.));
#11264=DIRECTION('',(1.,0.,0.));
#11265=DIRECTION('',(0.,0.,-1.));
#11266=DIRECTION('',(-1.,0.,0.));
#11267=DIRECTION('',(0.,0.,1.));
#11268=DIRECTION('',(1.,0.,0.));
#11269=DIRECTION('',(0.,0.,-1.));
#11270=DIRECTION('',(-1.,0.,0.));
#11271=DIRECTION('',(0.,0.,1.));
#11272=DIRECTION('',(1.,0.,0.));
#11273=DIRECTION('',(0.,0.,-1.));
#11274=DIRECTION('',(-1.,0.,0.));
#11275=DIRECTION('',(0.045744293619,-0.998953181886568,0.));
#11276=DIRECTION('',(-0.530885855908085,-0.847443336156902,0.));
#11277=DIRECTION('',(-1.,0.,0.));
#11278=DIRECTION('',(-0.707106781186548,0.707106781186548,0.));
#11279=DIRECTION('',(0.,-1.,0.));
#11280=DIRECTION('',(-0.847443336156902,-0.530885855908085,0.));
#11281=DIRECTION('',(-0.998953181886568,0.045744293619,0.));
#11282=DIRECTION('',(0.707106781186548,-0.707106781186548,0.));
#11283=DIRECTION('',(0.,0.,1.));
#11284=DIRECTION('',(-1.,0.,0.));
#11285=DIRECTION('',(0.,-1.,0.));
#11286=DIRECTION('',(1.,-4.16333634234434E-16,0.));
#11287=DIRECTION('',(0.,0.,1.));
#11288=DIRECTION('',(-1.,0.,0.));
#11289=DIRECTION('',(1.,-4.16333634234434E-16,0.));
#11290=DIRECTION('',(0.,-1.,0.));
#11291=DIRECTION('',(-0.998953181886568,0.045744293619,0.));
#11292=DIRECTION('',(-0.847443336156902,-0.530885855908085,0.));
#11293=DIRECTION('',(0.,-1.,0.));
#11294=DIRECTION('',(-0.707106781186548,0.707106781186548,0.));
#11295=DIRECTION('',(-1.,0.,0.));
#11296=DIRECTION('',(-0.530885855908085,-0.847443336156902,0.));
#11297=DIRECTION('',(0.045744293619,-0.998953181886568,0.));
#11298=DIRECTION('',(0.,0.,-1.));
#11299=DIRECTION('',(-1.,0.,0.));
#11300=DIRECTION('',(-0.707106781186548,-0.707106781186548,0.));
#11301=DIRECTION('',(-0.935646888095809,-0.352937531011693,0.));
#11302=DIRECTION('',(-0.97943586717668,0.201755748586913,0.));
#11303=DIRECTION('',(0.201755748586913,-0.97943586717668,0.));
#11304=DIRECTION('',(-0.352937531011693,-0.935646888095809,0.));
#11305=DIRECTION('',(-0.707106781186548,-0.707106781186548,0.));
#11306=DIRECTION('',(-0.707106781186546,0.707106781186549,0.));
#11307=DIRECTION('',(0.,0.,-1.));
#11308=DIRECTION('',(-1.,0.,0.));
#11309=DIRECTION('',(0.,0.,1.));
#11310=DIRECTION('',(1.,0.,0.));
#11311=DIRECTION('',(0.,0.,1.));
#11312=DIRECTION('',(1.,0.,0.));
#11313=DIRECTION('',(0.,0.,1.));
#11314=DIRECTION('',(1.,0.,0.));
#11315=DIRECTION('',(0.,0.,1.));
#11316=DIRECTION('',(1.,0.,0.));
#11317=DIRECTION('',(0.,0.,1.));
#11318=DIRECTION('',(1.,0.,0.));
#11319=DIRECTION('',(0.,0.,1.));
#11320=DIRECTION('',(1.,0.,0.));
#11321=DIRECTION('',(0.,0.,1.));
#11322=DIRECTION('',(1.,0.,0.));
#11323=DIRECTION('',(0.,0.,1.));
#11324=DIRECTION('',(1.,0.,0.));
#11325=DIRECTION('',(0.,0.,1.));
#11326=DIRECTION('',(1.,0.,0.));
#11327=DIRECTION('',(0.,0.,1.));
#11328=DIRECTION('',(1.,0.,0.));
#11329=DIRECTION('',(0.,0.,1.));
#11330=DIRECTION('',(1.,0.,0.));
#11331=DIRECTION('',(0.,0.,1.));
#11332=DIRECTION('',(1.,0.,0.));
#11333=DIRECTION('',(0.,0.,1.));
#11334=DIRECTION('',(1.,0.,0.));
#11335=DIRECTION('',(0.,0.,1.));
#11336=DIRECTION('',(1.,0.,0.));
#11337=DIRECTION('',(0.,0.,1.));
#11338=DIRECTION('',(1.,0.,0.));
#11339=DIRECTION('',(0.,0.,1.));
#11340=DIRECTION('',(1.,0.,0.));
#11341=DIRECTION('',(0.,0.,1.));
#11342=DIRECTION('',(1.,0.,0.));
#11343=DIRECTION('',(0.,0.,1.));
#11344=DIRECTION('',(1.,0.,0.));
#11345=DIRECTION('',(0.,0.,-1.));
#11346=DIRECTION('',(1.,0.,0.));
#11347=DIRECTION('',(-1.,0.,0.));
#11348=DIRECTION('',(0.,0.,-1.));
#11349=DIRECTION('',(0.,0.,-1.));
#11350=DIRECTION('',(0.,0.,-1.));
#11351=DIRECTION('',(-0.530885855908085,0.847443336156902,0.));
#11352=DIRECTION('',(0.847443336156902,0.530885855908085,0.));
#11353=DIRECTION('',(0.,0.,-1.));
#11354=DIRECTION('',(0.045744293619,0.998953181886568,0.));
#11355=DIRECTION('',(0.998953181886568,-0.045744293619,0.));
#11356=DIRECTION('',(-0.998953181886568,-0.045744293619,0.));
#11357=DIRECTION('',(-0.045744293619,0.998953181886568,0.));
#11358=DIRECTION('',(0.,0.,-1.));
#11359=DIRECTION('',(-0.847443336156902,0.530885855908085,0.));
#11360=DIRECTION('',(0.530885855908085,0.847443336156902,0.));
#11361=DIRECTION('',(0.,0.,-1.));
#11362=DIRECTION('',(0.,1.,0.));
#11363=DIRECTION('',(0.,0.,1.));
#11364=DIRECTION('',(0.,0.,-1.));
#11365=DIRECTION('',(0.707106781186548,0.707106781186548,0.));
#11366=DIRECTION('',(0.707106781186548,-0.707106781186548,0.));
#11367=DIRECTION('',(0.,0.,-1.));
#11368=DIRECTION('',(1.,0.,0.));
#11369=DIRECTION('',(0.,0.,-1.));
#11370=DIRECTION('',(1.,0.,0.));
#11371=DIRECTION('',(0.,0.,-1.));
#11372=DIRECTION('',(0.,0.,-1.));
#11373=DIRECTION('',(0.,0.,-1.));
#11374=DIRECTION('',(1.,0.,0.));
#11375=DIRECTION('',(0.,0.,-1.));
#11376=DIRECTION('',(0.,0.,-1.));
#11377=DIRECTION('',(0.,0.,-1.));
#11378=DIRECTION('',(1.,0.,0.));
#11379=DIRECTION('',(0.,0.,-1.));
#11380=DIRECTION('',(0.,0.,-1.));
#11381=DIRECTION('',(0.,0.,-1.));
#11382=DIRECTION('',(1.,0.,0.));
#11383=DIRECTION('',(0.,0.,-1.));
#11384=DIRECTION('',(0.,0.,-1.));
#11385=DIRECTION('',(0.,0.,-1.));
#11386=DIRECTION('',(1.,0.,0.));
#11387=DIRECTION('',(0.,0.,-1.));
#11388=DIRECTION('',(0.,0.,-1.));
#11389=DIRECTION('',(0.,0.,-1.));
#11390=DIRECTION('',(1.,0.,0.));
#11391=DIRECTION('',(0.,0.,-1.));
#11392=DIRECTION('',(0.,0.,-1.));
#11393=DIRECTION('',(0.,0.,-1.));
#11394=DIRECTION('',(1.,0.,0.));
#11395=DIRECTION('',(0.,0.,-1.));
#11396=DIRECTION('',(0.,0.,-1.));
#11397=DIRECTION('',(0.,0.,-1.));
#11398=DIRECTION('',(1.,0.,0.));
#11399=DIRECTION('',(0.,0.,-1.));
#11400=DIRECTION('',(0.,0.,-1.));
#11401=DIRECTION('',(0.,0.,-1.));
#11402=DIRECTION('',(1.,0.,0.));
#11403=DIRECTION('',(0.,0.,-1.));
#11404=DIRECTION('',(1.,0.,0.));
#11405=DIRECTION('',(0.,0.,-1.));
#11406=DIRECTION('',(1.,0.,0.));
#11407=DIRECTION('',(0.,0.,-1.));
#11408=DIRECTION('',(1.,0.,0.));
#11409=DIRECTION('',(0.,0.,-1.));
#11410=DIRECTION('',(1.,0.,0.));
#11411=DIRECTION('',(0.,0.,-1.));
#11412=DIRECTION('',(1.,0.,0.));
#11413=DIRECTION('',(0.,0.,-1.));
#11414=DIRECTION('',(1.,0.,0.));
#11415=DIRECTION('',(0.,0.,-1.));
#11416=DIRECTION('',(1.,0.,0.));
#11417=DIRECTION('',(-0.707106781186549,-0.707106781186546,0.));
#11418=DIRECTION('',(-0.707106781186546,0.707106781186549,0.));
#11419=DIRECTION('',(0.,0.,1.));
#11420=DIRECTION('',(-0.707106781186546,0.707106781186549,0.));
#11421=DIRECTION('',(0.,0.,1.));
#11422=DIRECTION('',(0.707106781186548,-0.707106781186548,0.));
#11423=DIRECTION('',(-0.707106781186548,-0.707106781186548,0.));
#11424=DIRECTION('',(-0.707106781186548,-0.707106781186548,0.));
#11425=DIRECTION('',(0.,0.,1.));
#11426=DIRECTION('',(0.352937531011693,-0.935646888095808,0.));
#11427=DIRECTION('',(-0.935646888095809,-0.352937531011693,0.));
#11428=DIRECTION('',(-0.935646888095809,-0.352937531011693,0.));
#11429=DIRECTION('',(0.,0.,1.));
#11430=DIRECTION('',(-0.201755748586913,-0.97943586717668,0.));
#11431=DIRECTION('',(-0.97943586717668,0.201755748586913,0.));
#11432=DIRECTION('',(-0.97943586717668,0.201755748586913,0.));
#11433=DIRECTION('',(0.,0.,1.));
#11434=DIRECTION('',(0.97943586717668,0.201755748586913,0.));
#11435=DIRECTION('',(0.201755748586913,-0.97943586717668,0.));
#11436=DIRECTION('',(0.201755748586913,-0.97943586717668,0.));
#11437=DIRECTION('',(0.,0.,1.));
#11438=DIRECTION('',(0.935646888095808,-0.352937531011693,0.));
#11439=DIRECTION('',(-0.352937531011693,-0.935646888095809,0.));
#11440=DIRECTION('',(-0.352937531011693,-0.935646888095809,0.));
#11441=DIRECTION('',(0.,0.,1.));
#11442=DIRECTION('',(0.707106781186548,-0.707106781186548,0.));
#11443=DIRECTION('',(-0.707106781186548,-0.707106781186548,0.));
#11444=DIRECTION('',(-0.707106781186548,-0.707106781186548,0.));
#11445=DIRECTION('',(0.,0.,1.));
#11446=DIRECTION('',(-1.,0.,0.));
#11447=DIRECTION('',(4.16333634234434E-16,1.,0.));
#11448=DIRECTION('',(1.,-4.16333634234434E-16,0.));
#11449=DIRECTION('',(0.,0.,1.));
#11450=DIRECTION('',(1.,0.,0.));
#11451=DIRECTION('',(0.,0.,1.));
#11452=DIRECTION('',(-0.707106781186548,-0.707106781186548,0.));
#11453=DIRECTION('',(-0.707106781186548,0.707106781186548,0.));
#11454=DIRECTION('',(0.707106781186548,-0.707106781186548,0.));
#11455=DIRECTION('',(0.,0.,1.));
#11456=DIRECTION('',(1.,0.,0.));
#11457=DIRECTION('',(0.,0.,-1.));
#11458=DIRECTION('',(1.,0.,0.));
#11459=DIRECTION('',(0.144042085710521,0.249488210878812,-0.957605090930835));
#11460=DIRECTION('',(-0.478802545465419,-0.82931033553941,-0.288084171421041));
#11461=DIRECTION('',(0.288084171421041,0.,-0.957605090930835));
#11462=DIRECTION('',(-0.957605090930835,0.,-0.288084171421041));
#11463=DIRECTION('',(0.,0.,-1.));
#11464=DIRECTION('',(0.14404208571052,-0.249488210878812,-0.957605090930835));
#11465=DIRECTION('',(-0.478802545465417,0.829310335539411,-0.288084171421041));
#11466=DIRECTION('',(0.288084171421041,0.,-0.957605090930835));
#11467=DIRECTION('',(-0.957605090930835,0.,-0.288084171421041));
#11468=DIRECTION('',(0.,0.,-1.));
#11469=DIRECTION('',(0.14404208571052,-0.249488210878812,-0.957605090930835));
#11470=DIRECTION('',(-0.478802545465417,0.829310335539411,-0.288084171421041));
#11471=DIRECTION('',(0.,0.,-1.));
#11472=DIRECTION('',(0.,0.,1.));
#11473=DIRECTION('',(-1.,0.,0.));
#11474=DIRECTION('',(0.,0.,-1.));
#11475=DIRECTION('',(1.,0.,0.));
#11476=DIRECTION('',(0.,0.,1.));
#11477=DIRECTION('',(-1.,0.,0.));
#11478=DIRECTION('',(0.,0.,1.));
#11479=DIRECTION('',(-1.,0.,0.));
#11480=DIRECTION('',(0.,0.,-1.));
#11481=DIRECTION('',(0.288084171421041,0.,-0.957605090930835));
#11482=DIRECTION('',(-0.957605090930835,0.,-0.288084171421041));
#11483=DIRECTION('',(0.14404208571052,-0.249488210878812,-0.957605090930835));
#11484=DIRECTION('',(-0.478802545465417,0.829310335539411,-0.288084171421041));
#11485=DIRECTION('',(0.,0.,-1.));
#11486=DIRECTION('',(0.288084171421041,0.,-0.957605090930835));
#11487=DIRECTION('',(-0.957605090930835,0.,-0.288084171421041));
#11488=DIRECTION('',(0.144042085710521,0.249488210878812,-0.957605090930835));
#11489=DIRECTION('',(-0.478802545465419,-0.82931033553941,-0.288084171421041));
#11490=DIRECTION('',(0.,0.,-1.));
#11491=DIRECTION('',(-0.202727909443578,-0.351135039268499,0.914114642115827));
#11492=DIRECTION('',(-0.457057321057915,-0.791646502043626,-0.405455818887156));
#11493=DIRECTION('',(0.999930300273392,0.,-0.0118065488252958));
#11494=DIRECTION('',(-0.0118065488252958,0.,-0.999930300273392));
#11495=DIRECTION('',(-0.405455818887156,0.,0.914114642115827));
#11496=DIRECTION('',(-0.914114642115827,0.,-0.405455818887156));
#11497=DIRECTION('',(-0.202727909443578,-0.351135039268499,0.914114642115827));
#11498=DIRECTION('',(-0.457057321057915,-0.791646502043626,-0.405455818887156));
#11499=DIRECTION('',(0.499965150136697,0.865965042050559,-0.0118065488252958));
#11500=DIRECTION('',(-0.00590327441264792,-0.0102247712137275,-0.999930300273392));
#11501=DIRECTION('',(-0.405455818887156,0.,0.914114642115827));
#11502=DIRECTION('',(-0.914114642115827,0.,-0.405455818887156));
#11503=DIRECTION('',(-0.202727909443578,0.351135039268499,0.914114642115827));
#11504=DIRECTION('',(-0.457057321057913,0.791646502043627,-0.405455818887156));
#11505=DIRECTION('',(0.499965150136696,-0.86596504205056,-0.0118065488252958));
#11506=DIRECTION('',(-0.0059032744126479,0.0102247712137275,-0.999930300273392));
#11507=DIRECTION('',(0.14404208571052,-0.249488210878812,-0.957605090930835));
#11508=DIRECTION('',(-0.478802545465417,0.829310335539411,-0.288084171421041));
#11509=DIRECTION('',(0.,0.,-1.));
#11510=DIRECTION('',(1.,0.,0.));
#11511=DIRECTION('',(-0.202727909443578,0.351135039268499,0.914114642115827));
#11512=DIRECTION('',(-0.457057321057913,0.791646502043627,-0.405455818887156));
#11513=DIRECTION('',(-0.405455818887156,0.,0.914114642115827));
#11514=DIRECTION('',(-0.914114642115827,0.,-0.405455818887156));
#11515=DIRECTION('',(0.,0.,-1.));
#11516=DIRECTION('',(-0.202727909443578,-0.351135039268499,0.914114642115827));
#11517=DIRECTION('',(-0.457057321057915,-0.791646502043626,-0.405455818887156));
#11518=DIRECTION('',(-0.405455818887156,0.,0.914114642115827));
#11519=DIRECTION('',(-0.914114642115827,0.,-0.405455818887156));
#11520=DIRECTION('',(0.,0.,-1.));
#11521=DIRECTION('',(-0.202727909443578,-0.351135039268499,0.914114642115827));
#11522=DIRECTION('',(-0.457057321057915,-0.791646502043626,-0.405455818887156));
#11523=DIRECTION('',(0.,0.,-1.));
#11524=DIRECTION('',(0.,0.,1.));
#11525=DIRECTION('',(-1.,0.,0.));
#11526=DIRECTION('',(0.,0.,1.));
#11527=DIRECTION('',(-1.,0.,0.));
#11528=DIRECTION('',(0.,0.,1.));
#11529=DIRECTION('',(-1.,0.,0.));
#11530=DIRECTION('',(-0.405455818887156,0.,0.914114642115827));
#11531=DIRECTION('',(-0.914114642115827,0.,-0.405455818887156));
#11532=DIRECTION('',(0.,-1.,0.));
#11533=DIRECTION('',(0.808433537977428,0.466749320773189,0.35858093400384));
#11534=DIRECTION('',(0.999930300273392,0.,-0.0118065488252958));
#11535=DIRECTION('',(0.0118065488252958,0.,0.999930300273392));
#11536=DIRECTION('',(-0.00424354192026077,-0.933174853210107,-0.359397670677295));
#11537=DIRECTION('',(-0.202727909443578,-0.351135039268499,0.914114642115827));
#11538=DIRECTION('',(-0.457057321057914,-0.791646502043626,-0.405455818887156));
#11539=DIRECTION('',(-0.866025403784438,0.5,-3.14532231468219E-17));
#11540=DIRECTION('',(0.499965150136697,0.865965042050559,-0.0118065488252958));
#11541=DIRECTION('',(0.00590327441264789,0.0102247712137275,0.999930300273392));
#11542=DIRECTION('',(-0.810274900012897,0.462912411500085,-0.359397670677295));
#11543=DIRECTION('',(0.14404208571052,-0.249488210878812,-0.957605090930835));
#11544=DIRECTION('',(0.478802545465417,-0.829310335539411,0.288084171421041));
#11545=DIRECTION('',(-0.838049886300873,0.483848327450144,-0.252117401412105));
#11546=DIRECTION('',(0.866025403784439,0.5,3.1453223146822E-17));
#11547=DIRECTION('',(0.478802545465417,-0.829310335539411,0.288084171421041));
#11548=DIRECTION('',(-0.5,0.866025403784439,1.81595268506991E-17));
#11549=DIRECTION('',(1.81595268506991E-17,3.1453223146822E-17,-1.));
#11550=DIRECTION('',(0.838049886300873,0.483848327450144,0.252117401412105));
#11551=DIRECTION('',(1.81595268506991E-17,3.1453223146822E-17,-1.));
#11552=DIRECTION('',(0.288084171421041,0.,-0.957605090930835));
#11553=DIRECTION('',(0.957605090930835,0.,0.288084171421041));
#11554=DIRECTION('',(0.957605090930835,0.,0.288084171421041));
#11555=DIRECTION('',(0.,-1.,0.));
#11556=DIRECTION('',(-1.,0.,0.));
#11557=DIRECTION('',(0.,0.,-1.));
#11558=DIRECTION('',(0.,-0.967696654900288,0.252117401412105));
#11559=DIRECTION('',(0.,0.,-1.));
#11560=DIRECTION('',(-0.202727909443578,0.351135039268499,0.914114642115827));
#11561=DIRECTION('',(-0.457057321057913,0.791646502043627,-0.405455818887156));
#11562=DIRECTION('',(-0.808433537977428,0.46674932077319,-0.358580934003839));
#11563=DIRECTION('',(0.866025403784439,0.5,3.1453223146822E-17));
#11564=DIRECTION('',(0.457057321057913,-0.791646502043627,0.405455818887156));
#11565=DIRECTION('',(0.866025403784439,0.5,3.1453223146822E-17));
#11566=DIRECTION('',(0.499965150136696,-0.86596504205056,-0.0118065488252958));
#11567=DIRECTION('',(0.00590327441264787,-0.0102247712137275,0.999930300273392));
#11568=DIRECTION('',(0.866025403784439,0.5,3.1453223146822E-17));
#11569=DIRECTION('',(0.14404208571052,-0.249488210878812,-0.957605090930835));
#11570=DIRECTION('',(0.478802545465417,-0.829310335539411,0.288084171421041));
#11571=DIRECTION('',(-0.478802545465417,0.829310335539411,-0.288084171421041));
#11572=DIRECTION('',(0.866025403784439,0.5,3.1453223146822E-17));
#11573=DIRECTION('',(-0.988875473652632,0.,-0.148745748202368));
#11574=DIRECTION('',(-0.5,0.866025403784439,1.81595268506991E-17));
#11575=DIRECTION('',(1.81595268506991E-17,3.1453223146822E-17,-1.));
#11576=DIRECTION('',(0.,2.09688154312146E-17,-1.));
#11577=DIRECTION('',(-1.81595268506991E-17,-3.1453223146822E-17,1.));
#11578=DIRECTION('',(-0.202727909443578,0.351135039268499,0.914114642115827));
#11579=DIRECTION('',(-0.202727909443578,0.351135039268499,0.914114642115827));
#11580=DIRECTION('',(0.866025403784439,0.5,3.1453223146822E-17));
#11581=DIRECTION('',(-1.81595268506991E-17,-3.1453223146822E-17,1.));
#11582=DIRECTION('',(-0.202727909443578,-0.351135039268499,0.914114642115827));
#11583=DIRECTION('',(-0.457057321057914,-0.791646502043626,-0.405455818887156));
#11584=DIRECTION('',(-0.457057321057914,-0.791646502043626,-0.405455818887156));
#11585=DIRECTION('',(-0.866025403784438,0.5,-3.14532231468219E-17));
#11586=DIRECTION('',(0.457057321057914,0.791646502043626,0.405455818887156));
#11587=DIRECTION('',(-0.866025403784438,0.5,-3.14532231468219E-17));
#11588=DIRECTION('',(0.499965150136697,0.865965042050559,-0.0118065488252958));
#11589=DIRECTION('',(0.00590327441264789,0.0102247712137275,0.999930300273392));
#11590=DIRECTION('',(-0.866025403784438,0.5,-3.14532231468219E-17));
#11591=DIRECTION('',(0.0118062745400053,0.00681635578379868,0.99990707026969));
#11592=DIRECTION('',(0.144042085710521,0.249488210878812,-0.957605090930835));
#11593=DIRECTION('',(0.478802545465418,0.82931033553941,0.288084171421041));
#11594=DIRECTION('',(0.838049886300873,0.483848327450143,0.252117401412105));
#11595=DIRECTION('',(-0.478802545465418,-0.82931033553941,-0.288084171421041));
#11596=DIRECTION('',(-0.866025403784438,0.5,-3.14532231468219E-17));
#11597=DIRECTION('',(0.478802545465418,0.82931033553941,0.288084171421041));
#11598=DIRECTION('',(-0.5,-0.866025403784438,1.8159526850699E-17));
#11599=DIRECTION('',(1.8159526850699E-17,-3.14532231468219E-17,-1.));
#11600=DIRECTION('',(-1.8159526850699E-17,3.14532231468219E-17,1.));
#11601=DIRECTION('',(1.8159526850699E-17,-3.14532231468219E-17,-1.));
#11602=DIRECTION('',(-0.202727909443578,-0.351135039268499,0.914114642115827));
#11603=DIRECTION('',(-0.202727909443578,-0.351135039268499,0.914114642115827));
#11604=DIRECTION('',(-0.866025403784438,0.5,-3.14532231468219E-17));
#11605=DIRECTION('',(-1.8159526850699E-17,3.14532231468219E-17,1.));
#11606=DIRECTION('',(0.,-1.,0.));
#11607=DIRECTION('',(0.,0.,1.));
#11608=DIRECTION('',(-0.957605090930835,0.,-0.288084171421041));
#11609=DIRECTION('',(0.,0.,1.));
#11610=DIRECTION('',(0.914114642115827,0.,0.405455818887156));
#11611=DIRECTION('',(-0.405455818887156,0.,0.914114642115827));
#11612=DIRECTION('',(-0.405455818887156,0.,0.914114642115827));
#11613=DIRECTION('',(-1.,0.,0.));
#11614=DIRECTION('',(0.,0.,-1.));
#11615=DIRECTION('',(0.,-1.,0.));
#11616=DIRECTION('',(0.,-1.,0.));
#11617=DIRECTION('',(0.999930300273392,0.,-0.0118065488252958));
#11618=DIRECTION('',(0.0118065488252958,0.,0.999930300273392));
#11619=DIRECTION('',(0.,-1.,0.));
#11620=DIRECTION('',(0.,-1.,0.));
#11621=DIRECTION('',(0.288084171421041,0.,-0.957605090930835));
#11622=DIRECTION('',(0.957605090930835,0.,0.288084171421041));
#11623=DIRECTION('',(-0.494437736826316,0.856391281362549,-0.148745748202368));
#11624=DIRECTION('',(-0.405455818887156,0.,0.914114642115827));
#11625=DIRECTION('',(-0.914114642115827,0.,-0.405455818887156));
#11626=DIRECTION('',(-0.866025403784439,-0.5,-3.1453223146822E-17));
#11627=DIRECTION('',(-0.5,0.866025403784439,1.81595268506991E-17));
#11628=DIRECTION('',(0.,1.,0.));
#11629=DIRECTION('',(-1.,0.,0.));
#11630=DIRECTION('',(0.866025403784438,-0.5,3.14532231468219E-17));
#11631=DIRECTION('',(-0.5,-0.866025403784438,1.8159526850699E-17));
#11632=DIRECTION('',(0.866025403784438,-0.5,3.14532231468219E-17));
#11633=DIRECTION('',(-0.5,-0.866025403784438,1.8159526850699E-17));
#11634=DIRECTION('',(0.488139700257538,0.845482762037496,0.21651450789711));
#11635=DIRECTION('',(-0.457057321057914,-0.791646502043626,-0.405455818887156));
#11636=DIRECTION('',(-0.405455818887156,0.,0.914114642115827));
#11637=DIRECTION('',(-0.914114642115827,0.,-0.405455818887156));
#11638=DIRECTION('',(-0.914114642115827,0.,-0.405455818887156));
#11639=DIRECTION('',(0.808433537977428,0.466749320773189,0.35858093400384));
#11640=DIRECTION('',(0.,1.,0.));
#11641=DIRECTION('',(-1.,0.,0.));
#11642=DIRECTION('',(0.976279400515074,0.,0.21651450789711));
#11643=DIRECTION('',(-0.202727909443578,-0.351135039268499,0.914114642115827));
#11644=DIRECTION('',(-0.457057321057914,-0.791646502043626,-0.405455818887156));
#11645=DIRECTION('',(-0.202727909443578,0.351135039268499,0.914114642115827));
#11646=DIRECTION('',(-0.457057321057913,0.791646502043627,-0.405455818887156));
#11647=DIRECTION('',(-0.808433537977428,0.46674932077319,-0.358580934003839));
#11648=DIRECTION('',(-0.457057321057913,0.791646502043627,-0.405455818887156));
#11649=DIRECTION('',(-0.866025403784439,-0.5,-3.1453223146822E-17));
#11650=DIRECTION('',(-0.5,0.866025403784439,1.81595268506991E-17));
#11651=DIRECTION('',(-0.488139700257537,0.845482762037497,0.216514507897109));
#11652=DIRECTION('',(-0.202727909443578,-0.351135039268499,0.914114642115827));
#11653=DIRECTION('',(-0.457057321057914,-0.791646502043626,-0.405455818887156));
#11654=DIRECTION('',(-0.405455818887156,0.,0.914114642115827));
#11655=DIRECTION('',(-0.914114642115827,0.,-0.405455818887156));
#11656=DIRECTION('',(0.288084171421041,0.,-0.957605090930835));
#11657=DIRECTION('',(0.957605090930835,0.,0.288084171421041));
#11658=DIRECTION('',(-0.494437736826316,0.856391281362549,-0.148745748202368));
#11659=DIRECTION('',(0.838049886300873,0.483848327450143,0.252117401412105));
#11660=DIRECTION('',(0.144042085710521,0.249488210878812,-0.957605090930835));
#11661=DIRECTION('',(0.478802545465418,0.82931033553941,0.288084171421041));
#11662=DIRECTION('',(0.478802545465418,0.82931033553941,0.288084171421041));
#11663=DIRECTION('',(0.14404208571052,-0.249488210878812,-0.957605090930835));
#11664=DIRECTION('',(0.478802545465417,-0.829310335539411,0.288084171421041));
#11665=DIRECTION('',(-0.494437736826317,-0.856391281362548,0.148745748202368));
#11666=DIRECTION('',(-0.988875473652632,0.,-0.148745748202368));
#11667=DIRECTION('',(0.288084171421041,0.,-0.957605090930835));
#11668=DIRECTION('',(0.957605090930835,0.,0.288084171421041));
#11669=DIRECTION('',(0.957605090930835,0.,0.288084171421041));
#11670=DIRECTION('',(-0.838049886300873,0.483848327450144,-0.252117401412105));
#11671=DIRECTION('',(0.14404208571052,-0.249488210878812,-0.957605090930835));
#11672=DIRECTION('',(0.478802545465417,-0.829310335539411,0.288084171421041));
#11673=DIRECTION('',(0.478802545465417,-0.829310335539411,0.288084171421041));
#11674=DIRECTION('',(0.866025403784438,-0.5,3.14532231468219E-17));
#11675=DIRECTION('',(-0.5,-0.866025403784438,1.8159526850699E-17));
#11676=DIRECTION('',(0.,1.,0.));
#11677=DIRECTION('',(-1.,0.,0.));
#11678=DIRECTION('',(-0.866025403784439,-0.5,-3.1453223146822E-17));
#11679=DIRECTION('',(-0.5,0.866025403784439,1.81595268506991E-17));
#11680=DIRECTION('',(0.,0.,1.));
#11681=DIRECTION('',(1.,0.,0.));
#11682=DIRECTION('',(-0.707106781186548,-0.707106781186548,0.));
#11683=DIRECTION('',(0.707106781186548,-0.707106781186548,0.));
#11684=DIRECTION('',(-0.707106781186548,0.707106781186548,0.));
#11685=DIRECTION('',(0.,0.,1.));
#11686=DIRECTION('',(0.,0.,-1.));
#11687=DIRECTION('',(-0.707106781186548,0.707106781186548,0.));
#11688=DIRECTION('',(0.,0.,-1.));
#11689=DIRECTION('',(-0.707106781186548,0.707106781186548,0.));
#11690=DIRECTION('',(0.,0.,-1.));
#11691=DIRECTION('',(-0.707106781186548,-0.707106781186548,0.));
#11692=DIRECTION('',(0.707106781186548,-0.707106781186548,0.));
#11693=DIRECTION('',(0.,0.,1.));
#11694=DIRECTION('',(-0.707106781186548,0.707106781186548,0.));
#11695=DIRECTION('',(0.,0.,-1.));
#11696=DIRECTION('',(-0.707106781186548,0.707106781186548,0.));
#11697=DIRECTION('',(0.,0.,-1.));
#11698=DIRECTION('',(-0.707106781186548,0.707106781186548,0.));
#11699=DIRECTION('',(0.,0.,1.));
#11700=DIRECTION('',(1.96291199544759E-16,-1.,0.));
#11701=DIRECTION('',(1.,1.96291199544759E-16,0.));
#11702=DIRECTION('',(0.,0.,1.));
#11703=DIRECTION('',(1.,1.96291199544759E-16,0.));
#11704=DIRECTION('',(-1.,0.,0.));
#11705=DIRECTION('',(0.,0.,1.));
#11706=DIRECTION('',(0.,-1.,0.));
#11707=DIRECTION('',(0.,0.,1.));
#11708=DIRECTION('',(1.,0.,0.));
#11709=DIRECTION('',(0.,0.,1.));
#11710=DIRECTION('',(1.,0.,0.));
#11711=DIRECTION('',(0.,0.,1.));
#11712=DIRECTION('',(1.,0.,0.));
#11713=DIRECTION('',(0.,0.,1.));
#11714=DIRECTION('',(1.,0.,0.));
#11715=DIRECTION('',(0.,0.,1.));
#11716=DIRECTION('',(1.,0.,0.));
#11717=DIRECTION('',(0.,0.,1.));
#11718=DIRECTION('',(-1.,0.,0.));
#11719=DIRECTION('',(0.,0.,1.));
#11720=DIRECTION('',(1.,0.,0.));
#11721=DIRECTION('',(0.,0.,1.));
#11722=DIRECTION('',(-1.,0.,0.));
#11723=DIRECTION('',(0.,0.,1.));
#11724=DIRECTION('',(1.,0.,0.));
#11725=DIRECTION('',(0.,0.,-1.));
#11726=DIRECTION('',(-1.,0.,0.));
#11727=DIRECTION('',(0.,0.,-1.));
#11728=DIRECTION('',(-1.,0.,0.));
#11729=DIRECTION('',(0.,0.,1.));
#11730=DIRECTION('',(1.,0.,0.));
#11731=DIRECTION('',(0.,0.,-1.));
#11732=DIRECTION('',(-1.,0.,0.));
#11733=DIRECTION('',(0.,0.,1.));
#11734=DIRECTION('',(1.,0.,0.));
#11735=DIRECTION('',(0.,0.,1.));
#11736=DIRECTION('',(-1.,0.,0.));
#11737=DIRECTION('',(0.,0.,1.));
#11738=DIRECTION('',(1.,0.,0.));
#11739=DIRECTION('',(0.,0.,1.));
#11740=DIRECTION('',(-1.,0.,0.));
#11741=DIRECTION('',(0.,0.,1.));
#11742=DIRECTION('',(1.,0.,0.));
#11743=DIRECTION('',(0.,0.,-1.));
#11744=DIRECTION('',(-1.,0.,0.));
#11745=DIRECTION('',(0.,0.,1.));
#11746=DIRECTION('',(1.,0.,0.));
#11747=DIRECTION('',(0.,0.,-1.));
#11748=DIRECTION('',(-1.,0.,0.));
#11749=DIRECTION('',(0.,0.,1.));
#11750=DIRECTION('',(1.,0.,0.));
#11751=DIRECTION('',(-0.707106781186548,-0.707106781186548,0.));
#11752=DIRECTION('',(0.998953181886568,0.045744293619,0.));
#11753=DIRECTION('',(0.847443336156902,-0.530885855908085,0.));
#11754=DIRECTION('',(0.,-1.,0.));
#11755=DIRECTION('',(0.707106781186548,0.707106781186548,0.));
#11756=DIRECTION('',(1.,0.,0.));
#11757=DIRECTION('',(0.530885855908085,-0.847443336156902,0.));
#11758=DIRECTION('',(-0.045744293619,-0.998953181886568,0.));
#11759=DIRECTION('',(0.,0.,1.));
#11760=DIRECTION('',(1.,0.,0.));
#11761=DIRECTION('',(-1.,-4.16333634234434E-16,0.));
#11762=DIRECTION('',(0.,-1.,0.));
#11763=DIRECTION('',(0.,0.,1.));
#11764=DIRECTION('',(1.,0.,0.));
#11765=DIRECTION('',(-1.,-4.16333634234434E-16,0.));
#11766=DIRECTION('',(-0.045744293619,-0.998953181886568,0.));
#11767=DIRECTION('',(0.530885855908085,-0.847443336156902,0.));
#11768=DIRECTION('',(1.,0.,0.));
#11769=DIRECTION('',(0.707106781186548,0.707106781186548,0.));
#11770=DIRECTION('',(0.,-1.,0.));
#11771=DIRECTION('',(0.847443336156902,-0.530885855908085,0.));
#11772=DIRECTION('',(0.998953181886568,0.045744293619,0.));
#11773=DIRECTION('',(0.,-1.,0.));
#11774=DIRECTION('',(0.,0.,1.));
#11775=DIRECTION('',(1.,0.,0.));
#11776=DIRECTION('',(0.707106781186548,-0.707106781186548,0.));
#11777=DIRECTION('',(0.707106781186546,0.707106781186549,0.));
#11778=DIRECTION('',(0.707106781186548,-0.707106781186548,0.));
#11779=DIRECTION('',(0.352937531011693,-0.935646888095809,0.));
#11780=DIRECTION('',(-0.201755748586913,-0.97943586717668,0.));
#11781=DIRECTION('',(0.97943586717668,0.201755748586913,0.));
#11782=DIRECTION('',(0.935646888095809,-0.352937531011693,0.));
#11783=DIRECTION('',(0.,0.,-1.));
#11784=DIRECTION('',(1.,0.,0.));
#11785=DIRECTION('',(0.,0.,-1.));
#11786=DIRECTION('',(-1.,0.,0.));
#11787=DIRECTION('',(0.,0.,-1.));
#11788=DIRECTION('',(-1.,0.,0.));
#11789=DIRECTION('',(0.,0.,-1.));
#11790=DIRECTION('',(-1.,0.,0.));
#11791=DIRECTION('',(0.,0.,-1.));
#11792=DIRECTION('',(-1.,0.,0.));
#11793=DIRECTION('',(0.,0.,-1.));
#11794=DIRECTION('',(-1.,0.,0.));
#11795=DIRECTION('',(0.,0.,-1.));
#11796=DIRECTION('',(-1.,0.,0.));
#11797=DIRECTION('',(0.,0.,-1.));
#11798=DIRECTION('',(-1.,0.,0.));
#11799=DIRECTION('',(0.,0.,-1.));
#11800=DIRECTION('',(-1.,0.,0.));
#11801=DIRECTION('',(0.,0.,-1.));
#11802=DIRECTION('',(-1.,0.,0.));
#11803=DIRECTION('',(0.,0.,-1.));
#11804=DIRECTION('',(-1.,0.,0.));
#11805=DIRECTION('',(0.,0.,-1.));
#11806=DIRECTION('',(-1.,0.,0.));
#11807=DIRECTION('',(0.,0.,-1.));
#11808=DIRECTION('',(-1.,0.,0.));
#11809=DIRECTION('',(0.,0.,-1.));
#11810=DIRECTION('',(-1.,0.,0.));
#11811=DIRECTION('',(0.,0.,-1.));
#11812=DIRECTION('',(-1.,0.,0.));
#11813=DIRECTION('',(0.,0.,-1.));
#11814=DIRECTION('',(-1.,0.,0.));
#11815=DIRECTION('',(0.,0.,-1.));
#11816=DIRECTION('',(-1.,0.,0.));
#11817=DIRECTION('',(0.,0.,-1.));
#11818=DIRECTION('',(-1.,0.,0.));
#11819=DIRECTION('',(0.,0.,-1.));
#11820=DIRECTION('',(-1.,0.,0.));
#11821=DIRECTION('',(0.,0.,-1.));
#11822=DIRECTION('',(-1.,0.,0.));
#11823=DIRECTION('',(1.,0.,0.));
#11824=DIRECTION('',(0.,0.,-1.));
#11825=DIRECTION('',(0.,0.,-1.));
#11826=DIRECTION('',(0.,0.,-1.));
#11827=DIRECTION('',(0.530885855908085,0.847443336156902,0.));
#11828=DIRECTION('',(-0.847443336156902,0.530885855908085,0.));
#11829=DIRECTION('',(0.,0.,-1.));
#11830=DIRECTION('',(-0.045744293619,0.998953181886568,0.));
#11831=DIRECTION('',(-0.998953181886568,-0.045744293619,0.));
#11832=DIRECTION('',(0.998953181886568,-0.045744293619,0.));
#11833=DIRECTION('',(0.045744293619,0.998953181886568,0.));
#11834=DIRECTION('',(0.,0.,-1.));
#11835=DIRECTION('',(0.847443336156902,0.530885855908085,0.));
#11836=DIRECTION('',(-0.530885855908085,0.847443336156902,0.));
#11837=DIRECTION('',(0.,0.,-1.));
#11838=DIRECTION('',(0.,1.,0.));
#11839=DIRECTION('',(0.,0.,1.));
#11840=DIRECTION('',(0.,0.,-1.));
#11841=DIRECTION('',(-0.707106781186548,0.707106781186548,0.));
#11842=DIRECTION('',(-0.707106781186548,-0.707106781186548,0.));
#11843=DIRECTION('',(0.,0.,-1.));
#11844=DIRECTION('',(-1.,0.,0.));
#11845=DIRECTION('',(0.,0.,-1.));
#11846=DIRECTION('',(-1.,0.,0.));
#11847=DIRECTION('',(0.,0.,-1.));
#11848=DIRECTION('',(0.,0.,-1.));
#11849=DIRECTION('',(0.,0.,-1.));
#11850=DIRECTION('',(-1.,0.,0.));
#11851=DIRECTION('',(0.,0.,-1.));
#11852=DIRECTION('',(0.,0.,-1.));
#11853=DIRECTION('',(0.,0.,-1.));
#11854=DIRECTION('',(-1.,0.,0.));
#11855=DIRECTION('',(0.,0.,-1.));
#11856=DIRECTION('',(0.,0.,-1.));
#11857=DIRECTION('',(0.,0.,-1.));
#11858=DIRECTION('',(-1.,0.,0.));
#11859=DIRECTION('',(0.,0.,-1.));
#11860=DIRECTION('',(0.,0.,-1.));
#11861=DIRECTION('',(0.,0.,-1.));
#11862=DIRECTION('',(-1.,0.,0.));
#11863=DIRECTION('',(0.,0.,-1.));
#11864=DIRECTION('',(0.,0.,-1.));
#11865=DIRECTION('',(0.,0.,-1.));
#11866=DIRECTION('',(-1.,0.,0.));
#11867=DIRECTION('',(0.,0.,-1.));
#11868=DIRECTION('',(0.,0.,-1.));
#11869=DIRECTION('',(0.,0.,-1.));
#11870=DIRECTION('',(-1.,0.,0.));
#11871=DIRECTION('',(0.,0.,-1.));
#11872=DIRECTION('',(0.,0.,-1.));
#11873=DIRECTION('',(0.,0.,-1.));
#11874=DIRECTION('',(-1.,0.,0.));
#11875=DIRECTION('',(0.,0.,-1.));
#11876=DIRECTION('',(0.,0.,-1.));
#11877=DIRECTION('',(0.,0.,-1.));
#11878=DIRECTION('',(-1.,0.,0.));
#11879=DIRECTION('',(0.,0.,-1.));
#11880=DIRECTION('',(-1.,0.,0.));
#11881=DIRECTION('',(0.,0.,-1.));
#11882=DIRECTION('',(-1.,0.,0.));
#11883=DIRECTION('',(0.,0.,-1.));
#11884=DIRECTION('',(-1.,0.,0.));
#11885=DIRECTION('',(0.,0.,-1.));
#11886=DIRECTION('',(-1.,0.,0.));
#11887=DIRECTION('',(0.,0.,-1.));
#11888=DIRECTION('',(-1.,0.,0.));
#11889=DIRECTION('',(0.,0.,-1.));
#11890=DIRECTION('',(-1.,0.,0.));
#11891=DIRECTION('',(0.,0.,-1.));
#11892=DIRECTION('',(-1.,0.,0.));
#11893=DIRECTION('',(0.707106781186549,-0.707106781186546,0.));
#11894=DIRECTION('',(0.707106781186546,0.707106781186549,0.));
#11895=DIRECTION('',(0.,0.,1.));
#11896=DIRECTION('',(0.707106781186546,0.707106781186549,0.));
#11897=DIRECTION('',(0.,0.,1.));
#11898=DIRECTION('',(-0.707106781186548,-0.707106781186548,0.));
#11899=DIRECTION('',(0.707106781186548,-0.707106781186548,0.));
#11900=DIRECTION('',(0.,0.,1.));
#11901=DIRECTION('',(0.707106781186548,-0.707106781186548,0.));
#11902=DIRECTION('',(-0.352937531011693,-0.935646888095808,0.));
#11903=DIRECTION('',(0.935646888095809,-0.352937531011693,0.));
#11904=DIRECTION('',(0.,0.,1.));
#11905=DIRECTION('',(0.935646888095809,-0.352937531011693,0.));
#11906=DIRECTION('',(0.201755748586913,-0.97943586717668,0.));
#11907=DIRECTION('',(0.97943586717668,0.201755748586913,0.));
#11908=DIRECTION('',(0.,0.,1.));
#11909=DIRECTION('',(0.97943586717668,0.201755748586913,0.));
#11910=DIRECTION('',(-0.97943586717668,0.201755748586913,0.));
#11911=DIRECTION('',(-0.201755748586913,-0.97943586717668,0.));
#11912=DIRECTION('',(0.,0.,1.));
#11913=DIRECTION('',(-0.201755748586913,-0.97943586717668,0.));
#11914=DIRECTION('',(-0.935646888095808,-0.352937531011693,0.));
#11915=DIRECTION('',(0.352937531011693,-0.935646888095809,0.));
#11916=DIRECTION('',(0.,0.,1.));
#11917=DIRECTION('',(0.352937531011693,-0.935646888095809,0.));
#11918=DIRECTION('',(-0.707106781186548,-0.707106781186548,0.));
#11919=DIRECTION('',(0.707106781186548,-0.707106781186548,0.));
#11920=DIRECTION('',(0.707106781186548,-0.707106781186548,0.));
#11921=DIRECTION('',(0.,0.,1.));
#11922=DIRECTION('',(1.,0.,0.));
#11923=DIRECTION('',(-4.16333634234434E-16,1.,0.));
#11924=DIRECTION('',(-1.,-4.16333634234434E-16,0.));
#11925=DIRECTION('',(0.,0.,1.));
#11926=DIRECTION('',(-1.,0.,0.));
#11927=DIRECTION('',(0.,0.,1.));
#11928=DIRECTION('',(0.707106781186548,-0.707106781186548,0.));
#11929=DIRECTION('',(0.707106781186548,0.707106781186548,0.));
#11930=DIRECTION('',(-0.707106781186548,-0.707106781186548,0.));
#11931=DIRECTION('',(0.,0.,1.));
#11932=DIRECTION('',(1.,0.,0.));
#11933=DIRECTION('',(0.,0.,1.));
#11934=DIRECTION('',(1.,0.,0.));
#11935=DIRECTION('',(0.,0.,-1.));
#11936=DIRECTION('',(-1.,0.,0.));
#11937=DIRECTION('',(0.,0.,1.));
#11938=DIRECTION('',(-1.,0.,0.));
#11939=DIRECTION('',(0.,0.,1.));
#11940=DIRECTION('',(1.,0.,0.));
#11941=DIRECTION('',(0.,0.,-1.));
#11942=DIRECTION('',(1.,0.,0.));
#11943=DIRECTION('',(-1.,0.,0.));
#11944=DIRECTION('',(0.,0.,1.));
#11945=DIRECTION('',(1.,0.,0.));
#11946=DIRECTION('',(1.,0.,0.));
#11947=DIRECTION('',(1.,0.,0.));
#11948=DIRECTION('',(0.,0.,-1.));
#11949=DIRECTION('',(1.,0.,0.));
#11950=DIRECTION('',(1.,0.,0.));
#11951=DIRECTION('',(0.,0.,1.));
#11952=DIRECTION('',(1.,0.,0.));
#11953=DIRECTION('',(0.,-1.,0.));
#11954=DIRECTION('',(0.,0.,-1.));
#11955=DIRECTION('',(1.,0.,0.));
#11956=DIRECTION('',(1.,0.,0.));
#11957=DIRECTION('',(0.,0.,1.));
#11958=DIRECTION('',(1.,0.,0.));
#11959=DIRECTION('',(0.,1.,0.));
#11960=DIRECTION('',(0.,0.,-1.));
#11961=DIRECTION('',(1.,0.,0.));
#11962=DIRECTION('',(0.,0.,1.));
#11963=DIRECTION('',(1.,0.,0.));
#11964=DIRECTION('',(0.,0.,-1.));
#11965=DIRECTION('',(1.,0.,0.));
#11966=DIRECTION('',(0.,0.,1.));
#11967=DIRECTION('',(1.,0.,0.));
#11968=DIRECTION('',(0.,0.,1.));
#11969=DIRECTION('',(1.,0.,0.));
#11970=DIRECTION('',(0.,0.,-1.));
#11971=DIRECTION('',(1.,0.,0.));
#11972=DIRECTION('',(0.,0.,1.));
#11973=DIRECTION('',(-1.,0.,0.));
#11974=DIRECTION('',(0.,0.,1.));
#11975=DIRECTION('',(1.,0.,0.));
#11976=DIRECTION('',(0.,0.,-1.));
#11977=DIRECTION('',(1.,0.,0.));
#11978=DIRECTION('',(0.,0.,1.));
#11979=DIRECTION('',(1.,0.,0.));
#11980=DIRECTION('',(0.,0.,-1.));
#11981=DIRECTION('',(-1.,0.,0.));
#11982=DIRECTION('',(0.,0.,-1.));
#11983=DIRECTION('',(1.,0.,0.));
#11984=DIRECTION('',(0.,0.,-1.));
#11985=DIRECTION('',(0.,0.,-1.));
#11986=DIRECTION('',(0.,0.,-1.));
#11987=DIRECTION('',(0.,-1.,0.));
#11988=DIRECTION('',(0.,0.,-1.));
#11989=DIRECTION('',(-1.,0.,0.));
#11990=DIRECTION('',(0.,0.,-1.));
#11991=DIRECTION('',(0.,0.,-1.));
#11992=DIRECTION('',(-1.,0.,0.));
#11993=DIRECTION('',(0.,0.,1.));
#11994=DIRECTION('',(1.,0.,0.));
#11995=DIRECTION('',(0.,0.,-1.));
#11996=DIRECTION('',(0.,1.,0.));
#11997=DIRECTION('',(0.,0.,1.));
#11998=DIRECTION('',(1.,0.,0.));
#11999=DIRECTION('',(0.,0.,-1.));
#12000=DIRECTION('',(0.,0.,-1.));
#12001=DIRECTION('',(0.,1.,0.));
#12002=DIRECTION('',(0.,0.,1.));
#12003=DIRECTION('',(1.,0.,0.));
#12004=DIRECTION('',(0.,0.,-1.));
#12005=DIRECTION('',(0.,0.,-1.));
#12006=DIRECTION('',(-1.,0.,0.));
#12007=DIRECTION('',(0.,0.,-1.));
#12008=DIRECTION('',(1.,0.,0.));
#12009=DIRECTION('',(0.,0.,-1.));
#12010=DIRECTION('',(0.,1.,0.));
#12011=DIRECTION('',(0.,0.,1.));
#12012=DIRECTION('',(1.,0.,0.));
#12013=DIRECTION('',(0.,0.,-1.));
#12014=DIRECTION('',(0.,0.,-1.));
#12015=DIRECTION('',(0.,0.,-1.));
#12016=DIRECTION('',(-1.,0.,0.));
#12017=DIRECTION('',(0.,0.,1.));
#12018=DIRECTION('',(1.,0.,0.));
#12019=DIRECTION('',(0.,0.,-1.));
#12020=DIRECTION('',(1.,0.,0.));
#12021=DIRECTION('',(0.,0.,-1.));
#12022=DIRECTION('',(0.,-1.,0.));
#12023=DIRECTION('',(0.,0.,-1.));
#12024=DIRECTION('',(0.,0.,-1.));
#12025=DIRECTION('',(-1.,0.,0.));
#12026=DIRECTION('',(0.,0.,-1.));
#12027=DIRECTION('',(1.,0.,0.));
#12028=DIRECTION('',(0.,0.,-1.));
#12029=DIRECTION('',(0.,1.,0.));
#12030=DIRECTION('',(0.,0.,1.));
#12031=DIRECTION('',(1.,0.,0.));
#12032=DIRECTION('',(0.,0.,-1.));
#12033=DIRECTION('',(0.,0.,-1.));
#12034=DIRECTION('',(-1.,0.,0.));
#12035=DIRECTION('',(0.,0.,1.));
#12036=DIRECTION('',(1.,0.,0.));
#12037=DIRECTION('',(0.,0.,-1.));
#12038=DIRECTION('',(0.,0.,-1.));
#12039=DIRECTION('',(-1.,0.,0.));
#12040=DIRECTION('',(0.,0.,1.));
#12041=DIRECTION('',(1.,0.,0.));
#12042=DIRECTION('',(0.,0.,1.));
#12043=DIRECTION('',(1.,0.,0.));
#12044=DIRECTION('',(0.,0.,-1.));
#12045=DIRECTION('',(-1.,0.,0.));
#12046=DIRECTION('',(0.,0.,-1.));
#12047=DIRECTION('',(1.,0.,0.));
#12048=DIRECTION('',(0.,0.,-1.));
#12049=DIRECTION('',(-1.,0.,0.));
#12050=DIRECTION('',(0.,0.,1.));
#12051=DIRECTION('',(1.,0.,0.));
#12052=DIRECTION('',(-1.,0.,0.));
#12053=DIRECTION('',(0.,0.,1.));
#12054=DIRECTION('',(0.,1.,0.));
#12055=DIRECTION('',(0.,0.,-1.));
#12056=DIRECTION('',(-1.,0.,0.));
#12057=DIRECTION('',(0.,0.,-1.));
#12058=DIRECTION('',(1.,0.,0.));
#12059=DIRECTION('',(0.,0.,1.));
#12060=DIRECTION('',(1.,0.,0.));
#12061=DIRECTION('',(0.,0.,-1.));
#12062=DIRECTION('',(-1.,0.,0.));
#12063=DIRECTION('',(0.,0.,1.));
#12064=DIRECTION('',(1.,0.,0.));
#12065=DIRECTION('',(0.,0.,-1.));
#12066=DIRECTION('',(-1.,0.,0.));
#12067=DIRECTION('',(0.,0.,1.));
#12068=DIRECTION('',(1.,0.,0.));
#12069=DIRECTION('',(0.,0.,-1.));
#12070=DIRECTION('',(-1.,0.,0.));
#12071=DIRECTION('',(0.,0.,1.));
#12072=DIRECTION('',(1.,0.,0.));
#12073=DIRECTION('',(0.,0.,-1.));
#12074=DIRECTION('',(1.,0.,0.));
#12075=DIRECTION('',(0.,0.,1.));
#12076=DIRECTION('',(-1.,0.,0.));
#12077=DIRECTION('',(0.,0.,-1.));
#12078=DIRECTION('',(1.,0.,0.));
#12079=DIRECTION('',(0.,0.,1.));
#12080=DIRECTION('',(-1.,0.,0.));
#12081=DIRECTION('',(0.,0.,-1.));
#12082=DIRECTION('',(1.,0.,0.));
#12083=DIRECTION('',(0.,0.,-1.));
#12084=DIRECTION('',(-1.,0.,0.));
#12085=DIRECTION('',(0.,0.,-1.));
#12086=DIRECTION('',(1.,0.,0.));
#12087=DIRECTION('',(0.,0.,-1.));
#12088=DIRECTION('',(-1.,0.,0.));
#12089=DIRECTION('',(0.,0.,-1.));
#12090=DIRECTION('',(-1.,0.,0.));
#12091=DIRECTION('',(0.,0.,-1.));
#12092=DIRECTION('',(1.,0.,0.));
#12093=DIRECTION('',(0.,0.,-1.));
#12094=DIRECTION('',(-1.,0.,0.));
#12095=DIRECTION('',(0.,0.,-1.));
#12096=DIRECTION('',(1.,0.,0.));
#12097=DIRECTION('',(0.,0.,1.));
#12098=DIRECTION('',(1.,0.,0.));
#12099=DIRECTION('',(0.,0.,1.));
#12100=DIRECTION('',(1.,0.,0.));
#12101=DIRECTION('',(-1.,-1.06581731559876E-16,0.));
#12102=DIRECTION('',(0.,0.,-1.));
#12103=DIRECTION('',(1.,0.,0.));
#12104=DIRECTION('',(1.04567145358673E-16,1.,0.));
#12105=DIRECTION('',(0.,0.,1.));
#12106=DIRECTION('',(1.,0.,0.));
#12107=DIRECTION('',(-1.,-2.13163463119753E-16,0.));
#12108=DIRECTION('',(0.,0.,-1.));
#12109=DIRECTION('',(1.,0.,0.));
#12110=DIRECTION('',(1.04567145358673E-16,1.,0.));
#12111=DIRECTION('',(0.,0.,1.));
#12112=DIRECTION('',(1.,0.,0.));
#12113=DIRECTION('',(0.,0.,-1.));
#12114=DIRECTION('',(1.,0.,0.));
#12115=DIRECTION('',(0.,0.,1.));
#12116=DIRECTION('',(1.,0.,0.));
#12117=DIRECTION('',(0.,0.,1.));
#12118=DIRECTION('',(1.,0.,0.));
#12119=DIRECTION('',(0.,0.,1.));
#12120=DIRECTION('',(1.,0.,0.));
#12121=DIRECTION('',(0.,0.,1.));
#12122=DIRECTION('',(1.,0.,0.));
#12123=DIRECTION('',(0.,0.,-1.));
#12124=DIRECTION('',(-1.,0.,0.));
#12125=DIRECTION('',(0.,0.,-1.));
#12126=DIRECTION('',(0.,0.,1.));
#12127=DIRECTION('',(1.,0.,0.));
#12128=DIRECTION('',(0.,0.,-1.));
#12129=DIRECTION('',(-1.,1.04567145358673E-16,0.));
#12130=DIRECTION('',(-1.04567145358673E-16,-1.,0.));
#12131=DIRECTION('',(0.,0.,-1.));
#12132=DIRECTION('',(1.04567145358673E-16,1.,0.));
#12133=DIRECTION('',(0.,0.,-1.));
#12134=DIRECTION('',(-1.,0.,0.));
#12135=DIRECTION('',(0.,0.,-1.));
#12136=DIRECTION('',(0.,0.,-1.));
#12137=DIRECTION('',(1.,0.,0.));
#12138=DIRECTION('',(2.13163463119753E-16,-1.,0.));
#12139=DIRECTION('',(1.,2.13163463119753E-16,0.));
#12140=DIRECTION('',(0.,0.,-1.));
#12141=DIRECTION('',(-1.,-2.13163463119753E-16,0.));
#12142=DIRECTION('',(0.,0.,-1.));
#12143=DIRECTION('',(-1.,0.,0.));
#12144=DIRECTION('',(0.,0.,-1.));
#12145=DIRECTION('',(0.,0.,1.));
#12146=DIRECTION('',(1.,0.,0.));
#12147=DIRECTION('',(-1.,1.04567145358673E-16,0.));
#12148=DIRECTION('',(-1.04567145358673E-16,-1.,0.));
#12149=DIRECTION('',(0.,0.,-1.));
#12150=DIRECTION('',(1.04567145358673E-16,1.,0.));
#12151=DIRECTION('',(0.,0.,-1.));
#12152=DIRECTION('',(-1.,0.,0.));
#12153=DIRECTION('',(0.,0.,-1.));
#12154=DIRECTION('',(0.,0.,-1.));
#12155=DIRECTION('',(1.,0.,0.));
#12156=DIRECTION('',(0.,0.,-1.));
#12157=DIRECTION('',(-1.,0.,0.));
#12158=DIRECTION('',(0.,0.,-1.));
#12159=DIRECTION('',(1.,0.,0.));
#12160=DIRECTION('',(0.,0.,-1.));
#12161=DIRECTION('',(-1.,0.,0.));
#12162=DIRECTION('',(0.,0.,1.));
#12163=DIRECTION('',(1.,0.,0.));
#12164=DIRECTION('',(0.,0.,-1.));
#12165=DIRECTION('',(-1.,0.,0.));
#12166=DIRECTION('',(0.,0.,-1.));
#12167=DIRECTION('',(1.,0.,0.));
#12168=DIRECTION('',(0.,0.,-1.));
#12169=DIRECTION('',(1.,0.,0.));
#12170=DIRECTION('',(1.06581731559876E-16,-1.,0.));
#12171=DIRECTION('',(1.,1.06581731559876E-16,0.));
#12172=DIRECTION('',(-1.,-1.06581731559876E-16,0.));
#12173=DIRECTION('',(0.,0.,-1.));
#12174=DIRECTION('',(-1.,0.,0.));
#12175=DIRECTION('',(0.,0.,1.));
#12176=DIRECTION('',(1.,0.,0.));
#12177=DIRECTION('',(0.,0.,1.));
#12178=DIRECTION('',(1.,0.,0.));
#12179=DIRECTION('',(0.,0.,1.));
#12180=DIRECTION('',(1.,0.,0.));
#12181=DIRECTION('',(0.,0.,1.));
#12182=DIRECTION('',(1.,0.,0.));
#12183=DIRECTION('',(0.,-1.,0.));
#12184=DIRECTION('',(0.,0.,-1.));
#12185=DIRECTION('',(0.,-1.,0.));
#12186=DIRECTION('',(0.,0.,-1.));
#12187=DIRECTION('',(1.,0.,0.));
#12188=DIRECTION('',(0.,0.,1.));
#12189=DIRECTION('',(1.,0.,0.));
#12190=DIRECTION('',(0.,0.,1.));
#12191=DIRECTION('',(1.,-5.10212787052002E-17,0.));
#12192=DIRECTION('',(5.10212787052002E-17,1.,0.));
#12193=DIRECTION('',(5.10212787052002E-17,1.,0.));
#12194=DIRECTION('',(0.,0.,1.));
#12195=DIRECTION('',(5.10212787052002E-17,1.,0.));
#12196=DIRECTION('',(0.,-1.,0.));
#12197=DIRECTION('',(0.,0.,-1.));
#12198=DIRECTION('',(1.,0.,0.));
#12199=DIRECTION('',(0.,0.,1.));
#12200=DIRECTION('',(1.,0.,0.));
#12201=DIRECTION('',(1.,0.,0.));
#12202=DIRECTION('',(0.,0.,-1.));
#12203=DIRECTION('',(0.,1.,0.));
#12204=DIRECTION('',(0.,1.,0.));
#12205=DIRECTION('',(0.,0.,-1.));
#12206=DIRECTION('',(1.,0.,0.));
#12207=DIRECTION('',(0.,0.,-1.));
#12208=DIRECTION('',(1.,0.,0.));
#12209=DIRECTION('',(0.,1.,0.));
#12210=DIRECTION('',(0.,0.,1.));
#12211=DIRECTION('',(0.,1.,0.));
#12212=DIRECTION('',(0.,0.,1.));
#12213=DIRECTION('',(0.,1.,0.));
#12214=DIRECTION('',(0.,0.,1.));
#12215=DIRECTION('',(1.,0.,0.));
#12216=DIRECTION('',(0.,0.,-1.));
#12217=DIRECTION('',(1.,0.,0.));
#12218=DIRECTION('',(0.,0.,-1.));
#12219=DIRECTION('',(1.,0.,0.));
#12220=DIRECTION('',(0.,0.,-1.));
#12221=DIRECTION('',(0.,-1.,0.));
#12222=DIRECTION('',(0.,0.,-1.));
#12223=DIRECTION('',(0.,-1.,0.));
#12224=DIRECTION('',(0.,1.,0.));
#12225=DIRECTION('',(0.,0.,1.));
#12226=DIRECTION('',(1.,0.,0.));
#12227=DIRECTION('',(0.,0.,-1.));
#12228=DIRECTION('',(1.,0.,0.));
#12229=DIRECTION('',(1.,0.,0.));
#12230=DIRECTION('',(0.,0.,-1.));
#12231=DIRECTION('',(0.,-1.,0.));
#12232=DIRECTION('',(0.,-1.,0.));
#12233=DIRECTION('',(0.,0.,1.));
#12234=DIRECTION('',(1.,0.,0.));
#12235=DIRECTION('',(0.,0.,1.));
#12236=DIRECTION('',(1.,0.,0.));
#12237=DIRECTION('',(0.,0.,1.));
#12238=DIRECTION('',(1.,0.,0.));
#12239=DIRECTION('',(0.,0.,1.));
#12240=DIRECTION('',(1.,0.,0.));
#12241=DIRECTION('',(0.,0.,1.));
#12242=DIRECTION('',(1.,0.,0.));
#12243=DIRECTION('',(0.,0.,-1.));
#12244=DIRECTION('',(1.,0.,0.));
#12245=DIRECTION('',(0.,0.,1.));
#12246=DIRECTION('',(1.,0.,0.));
#12247=DIRECTION('',(-0.342020143325668,0.939692620785909,0.));
#12248=DIRECTION('',(1.,0.,0.));
#12249=DIRECTION('',(0.,-1.,0.));
#12250=DIRECTION('',(-0.939692620785908,0.342020143325669,0.));
#12251=DIRECTION('',(4.05172332295156E-16,1.,0.));
#12252=DIRECTION('',(-0.939692620785909,-0.342020143325668,0.));
#12253=DIRECTION('',(0.,-1.,0.));
#12254=DIRECTION('',(1.,0.,0.));
#12255=DIRECTION('',(-0.342020143325668,-0.939692620785909,0.));
#12256=DIRECTION('',(1.,0.,0.));
#12257=DIRECTION('',(0.342020143325668,-0.939692620785909,0.));
#12258=DIRECTION('',(1.,0.,0.));
#12259=DIRECTION('',(0.,-1.,0.));
#12260=DIRECTION('',(0.939692620785909,-0.342020143325668,0.));
#12261=DIRECTION('',(-4.05172332295156E-16,1.,0.));
#12262=DIRECTION('',(0.939692620785908,0.342020143325669,0.));
#12263=DIRECTION('',(0.,-1.,0.));
#12264=DIRECTION('',(1.,0.,0.));
#12265=DIRECTION('',(0.342020143325668,0.939692620785909,0.));
#12266=DIRECTION('',(1.,0.,0.));
#12267=DIRECTION('',(0.,0.,-1.));
#12268=DIRECTION('',(1.,0.,0.));
#12269=DIRECTION('',(0.,0.,-1.));
#12270=DIRECTION('',(1.,0.,0.));
#12271=DIRECTION('',(0.,0.,-1.));
#12272=DIRECTION('',(1.,0.,0.));
#12273=DIRECTION('',(0.,0.,-1.));
#12274=DIRECTION('',(1.,0.,0.));
#12275=DIRECTION('',(0.,0.,1.));
#12276=DIRECTION('',(1.,0.,0.));
#12277=DIRECTION('',(0.,0.,1.));
#12278=DIRECTION('',(1.,0.,0.));
#12279=DIRECTION('',(0.,0.,1.));
#12280=DIRECTION('',(1.,0.,0.));
#12281=DIRECTION('',(0.,0.,1.));
#12282=DIRECTION('',(1.,0.,0.));
#12283=DIRECTION('',(0.,0.,1.));
#12284=DIRECTION('',(1.,0.,0.));
#12285=DIRECTION('',(0.,0.,-1.));
#12286=DIRECTION('',(1.,0.,0.));
#12287=DIRECTION('',(0.,0.,1.));
#12288=DIRECTION('',(1.,0.,0.));
#12289=DIRECTION('',(0.,0.,1.));
#12290=DIRECTION('',(1.,0.,0.));
#12291=DIRECTION('',(0.,0.,1.));
#12292=DIRECTION('',(1.,0.,0.));
#12293=DIRECTION('',(0.,0.,1.));
#12294=DIRECTION('',(1.,0.,0.));
#12295=DIRECTION('',(-0.342020143325668,0.939692620785909,0.));
#12296=DIRECTION('',(1.,0.,0.));
#12297=DIRECTION('',(0.342020143325668,0.939692620785909,0.));
#12298=DIRECTION('',(1.,0.,0.));
#12299=DIRECTION('',(0.,-1.,0.));
#12300=DIRECTION('',(0.939692620785908,0.342020143325669,0.));
#12301=DIRECTION('',(-4.05172332295156E-16,1.,0.));
#12302=DIRECTION('',(0.939692620785909,-0.342020143325668,0.));
#12303=DIRECTION('',(0.,-1.,0.));
#12304=DIRECTION('',(1.,0.,0.));
#12305=DIRECTION('',(0.342020143325668,-0.939692620785909,0.));
#12306=DIRECTION('',(1.,0.,0.));
#12307=DIRECTION('',(-0.342020143325668,-0.939692620785909,0.));
#12308=DIRECTION('',(1.,0.,0.));
#12309=DIRECTION('',(0.,-1.,0.));
#12310=DIRECTION('',(-0.939692620785909,-0.342020143325668,0.));
#12311=DIRECTION('',(4.05172332295156E-16,1.,0.));
#12312=DIRECTION('',(-0.939692620785908,0.342020143325669,0.));
#12313=DIRECTION('',(0.,-1.,0.));
#12314=DIRECTION('',(1.,0.,0.));
#12315=DIRECTION('',(0.,0.,-1.));
#12316=DIRECTION('',(1.,0.,0.));
#12317=DIRECTION('',(0.,0.,-1.));
#12318=DIRECTION('',(1.,0.,0.));
#12319=DIRECTION('',(0.,0.,-1.));
#12320=DIRECTION('',(1.,0.,0.));
#12321=DIRECTION('',(0.,0.,-1.));
#12322=DIRECTION('',(1.,0.,0.));
#12323=DIRECTION('',(0.,0.,1.));
#12324=DIRECTION('',(1.,0.,0.));
#12325=DIRECTION('',(0.,0.,1.));
#12326=DIRECTION('',(1.,0.,0.));
#12327=DIRECTION('',(0.,0.,1.));
#12328=DIRECTION('',(1.,0.,0.));
#12329=DIRECTION('',(0.,0.,1.));
#12330=DIRECTION('',(1.,0.,0.));
#12331=DIRECTION('',(0.,0.,1.));
#12332=DIRECTION('',(1.,0.,0.));
#12333=DIRECTION('',(0.,0.,1.));
#12334=DIRECTION('',(1.,0.,0.));
#12335=DIRECTION('',(-0.939692620785909,-0.342020143325668,0.));
#12336=DIRECTION('',(0.342020143325668,-0.939692620785909,0.));
#12337=DIRECTION('',(0.,0.,-1.));
#12338=DIRECTION('',(0.,0.,-1.));
#12339=DIRECTION('',(0.,1.,0.));
#12340=DIRECTION('',(0.,0.,1.));
#12341=DIRECTION('',(0.,0.,-1.));
#12342=DIRECTION('',(1.,0.,0.));
#12343=DIRECTION('',(0.,0.,-1.));
#12344=DIRECTION('',(0.,0.,-1.));
#12345=DIRECTION('',(-0.342020143325669,-0.939692620785908,0.));
#12346=DIRECTION('',(0.939692620785908,-0.342020143325669,0.));
#12347=DIRECTION('',(0.,0.,-1.));
#12348=DIRECTION('',(-1.,4.05172332295156E-16,0.));
#12349=DIRECTION('',(-4.05172332295156E-16,-1.,0.));
#12350=DIRECTION('',(0.,0.,-1.));
#12351=DIRECTION('',(0.342020143325668,-0.939692620785909,0.));
#12352=DIRECTION('',(0.939692620785909,0.342020143325668,0.));
#12353=DIRECTION('',(0.,0.,-1.));
#12354=DIRECTION('',(1.,0.,0.));
#12355=DIRECTION('',(0.,0.,-1.));
#12356=DIRECTION('',(0.,0.,-1.));
#12357=DIRECTION('',(0.,1.,0.));
#12358=DIRECTION('',(0.,0.,1.));
#12359=DIRECTION('',(0.,0.,-1.));
#12360=DIRECTION('',(0.939692620785909,-0.342020143325668,0.));
#12361=DIRECTION('',(0.342020143325668,0.939692620785909,0.));
#12362=DIRECTION('',(0.,0.,-1.));
#12363=DIRECTION('',(0.,1.,0.));
#12364=DIRECTION('',(0.,0.,1.));
#12365=DIRECTION('',(0.,0.,-1.));
#12366=DIRECTION('',(0.939692620785909,0.342020143325668,0.));
#12367=DIRECTION('',(-0.342020143325668,0.939692620785909,0.));
#12368=DIRECTION('',(0.,0.,-1.));
#12369=DIRECTION('',(0.,1.,0.));
#12370=DIRECTION('',(0.,0.,1.));
#12371=DIRECTION('',(0.,0.,-1.));
#12372=DIRECTION('',(1.,0.,0.));
#12373=DIRECTION('',(0.,0.,-1.));
#12374=DIRECTION('',(0.,0.,-1.));
#12375=DIRECTION('',(0.342020143325668,0.939692620785909,0.));
#12376=DIRECTION('',(-0.939692620785909,0.342020143325668,0.));
#12377=DIRECTION('',(0.,0.,-1.));
#12378=DIRECTION('',(-1.,-4.05172332295156E-16,0.));
#12379=DIRECTION('',(4.05172332295156E-16,-1.,0.));
#12380=DIRECTION('',(0.,0.,-1.));
#12381=DIRECTION('',(-0.342020143325669,0.939692620785908,0.));
#12382=DIRECTION('',(-0.939692620785908,-0.342020143325669,0.));
#12383=DIRECTION('',(0.,0.,-1.));
#12384=DIRECTION('',(1.,0.,0.));
#12385=DIRECTION('',(0.,0.,-1.));
#12386=DIRECTION('',(0.,0.,-1.));
#12387=DIRECTION('',(0.,1.,0.));
#12388=DIRECTION('',(0.,0.,1.));
#12389=DIRECTION('',(0.,0.,-1.));
#12390=DIRECTION('',(-0.939692620785909,0.342020143325668,0.));
#12391=DIRECTION('',(-0.342020143325668,-0.939692620785909,0.));
#12392=DIRECTION('',(0.,0.,-1.));
#12393=DIRECTION('',(0.,0.,-1.));
#12394=DIRECTION('',(-1.,0.,0.));
#12395=DIRECTION('',(0.,0.,-1.));
#12396=DIRECTION('',(-1.,0.,0.));
#12397=DIRECTION('',(0.,0.,-1.));
#12398=DIRECTION('',(-1.,0.,0.));
#12399=DIRECTION('',(0.,0.,-1.));
#12400=DIRECTION('',(-1.,0.,0.));
#12401=DIRECTION('',(0.,0.,-1.));
#12402=DIRECTION('',(-1.,0.,0.));
#12403=DIRECTION('',(0.,0.,-1.));
#12404=DIRECTION('',(-1.,0.,0.));
#12405=DIRECTION('',(0.,0.,-1.));
#12406=DIRECTION('',(-1.,0.,0.));
#12407=DIRECTION('',(0.,1.,0.));
#12408=DIRECTION('',(0.,0.,1.));
#12409=DIRECTION('',(0.,0.,-1.));
#12410=DIRECTION('',(-1.,0.,0.));
#12411=DIRECTION('',(0.,0.,1.));
#12412=DIRECTION('',(1.,0.,0.));
#12413=DIRECTION('',(0.,0.,1.));
#12414=DIRECTION('',(1.,0.,0.));
#12415=DIRECTION('',(0.,0.,1.));
#12416=DIRECTION('',(1.,0.,0.));
#12417=DIRECTION('',(0.,0.,1.));
#12418=DIRECTION('',(1.,0.,0.));
#12419=DIRECTION('',(0.,0.,1.));
#12420=DIRECTION('',(1.,0.,0.));
#12421=DIRECTION('',(0.,0.,1.));
#12422=DIRECTION('',(1.,0.,0.));
#12423=DIRECTION('',(0.,0.,-1.));
#12424=DIRECTION('',(1.,0.,0.));
#12425=DIRECTION('',(-0.144042085710521,0.249488210878812,0.957605090930835));
#12426=DIRECTION('',(-0.478802545465419,0.82931033553941,-0.288084171421041));
#12427=DIRECTION('',(0.,0.,-1.));
#12428=DIRECTION('',(-0.14404208571052,-0.249488210878812,0.957605090930835));
#12429=DIRECTION('',(-0.478802545465417,-0.829310335539411,-0.288084171421041));
#12430=DIRECTION('',(0.,0.,-1.));
#12431=DIRECTION('',(-0.288084171421041,0.,0.957605090930835));
#12432=DIRECTION('',(-0.957605090930835,0.,-0.288084171421041));
#12433=DIRECTION('',(-0.14404208571052,-0.249488210878812,0.957605090930835));
#12434=DIRECTION('',(-0.478802545465417,-0.829310335539411,-0.288084171421041));
#12435=DIRECTION('',(0.,0.,-1.));
#12436=DIRECTION('',(-0.288084171421041,0.,0.957605090930835));
#12437=DIRECTION('',(-0.957605090930835,0.,-0.288084171421041));
#12438=DIRECTION('',(0.,0.,-1.));
#12439=DIRECTION('',(-1.,0.,0.));
#12440=DIRECTION('',(0.,0.,-1.));
#12441=DIRECTION('',(1.,0.,0.));
#12442=DIRECTION('',(0.,0.,-1.));
#12443=DIRECTION('',(-1.,0.,0.));
#12444=DIRECTION('',(0.,0.,-1.));
#12445=DIRECTION('',(-1.,0.,0.));
#12446=DIRECTION('',(0.,0.,-1.));
#12447=DIRECTION('',(-0.14404208571052,-0.249488210878812,0.957605090930835));
#12448=DIRECTION('',(-0.478802545465417,-0.829310335539411,-0.288084171421041));
#12449=DIRECTION('',(-0.499965150136696,-0.86596504205056,0.0118065488252958));
#12450=DIRECTION('',(-0.0059032744126479,-0.0102247712137275,-0.999930300273392));
#12451=DIRECTION('',(0.202727909443578,0.351135039268499,-0.914114642115827));
#12452=DIRECTION('',(-0.457057321057913,-0.791646502043627,-0.405455818887156));
#12453=DIRECTION('',(0.405455818887156,0.,-0.914114642115827));
#12454=DIRECTION('',(-0.914114642115827,0.,-0.405455818887156));
#12455=DIRECTION('',(-0.499965150136697,0.865965042050559,0.0118065488252958));
#12456=DIRECTION('',(-0.00590327441264792,0.0102247712137275,-0.999930300273392));
#12457=DIRECTION('',(0.202727909443578,-0.351135039268499,-0.914114642115827));
#12458=DIRECTION('',(-0.457057321057915,0.791646502043626,-0.405455818887156));
#12459=DIRECTION('',(0.405455818887156,0.,-0.914114642115827));
#12460=DIRECTION('',(-0.914114642115827,0.,-0.405455818887156));
#12461=DIRECTION('',(-0.999930300273392,0.,0.0118065488252958));
#12462=DIRECTION('',(-0.0118065488252958,0.,-0.999930300273392));
#12463=DIRECTION('',(0.202727909443578,-0.351135039268499,-0.914114642115827));
#12464=DIRECTION('',(-0.457057321057915,0.791646502043626,-0.405455818887156));
#12465=DIRECTION('',(0.,0.,-1.));
#12466=DIRECTION('',(-0.144042085710521,0.249488210878812,0.957605090930835));
#12467=DIRECTION('',(-0.478802545465419,0.82931033553941,-0.288084171421041));
#12468=DIRECTION('',(-0.288084171421041,0.,0.957605090930835));
#12469=DIRECTION('',(-0.957605090930835,0.,-0.288084171421041));
#12470=DIRECTION('',(0.,0.,-1.));
#12471=DIRECTION('',(-0.14404208571052,-0.249488210878812,0.957605090930835));
#12472=DIRECTION('',(-0.478802545465417,-0.829310335539411,-0.288084171421041));
#12473=DIRECTION('',(-0.288084171421041,0.,0.957605090930835));
#12474=DIRECTION('',(-0.957605090930835,0.,-0.288084171421041));
#12475=DIRECTION('',(0.,0.,-1.));
#12476=DIRECTION('',(1.,0.,0.));
#12477=DIRECTION('',(0.202727909443578,0.351135039268499,-0.914114642115827));
#12478=DIRECTION('',(-0.457057321057913,-0.791646502043627,-0.405455818887156));
#12479=DIRECTION('',(0.,0.,-1.));
#12480=DIRECTION('',(0.202727909443578,-0.351135039268499,-0.914114642115827));
#12481=DIRECTION('',(-0.457057321057915,0.791646502043626,-0.405455818887156));
#12482=DIRECTION('',(0.,0.,-1.));
#12483=DIRECTION('',(0.405455818887156,0.,-0.914114642115827));
#12484=DIRECTION('',(-0.914114642115827,0.,-0.405455818887156));
#12485=DIRECTION('',(0.202727909443578,-0.351135039268499,-0.914114642115827));
#12486=DIRECTION('',(-0.457057321057915,0.791646502043626,-0.405455818887156));
#12487=DIRECTION('',(0.,0.,-1.));
#12488=DIRECTION('',(0.405455818887156,0.,-0.914114642115827));
#12489=DIRECTION('',(-0.914114642115827,0.,-0.405455818887156));
#12490=DIRECTION('',(0.,0.,-1.));
#12491=DIRECTION('',(-1.,0.,0.));
#12492=DIRECTION('',(0.,0.,1.));
#12493=DIRECTION('',(-1.,0.,0.));
#12494=DIRECTION('',(0.,0.,1.));
#12495=DIRECTION('',(-1.,0.,0.));
#12496=DIRECTION('',(-0.405455818887156,0.,0.914114642115827));
#12497=DIRECTION('',(-0.914114642115827,0.,-0.405455818887156));
#12498=DIRECTION('',(0.808433537977428,-0.466749320773189,0.35858093400384));
#12499=DIRECTION('',(0.,1.,0.));
#12500=DIRECTION('',(0.999930300273392,0.,-0.0118065488252958));
#12501=DIRECTION('',(0.0118065488252958,0.,0.999930300273392));
#12502=DIRECTION('',(-0.00424354192026077,0.933174853210107,-0.359397670677295));
#12503=DIRECTION('',(-0.202727909443578,0.351135039268499,0.914114642115827));
#12504=DIRECTION('',(-0.457057321057914,0.791646502043626,-0.405455818887156));
#12505=DIRECTION('',(-0.866025403784438,-0.5,-3.14532231468219E-17));
#12506=DIRECTION('',(0.499965150136697,-0.865965042050559,-0.0118065488252958));
#12507=DIRECTION('',(0.00590327441264789,-0.0102247712137275,0.999930300273392));
#12508=DIRECTION('',(-0.810274900012897,-0.462912411500085,-0.359397670677295));
#12509=DIRECTION('',(0.14404208571052,0.249488210878812,-0.957605090930835));
#12510=DIRECTION('',(0.478802545465417,0.829310335539411,0.288084171421041));
#12511=DIRECTION('',(0.478802545465417,0.829310335539411,0.288084171421041));
#12512=DIRECTION('',(0.866025403784439,-0.5,3.1453223146822E-17));
#12513=DIRECTION('',(-0.838049886300873,-0.483848327450144,-0.252117401412105));
#12514=DIRECTION('',(-0.5,-0.866025403784439,1.81595268506991E-17));
#12515=DIRECTION('',(1.81595268506991E-17,-3.1453223146822E-17,-1.));
#12516=DIRECTION('',(1.81595268506991E-17,-3.1453223146822E-17,-1.));
#12517=DIRECTION('',(0.838049886300873,-0.483848327450144,0.252117401412105));
#12518=DIRECTION('',(0.288084171421041,0.,-0.957605090930835));
#12519=DIRECTION('',(0.957605090930835,0.,0.288084171421041));
#12520=DIRECTION('',(0.,1.,0.));
#12521=DIRECTION('',(0.957605090930835,0.,0.288084171421041));
#12522=DIRECTION('',(-1.,0.,0.));
#12523=DIRECTION('',(0.,0.,-1.));
#12524=DIRECTION('',(0.,0.967696654900288,0.252117401412105));
#12525=DIRECTION('',(0.,0.,-1.));
#12526=DIRECTION('',(-0.202727909443578,-0.351135039268499,0.914114642115827));
#12527=DIRECTION('',(-0.457057321057913,-0.791646502043627,-0.405455818887156));
#12528=DIRECTION('',(0.866025403784439,-0.5,3.1453223146822E-17));
#12529=DIRECTION('',(0.457057321057913,0.791646502043627,0.405455818887156));
#12530=DIRECTION('',(0.866025403784439,-0.5,3.1453223146822E-17));
#12531=DIRECTION('',(-0.808433537977428,-0.46674932077319,-0.358580934003839));
#12532=DIRECTION('',(0.499965150136696,0.86596504205056,-0.0118065488252958));
#12533=DIRECTION('',(0.00590327441264787,0.0102247712137275,0.999930300273392));
#12534=DIRECTION('',(0.866025403784439,-0.5,3.1453223146822E-17));
#12535=DIRECTION('',(0.14404208571052,0.249488210878812,-0.957605090930835));
#12536=DIRECTION('',(0.478802545465417,0.829310335539411,0.288084171421041));
#12537=DIRECTION('',(-0.988875473652632,0.,-0.148745748202368));
#12538=DIRECTION('',(0.866025403784439,-0.5,3.1453223146822E-17));
#12539=DIRECTION('',(-0.478802545465417,-0.829310335539411,-0.288084171421041));
#12540=DIRECTION('',(-0.5,-0.866025403784439,1.81595268506991E-17));
#12541=DIRECTION('',(1.81595268506991E-17,-3.1453223146822E-17,-1.));
#12542=DIRECTION('',(-1.81595268506991E-17,3.1453223146822E-17,1.));
#12543=DIRECTION('',(0.,-2.09688154312146E-17,-1.));
#12544=DIRECTION('',(-0.202727909443578,-0.351135039268499,0.914114642115827));
#12545=DIRECTION('',(-0.202727909443578,-0.351135039268499,0.914114642115827));
#12546=DIRECTION('',(0.866025403784439,-0.5,3.1453223146822E-17));
#12547=DIRECTION('',(-1.81595268506991E-17,3.1453223146822E-17,1.));
#12548=DIRECTION('',(-0.202727909443578,0.351135039268499,0.914114642115827));
#12549=DIRECTION('',(-0.457057321057914,0.791646502043626,-0.405455818887156));
#12550=DIRECTION('',(-0.866025403784438,-0.5,-3.14532231468219E-17));
#12551=DIRECTION('',(0.457057321057914,-0.791646502043626,0.405455818887156));
#12552=DIRECTION('',(-0.866025403784438,-0.5,-3.14532231468219E-17));
#12553=DIRECTION('',(-0.457057321057914,0.791646502043626,-0.405455818887156));
#12554=DIRECTION('',(0.499965150136697,-0.865965042050559,-0.0118065488252958));
#12555=DIRECTION('',(0.00590327441264789,-0.0102247712137275,0.999930300273392));
#12556=DIRECTION('',(-0.866025403784438,-0.5,-3.14532231468219E-17));
#12557=DIRECTION('',(0.0118062745400053,-0.00681635578379868,0.99990707026969));
#12558=DIRECTION('',(0.144042085710521,-0.249488210878812,-0.957605090930835));
#12559=DIRECTION('',(0.478802545465418,-0.82931033553941,0.288084171421041));
#12560=DIRECTION('',(0.478802545465418,-0.82931033553941,0.288084171421041));
#12561=DIRECTION('',(-0.866025403784438,-0.5,-3.14532231468219E-17));
#12562=DIRECTION('',(-0.478802545465418,0.82931033553941,-0.288084171421041));
#12563=DIRECTION('',(0.838049886300873,-0.483848327450143,0.252117401412105));
#12564=DIRECTION('',(-0.5,0.866025403784438,1.8159526850699E-17));
#12565=DIRECTION('',(1.8159526850699E-17,3.14532231468219E-17,-1.));
#12566=DIRECTION('',(-1.8159526850699E-17,-3.14532231468219E-17,1.));
#12567=DIRECTION('',(1.8159526850699E-17,3.14532231468219E-17,-1.));
#12568=DIRECTION('',(-0.202727909443578,0.351135039268499,0.914114642115827));
#12569=DIRECTION('',(-0.202727909443578,0.351135039268499,0.914114642115827));
#12570=DIRECTION('',(-0.866025403784438,-0.5,-3.14532231468219E-17));
#12571=DIRECTION('',(-1.8159526850699E-17,-3.14532231468219E-17,1.));
#12572=DIRECTION('',(0.,1.,0.));
#12573=DIRECTION('',(0.,0.,1.));
#12574=DIRECTION('',(-0.957605090930835,0.,-0.288084171421041));
#12575=DIRECTION('',(-0.405455818887156,0.,0.914114642115827));
#12576=DIRECTION('',(0.914114642115827,0.,0.405455818887156));
#12577=DIRECTION('',(0.,0.,1.));
#12578=DIRECTION('',(-0.405455818887156,0.,0.914114642115827));
#12579=DIRECTION('',(-1.,0.,0.));
#12580=DIRECTION('',(0.,0.,-1.));
#12581=DIRECTION('',(0.,1.,0.));
#12582=DIRECTION('',(0.,1.,0.));
#12583=DIRECTION('',(0.999930300273392,0.,-0.0118065488252958));
#12584=DIRECTION('',(0.0118065488252958,0.,0.999930300273392));
#12585=DIRECTION('',(0.,1.,0.));
#12586=DIRECTION('',(0.,1.,0.));
#12587=DIRECTION('',(0.288084171421041,0.,-0.957605090930835));
#12588=DIRECTION('',(0.957605090930835,0.,0.288084171421041));
#12589=DIRECTION('',(-0.494437736826316,-0.856391281362549,-0.148745748202368));
#12590=DIRECTION('',(-0.405455818887156,0.,0.914114642115827));
#12591=DIRECTION('',(-0.914114642115827,0.,-0.405455818887156));
#12592=DIRECTION('',(-0.866025403784439,0.5,-3.1453223146822E-17));
#12593=DIRECTION('',(-0.5,-0.866025403784439,1.81595268506991E-17));
#12594=DIRECTION('',(0.,-1.,0.));
#12595=DIRECTION('',(-1.,0.,0.));
#12596=DIRECTION('',(0.866025403784438,0.5,3.14532231468219E-17));
#12597=DIRECTION('',(-0.5,0.866025403784438,1.8159526850699E-17));
#12598=DIRECTION('',(0.866025403784438,0.5,3.14532231468219E-17));
#12599=DIRECTION('',(-0.5,0.866025403784438,1.8159526850699E-17));
#12600=DIRECTION('',(-0.457057321057914,0.791646502043626,-0.405455818887156));
#12601=DIRECTION('',(0.488139700257538,-0.845482762037496,0.21651450789711));
#12602=DIRECTION('',(-0.405455818887156,0.,0.914114642115827));
#12603=DIRECTION('',(-0.914114642115827,0.,-0.405455818887156));
#12604=DIRECTION('',(-0.914114642115827,0.,-0.405455818887156));
#12605=DIRECTION('',(0.808433537977428,-0.466749320773189,0.35858093400384));
#12606=DIRECTION('',(0.,-1.,0.));
#12607=DIRECTION('',(-1.,0.,0.));
#12608=DIRECTION('',(0.976279400515074,0.,0.21651450789711));
#12609=DIRECTION('',(-0.202727909443578,0.351135039268499,0.914114642115827));
#12610=DIRECTION('',(-0.457057321057914,0.791646502043626,-0.405455818887156));
#12611=DIRECTION('',(-0.202727909443578,-0.351135039268499,0.914114642115827));
#12612=DIRECTION('',(-0.457057321057913,-0.791646502043627,-0.405455818887156));
#12613=DIRECTION('',(-0.808433537977428,-0.46674932077319,-0.358580934003839));
#12614=DIRECTION('',(-0.457057321057913,-0.791646502043627,-0.405455818887156));
#12615=DIRECTION('',(-0.866025403784439,0.5,-3.1453223146822E-17));
#12616=DIRECTION('',(-0.5,-0.866025403784439,1.81595268506991E-17));
#12617=DIRECTION('',(-0.488139700257537,-0.845482762037497,0.216514507897109));
#12618=DIRECTION('',(-0.202727909443578,0.351135039268499,0.914114642115827));
#12619=DIRECTION('',(-0.457057321057914,0.791646502043626,-0.405455818887156));
#12620=DIRECTION('',(-0.405455818887156,0.,0.914114642115827));
#12621=DIRECTION('',(-0.914114642115827,0.,-0.405455818887156));
#12622=DIRECTION('',(0.288084171421041,0.,-0.957605090930835));
#12623=DIRECTION('',(0.957605090930835,0.,0.288084171421041));
#12624=DIRECTION('',(-0.494437736826316,-0.856391281362549,-0.148745748202368));
#12625=DIRECTION('',(0.838049886300873,-0.483848327450143,0.252117401412105));
#12626=DIRECTION('',(0.144042085710521,-0.249488210878812,-0.957605090930835));
#12627=DIRECTION('',(0.478802545465418,-0.82931033553941,0.288084171421041));
#12628=DIRECTION('',(0.478802545465418,-0.82931033553941,0.288084171421041));
#12629=DIRECTION('',(0.14404208571052,0.249488210878812,-0.957605090930835));
#12630=DIRECTION('',(0.478802545465417,0.829310335539411,0.288084171421041));
#12631=DIRECTION('',(-0.494437736826317,0.856391281362548,0.148745748202368));
#12632=DIRECTION('',(-0.988875473652632,0.,-0.148745748202368));
#12633=DIRECTION('',(0.288084171421041,0.,-0.957605090930835));
#12634=DIRECTION('',(0.957605090930835,0.,0.288084171421041));
#12635=DIRECTION('',(0.957605090930835,0.,0.288084171421041));
#12636=DIRECTION('',(-0.838049886300873,-0.483848327450144,-0.252117401412105));
#12637=DIRECTION('',(0.14404208571052,0.249488210878812,-0.957605090930835));
#12638=DIRECTION('',(0.478802545465417,0.829310335539411,0.288084171421041));
#12639=DIRECTION('',(0.478802545465417,0.829310335539411,0.288084171421041));
#12640=DIRECTION('',(0.866025403784438,0.5,3.14532231468219E-17));
#12641=DIRECTION('',(-0.5,0.866025403784438,1.8159526850699E-17));
#12642=DIRECTION('',(0.,-1.,0.));
#12643=DIRECTION('',(-1.,0.,0.));
#12644=DIRECTION('',(-0.866025403784439,0.5,-3.1453223146822E-17));
#12645=DIRECTION('',(-0.5,-0.866025403784439,1.81595268506991E-17));
#12646=DIRECTION('',(0.,0.,1.));
#12647=DIRECTION('',(1.,0.,0.));
#12648=DIRECTION('',(0.,-1.,0.));
#12649=DIRECTION('',(0.,0.,-1.));
#12650=DIRECTION('',(1.,0.,0.));
#12651=DIRECTION('',(0.,0.,1.));
#12652=DIRECTION('',(1.,0.,0.));
#12653=DIRECTION('',(0.,0.,1.));
#12654=DIRECTION('',(1.,-9.13012355777267E-17,0.));
#12655=DIRECTION('',(9.13012355777267E-17,1.,0.));
#12656=DIRECTION('',(9.13012355777267E-17,1.,0.));
#12657=DIRECTION('',(0.,0.,1.));
#12658=DIRECTION('',(9.13012355777267E-17,1.,0.));
#12659=DIRECTION('',(0.,0.,1.));
#12660=DIRECTION('',(0.,-1.,0.));
#12661=DIRECTION('',(0.,0.,-1.));
#12662=DIRECTION('',(1.,0.,0.));
#12663=DIRECTION('',(0.,0.,1.));
#12664=DIRECTION('',(1.,0.,0.));
#12665=DIRECTION('',(0.,0.,1.));
#12666=DIRECTION('',(1.,0.,0.));
#12667=DIRECTION('',(0.,0.,-1.));
#12668=DIRECTION('',(0.,1.,0.));
#12669=DIRECTION('',(0.,0.,1.));
#12670=DIRECTION('',(0.,1.,0.));
#12671=DIRECTION('',(0.,0.,1.));
#12672=DIRECTION('',(0.,0.,-1.));
#12673=DIRECTION('',(1.,0.,0.));
#12674=DIRECTION('',(0.,0.,-1.));
#12675=DIRECTION('',(-1.,0.,0.));
#12676=DIRECTION('',(0.,0.,-1.));
#12677=DIRECTION('',(-1.,0.,0.));
#12678=DIRECTION('',(0.,0.,-1.));
#12679=DIRECTION('',(-1.,0.,0.));
#12680=DIRECTION('',(0.,0.,-1.));
#12681=DIRECTION('',(-1.,0.,0.));
#12682=DIRECTION('',(0.,0.,-1.));
#12683=DIRECTION('',(1.,0.,0.));
#12684=DIRECTION('',(0.,0.,-1.));
#12685=DIRECTION('',(-1.,0.,0.));
#12686=DIRECTION('',(1.,0.,0.));
#12687=DIRECTION('',(0.,0.,-1.));
#12688=DIRECTION('',(-1.,0.,0.));
#12689=DIRECTION('',(0.,0.,1.));
#12690=DIRECTION('',(1.,0.,0.));
#12691=DIRECTION('',(0.,0.,-1.));
#12692=DIRECTION('',(-1.,0.,0.));
#12693=DIRECTION('',(0.,0.,1.));
#12694=DIRECTION('',(1.,0.,0.));
#12695=DIRECTION('',(0.707106781186548,0.,0.707106781186548));
#12696=DIRECTION('',(0.707106781186548,0.,-0.707106781186548));
#12697=DIRECTION('',(1.,0.,0.));
#12698=DIRECTION('',(0.,0.,-1.));
#12699=DIRECTION('',(0.707106781186548,0.,-0.707106781186548));
#12700=DIRECTION('',(0.707106781186548,0.,0.707106781186548));
#12701=DIRECTION('',(0.,0.,-1.));
#12702=DIRECTION('',(-1.,0.,0.));
#12703=DIRECTION('',(0.,0.,1.));
#12704=DIRECTION('',(1.,0.,0.));
#12705=DIRECTION('',(0.,0.,-1.));
#12706=DIRECTION('',(-1.,0.,0.));
#12707=DIRECTION('',(0.144042085710521,-0.249488210878812,0.957605090930835));
#12708=DIRECTION('',(0.478802545465419,-0.82931033553941,-0.288084171421041));
#12709=DIRECTION('',(0.,0.,-1.));
#12710=DIRECTION('',(0.14404208571052,0.249488210878812,0.957605090930835));
#12711=DIRECTION('',(0.478802545465417,0.829310335539411,-0.288084171421041));
#12712=DIRECTION('',(0.,0.,-1.));
#12713=DIRECTION('',(0.288084171421041,0.,0.957605090930835));
#12714=DIRECTION('',(0.957605090930835,0.,-0.288084171421041));
#12715=DIRECTION('',(0.14404208571052,0.249488210878812,0.957605090930835));
#12716=DIRECTION('',(0.478802545465417,0.829310335539411,-0.288084171421041));
#12717=DIRECTION('',(0.,0.,-1.));
#12718=DIRECTION('',(0.288084171421041,0.,0.957605090930835));
#12719=DIRECTION('',(0.957605090930835,0.,-0.288084171421041));
#12720=DIRECTION('',(0.,0.,-1.));
#12721=DIRECTION('',(1.,0.,0.));
#12722=DIRECTION('',(0.,0.,-1.));
#12723=DIRECTION('',(-1.,0.,0.));
#12724=DIRECTION('',(0.,0.,-1.));
#12725=DIRECTION('',(1.,0.,0.));
#12726=DIRECTION('',(0.,0.,-1.));
#12727=DIRECTION('',(1.,0.,0.));
#12728=DIRECTION('',(0.,0.,-1.));
#12729=DIRECTION('',(0.14404208571052,0.249488210878812,0.957605090930835));
#12730=DIRECTION('',(0.478802545465417,0.829310335539411,-0.288084171421041));
#12731=DIRECTION('',(0.499965150136696,0.86596504205056,0.0118065488252958));
#12732=DIRECTION('',(0.0059032744126479,0.0102247712137275,-0.999930300273392));
#12733=DIRECTION('',(-0.202727909443578,-0.351135039268499,-0.914114642115827));
#12734=DIRECTION('',(0.457057321057913,0.791646502043627,-0.405455818887156));
#12735=DIRECTION('',(-0.405455818887156,0.,-0.914114642115827));
#12736=DIRECTION('',(0.914114642115827,0.,-0.405455818887156));
#12737=DIRECTION('',(0.499965150136697,-0.865965042050559,0.0118065488252958));
#12738=DIRECTION('',(0.00590327441264792,-0.0102247712137275,-0.999930300273392));
#12739=DIRECTION('',(-0.202727909443578,0.351135039268499,-0.914114642115827));
#12740=DIRECTION('',(0.457057321057915,-0.791646502043626,-0.405455818887156));
#12741=DIRECTION('',(-0.405455818887156,0.,-0.914114642115827));
#12742=DIRECTION('',(0.914114642115827,0.,-0.405455818887156));
#12743=DIRECTION('',(0.999930300273392,0.,0.0118065488252958));
#12744=DIRECTION('',(0.0118065488252958,0.,-0.999930300273392));
#12745=DIRECTION('',(-0.202727909443578,0.351135039268499,-0.914114642115827));
#12746=DIRECTION('',(0.457057321057915,-0.791646502043626,-0.405455818887156));
#12747=DIRECTION('',(0.,0.,-1.));
#12748=DIRECTION('',(0.144042085710521,-0.249488210878812,0.957605090930835));
#12749=DIRECTION('',(0.478802545465419,-0.82931033553941,-0.288084171421041));
#12750=DIRECTION('',(0.288084171421041,0.,0.957605090930835));
#12751=DIRECTION('',(0.957605090930835,0.,-0.288084171421041));
#12752=DIRECTION('',(0.,0.,-1.));
#12753=DIRECTION('',(0.14404208571052,0.249488210878812,0.957605090930835));
#12754=DIRECTION('',(0.478802545465417,0.829310335539411,-0.288084171421041));
#12755=DIRECTION('',(0.288084171421041,0.,0.957605090930835));
#12756=DIRECTION('',(0.957605090930835,0.,-0.288084171421041));
#12757=DIRECTION('',(0.,0.,-1.));
#12758=DIRECTION('',(-1.,0.,0.));
#12759=DIRECTION('',(-0.202727909443578,-0.351135039268499,-0.914114642115827));
#12760=DIRECTION('',(0.457057321057913,0.791646502043627,-0.405455818887156));
#12761=DIRECTION('',(0.,0.,-1.));
#12762=DIRECTION('',(-0.202727909443578,0.351135039268499,-0.914114642115827));
#12763=DIRECTION('',(0.457057321057915,-0.791646502043626,-0.405455818887156));
#12764=DIRECTION('',(0.,0.,-1.));
#12765=DIRECTION('',(-0.405455818887156,0.,-0.914114642115827));
#12766=DIRECTION('',(0.914114642115827,0.,-0.405455818887156));
#12767=DIRECTION('',(-0.202727909443578,0.351135039268499,-0.914114642115827));
#12768=DIRECTION('',(0.457057321057915,-0.791646502043626,-0.405455818887156));
#12769=DIRECTION('',(0.,0.,-1.));
#12770=DIRECTION('',(-0.405455818887156,0.,-0.914114642115827));
#12771=DIRECTION('',(0.914114642115827,0.,-0.405455818887156));
#12772=DIRECTION('',(0.,0.,-1.));
#12773=DIRECTION('',(1.,0.,0.));
#12774=DIRECTION('',(0.,0.,1.));
#12775=DIRECTION('',(1.,0.,0.));
#12776=DIRECTION('',(0.,0.,1.));
#12777=DIRECTION('',(1.,0.,0.));
#12778=DIRECTION('',(0.405455818887156,0.,0.914114642115827));
#12779=DIRECTION('',(0.914114642115827,0.,-0.405455818887156));
#12780=DIRECTION('',(-0.808433537977428,0.466749320773189,0.35858093400384));
#12781=DIRECTION('',(0.,-1.,0.));
#12782=DIRECTION('',(-0.999930300273392,0.,-0.0118065488252958));
#12783=DIRECTION('',(-0.0118065488252958,0.,0.999930300273392));
#12784=DIRECTION('',(0.00424354192026077,-0.933174853210107,-0.359397670677295));
#12785=DIRECTION('',(0.202727909443578,-0.351135039268499,0.914114642115827));
#12786=DIRECTION('',(0.457057321057914,-0.791646502043626,-0.405455818887156));
#12787=DIRECTION('',(0.866025403784438,0.5,-3.14532231468219E-17));
#12788=DIRECTION('',(-0.499965150136697,0.865965042050559,-0.0118065488252958));
#12789=DIRECTION('',(-0.00590327441264789,0.0102247712137275,0.999930300273392));
#12790=DIRECTION('',(0.810274900012897,0.462912411500085,-0.359397670677295));
#12791=DIRECTION('',(-0.14404208571052,-0.249488210878812,-0.957605090930835));
#12792=DIRECTION('',(-0.478802545465417,-0.829310335539411,0.288084171421041));
#12793=DIRECTION('',(-0.478802545465417,-0.829310335539411,0.288084171421041));
#12794=DIRECTION('',(-0.866025403784439,0.5,3.1453223146822E-17));
#12795=DIRECTION('',(0.838049886300873,0.483848327450144,-0.252117401412105));
#12796=DIRECTION('',(0.5,0.866025403784439,1.81595268506991E-17));
#12797=DIRECTION('',(-1.81595268506991E-17,3.1453223146822E-17,-1.));
#12798=DIRECTION('',(-1.81595268506991E-17,3.1453223146822E-17,-1.));
#12799=DIRECTION('',(-0.838049886300873,0.483848327450144,0.252117401412105));
#12800=DIRECTION('',(-0.288084171421041,0.,-0.957605090930835));
#12801=DIRECTION('',(-0.957605090930835,0.,0.288084171421041));
#12802=DIRECTION('',(0.,-1.,0.));
#12803=DIRECTION('',(-0.957605090930835,0.,0.288084171421041));
#12804=DIRECTION('',(1.,0.,0.));
#12805=DIRECTION('',(0.,0.,-1.));
#12806=DIRECTION('',(0.,-0.967696654900288,0.252117401412105));
#12807=DIRECTION('',(0.,0.,-1.));
#12808=DIRECTION('',(0.202727909443578,0.351135039268499,0.914114642115827));
#12809=DIRECTION('',(0.457057321057913,0.791646502043627,-0.405455818887156));
#12810=DIRECTION('',(-0.866025403784439,0.5,3.1453223146822E-17));
#12811=DIRECTION('',(-0.457057321057913,-0.791646502043627,0.405455818887156));
#12812=DIRECTION('',(-0.866025403784439,0.5,3.1453223146822E-17));
#12813=DIRECTION('',(0.808433537977428,0.46674932077319,-0.358580934003839));
#12814=DIRECTION('',(-0.499965150136696,-0.86596504205056,-0.0118065488252958));
#12815=DIRECTION('',(-0.00590327441264787,-0.0102247712137275,0.999930300273392));
#12816=DIRECTION('',(-0.866025403784439,0.5,3.1453223146822E-17));
#12817=DIRECTION('',(-0.14404208571052,-0.249488210878812,-0.957605090930835));
#12818=DIRECTION('',(-0.478802545465417,-0.829310335539411,0.288084171421041));
#12819=DIRECTION('',(0.988875473652632,0.,-0.148745748202368));
#12820=DIRECTION('',(-0.866025403784439,0.5,3.1453223146822E-17));
#12821=DIRECTION('',(0.478802545465417,0.829310335539411,-0.288084171421041));
#12822=DIRECTION('',(0.5,0.866025403784439,1.81595268506991E-17));
#12823=DIRECTION('',(-1.81595268506991E-17,3.1453223146822E-17,-1.));
#12824=DIRECTION('',(1.81595268506991E-17,-3.1453223146822E-17,1.));
#12825=DIRECTION('',(0.,2.09688154312146E-17,-1.));
#12826=DIRECTION('',(0.202727909443578,0.351135039268499,0.914114642115827));
#12827=DIRECTION('',(0.202727909443578,0.351135039268499,0.914114642115827));
#12828=DIRECTION('',(-0.866025403784439,0.5,3.1453223146822E-17));
#12829=DIRECTION('',(1.81595268506991E-17,-3.1453223146822E-17,1.));
#12830=DIRECTION('',(0.202727909443578,-0.351135039268499,0.914114642115827));
#12831=DIRECTION('',(0.457057321057914,-0.791646502043626,-0.405455818887156));
#12832=DIRECTION('',(0.866025403784438,0.5,-3.14532231468219E-17));
#12833=DIRECTION('',(-0.457057321057914,0.791646502043626,0.405455818887156));
#12834=DIRECTION('',(0.866025403784438,0.5,-3.14532231468219E-17));
#12835=DIRECTION('',(0.457057321057914,-0.791646502043626,-0.405455818887156));
#12836=DIRECTION('',(-0.499965150136697,0.865965042050559,-0.0118065488252958));
#12837=DIRECTION('',(-0.00590327441264789,0.0102247712137275,0.999930300273392));
#12838=DIRECTION('',(0.866025403784438,0.5,-3.14532231468219E-17));
#12839=DIRECTION('',(-0.0118062745400053,0.00681635578379868,0.99990707026969));
#12840=DIRECTION('',(-0.144042085710521,0.249488210878812,-0.957605090930835));
#12841=DIRECTION('',(-0.478802545465418,0.82931033553941,0.288084171421041));
#12842=DIRECTION('',(-0.478802545465418,0.82931033553941,0.288084171421041));
#12843=DIRECTION('',(0.866025403784438,0.5,-3.14532231468219E-17));
#12844=DIRECTION('',(0.478802545465418,-0.82931033553941,-0.288084171421041));
#12845=DIRECTION('',(-0.838049886300873,0.483848327450143,0.252117401412105));
#12846=DIRECTION('',(0.5,-0.866025403784438,1.8159526850699E-17));
#12847=DIRECTION('',(-1.8159526850699E-17,-3.14532231468219E-17,-1.));
#12848=DIRECTION('',(1.8159526850699E-17,3.14532231468219E-17,1.));
#12849=DIRECTION('',(-1.8159526850699E-17,-3.14532231468219E-17,-1.));
#12850=DIRECTION('',(0.202727909443578,-0.351135039268499,0.914114642115827));
#12851=DIRECTION('',(0.202727909443578,-0.351135039268499,0.914114642115827));
#12852=DIRECTION('',(0.866025403784438,0.5,-3.14532231468219E-17));
#12853=DIRECTION('',(1.8159526850699E-17,3.14532231468219E-17,1.));
#12854=DIRECTION('',(0.,-1.,0.));
#12855=DIRECTION('',(0.,0.,1.));
#12856=DIRECTION('',(0.957605090930835,0.,-0.288084171421041));
#12857=DIRECTION('',(0.405455818887156,0.,0.914114642115827));
#12858=DIRECTION('',(-0.914114642115827,0.,0.405455818887156));
#12859=DIRECTION('',(0.,0.,1.));
#12860=DIRECTION('',(0.405455818887156,0.,0.914114642115827));
#12861=DIRECTION('',(1.,0.,0.));
#12862=DIRECTION('',(0.,0.,-1.));
#12863=DIRECTION('',(0.,-1.,0.));
#12864=DIRECTION('',(0.,-1.,0.));
#12865=DIRECTION('',(-0.999930300273392,0.,-0.0118065488252958));
#12866=DIRECTION('',(-0.0118065488252958,0.,0.999930300273392));
#12867=DIRECTION('',(0.,-1.,0.));
#12868=DIRECTION('',(0.,-1.,0.));
#12869=DIRECTION('',(-0.288084171421041,0.,-0.957605090930835));
#12870=DIRECTION('',(-0.957605090930835,0.,0.288084171421041));
#12871=DIRECTION('',(0.494437736826316,0.856391281362549,-0.148745748202368));
#12872=DIRECTION('',(0.405455818887156,0.,0.914114642115827));
#12873=DIRECTION('',(0.914114642115827,0.,-0.405455818887156));
#12874=DIRECTION('',(0.866025403784439,-0.5,-3.1453223146822E-17));
#12875=DIRECTION('',(0.5,0.866025403784439,1.81595268506991E-17));
#12876=DIRECTION('',(0.,1.,0.));
#12877=DIRECTION('',(1.,0.,0.));
#12878=DIRECTION('',(-0.866025403784438,-0.5,3.14532231468219E-17));
#12879=DIRECTION('',(0.5,-0.866025403784438,1.8159526850699E-17));
#12880=DIRECTION('',(-0.866025403784438,-0.5,3.14532231468219E-17));
#12881=DIRECTION('',(0.5,-0.866025403784438,1.8159526850699E-17));
#12882=DIRECTION('',(0.457057321057914,-0.791646502043626,-0.405455818887156));
#12883=DIRECTION('',(-0.488139700257538,0.845482762037496,0.21651450789711));
#12884=DIRECTION('',(0.405455818887156,0.,0.914114642115827));
#12885=DIRECTION('',(0.914114642115827,0.,-0.405455818887156));
#12886=DIRECTION('',(0.914114642115827,0.,-0.405455818887156));
#12887=DIRECTION('',(-0.808433537977428,0.466749320773189,0.35858093400384));
#12888=DIRECTION('',(0.,1.,0.));
#12889=DIRECTION('',(1.,0.,0.));
#12890=DIRECTION('',(-0.976279400515074,0.,0.21651450789711));
#12891=DIRECTION('',(0.202727909443578,-0.351135039268499,0.914114642115827));
#12892=DIRECTION('',(0.457057321057914,-0.791646502043626,-0.405455818887156));
#12893=DIRECTION('',(0.202727909443578,0.351135039268499,0.914114642115827));
#12894=DIRECTION('',(0.457057321057913,0.791646502043627,-0.405455818887156));
#12895=DIRECTION('',(0.808433537977428,0.46674932077319,-0.358580934003839));
#12896=DIRECTION('',(0.457057321057913,0.791646502043627,-0.405455818887156));
#12897=DIRECTION('',(0.866025403784439,-0.5,-3.1453223146822E-17));
#12898=DIRECTION('',(0.5,0.866025403784439,1.81595268506991E-17));
#12899=DIRECTION('',(0.488139700257537,0.845482762037497,0.216514507897109));
#12900=DIRECTION('',(0.202727909443578,-0.351135039268499,0.914114642115827));
#12901=DIRECTION('',(0.457057321057914,-0.791646502043626,-0.405455818887156));
#12902=DIRECTION('',(0.405455818887156,0.,0.914114642115827));
#12903=DIRECTION('',(0.914114642115827,0.,-0.405455818887156));
#12904=DIRECTION('',(-0.288084171421041,0.,-0.957605090930835));
#12905=DIRECTION('',(-0.957605090930835,0.,0.288084171421041));
#12906=DIRECTION('',(0.494437736826316,0.856391281362549,-0.148745748202368));
#12907=DIRECTION('',(-0.838049886300873,0.483848327450143,0.252117401412105));
#12908=DIRECTION('',(-0.144042085710521,0.249488210878812,-0.957605090930835));
#12909=DIRECTION('',(-0.478802545465418,0.82931033553941,0.288084171421041));
#12910=DIRECTION('',(-0.478802545465418,0.82931033553941,0.288084171421041));
#12911=DIRECTION('',(-0.14404208571052,-0.249488210878812,-0.957605090930835));
#12912=DIRECTION('',(-0.478802545465417,-0.829310335539411,0.288084171421041));
#12913=DIRECTION('',(0.494437736826317,-0.856391281362548,0.148745748202368));
#12914=DIRECTION('',(0.988875473652632,0.,-0.148745748202368));
#12915=DIRECTION('',(-0.288084171421041,0.,-0.957605090930835));
#12916=DIRECTION('',(-0.957605090930835,0.,0.288084171421041));
#12917=DIRECTION('',(-0.957605090930835,0.,0.288084171421041));
#12918=DIRECTION('',(0.838049886300873,0.483848327450144,-0.252117401412105));
#12919=DIRECTION('',(-0.14404208571052,-0.249488210878812,-0.957605090930835));
#12920=DIRECTION('',(-0.478802545465417,-0.829310335539411,0.288084171421041));
#12921=DIRECTION('',(-0.478802545465417,-0.829310335539411,0.288084171421041));
#12922=DIRECTION('',(-0.866025403784438,-0.5,3.14532231468219E-17));
#12923=DIRECTION('',(0.5,-0.866025403784438,1.8159526850699E-17));
#12924=DIRECTION('',(0.,1.,0.));
#12925=DIRECTION('',(1.,0.,0.));
#12926=DIRECTION('',(0.866025403784439,-0.5,-3.1453223146822E-17));
#12927=DIRECTION('',(0.5,0.866025403784439,1.81595268506991E-17));
#12928=CARTESIAN_POINT('',(0.,0.,0.));
#12929=CARTESIAN_POINT('',(0.0846,0.0853,0.0207));
#12930=CARTESIAN_POINT('',(0.0846,0.0853,0.0061));
#12931=CARTESIAN_POINT('',(0.07085,0.0853,0.0061));
#12932=CARTESIAN_POINT('',(0.0846,0.0853,0.0177));
#12933=CARTESIAN_POINT('',(0.07085,0.0853,0.0177));
#12934=CARTESIAN_POINT('',(0.0846,0.0853,0.0207));
#12935=CARTESIAN_POINT('',(0.0846,0.0853,0.0207));
#12936=CARTESIAN_POINT('',(0.0826,0.0853,0.0207));
#12937=CARTESIAN_POINT('',(0.0846,0.0853,0.0207));
#12938=CARTESIAN_POINT('',(0.07385,0.0853,0.0207));
#12939=CARTESIAN_POINT('',(0.0846,0.0853,0.0031));
#12940=CARTESIAN_POINT('',(0.0846,0.0853,0.0031));
#12941=CARTESIAN_POINT('',(0.07385,0.0853,0.0031));
#12942=CARTESIAN_POINT('',(0.0846,0.0853,0.0061));
#12943=CARTESIAN_POINT('',(0.0846,0.0853,0.0177));
#12944=CARTESIAN_POINT('',(0.0846,0.0853,0.0257));
#12945=CARTESIAN_POINT('',(0.0846,0.0853,0.0257));
#12946=CARTESIAN_POINT('',(0.0826,0.0853,0.0257));
#12947=CARTESIAN_POINT('',(0.0846,0.0853,0.0257));
#12948=CARTESIAN_POINT('',(0.0846,0.0853,0.0257));
#12949=CARTESIAN_POINT('',(0.0831,0.0853,0.0257));
#12950=CARTESIAN_POINT('',(0.0846,0.0853,0.0332));
#12951=CARTESIAN_POINT('',(0.0846,0.0853,0.0332));
#12952=CARTESIAN_POINT('',(0.0831,0.0853,0.0332));
#12953=CARTESIAN_POINT('',(0.0846,0.0853,0.0332));
#12954=CARTESIAN_POINT('',(0.,0.,0.));
#12955=CARTESIAN_POINT('',(-0.08451,0.0856,0.033));
#12956=CARTESIAN_POINT('',(-0.08451,0.0856,0.0292087405829074));
#12957=CARTESIAN_POINT('',(-0.0858090381056767,0.08485,0.0295995408406154));
#12958=CARTESIAN_POINT('',(-0.08376,0.0868990381056767,0.0287574833149333));
#12959=CARTESIAN_POINT('',(-0.08451,0.0856,0.0292087405829074));
#12960=CARTESIAN_POINT('',(-0.08376,0.0843009618943234,0.0289831119489204));
#12961=CARTESIAN_POINT('',(-0.08376,0.0843009618943234,0.033));
#12962=CARTESIAN_POINT('',(-0.08376,0.0843009618943234,0.0287574833149333));
#12963=CARTESIAN_POINT('',(-0.08451,0.0856,0.0292087405829074));
#12964=CARTESIAN_POINT('',(-0.0832109618943234,0.08485,0.0288179403251995));
#12965=CARTESIAN_POINT('',(-0.08451,0.0856,0.0292087405829074));
#12966=CARTESIAN_POINT('',(-0.08301,0.0856,0.0287574833149333));
#12967=CARTESIAN_POINT('',(-0.08301,0.0856,0.033));
#12968=CARTESIAN_POINT('',(-0.08301,0.0856,0.0289831119489204));
#12969=CARTESIAN_POINT('',(-0.08451,0.0856,0.0292087405829074));
#12970=CARTESIAN_POINT('',(-0.08376,0.0868990381056767,0.0294343692168945));
#12971=CARTESIAN_POINT('',(-0.08376,0.0868990381056767,0.033));
#12972=CARTESIAN_POINT('',(-0.08451,0.0856,0.028));
#12973=CARTESIAN_POINT('',(-0.08301,0.0856,0.028));
#12974=CARTESIAN_POINT('',(-0.08451,0.0856,0.033));
#12975=CARTESIAN_POINT('',(-0.08451,0.0856,0.028));
#12976=CARTESIAN_POINT('',(-0.08051,0.0856,0.028));
#12977=CARTESIAN_POINT('',(-0.08451,0.0856,0.033));
#12978=CARTESIAN_POINT('',(-0.08051,0.0856,0.033));
#12979=CARTESIAN_POINT('',(-0.08051,0.0856,0.033));
#12980=CARTESIAN_POINT('',(-0.08051,0.0856,0.0280053878683098));
#12981=CARTESIAN_POINT('',(-0.08051,0.0856,0.0286070642256086));
#12982=CARTESIAN_POINT('',(-0.08451,0.0856,0.0292087405829074));
#12983=CARTESIAN_POINT('',(-0.0810458983848623,0.0836,0.0281666065623529));
#12984=CARTESIAN_POINT('',(-0.08451,0.0856,0.0292087405829074));
#12985=CARTESIAN_POINT('',(-0.08251,0.0821358983848623,0.0280053878683098));
#12986=CARTESIAN_POINT('',(-0.08251,0.0821358983848623,0.033));
#12987=CARTESIAN_POINT('',(-0.08251,0.0821358983848623,0.0286070642256086));
#12988=CARTESIAN_POINT('',(-0.08451,0.0856,0.0292087405829074));
#12989=CARTESIAN_POINT('',(-0.0879741016151378,0.0836,0.030250874603462));
#12990=CARTESIAN_POINT('',(-0.08451,0.0856,0.0292087405829074));
#12991=CARTESIAN_POINT('',(-0.08251,0.0890641016151378,0.0280053878683098));
#12992=CARTESIAN_POINT('',(-0.08251,0.0890641016151378,0.033));
#12993=CARTESIAN_POINT('',(-0.08251,0.0890641016151378,0.0294404283721476));
#12994=CARTESIAN_POINT('',(-0.08451,0.0856,0.0312146295508911));
#12995=CARTESIAN_POINT('',(-0.0884991822812713,0.085306019172749,0.0322122566663278));
#12996=CARTESIAN_POINT('',(-0.08451,0.0856,-0.305642970579299));
#12997=CARTESIAN_POINT('',(-0.0885083429014683,0.0854848737984721,0.0329880957230925));
#12998=CARTESIAN_POINT('',(-0.08451,0.0856,0.0312146295508911));
#12999=CARTESIAN_POINT('',(-0.0879741016151378,0.0836,0.0327511328431073));
#13000=CARTESIAN_POINT('',(-0.08451,0.0856,0.0312146295508911));
#13001=CARTESIAN_POINT('',(-0.0866088736658985,0.0821948965750512,0.0329880957230925));
#13002=CARTESIAN_POINT('',(-0.08451,0.0856,-0.305642970579298));
#13003=CARTESIAN_POINT('',(-0.0867591860052606,0.0822922572177179,0.0322122566663278));
#13004=CARTESIAN_POINT('',(-0.08451,0.0856,0.0312146295508911));
#13005=CARTESIAN_POINT('',(-0.0810458983848623,0.0836,0.0296781262586749));
#13006=CARTESIAN_POINT('',(-0.08451,0.0856,0.0312146295508911));
#13007=CARTESIAN_POINT('',(-0.0864094692355698,0.0891202296264766,0.0329880957230925));
#13008=CARTESIAN_POINT('',(-0.08451,0.0856,-0.305642970579298));
#13009=CARTESIAN_POINT('',(-0.0860553331398598,0.0892894370148915,0.0304024101439863));
#13010=CARTESIAN_POINT('',(-0.08451,0.0856,0.0292087405829074));
#13011=CARTESIAN_POINT('',(-0.08451,0.0856,0.033));
#13012=CARTESIAN_POINT('',(-0.08451,0.0856,0.0312146295508911));
#13013=CARTESIAN_POINT('',(-0.0832109618943234,0.08485,0.03063844081631));
#13014=CARTESIAN_POINT('',(-0.08526,0.0868990381056767,0.0318799549929199));
#13015=CARTESIAN_POINT('',(-0.08451,0.0856,0.0312146295508911));
#13016=CARTESIAN_POINT('',(-0.08526,0.0843009618943234,0.0315472922719055));
#13017=CARTESIAN_POINT('',(-0.08526,0.0843009618943234,0.033));
#13018=CARTESIAN_POINT('',(-0.08526,0.0843009618943234,0.0318799549929199));
#13019=CARTESIAN_POINT('',(-0.08451,0.0856,0.0312146295508911));
#13020=CARTESIAN_POINT('',(-0.0858090381056767,0.08485,0.0317908182854722));
#13021=CARTESIAN_POINT('',(-0.08451,0.0856,0.0312146295508911));
#13022=CARTESIAN_POINT('',(-0.08601,0.0856,0.0318799549929199));
#13023=CARTESIAN_POINT('',(-0.08601,0.0856,0.033));
#13024=CARTESIAN_POINT('',(-0.08601,0.0856,0.0315472922719055));
#13025=CARTESIAN_POINT('',(-0.08451,0.0856,0.0312146295508911));
#13026=CARTESIAN_POINT('',(-0.08526,0.0868990381056767,0.0308819668298767));
#13027=CARTESIAN_POINT('',(-0.08526,0.0868990381056767,0.033));
#13028=CARTESIAN_POINT('',(-0.08451,0.0856,0.033));
#13029=CARTESIAN_POINT('',(-0.08301,0.0856,0.033));
#13030=CARTESIAN_POINT('',(-0.08451,0.0856,0.033));
#13031=CARTESIAN_POINT('',(-0.08451,0.0856,0.028));
#13032=CARTESIAN_POINT('',(-0.0845002166891843,0.0221,0.0312102901604958));
#13033=CARTESIAN_POINT('',(-0.0885083429014683,0.0221,0.0329880957230925));
#13034=CARTESIAN_POINT('',(-0.0885083429014683,0.0832915556495249,0.0329880957230925));
#13035=CARTESIAN_POINT('',(-0.10846317163273,0.071770629909898,0.0418390658872501));
#13036=CARTESIAN_POINT('',(-0.0884930778259784,0.0221,0.0316952529335394));
#13037=CARTESIAN_POINT('',(-0.0887486874044685,0.0304386675382394,0.0533435573071895));
#13038=CARTESIAN_POINT('',(-0.139497721484904,0.1173584725957,0.0312102901604958));
#13039=CARTESIAN_POINT('',(-0.141501784591046,0.113887333474287,0.0329880957230925));
#13040=CARTESIAN_POINT('',(-0.141494152053301,0.113900553417452,0.0316952529335394));
#13041=CARTESIAN_POINT('',(-0.0624069949551723,0.0683797795090689,0.0214108351498142));
#13042=CARTESIAN_POINT('',(-0.0295048626665354,0.117328307461136,0.0292012050719932));
#13043=CARTESIAN_POINT('',(-0.0587422618977631,0.0707229894702657,0.0214568211843153));
#13044=CARTESIAN_POINT('',(-0.0804920904769003,0.0832802588552589,0.028));
#13045=CARTESIAN_POINT('',(-0.0275084320981383,0.113870388282888,0.028));
#13046=CARTESIAN_POINT('',(-0.0825010452384502,0.0821203882828883,0.028));
#13047=CARTESIAN_POINT('',(-0.0844974758068472,0.0855783074611356,0.0292012050719932));
#13048=CARTESIAN_POINT('',(-0.0275084320981383,0.113870388282888,0.0287162422989495));
#13049=CARTESIAN_POINT('',(-0.10835811024498,0.0671918048409145,0.0363831626332378));
#13050=CARTESIAN_POINT('',(-0.0825010452384502,0.0821203882828883,0.0286043702914538));
#13051=CARTESIAN_POINT('',(-0.0825010452384502,0.0821203882828883,0.0287162422989495));
#13052=CARTESIAN_POINT('',(-0.0844849516136945,0.0221,0.0292012050719932));
#13053=CARTESIAN_POINT('',(-0.0844849516136945,0.0856,0.0292012050719932));
#13054=CARTESIAN_POINT('',(-0.0804920904769004,0.0856,0.028));
#13055=CARTESIAN_POINT('',(-0.0804920904769004,0.0221,0.028));
#13056=CARTESIAN_POINT('',(-0.0804920904769004,0.0221,0.0287162422989495));
#13057=CARTESIAN_POINT('',(-0.0804920904769004,0.0261635559578736,0.0131191851921821));
#13058=CARTESIAN_POINT('',(-0.0804920904769004,0.0856,0.0286043702914538));
#13059=CARTESIAN_POINT('',(-0.0804920904769004,0.0856,0.0287162422989495));
#13060=CARTESIAN_POINT('',(-0.0295124952042803,0.1173415274043,0.0312102901604958));
#13061=CARTESIAN_POINT('',(-0.0605415244305939,0.0717617941779384,0.0205834051489096));
#13062=CARTESIAN_POINT('',(-0.0804920904769004,0.0832802588552589,0.029432484597899));
#13063=CARTESIAN_POINT('',(-0.0275084320981383,0.113870388282888,0.029432484597899));
#13064=CARTESIAN_POINT('',(-0.0419099532879243,0.105555666147225,0.029432484597899));
#13065=CARTESIAN_POINT('',(-0.0402919331935359,0.102753173136077,0.0279971380185517));
#13066=CARTESIAN_POINT('',(-0.04191973659874,0.105572611338624,0.0294411633786896));
#13067=CARTESIAN_POINT('',(-0.0295408322518707,0.117336463794667,0.0312146295501825));
#13068=CARTESIAN_POINT('',(-0.0333233766340812,0.112849541746437,0.0303299612631225));
#13069=CARTESIAN_POINT('',(-0.0371075989475105,0.108365380663947,0.0294467256577434));
#13070=CARTESIAN_POINT('',(-0.0419197365987399,0.105572611338624,0.0294411633786896));
#13071=CARTESIAN_POINT('',(-0.0295408322518707,0.117336463794667,0.0312146295501825));
#13072=CARTESIAN_POINT('',(-0.0295408322345238,0.11733646380082,0.0312146295486986));
#13073=CARTESIAN_POINT('',(-0.0353178929105157,0.116304145297876,0.0320992978367289));
#13074=CARTESIAN_POINT('',(-0.0410934014866801,0.115268993182889,0.0329825334440327));
#13075=CARTESIAN_POINT('',(-0.0459180795002083,0.11249794439005,0.0329880957230925));
#13076=CARTESIAN_POINT('',(-0.0459180795002083,0.11249794439005,0.0329880957230925));
#13077=CARTESIAN_POINT('',(-0.0315165583104223,0.120812666525713,0.0329880957230925));
#13078=CARTESIAN_POINT('',(-0.0315089257726774,0.120799446582548,0.0316952529335394));
#13079=CARTESIAN_POINT('',(-0.0459180704007222,0.112497949629975,0.0329880957178433));
#13080=CARTESIAN_POINT('',(-0.0447766396015215,0.113156848547496,0.0329802871637653));
#13081=CARTESIAN_POINT('',(-0.0425667862352128,0.114424538208027,0.0323810640004181));
#13082=CARTESIAN_POINT('',(-0.0405648456071543,0.115563082324223,0.0311138742780641));
#13083=CARTESIAN_POINT('',(-0.0396095367894488,0.116104930040528,0.0304024101439863));
#13084=CARTESIAN_POINT('',(-0.0396095367894487,0.116104930040528,0.0304024101439863));
#13085=CARTESIAN_POINT('',(-0.0315012932349324,0.120786226639383,0.0304024101439863));
#13086=CARTESIAN_POINT('',(-0.0295048626665354,0.117328307461136,0.0292012050719932));
#13087=CARTESIAN_POINT('',(-0.0396095367894487,0.116104930040528,0.0304024101439863));
#13088=CARTESIAN_POINT('',(-0.0364301083082534,0.116981394142971,0.0301525116720096));
#13089=CARTESIAN_POINT('',(-0.0331784901081827,0.117495586025396,0.0297973704369654));
#13090=CARTESIAN_POINT('',(-0.0299333166647334,0.118016266775122,0.0294448891836854));
#13091=CARTESIAN_POINT('',(-0.0299333166821737,0.118016266769132,0.029444889184748));
#13092=CARTESIAN_POINT('',(-0.0422005716207869,0.106059031865354,0.028174858179881));
#13093=CARTESIAN_POINT('',(-0.0397024716112619,0.107509248082898,0.0281769261657719));
#13094=CARTESIAN_POINT('',(-0.0353506697707759,0.111338659353845,0.0285200220370416));
#13095=CARTESIAN_POINT('',(-0.0317405372784117,0.115793694314714,0.0291376750690689));
#13096=CARTESIAN_POINT('',(-0.0299333166821737,0.118016266769132,0.029444889184748));
#13097=CARTESIAN_POINT('',(-0.0422005716207869,0.106059031865354,0.028174858179881));
#13098=CARTESIAN_POINT('',(-0.0439063838563213,0.109013585325472,0.0292012050719932));
#13099=CARTESIAN_POINT('',(-0.0419099532879243,0.105555666147225,0.028));
#13100=CARTESIAN_POINT('',(-0.0275084320981383,0.113870388282888,0.028));
#13101=CARTESIAN_POINT('',(-0.0846894903093134,0.0856,0.029235739351777));
#13102=CARTESIAN_POINT('',(-0.0275084320981383,0.113870388282888,0.0287162422989495));
#13103=CARTESIAN_POINT('',(-0.0804920904769004,0.0832802588552589,0.0287162422989495));
#13104=CARTESIAN_POINT('',(-0.0419099532879243,0.105555666147225,0.0287162422989495));
#13105=CARTESIAN_POINT('',(-0.0299356715887555,0.118020345586979,0.0294342707425554));
#13106=CARTESIAN_POINT('',(-0.0295408322518707,0.117336463794668,0.0312146295501826));
#13107=CARTESIAN_POINT('',(-0.033718215970966,0.113533423538748,0.0285496024554954));
#13108=CARTESIAN_POINT('',(-0.0333233766340812,0.112849541746437,0.0303299612631225));
#13109=CARTESIAN_POINT('',(-0.0375024382843952,0.109049262456258,0.0276663668501164));
#13110=CARTESIAN_POINT('',(-0.0371075989475104,0.108365380663947,0.0294467256577435));
#13111=CARTESIAN_POINT('',(-0.0423145759356248,0.106256493130936,0.0276608045710626));
#13112=CARTESIAN_POINT('',(-0.0419197365987399,0.105572611338624,0.0294411633786897));
#13113=CARTESIAN_POINT('',(-0.0469879343348294,0.114350987320337,0.00658829732579395));
#13114=CARTESIAN_POINT('',(-0.0346090299879602,0.12611483977638,0.00836176349728683));
#13115=CARTESIAN_POINT('',(-0.0300203530382158,0.1181670181961,0.0290524359510975));
#13116=CARTESIAN_POINT('',(-0.0295408322345238,0.11733646380082,0.0312146295486987));
#13117=CARTESIAN_POINT('',(-0.0357974137142076,0.117134699693157,0.0299371042391277));
#13118=CARTESIAN_POINT('',(-0.0353178929105156,0.116304145297876,0.0320992978367289));
#13119=CARTESIAN_POINT('',(-0.0415729222903721,0.11609954757817,0.0308203398464315));
#13120=CARTESIAN_POINT('',(-0.0410934014866801,0.115268993182889,0.0329825334440327));
#13121=CARTESIAN_POINT('',(-0.0463976003039002,0.11332849878533,0.0308259021254915));
#13122=CARTESIAN_POINT('',(-0.0459180795002082,0.11249794439005,0.0329880957230927));
#13123=CARTESIAN_POINT('',(-0.0453601309296253,0.11153154911779,0.00514427196565604));
#13124=CARTESIAN_POINT('',(-0.139497721484904,0.1173584725957,0.0312102901604958));
#13125=CARTESIAN_POINT('',(-0.0845051083445922,0.0856084725956995,0.0312102901604958));
#13126=CARTESIAN_POINT('',(-0.0825010452384502,0.0890796117171117,0.029432484597899));
#13127=CARTESIAN_POINT('',(-0.137493658378762,0.120829611717112,0.029432484597899));
#13128=CARTESIAN_POINT('',(-0.123092137188976,0.112514889581449,0.029432484597899));
#13129=CARTESIAN_POINT('',(-0.121474117094588,0.115317382592597,0.0279971380185517));
#13130=CARTESIAN_POINT('',(-0.123101920499792,0.11249794439005,0.0294411633786896));
#13131=CARTESIAN_POINT('',(-0.139479167746532,0.117336463797435,0.0312146295501825));
#13132=CARTESIAN_POINT('',(-0.133702107076858,0.116304145295614,0.0303299612631225));
#13133=CARTESIAN_POINT('',(-0.127926598508046,0.115268993179861,0.0294467256577434));
#13134=CARTESIAN_POINT('',(-0.123101920499792,0.11249794439005,0.0294411633786896));
#13135=CARTESIAN_POINT('',(-0.139479167746532,0.117336463797435,0.0312146295501825));
#13136=CARTESIAN_POINT('',(-0.139479167760533,0.117336463809381,0.0312146295486986));
#13137=CARTESIAN_POINT('',(-0.135696623374192,0.11284954175624,0.0320992978367289));
#13138=CARTESIAN_POINT('',(-0.13191240105775,0.108365380667,0.0329825334440327));
#13139=CARTESIAN_POINT('',(-0.12710026340126,0.105572611338624,0.0329880957230925));
#13140=CARTESIAN_POINT('',(-0.12710026340126,0.105572611338624,0.0329880957230925));
#13141=CARTESIAN_POINT('',(-0.141501784591046,0.113887333474287,0.0329880957230925));
#13142=CARTESIAN_POINT('',(-0.141494152053301,0.113900553417452,0.0316952529335394));
#13143=CARTESIAN_POINT('',(-0.141486519515556,0.113913773360617,0.0304024101439863));
#13144=CARTESIAN_POINT('',(-0.13337827596104,0.109232476761762,0.0304024101439863));
#13145=CARTESIAN_POINT('',(-0.0884778127504885,0.0833091822404114,0.0304024101439863));
#13146=CARTESIAN_POINT('',(-0.0884980029726556,0.0832975254102083,0.0321123776554776));
#13147=CARTESIAN_POINT('',(-0.127100272488912,0.105572616599048,0.0329880957178433));
#13148=CARTESIAN_POINT('',(-0.128241611089611,0.106231675209057,0.0329802871637653));
#13149=CARTESIAN_POINT('',(-0.1304443892229,0.107511619532653,0.0323810640004178));
#13150=CARTESIAN_POINT('',(-0.132431367664885,0.108676078915322,0.0311138742780641));
#13151=CARTESIAN_POINT('',(-0.13337827596104,0.109232476761762,0.0304024101439863));
#13152=CARTESIAN_POINT('',(-0.139490088947159,0.117371692538864,0.0292012050719932));
#13153=CARTESIAN_POINT('',(-0.110239369445184,0.070745141624744,0.0369491172245944));
#13154=CARTESIAN_POINT('',(-0.13337827596104,0.109232476761762,0.0304024101439863));
#13155=CARTESIAN_POINT('',(-0.135727030379858,0.111547710544771,0.0301525116720096));
#13156=CARTESIAN_POINT('',(-0.137798142712494,0.114106598568228,0.0297973704369654));
#13157=CARTESIAN_POINT('',(-0.139871652190743,0.116656660835079,0.0294448891836854));
#13158=CARTESIAN_POINT('',(-0.139871652176835,0.11665666082297,0.029444889184748));
#13159=CARTESIAN_POINT('',(-0.123382755521839,0.11201152386332,0.028174858179881));
#13160=CARTESIAN_POINT('',(-0.125887729611975,0.11344983382399,0.028176926165772));
#13161=CARTESIAN_POINT('',(-0.131379997974396,0.115303899134614,0.0285200220370417));
#13162=CARTESIAN_POINT('',(-0.137043237671438,0.116202848103594,0.0291376750690689));
#13163=CARTESIAN_POINT('',(-0.139871652176835,0.11665666082297,0.029444889184748));
#13164=CARTESIAN_POINT('',(-0.123382755521839,0.11201152386332,0.028174858179881));
#13165=CARTESIAN_POINT('',(-0.125088567757373,0.109056970403201,0.0292012050719932));
#13166=CARTESIAN_POINT('',(-0.123092137188976,0.112514889581449,0.028));
#13167=CARTESIAN_POINT('',(-0.137493658378762,0.120829611717112,0.028));
#13168=CARTESIAN_POINT('',(-0.0825010452384502,0.0890796117171117,0.028));
#13169=CARTESIAN_POINT('',(-0.0844974758068472,0.0856216925388644,0.0292012050719932));
#13170=CARTESIAN_POINT('',(-0.137493658378762,0.120829611717112,0.0287162422989495));
#13171=CARTESIAN_POINT('',(-0.123092137188976,0.112514889581449,0.0287162422989495));
#13172=CARTESIAN_POINT('',(-0.0825010452384502,0.0890796117171117,0.0287162422989495));
#13173=CARTESIAN_POINT('',(-0.139874007083417,0.116652582005123,0.0294342707425554));
#13174=CARTESIAN_POINT('',(-0.139479167746532,0.117336463797434,0.0312146295501826));
#13175=CARTESIAN_POINT('',(-0.134096946413743,0.115620263503302,0.0285496024554954));
#13176=CARTESIAN_POINT('',(-0.133702107076858,0.116304145295614,0.0303299612631225));
#13177=CARTESIAN_POINT('',(-0.128321437844931,0.114585111387549,0.0276663668501164));
#13178=CARTESIAN_POINT('',(-0.127926598508046,0.115268993179861,0.0294467256577436));
#13179=CARTESIAN_POINT('',(-0.123496759836677,0.111814062597738,0.0276608045710626));
#13180=CARTESIAN_POINT('',(-0.123101920499792,0.11249794439005,0.0294411633786897));
#13181=CARTESIAN_POINT('',(-0.128170118235881,0.103719568408337,0.00658829732579395));
#13182=CARTESIAN_POINT('',(-0.144547365482621,0.108558087815722,0.00836176349728683));
#13183=CARTESIAN_POINT('',(-0.139958688564225,0.116505909414101,0.0290524359510975));
#13184=CARTESIAN_POINT('',(-0.139479167760533,0.117336463809381,0.0312146295486987));
#13185=CARTESIAN_POINT('',(-0.136176144177884,0.112018987360959,0.0299371042391277));
#13186=CARTESIAN_POINT('',(-0.135696623374192,0.11284954175624,0.0320992978367289));
#13187=CARTESIAN_POINT('',(-0.132391921861442,0.107534826271719,0.0308203398464315));
#13188=CARTESIAN_POINT('',(-0.13191240105775,0.108365380667,0.0329825334440327));
#13189=CARTESIAN_POINT('',(-0.127579784204952,0.104742056943344,0.0308259021254915));
#13190=CARTESIAN_POINT('',(-0.12710026340126,0.105572611338624,0.0329880957230926));
#13191=CARTESIAN_POINT('',(-0.126542314830677,0.106539006610884,0.00514427196565604));
#13192=CARTESIAN_POINT('',(-0.0873924457603025,0.0387294442713261,0.00514427196565604));
#13193=CARTESIAN_POINT('',(-0.0844849516136945,0.0387294442713261,0.0292012050719932));
#13194=CARTESIAN_POINT('',(-0.0810733271426256,0.0387294442713261,0.028174858179881));
#13195=CARTESIAN_POINT('',(-0.0804920904769004,0.0387294442713261,0.028));
#13196=CARTESIAN_POINT('',(-0.0804920904769004,0.0387294442713261,0.0287162422989495));
#13197=CARTESIAN_POINT('',(-0.0804920904769004,0.0387294442713261,0.029432484597899));
#13198=CARTESIAN_POINT('',(-0.0772560502881236,0.0387294442713261,0.0279971380185517));
#13199=CARTESIAN_POINT('',(-0.0805116570985317,0.0387294442713261,0.0294411633786896));
#13200=CARTESIAN_POINT('',(-0.0906480525707106,0.0387294442713261,0.00658829732579395));
#13201=CARTESIAN_POINT('',(-0.0854690416024409,0.0221270723897991,0.0290524359510975));
#13202=CARTESIAN_POINT('',(-0.084509999995057,0.0221270723897991,0.0312146295486987));
#13203=CARTESIAN_POINT('',(-0.0874635578920913,0.0276463129458837,0.0299371042391277));
#13204=CARTESIAN_POINT('',(-0.0865045162847074,0.0276463129458837,0.0320992978367289));
#13205=CARTESIAN_POINT('',(-0.0894548441518136,0.0331656261501106,0.0308203398464315));
#13206=CARTESIAN_POINT('',(-0.0884958025444297,0.0331656261501106,0.0329825334440327));
#13207=CARTESIAN_POINT('',(-0.0894673845088522,0.0387294442713261,0.0308259021254915));
#13208=CARTESIAN_POINT('',(-0.0885083429014683,0.0387294442713261,0.0329880957230926));
#13209=CARTESIAN_POINT('',(-0.0885083428896338,0.0387294337709773,0.0329880957178433));
#13210=CARTESIAN_POINT('',(-0.0885082506911326,0.0374114762434471,0.0329802871637653));
#13211=CARTESIAN_POINT('',(-0.0885011754581131,0.0348638422593195,0.0323810640004181));
#13212=CARTESIAN_POINT('',(-0.088486213272039,0.0325608387604547,0.0311138742780641));
#13213=CARTESIAN_POINT('',(-0.0884778127504885,0.0314625931977101,0.0304024101439863));
#13214=CARTESIAN_POINT('',(-0.0885083429014683,0.0387294442713261,0.0329880957230925));
#13215=CARTESIAN_POINT('',(-0.0884778127504885,0.0314625931977101,0.0304024101439863));
#13216=CARTESIAN_POINT('',(-0.0884778127504885,0.0314625931977101,0.0304024101439863));
#13217=CARTESIAN_POINT('',(-0.0876471386881118,0.0282708953122576,0.0301525116720096));
#13218=CARTESIAN_POINT('',(-0.0864666328206766,0.0251978154063758,0.0297973704369655));
#13219=CARTESIAN_POINT('',(-0.0852949688554762,0.0221270723897991,0.0294448891836854));
#13220=CARTESIAN_POINT('',(-0.0852949688590084,0.0221270724078981,0.029444889184748));
#13221=CARTESIAN_POINT('',(-0.0946463954705814,0.0221270724078981,0.00836176349728683));
#13222=CARTESIAN_POINT('',(-0.0845099999984025,0.0221270724078981,0.0312146295501825));
#13223=CARTESIAN_POINT('',(-0.084509999995057,0.0221270723897991,0.0312146295486986));
#13224=CARTESIAN_POINT('',(-0.0865045162847074,0.0276463129458838,0.0320992978367289));
#13225=CARTESIAN_POINT('',(-0.0884958025444298,0.0331656261501106,0.0329825334440327));
#13226=CARTESIAN_POINT('',(-0.0885083429014683,0.0387294442713261,0.0329880957230925));
#13227=CARTESIAN_POINT('',(-0.0852996786721721,0.0221270724078981,0.0294342707425554));
#13228=CARTESIAN_POINT('',(-0.0845099999984025,0.0221270724078981,0.0312146295501826));
#13229=CARTESIAN_POINT('',(-0.0833051623847089,0.0276463129579499,0.0285496024554954));
#13230=CARTESIAN_POINT('',(-0.0825154837109393,0.0276463129579499,0.0303299612631225));
#13231=CARTESIAN_POINT('',(-0.0813138761293262,0.0331656261561923,0.0276663668501164));
#13232=CARTESIAN_POINT('',(-0.0805241974555566,0.0331656261561923,0.0294467256577435));
#13233=CARTESIAN_POINT('',(-0.0813013357723013,0.038729444271326,0.0276608045710626));
#13234=CARTESIAN_POINT('',(-0.0805116570985317,0.038729444271326,0.0294411633786897));
#13235=CARTESIAN_POINT('',(-0.0845099999984025,0.0221270724078981,0.0312146295501825));
#13236=CARTESIAN_POINT('',(-0.0825154837109393,0.0276463129579499,0.0303299612631225));
#13237=CARTESIAN_POINT('',(-0.0805241974555566,0.0331656261561923,0.0294467256577434));
#13238=CARTESIAN_POINT('',(-0.0805116570985317,0.038729444271326,0.0294411633786896));
#13239=CARTESIAN_POINT('',(-0.0810733271426256,0.038729444271326,0.028174858179881));
#13240=CARTESIAN_POINT('',(-0.0810802012232367,0.0358409180931112,0.028176926165772));
#13241=CARTESIAN_POINT('',(-0.082220667745172,0.030157441511541,0.0285200220370416));
#13242=CARTESIAN_POINT('',(-0.0842737749498497,0.0248034575816918,0.0291376750690689));
#13243=CARTESIAN_POINT('',(-0.0852949688590084,0.0221270724078981,0.029444889184748));
#13244=CARTESIAN_POINT('',(-0.0804920904769004,0.0221,0.0287162422989495));
#13245=CARTESIAN_POINT('',(-0.0804920904769004,0.0221,0.029432484597899));
#13246=CARTESIAN_POINT('',(-0.0804920904769004,0.0221,0.028));
#13247=CARTESIAN_POINT('',(-0.0884930778259784,0.0221,0.0316952529335394));
#13248=CARTESIAN_POINT('',(-0.0884778127504885,0.0221,0.0304024101439863));
#13249=CARTESIAN_POINT('',(-0.0885083429014683,0.0221,0.0329880957230925));
#13250=CARTESIAN_POINT('',(-0.0844849516136945,0.0221,0.0292012050719932));
#13251=CARTESIAN_POINT('',(-0.0576153796470098,0.0390171510983448,0.0211178119804464));
#13252=CARTESIAN_POINT('',(-0.0845002166891843,0.0221,0.0312102901604958));
#13253=CARTESIAN_POINT('',(-0.0845051083445922,0.0855915274043005,0.0304940478615463));
#13254=CARTESIAN_POINT('',(-0.0845002166891843,0.0856,0.0304940478615463));
#13255=CARTESIAN_POINT('',(-0.0845051083445922,0.0856084725956995,0.0304940478615463));
#13256=CARTESIAN_POINT('',(-0.0845051083445922,0.0856084725956995,0.0304940478615463));
#13257=CARTESIAN_POINT('',(-0.110714530281011,0.0402124221648122,0.0428376566791386));
#13258=CARTESIAN_POINT('',(-0.08451,0.0856,0.0312146295508911));
#13259=CARTESIAN_POINT('',(-0.0845051083445922,0.0856084725956995,0.0312102901604958));
#13260=CARTESIAN_POINT('',(-0.0845002166891843,0.0221,0.0312102901604958));
#13261=CARTESIAN_POINT('',(-0.0845002166891843,0.0856,0.0312102901604958));
#13262=CARTESIAN_POINT('',(-0.10846317163273,0.071770629909898,0.0418390658872501));
#13263=CARTESIAN_POINT('',(-0.0845002166891843,0.0856,0.0304940478615463));
#13264=CARTESIAN_POINT('',(-0.0843483597288637,0.0856,0.0311787817559433));
#13265=CARTESIAN_POINT('',(-0.139497721484904,0.1173584725957,0.0312102901604958));
#13266=CARTESIAN_POINT('',(-0.0295124952042803,0.1173415274043,0.0312102901604958));
#13267=CARTESIAN_POINT('',(-0.0605415244305939,0.0717617941779384,0.0205834051489096));
#13268=CARTESIAN_POINT('',(-0.0845051083445922,0.0855915274043005,0.0312102901604958));
#13269=CARTESIAN_POINT('',(-0.0845051083445922,0.0855915274043005,0.0304940478615463));
#13270=CARTESIAN_POINT('',(-0.0845814954520029,0.0857238337553791,0.0311829177220865));
#13271=CARTESIAN_POINT('',(-0.139497721484904,0.1173584725957,0.0312102901604958));
#13272=CARTESIAN_POINT('',(-0.0845002166891843,0.0221,0.0312102901604958));
#13273=CARTESIAN_POINT('',(-0.0844849516136945,0.0221,0.0292012050719932));
#13274=CARTESIAN_POINT('',(-0.0576153796470098,0.0390171510983448,0.0211178119804464));
#13275=CARTESIAN_POINT('',(-0.08451,0.0856,0.0292087405829074));
#13276=CARTESIAN_POINT('',(-0.110239369445184,0.070745141624744,0.0369491172245944));
#13277=CARTESIAN_POINT('',(-0.139490088947159,0.117371692538864,0.0292012050719932));
#13278=CARTESIAN_POINT('',(-0.0844974758068472,0.0856216925388644,0.0292012050719932));
#13279=CARTESIAN_POINT('',(-0.0295048626665354,0.117328307461136,0.0292012050719932));
#13280=CARTESIAN_POINT('',(-0.0576287351446649,0.132159716501156,0.037295651341779));
#13281=CARTESIAN_POINT('',(-0.0846894903093134,0.0856,0.029235739351777));
#13282=CARTESIAN_POINT('',(-0.0844849516136945,0.0221,0.0292012050719932));
#13283=CARTESIAN_POINT('',(-0.0844849516136945,0.0856,0.0292012050719932));
#13284=CARTESIAN_POINT('',(-0.0587422618977631,0.0707229894702657,0.0214568211843153));
#13285=CARTESIAN_POINT('',(-0.0295048626665354,0.117328307461136,0.0292012050719932));
#13286=CARTESIAN_POINT('',(-0.0844974758068472,0.0855783074611356,0.0292012050719932));
#13287=CARTESIAN_POINT('',(-0.0845051083445922,0.0856084725956995,0.0304940478615463));
#13288=CARTESIAN_POINT('',(-0.0845002166891843,0.0856,0.0304940478615463));
#13289=CARTESIAN_POINT('',(-0.0845051083445922,0.0855915274043005,0.0304940478615463));
#13290=CARTESIAN_POINT('',(0.,0.,0.));
#13291=CARTESIAN_POINT('',(-0.047729707730092,-0.0371231060122938,0.015));
#13292=CARTESIAN_POINT('',(-0.047729707730092,-0.0371231060122938,0.));
#13293=CARTESIAN_POINT('',(-0.0758632569340153,-0.0652566552162171,4.33680868994202E-19));
#13294=CARTESIAN_POINT('',(-0.0763122392555258,-0.0657056375377276,0.));
#13295=CARTESIAN_POINT('',(-0.0763122392555258,-0.0657056375377276,0.015));
#13296=CARTESIAN_POINT('',(-0.0763122392555258,-0.0657056375377276,0.015));
#13297=CARTESIAN_POINT('',(-0.047729707730092,-0.0371231060122938,0.015));
#13298=CARTESIAN_POINT('',(-0.0249962247149444,-0.0143896229971462,0.015));
#13299=CARTESIAN_POINT('',(-0.0249962247149444,-0.0143896229971462,0.015));
#13300=CARTESIAN_POINT('',(-0.0249962247149444,-0.0143896229971462,0.01));
#13301=CARTESIAN_POINT('',(-0.047729707730092,-0.0371231060122938,0.01));
#13302=CARTESIAN_POINT('',(-0.0176776695296637,-0.00707106781186546,0.01));
#13303=CARTESIAN_POINT('',(-0.0176776695296637,-0.00707106781186546,0.015));
#13304=CARTESIAN_POINT('',(-0.0176776695296637,-0.00707106781186547,0.005));
#13305=CARTESIAN_POINT('',(-0.0758632569340153,-0.0652566552162171,0.007));
#13306=CARTESIAN_POINT('',(-0.0518307373022978,-0.0412241355844996,0.00826133333583849));
#13307=CARTESIAN_POINT('',(-0.0277982176705803,-0.017191615952782,0.00952266667167696));
#13308=CARTESIAN_POINT('',(-0.0176776695296598,-0.00707106781186153,0.00499999999999824));
#13309=CARTESIAN_POINT('',(-0.0758632569340153,-0.0652566552162171,0.007));
#13310=CARTESIAN_POINT('',(-0.0758632569340153,-0.065256655216217,0.0035));
#13311=CARTESIAN_POINT('',(-0.0371231060122938,-0.047729707730092,0.015));
#13312=CARTESIAN_POINT('',(-0.0652566552162171,-0.0758632569340153,0.015));
#13313=CARTESIAN_POINT('',(-0.0652566552162171,-0.0758632569340153,4.33680868994202E-19));
#13314=CARTESIAN_POINT('',(-0.0652566552162171,-0.0758632569340153,0.007));
#13315=CARTESIAN_POINT('',(-0.0652566552162171,-0.0758632569340153,0.007));
#13316=CARTESIAN_POINT('',(-0.0412241355844996,-0.0518307373022978,0.00826133333583849));
#13317=CARTESIAN_POINT('',(-0.0171916159527821,-0.0277982176705803,0.00952266667167696));
#13318=CARTESIAN_POINT('',(-0.00707106781186155,-0.0176776695296598,0.00499999999999824));
#13319=CARTESIAN_POINT('',(-0.00707106781186547,-0.0176776695296637,0.005));
#13320=CARTESIAN_POINT('',(-0.0070710678118655,-0.0176776695296637,0.015));
#13321=CARTESIAN_POINT('',(-0.00707106781186551,-0.0176776695296637,0.01));
#13322=CARTESIAN_POINT('',(-0.0371231060122938,-0.047729707730092,0.01));
#13323=CARTESIAN_POINT('',(-0.0143896229971463,-0.0249962247149444,0.01));
#13324=CARTESIAN_POINT('',(-0.0143896229971463,-0.0249962247149444,0.015));
#13325=CARTESIAN_POINT('',(-0.0143896229971463,-0.0249962247149444,0.015));
#13326=CARTESIAN_POINT('',(-0.0371231060122938,-0.047729707730092,0.015));
#13327=CARTESIAN_POINT('',(-0.0657056375377276,-0.0763122392555258,0.015));
#13328=CARTESIAN_POINT('',(-0.0657056375377276,-0.0763122392555258,0.015));
#13329=CARTESIAN_POINT('',(-0.0657056375377276,-0.0763122392555258,0.));
#13330=CARTESIAN_POINT('',(-0.0371231060122938,-0.047729707730092,0.));
#13331=CARTESIAN_POINT('',(-2.66952966369513E-06,-0.0176776695296637,-0.015));
#13332=CARTESIAN_POINT('',(-0.0176776695296637,-0.0176776695296637,-0.015));
#13333=CARTESIAN_POINT('',(-0.0176776695296637,-0.0176776695296637,0.00663418932975525));
#13334=CARTESIAN_POINT('',(-0.0176776695296637,-0.0176776695296637,0.01));
#13335=CARTESIAN_POINT('',(-2.66952966369513E-06,-0.0176776695296637,0.01));
#13336=CARTESIAN_POINT('',(-0.0176776695296637,-0.0176776695296637,0.00663418932975525));
#13337=CARTESIAN_POINT('',(-0.0141164569891418,-0.0176776695296637,0.00625612509478473));
#13338=CARTESIAN_POINT('',(-0.0105700730065001,-0.0176776695296579,0.00578181704970144));
#13339=CARTESIAN_POINT('',(-0.00707106781186053,-0.0176776695296579,0.00499999999999824));
#13340=CARTESIAN_POINT('',(-0.0176776695296637,-2.66952966369166E-06,-0.015));
#13341=CARTESIAN_POINT('',(-0.0176776695296637,-0.0176776695296637,0.00663418932975525));
#13342=CARTESIAN_POINT('',(-0.0176776695296637,-0.0141164569891418,0.00625612509478473));
#13343=CARTESIAN_POINT('',(-0.0176776695296579,-0.0105700730065001,0.00578181704970144));
#13344=CARTESIAN_POINT('',(-0.0176776695296579,-0.00707106781186051,0.00499999999999824));
#13345=CARTESIAN_POINT('',(-0.0176776695296637,-2.66952966369166E-06,0.01));
#13346=CARTESIAN_POINT('',(-0.0164402326625873,-0.0217435335214863,-0.015));
#13347=CARTESIAN_POINT('',(-0.0164402326625873,-0.0217435335214863,0.01));
#13348=CARTESIAN_POINT('',(-0.0142902326625873,-0.0217435335214863,0.01));
#13349=CARTESIAN_POINT('',(-0.0147578565510096,-0.020051944575461,0.00657472109943735));
#13350=CARTESIAN_POINT('',(-0.0140576015928187,-0.021746898027437,0.00668454465762949));
#13351=CARTESIAN_POINT('',(-0.0147531330532389,-0.0234216644437091,0.0069156405582562));
#13352=CARTESIAN_POINT('',(-0.016426485405536,-0.0241261648728516,0.00711124817519146));
#13353=CARTESIAN_POINT('',(-0.0181227567628992,-0.0234347396762444,0.00718476394586669));
#13354=CARTESIAN_POINT('',(-0.0188233806451084,-0.0217398815757201,0.0071120547210078));
#13355=CARTESIAN_POINT('',(-0.0181251161031667,-0.020063240719322,0.00691684892713573));
#13356=CARTESIAN_POINT('',(-0.0164540613929132,-0.0193615363561057,0.00668571855391959));
#13357=CARTESIAN_POINT('',(-0.0147578565510096,-0.020051944575461,0.00657472109943735));
#13358=CARTESIAN_POINT('',(-0.0140576015928187,-0.021746898027437,0.00668454465762949));
#13359=CARTESIAN_POINT('',(-0.0147531330532389,-0.0234216644437091,0.0069156405582562));
#13360=CARTESIAN_POINT('',(-0.0142902326625872,-0.0217435335214863,0.00670475671470192));
#13361=CARTESIAN_POINT('',(-0.021743011748025,-0.0164397108891259,-0.015));
#13362=CARTESIAN_POINT('',(-0.021743011748025,-0.0164397108891259,0.01));
#13363=CARTESIAN_POINT('',(-0.019593011748025,-0.0164397108891259,0.01));
#13364=CARTESIAN_POINT('',(-0.020060635771152,-0.0147481213459395,0.00657460648159513));
#13365=CARTESIAN_POINT('',(-0.0193603807412508,-0.0164430757544573,0.00668443713222734));
#13366=CARTESIAN_POINT('',(-0.0200559117519948,-0.0181178409709868,0.00691554719285961));
#13367=CARTESIAN_POINT('',(-0.0217292630319779,-0.0188223422848667,0.00711116665127489));
#13368=CARTESIAN_POINT('',(-0.0234255356648112,-0.0181309176771614,0.0071846869899501));
#13369=CARTESIAN_POINT('',(-0.0241261598278963,-0.0164360584514669,0.00711197332327426));
#13370=CARTESIAN_POINT('',(-0.0234278949824205,-0.0147594183422274,0.00691675574929884));
#13371=CARTESIAN_POINT('',(-0.0217568418243175,-0.0140577138151724,0.00668561120994531));
#13372=CARTESIAN_POINT('',(-0.020060635771152,-0.0147481213459395,0.00657460648159513));
#13373=CARTESIAN_POINT('',(-0.0193603807412508,-0.0164430757544573,0.00668443713222734));
#13374=CARTESIAN_POINT('',(-0.0200559117519948,-0.0181178409709868,0.00691554719285961));
#13375=CARTESIAN_POINT('',(-0.019593011748025,-0.0164397108891259,0.00670465036722735));
#13376=CARTESIAN_POINT('',(-0.0424264068711928,-0.0424264068711928,0.));
#13377=CARTESIAN_POINT('',(-0.0848527606575789,-0.0928527606575789,0.));
#13378=CARTESIAN_POINT('',(-0.0864515888415465,-0.0929139851473748,0.));
#13379=CARTESIAN_POINT('',(-0.0832539324736113,-0.0929139851473748,0.));
#13380=CARTESIAN_POINT('',(-0.104438405911182,-0.0936027606575789,0.));
#13381=CARTESIAN_POINT('',(-0.0864515888415465,-0.0942915361677829,0.));
#13382=CARTESIAN_POINT('',(-0.0848527606575789,-0.0943527606575789,0.));
#13383=CARTESIAN_POINT('',(-0.0832539324736113,-0.0942915361677829,0.));
#13384=CARTESIAN_POINT('',(-0.0652671154039754,-0.0936027606575789,0.));
#13385=CARTESIAN_POINT('',(-0.0848527606575789,-0.0848527606575789,0.));
#13386=CARTESIAN_POINT('',(-0.0888527606575789,-0.0848527606575789,0.));
#13387=CARTESIAN_POINT('',(-0.0768527606575789,-0.0848527606575789,0.));
#13388=CARTESIAN_POINT('',(-0.076791536167783,-0.0832539324736112,0.));
#13389=CARTESIAN_POINT('',(-0.076791536167783,-0.0864515888415465,0.));
#13390=CARTESIAN_POINT('',(-0.076102760657579,-0.104438405911182,0.));
#13391=CARTESIAN_POINT('',(-0.0754139851473748,-0.0864515888415465,0.));
#13392=CARTESIAN_POINT('',(-0.0753527606575789,-0.0848527606575789,0.));
#13393=CARTESIAN_POINT('',(-0.0754139851473748,-0.0832539324736113,0.));
#13394=CARTESIAN_POINT('',(-0.0761027606575787,-0.0652671154039754,0.));
#13395=CARTESIAN_POINT('',(-0.0848527606575789,-0.0768527606575789,0.));
#13396=CARTESIAN_POINT('',(-0.0832539324736113,-0.076791536167783,0.));
#13397=CARTESIAN_POINT('',(-0.0864515888415465,-0.0767915361677829,0.));
#13398=CARTESIAN_POINT('',(-0.0652671154039754,-0.0761027606575791,0.));
#13399=CARTESIAN_POINT('',(-0.0832539324736113,-0.0754139851473748,0.));
#13400=CARTESIAN_POINT('',(-0.0848527606575789,-0.0753527606575789,0.));
#13401=CARTESIAN_POINT('',(-0.0864515888415465,-0.0754139851473748,0.));
#13402=CARTESIAN_POINT('',(-0.104438405911182,-0.0761027606575787,0.));
#13403=CARTESIAN_POINT('',(-0.0943527606575789,-0.0848527606575789,0.));
#13404=CARTESIAN_POINT('',(-0.094291536167783,-0.0832539324736112,0.));
#13405=CARTESIAN_POINT('',(-0.094291536167783,-0.0864515888415465,0.));
#13406=CARTESIAN_POINT('',(-0.093602760657579,-0.104438405911182,0.));
#13407=CARTESIAN_POINT('',(-0.0929139851473748,-0.0864515888415465,0.));
#13408=CARTESIAN_POINT('',(-0.0928527606575789,-0.0848527606575789,0.));
#13409=CARTESIAN_POINT('',(-0.0929139851473748,-0.0832539324736112,0.));
#13410=CARTESIAN_POINT('',(-0.093602760657579,-0.0652671154039754,0.));
#13411=CARTESIAN_POINT('',(-0.0654722152000765,-0.0814096616545279,0.));
#13412=CARTESIAN_POINT('',(-0.0652387928624253,-0.0865070840535301,0.));
#13413=CARTESIAN_POINT('',(-0.0699785401074033,-0.0940730554824619,0.));
#13414=CARTESIAN_POINT('',(-0.0747182873523813,-0.101639026911394,0.));
#13415=CARTESIAN_POINT('',(-0.083766812633644,-0.101639026911394,0.));
#13416=CARTESIAN_POINT('',(-0.0928153379149067,-0.101639026911394,0.));
#13417=CARTESIAN_POINT('',(-0.0950212601640285,-0.0994331046622721,0.));
#13418=CARTESIAN_POINT('',(-0.101639026911394,-0.0928153379149067,0.));
#13419=CARTESIAN_POINT('',(-0.101639026911394,-0.083766812633644,0.));
#13420=CARTESIAN_POINT('',(-0.101639026911394,-0.0747182873523812,0.));
#13421=CARTESIAN_POINT('',(-0.094073055482462,-0.0699785401074033,0.));
#13422=CARTESIAN_POINT('',(-0.0865070840535301,-0.0652387928624253,0.));
#13423=CARTESIAN_POINT('',(-0.081409661654528,-0.0654722152000764,0.));
#13424=CARTESIAN_POINT('',(-0.0581855874043516,-0.0829343247458808,4.33680868994202E-19));
#13425=CARTESIAN_POINT('',(3.77528505555308E-06,3.77528505554614E-06,0.01));
#13426=CARTESIAN_POINT('',(-0.0249962247149444,3.77528505554961E-06,0.01));
#13427=CARTESIAN_POINT('',(-0.0249962247149444,-0.0249962247149444,0.01));
#13428=CARTESIAN_POINT('',(3.77528505554961E-06,-0.0249962247149444,0.01));
#13429=CARTESIAN_POINT('',(-0.0424264068711928,-0.0424264068711928,0.015));
#13430=CARTESIAN_POINT('',(3.77528505554961E-06,-0.0249962247149444,0.015));
#13431=CARTESIAN_POINT('',(-0.0249962247149444,-0.0249962247149444,0.015));
#13432=CARTESIAN_POINT('',(-0.0249962247149444,3.77528505554961E-06,0.015));
#13433=CARTESIAN_POINT('',(-0.081409661654528,-0.0654722152000764,0.015));
#13434=CARTESIAN_POINT('',(-0.0865070840535301,-0.0652387928624253,0.015));
#13435=CARTESIAN_POINT('',(-0.094073055482462,-0.0699785401074033,0.015));
#13436=CARTESIAN_POINT('',(-0.101639026911394,-0.0747182873523812,0.015));
#13437=CARTESIAN_POINT('',(-0.101639026911394,-0.083766812633644,0.015));
#13438=CARTESIAN_POINT('',(-0.101639026911394,-0.0928153379149067,0.015));
#13439=CARTESIAN_POINT('',(-0.0950212601640285,-0.0994331046622721,0.015));
#13440=CARTESIAN_POINT('',(-0.0928153379149067,-0.101639026911394,0.015));
#13441=CARTESIAN_POINT('',(-0.083766812633644,-0.101639026911394,0.015));
#13442=CARTESIAN_POINT('',(-0.0747182873523813,-0.101639026911394,0.015));
#13443=CARTESIAN_POINT('',(-0.0699785401074033,-0.0940730554824619,0.015));
#13444=CARTESIAN_POINT('',(-0.0652387928624253,-0.0865070840535301,0.015));
#13445=CARTESIAN_POINT('',(-0.0654722152000765,-0.0814096616545279,0.015));
#13446=CARTESIAN_POINT('',(-0.0848528137423857,-0.0848528137423857,0.015));
#13447=CARTESIAN_POINT('',(-0.0688528137423857,-0.0848528137423857,0.015));
#13448=CARTESIAN_POINT('',(-0.0540668225861363,-0.0486556212009254,0.015));
#13449=CARTESIAN_POINT('',(-0.0737145390892321,-0.0683033377040213,0.015));
#13450=CARTESIAN_POINT('',(-0.0344191060830404,-0.0290079046978295,0.015));
#13451=CARTESIAN_POINT('',(-0.0324500789129913,-0.028265163395813,0.015));
#13452=CARTESIAN_POINT('',(-0.0304810517429423,-0.0275224220937964,0.015));
#13453=CARTESIAN_POINT('',(-0.0292544141858375,-0.0277750993612646,0.015));
#13454=CARTESIAN_POINT('',(-0.0280277766287327,-0.0280277766287327,0.015));
#13455=CARTESIAN_POINT('',(-0.0277750993612646,-0.0292544141858375,0.015));
#13456=CARTESIAN_POINT('',(-0.0275224220937964,-0.0304810517429423,0.015));
#13457=CARTESIAN_POINT('',(-0.028265163395813,-0.0324500789129913,0.015));
#13458=CARTESIAN_POINT('',(-0.0290079046978296,-0.0344191060830404,0.015));
#13459=CARTESIAN_POINT('',(-0.0486556212009254,-0.0540668225861363,0.015));
#13460=CARTESIAN_POINT('',(-0.0683033377040213,-0.0737145390892321,0.015));
#13461=CARTESIAN_POINT('',(-0.069656138050324,-0.0723617387429294,0.015));
#13462=CARTESIAN_POINT('',(-0.0834951645809925,-0.0834951645809925,0.004));
#13463=CARTESIAN_POINT('',(-0.0928527606575789,-0.0848527606575789,0.004));
#13464=CARTESIAN_POINT('',(-0.0929139851473748,-0.0864515888415465,0.004));
#13465=CARTESIAN_POINT('',(-0.0929139851473748,-0.0832539324736112,0.004));
#13466=CARTESIAN_POINT('',(-0.093602760657579,-0.104438405911182,0.004));
#13467=CARTESIAN_POINT('',(-0.094291536167783,-0.0864515888415465,0.004));
#13468=CARTESIAN_POINT('',(-0.0943527606575789,-0.0848527606575789,0.004));
#13469=CARTESIAN_POINT('',(-0.094291536167783,-0.0832539324736112,0.004));
#13470=CARTESIAN_POINT('',(-0.093602760657579,-0.0652671154039754,0.004));
#13471=CARTESIAN_POINT('',(-0.0848527606575789,-0.0753527606575789,0.004));
#13472=CARTESIAN_POINT('',(-0.0864515888415465,-0.0754139851473748,0.004));
#13473=CARTESIAN_POINT('',(-0.0832539324736113,-0.0754139851473748,0.004));
#13474=CARTESIAN_POINT('',(-0.0652671154039754,-0.0761027606575791,0.004));
#13475=CARTESIAN_POINT('',(-0.0832539324736113,-0.076791536167783,0.004));
#13476=CARTESIAN_POINT('',(-0.0848527606575789,-0.0768527606575789,0.004));
#13477=CARTESIAN_POINT('',(-0.0864515888415465,-0.0767915361677829,0.004));
#13478=CARTESIAN_POINT('',(-0.104438405911182,-0.0761027606575787,0.004));
#13479=CARTESIAN_POINT('',(-0.0753527606575789,-0.0848527606575789,0.004));
#13480=CARTESIAN_POINT('',(-0.0754139851473748,-0.0864515888415465,0.004));
#13481=CARTESIAN_POINT('',(-0.0754139851473748,-0.0832539324736113,0.004));
#13482=CARTESIAN_POINT('',(-0.076102760657579,-0.104438405911182,0.004));
#13483=CARTESIAN_POINT('',(-0.076791536167783,-0.0864515888415465,0.004));
#13484=CARTESIAN_POINT('',(-0.0768527606575789,-0.0848527606575789,0.004));
#13485=CARTESIAN_POINT('',(-0.076791536167783,-0.0832539324736112,0.004));
#13486=CARTESIAN_POINT('',(-0.0761027606575787,-0.0652671154039754,0.004));
#13487=CARTESIAN_POINT('',(-0.0848527606575789,-0.0848527606575789,0.004));
#13488=CARTESIAN_POINT('',(-0.0888527606575789,-0.0848527606575789,0.004));
#13489=CARTESIAN_POINT('',(-0.0848528137423857,-0.0848528137423857,0.004));
#13490=CARTESIAN_POINT('',(-0.100852813742386,-0.0848528137423857,0.004));
#13491=CARTESIAN_POINT('',(-0.0848527606575789,-0.0943527606575789,0.004));
#13492=CARTESIAN_POINT('',(-0.0832539324736113,-0.0942915361677829,0.004));
#13493=CARTESIAN_POINT('',(-0.0864515888415465,-0.0942915361677829,0.004));
#13494=CARTESIAN_POINT('',(-0.104438405911182,-0.0936027606575789,0.004));
#13495=CARTESIAN_POINT('',(-0.0864515888415465,-0.0929139851473748,0.004));
#13496=CARTESIAN_POINT('',(-0.0848527606575789,-0.0928527606575789,0.004));
#13497=CARTESIAN_POINT('',(-0.0832539324736113,-0.0929139851473748,0.004));
#13498=CARTESIAN_POINT('',(-0.0652671154039754,-0.0936027606575789,0.004));
#13499=CARTESIAN_POINT('',(-0.0848528137423857,-0.0848528137423857,0.015));
#13500=CARTESIAN_POINT('',(-0.101639026911394,-0.083766812633644,0.015));
#13501=CARTESIAN_POINT('',(-0.101639026911394,-0.0928153379149067,0.015));
#13502=CARTESIAN_POINT('',(-0.101639026911394,-0.0747182873523812,0.015));
#13503=CARTESIAN_POINT('',(-0.094073055482462,-0.0699785401074033,0.015));
#13504=CARTESIAN_POINT('',(-0.0865070840535301,-0.0652387928624253,0.015));
#13505=CARTESIAN_POINT('',(-0.081409661654528,-0.0654722152000764,0.015));
#13506=CARTESIAN_POINT('',(-0.0654722152000765,-0.0814096616545279,0.015));
#13507=CARTESIAN_POINT('',(-0.0652387928624253,-0.0865070840535301,0.015));
#13508=CARTESIAN_POINT('',(-0.0699785401074033,-0.0940730554824619,0.015));
#13509=CARTESIAN_POINT('',(-0.0747182873523813,-0.101639026911394,0.015));
#13510=CARTESIAN_POINT('',(-0.083766812633644,-0.101639026911394,0.015));
#13511=CARTESIAN_POINT('',(-0.0928153379149067,-0.101639026911394,0.015));
#13512=CARTESIAN_POINT('',(-0.0950212601640285,-0.0994331046622721,0.015));
#13513=CARTESIAN_POINT('',(-0.0848527606575789,-0.0848527606575789,0.0059));
#13514=CARTESIAN_POINT('',(-0.0768527606575789,-0.0848527606575789,0.0059));
#13515=CARTESIAN_POINT('',(-0.076791536167783,-0.0864515888415465,0.0059));
#13516=CARTESIAN_POINT('',(-0.076791536167783,-0.0832539324736112,0.0059));
#13517=CARTESIAN_POINT('',(-0.0753527606575789,-0.0848527606575789,0.0059));
#13518=CARTESIAN_POINT('',(-0.0754139851473748,-0.0864515888415465,0.0059));
#13519=CARTESIAN_POINT('',(-0.0754139851473748,-0.0832539324736113,0.0059));
#13520=CARTESIAN_POINT('',(-0.0848527606575789,-0.0768527606575789,0.0059));
#13521=CARTESIAN_POINT('',(-0.0832539324736113,-0.076791536167783,0.0059));
#13522=CARTESIAN_POINT('',(-0.0864515888415465,-0.0767915361677829,0.0059));
#13523=CARTESIAN_POINT('',(-0.0848527606575789,-0.0753527606575789,0.0059));
#13524=CARTESIAN_POINT('',(-0.0832539324736113,-0.0754139851473748,0.0059));
#13525=CARTESIAN_POINT('',(-0.0864515888415465,-0.0754139851473748,0.0059));
#13526=CARTESIAN_POINT('',(-0.0848527606575789,-0.0928527606575789,0.0059));
#13527=CARTESIAN_POINT('',(-0.0864515888415465,-0.0929139851473748,0.0059));
#13528=CARTESIAN_POINT('',(-0.0832539324736113,-0.0929139851473748,0.0059));
#13529=CARTESIAN_POINT('',(-0.0848527606575789,-0.0943527606575789,0.0059));
#13530=CARTESIAN_POINT('',(-0.0864515888415465,-0.0942915361677829,0.0059));
#13531=CARTESIAN_POINT('',(-0.0832539324736113,-0.0942915361677829,0.0059));
#13532=CARTESIAN_POINT('',(-0.0928527606575789,-0.0848527606575789,0.0059));
#13533=CARTESIAN_POINT('',(-0.0929139851473748,-0.0864515888415465,0.0059));
#13534=CARTESIAN_POINT('',(-0.0929139851473748,-0.0832539324736112,0.0059));
#13535=CARTESIAN_POINT('',(-0.0943527606575789,-0.0848527606575789,0.0059));
#13536=CARTESIAN_POINT('',(-0.094291536167783,-0.0864515888415465,0.0059));
#13537=CARTESIAN_POINT('',(-0.094291536167783,-0.0832539324736112,0.0059));
#13538=CARTESIAN_POINT('',(-0.104438405911182,-0.0761027606575787,0.0059));
#13539=CARTESIAN_POINT('',(-0.0652671154039754,-0.0761027606575791,0.0059));
#13540=CARTESIAN_POINT('',(-0.0761027606575787,-0.0652671154039754,0.0059));
#13541=CARTESIAN_POINT('',(-0.076102760657579,-0.104438405911182,0.0059));
#13542=CARTESIAN_POINT('',(-0.0652671154039754,-0.0936027606575789,0.0059));
#13543=CARTESIAN_POINT('',(-0.104438405911182,-0.0936027606575789,0.0059));
#13544=CARTESIAN_POINT('',(-0.093602760657579,-0.0652671154039754,0.0059));
#13545=CARTESIAN_POINT('',(-0.093602760657579,-0.104438405911182,0.0059));
#13546=CARTESIAN_POINT('',(-0.069656138050324,-0.0723617387429294,0.012));
#13547=CARTESIAN_POINT('',(-0.0683033377040213,-0.0737145390892321,0.012));
#13548=CARTESIAN_POINT('',(-0.0683033377040213,-0.0737145390892321,0.012));
#13549=CARTESIAN_POINT('',(-0.069656138050324,-0.0723617387429294,0.012));
#13550=CARTESIAN_POINT('',(-0.0737145390892321,-0.0683033377040213,0.012));
#13551=CARTESIAN_POINT('',(-0.0737145390892321,-0.0683033377040213,0.012));
#13552=CARTESIAN_POINT('',(-0.0540668225861363,-0.0486556212009254,0.012));
#13553=CARTESIAN_POINT('',(-0.0540668225861363,-0.0486556212009254,0.012));
#13554=CARTESIAN_POINT('',(-0.0344191060830404,-0.0290079046978295,0.012));
#13555=CARTESIAN_POINT('',(-0.0344191060830404,-0.0290079046978295,0.012));
#13556=CARTESIAN_POINT('',(-0.0324500789129913,-0.028265163395813,0.012));
#13557=CARTESIAN_POINT('',(-0.0324500789129913,-0.028265163395813,0.012));
#13558=CARTESIAN_POINT('',(-0.0304810517429423,-0.0275224220937964,0.012));
#13559=CARTESIAN_POINT('',(-0.0304810517429423,-0.0275224220937964,0.012));
#13560=CARTESIAN_POINT('',(-0.0292544141858375,-0.0277750993612646,0.012));
#13561=CARTESIAN_POINT('',(-0.0292544141858375,-0.0277750993612646,0.012));
#13562=CARTESIAN_POINT('',(-0.0280277766287327,-0.0280277766287327,0.012));
#13563=CARTESIAN_POINT('',(-0.0280277766287327,-0.0280277766287327,0.012));
#13564=CARTESIAN_POINT('',(-0.0277750993612646,-0.0292544141858375,0.012));
#13565=CARTESIAN_POINT('',(-0.0277750993612646,-0.0292544141858375,0.012));
#13566=CARTESIAN_POINT('',(-0.0275224220937964,-0.0304810517429423,0.012));
#13567=CARTESIAN_POINT('',(-0.0275224220937964,-0.0304810517429423,0.012));
#13568=CARTESIAN_POINT('',(-0.028265163395813,-0.0324500789129913,0.012));
#13569=CARTESIAN_POINT('',(-0.028265163395813,-0.0324500789129913,0.012));
#13570=CARTESIAN_POINT('',(-0.0290079046978296,-0.0344191060830404,0.012));
#13571=CARTESIAN_POINT('',(-0.0290079046978296,-0.0344191060830404,0.012));
#13572=CARTESIAN_POINT('',(-0.0486556212009254,-0.0540668225861363,0.012));
#13573=CARTESIAN_POINT('',(-0.0486556212009254,-0.0540668225861363,0.012));
#13574=CARTESIAN_POINT('',(-0.0509295225591055,-0.0509295225591054,0.012));
#13575=CARTESIAN_POINT('',(3.77528505554961E-06,-0.0249962247149444,0.01));
#13576=CARTESIAN_POINT('',(-0.0249962247149444,-0.0249962247149444,0.01));
#13577=CARTESIAN_POINT('',(-0.0249962247149444,3.77528505554961E-06,0.01));
#13578=CARTESIAN_POINT('',(-0.0581855874043516,-0.0829343247458807,0.0035));
#13579=CARTESIAN_POINT('',(-0.0581855874043516,-0.0829343247458808,0.007));
#13580=CARTESIAN_POINT('',(-0.0652566552162161,-0.0758632569340164,0.007));
#13581=CARTESIAN_POINT('',(-0.0758632569340163,-0.0652566552162161,0.007));
#13582=CARTESIAN_POINT('',(-0.0412241355844986,-0.0518307373022988,0.00826133333583849));
#13583=CARTESIAN_POINT('',(-0.0518307373022988,-0.0412241355844985,0.00826133333583849));
#13584=CARTESIAN_POINT('',(-0.0171916159527811,-0.0277982176705813,0.00952266667167696));
#13585=CARTESIAN_POINT('',(-0.0277982176705814,-0.017191615952781,0.00952266667167696));
#13586=CARTESIAN_POINT('',(-0.00707106781186053,-0.0176776695296607,0.00499999999999824));
#13587=CARTESIAN_POINT('',(-0.0176776695296608,-0.00707106781186046,0.00499999999999824));
#13588=CARTESIAN_POINT('',(0.,0.,0.));
#13589=CARTESIAN_POINT('',(0.047729707730092,-0.0371231060122938,0.015));
#13590=CARTESIAN_POINT('',(0.047729707730092,-0.0371231060122938,0.));
#13591=CARTESIAN_POINT('',(0.0758632569340153,-0.0652566552162171,4.33680868994202E-19));
#13592=CARTESIAN_POINT('',(0.0763122392555258,-0.0657056375377276,0.));
#13593=CARTESIAN_POINT('',(0.0758632569340153,-0.065256655216217,0.0035));
#13594=CARTESIAN_POINT('',(0.0758632569340153,-0.0652566552162171,0.007));
#13595=CARTESIAN_POINT('',(0.0758632569340153,-0.0652566552162171,0.007));
#13596=CARTESIAN_POINT('',(0.0518307373022978,-0.0412241355844996,0.00826133333583849));
#13597=CARTESIAN_POINT('',(0.0277982176705803,-0.017191615952782,0.00952266667167696));
#13598=CARTESIAN_POINT('',(0.0176776695296598,-0.00707106781186153,0.00499999999999824));
#13599=CARTESIAN_POINT('',(0.0176776695296637,-0.00707106781186547,0.005));
#13600=CARTESIAN_POINT('',(0.0176776695296637,-0.00707106781186546,0.015));
#13601=CARTESIAN_POINT('',(0.0176776695296637,-0.00707106781186546,0.01));
#13602=CARTESIAN_POINT('',(0.047729707730092,-0.0371231060122938,0.01));
#13603=CARTESIAN_POINT('',(0.0249962247149444,-0.0143896229971462,0.01));
#13604=CARTESIAN_POINT('',(0.0249962247149444,-0.0143896229971462,0.015));
#13605=CARTESIAN_POINT('',(0.0249962247149444,-0.0143896229971462,0.015));
#13606=CARTESIAN_POINT('',(0.047729707730092,-0.0371231060122938,0.015));
#13607=CARTESIAN_POINT('',(0.0763122392555258,-0.0657056375377276,0.015));
#13608=CARTESIAN_POINT('',(0.0763122392555258,-0.0657056375377276,0.015));
#13609=CARTESIAN_POINT('',(0.0371231060122938,-0.047729707730092,0.015));
#13610=CARTESIAN_POINT('',(0.0652566552162171,-0.0758632569340153,0.015));
#13611=CARTESIAN_POINT('',(0.0652566552162171,-0.0758632569340153,4.33680868994202E-19));
#13612=CARTESIAN_POINT('',(0.0652566552162171,-0.0758632569340153,0.007));
#13613=CARTESIAN_POINT('',(0.0371231060122938,-0.047729707730092,0.));
#13614=CARTESIAN_POINT('',(0.0657056375377276,-0.0763122392555258,0.));
#13615=CARTESIAN_POINT('',(0.0657056375377276,-0.0763122392555258,0.015));
#13616=CARTESIAN_POINT('',(0.0657056375377276,-0.0763122392555258,0.015));
#13617=CARTESIAN_POINT('',(0.0371231060122938,-0.047729707730092,0.015));
#13618=CARTESIAN_POINT('',(0.0143896229971463,-0.0249962247149444,0.015));
#13619=CARTESIAN_POINT('',(0.0143896229971463,-0.0249962247149444,0.015));
#13620=CARTESIAN_POINT('',(0.0143896229971463,-0.0249962247149444,0.01));
#13621=CARTESIAN_POINT('',(0.0371231060122938,-0.047729707730092,0.01));
#13622=CARTESIAN_POINT('',(0.00707106781186551,-0.0176776695296637,0.01));
#13623=CARTESIAN_POINT('',(0.0070710678118655,-0.0176776695296637,0.015));
#13624=CARTESIAN_POINT('',(0.00707106781186547,-0.0176776695296637,0.005));
#13625=CARTESIAN_POINT('',(0.0652566552162171,-0.0758632569340153,0.007));
#13626=CARTESIAN_POINT('',(0.0412241355844996,-0.0518307373022978,0.00826133333583849));
#13627=CARTESIAN_POINT('',(0.0171916159527821,-0.0277982176705803,0.00952266667167696));
#13628=CARTESIAN_POINT('',(0.00707106781186155,-0.0176776695296598,0.00499999999999824));
#13629=CARTESIAN_POINT('',(2.66952966369513E-06,-0.0176776695296637,-0.015));
#13630=CARTESIAN_POINT('',(0.0176776695296637,-0.0176776695296637,-0.015));
#13631=CARTESIAN_POINT('',(0.0176776695296637,-0.0176776695296637,0.00663418932975525));
#13632=CARTESIAN_POINT('',(0.0176776695296637,-0.0176776695296637,0.01));
#13633=CARTESIAN_POINT('',(0.0176776695296637,-0.0176776695296637,0.00663418932975525));
#13634=CARTESIAN_POINT('',(0.0141164569891418,-0.0176776695296637,0.00625612509478473));
#13635=CARTESIAN_POINT('',(0.0105700730065001,-0.0176776695296579,0.00578181704970144));
#13636=CARTESIAN_POINT('',(0.00707106781186053,-0.0176776695296579,0.00499999999999824));
#13637=CARTESIAN_POINT('',(2.66952966369513E-06,-0.0176776695296637,0.01));
#13638=CARTESIAN_POINT('',(0.0176776695296637,-2.66952966369166E-06,-0.015));
#13639=CARTESIAN_POINT('',(0.0176776695296637,-0.0176776695296637,0.00663418932975525));
#13640=CARTESIAN_POINT('',(0.0176776695296637,-0.0141164569891418,0.00625612509478473));
#13641=CARTESIAN_POINT('',(0.0176776695296579,-0.0105700730065001,0.00578181704970144));
#13642=CARTESIAN_POINT('',(0.0176776695296579,-0.00707106781186051,0.00499999999999824));
#13643=CARTESIAN_POINT('',(0.0176776695296637,-2.66952966369166E-06,0.01));
#13644=CARTESIAN_POINT('',(0.0164402326625873,-0.0217435335214863,-0.015));
#13645=CARTESIAN_POINT('',(0.0164402326625873,-0.0217435335214863,0.01));
#13646=CARTESIAN_POINT('',(0.0142902326625873,-0.0217435335214863,0.01));
#13647=CARTESIAN_POINT('',(0.0147578565510096,-0.020051944575461,0.00657472109943735));
#13648=CARTESIAN_POINT('',(0.0140576015928187,-0.021746898027437,0.00668454465762949));
#13649=CARTESIAN_POINT('',(0.0147531330532389,-0.0234216644437091,0.0069156405582562));
#13650=CARTESIAN_POINT('',(0.016426485405536,-0.0241261648728516,0.00711124817519146));
#13651=CARTESIAN_POINT('',(0.0181227567628992,-0.0234347396762444,0.00718476394586669));
#13652=CARTESIAN_POINT('',(0.0188233806451084,-0.0217398815757201,0.0071120547210078));
#13653=CARTESIAN_POINT('',(0.0181251161031667,-0.020063240719322,0.00691684892713573));
#13654=CARTESIAN_POINT('',(0.0164540613929132,-0.0193615363561057,0.00668571855391959));
#13655=CARTESIAN_POINT('',(0.0147578565510096,-0.020051944575461,0.00657472109943735));
#13656=CARTESIAN_POINT('',(0.0140576015928187,-0.021746898027437,0.00668454465762949));
#13657=CARTESIAN_POINT('',(0.0147531330532389,-0.0234216644437091,0.0069156405582562));
#13658=CARTESIAN_POINT('',(0.0142902326625872,-0.0217435335214863,0.00670475671470192));
#13659=CARTESIAN_POINT('',(0.021743011748025,-0.0164397108891259,-0.015));
#13660=CARTESIAN_POINT('',(0.021743011748025,-0.0164397108891259,0.01));
#13661=CARTESIAN_POINT('',(0.019593011748025,-0.0164397108891259,0.01));
#13662=CARTESIAN_POINT('',(0.020060635771152,-0.0147481213459395,0.00657460648159513));
#13663=CARTESIAN_POINT('',(0.0193603807412508,-0.0164430757544573,0.00668443713222734));
#13664=CARTESIAN_POINT('',(0.0200559117519948,-0.0181178409709868,0.00691554719285961));
#13665=CARTESIAN_POINT('',(0.0217292630319779,-0.0188223422848667,0.00711116665127489));
#13666=CARTESIAN_POINT('',(0.0234255356648112,-0.0181309176771614,0.0071846869899501));
#13667=CARTESIAN_POINT('',(0.0241261598278963,-0.0164360584514669,0.00711197332327426));
#13668=CARTESIAN_POINT('',(0.0234278949824205,-0.0147594183422274,0.00691675574929884));
#13669=CARTESIAN_POINT('',(0.0217568418243175,-0.0140577138151724,0.00668561120994531));
#13670=CARTESIAN_POINT('',(0.020060635771152,-0.0147481213459395,0.00657460648159513));
#13671=CARTESIAN_POINT('',(0.0193603807412508,-0.0164430757544573,0.00668443713222734));
#13672=CARTESIAN_POINT('',(0.0200559117519948,-0.0181178409709868,0.00691554719285961));
#13673=CARTESIAN_POINT('',(0.019593011748025,-0.0164397108891259,0.00670465036722735));
#13674=CARTESIAN_POINT('',(0.0424264068711928,-0.0424264068711928,0.));
#13675=CARTESIAN_POINT('',(0.0848527606575789,-0.0928527606575789,0.));
#13676=CARTESIAN_POINT('',(0.0864515888415465,-0.0929139851473748,0.));
#13677=CARTESIAN_POINT('',(0.0832539324736113,-0.0929139851473748,0.));
#13678=CARTESIAN_POINT('',(0.0652671154039754,-0.0936027606575789,0.));
#13679=CARTESIAN_POINT('',(0.0832539324736113,-0.0942915361677829,0.));
#13680=CARTESIAN_POINT('',(0.0848527606575789,-0.0943527606575789,0.));
#13681=CARTESIAN_POINT('',(0.0864515888415465,-0.0942915361677829,0.));
#13682=CARTESIAN_POINT('',(0.104438405911182,-0.0936027606575789,0.));
#13683=CARTESIAN_POINT('',(0.0848527606575789,-0.0848527606575789,0.));
#13684=CARTESIAN_POINT('',(0.0888527606575789,-0.0848527606575789,0.));
#13685=CARTESIAN_POINT('',(0.0768527606575789,-0.0848527606575789,0.));
#13686=CARTESIAN_POINT('',(0.076791536167783,-0.0832539324736112,0.));
#13687=CARTESIAN_POINT('',(0.076791536167783,-0.0864515888415465,0.));
#13688=CARTESIAN_POINT('',(0.0761027606575787,-0.0652671154039754,0.));
#13689=CARTESIAN_POINT('',(0.0754139851473748,-0.0832539324736113,0.));
#13690=CARTESIAN_POINT('',(0.0753527606575789,-0.0848527606575789,0.));
#13691=CARTESIAN_POINT('',(0.0754139851473748,-0.0864515888415465,0.));
#13692=CARTESIAN_POINT('',(0.076102760657579,-0.104438405911182,0.));
#13693=CARTESIAN_POINT('',(0.0848527606575789,-0.0768527606575789,0.));
#13694=CARTESIAN_POINT('',(0.0832539324736113,-0.076791536167783,0.));
#13695=CARTESIAN_POINT('',(0.0864515888415465,-0.0767915361677829,0.));
#13696=CARTESIAN_POINT('',(0.104438405911182,-0.0761027606575787,0.));
#13697=CARTESIAN_POINT('',(0.0864515888415465,-0.0754139851473748,0.));
#13698=CARTESIAN_POINT('',(0.0848527606575789,-0.0753527606575789,0.));
#13699=CARTESIAN_POINT('',(0.0832539324736113,-0.0754139851473748,0.));
#13700=CARTESIAN_POINT('',(0.0652671154039754,-0.0761027606575791,0.));
#13701=CARTESIAN_POINT('',(0.0943527606575789,-0.0848527606575789,0.));
#13702=CARTESIAN_POINT('',(0.094291536167783,-0.0832539324736112,0.));
#13703=CARTESIAN_POINT('',(0.094291536167783,-0.0864515888415465,0.));
#13704=CARTESIAN_POINT('',(0.093602760657579,-0.0652671154039754,0.));
#13705=CARTESIAN_POINT('',(0.0929139851473748,-0.0832539324736112,0.));
#13706=CARTESIAN_POINT('',(0.0928527606575789,-0.0848527606575789,0.));
#13707=CARTESIAN_POINT('',(0.0929139851473748,-0.0864515888415465,0.));
#13708=CARTESIAN_POINT('',(0.093602760657579,-0.104438405911182,0.));
#13709=CARTESIAN_POINT('',(0.0581855874043516,-0.0829343247458808,4.33680868994202E-19));
#13710=CARTESIAN_POINT('',(0.081409661654528,-0.0654722152000764,0.));
#13711=CARTESIAN_POINT('',(0.0865070840535301,-0.0652387928624253,0.));
#13712=CARTESIAN_POINT('',(0.094073055482462,-0.0699785401074033,0.));
#13713=CARTESIAN_POINT('',(0.101639026911394,-0.0747182873523812,0.));
#13714=CARTESIAN_POINT('',(0.101639026911394,-0.083766812633644,0.));
#13715=CARTESIAN_POINT('',(0.101639026911394,-0.0928153379149067,0.));
#13716=CARTESIAN_POINT('',(0.0950212601640285,-0.0994331046622721,0.));
#13717=CARTESIAN_POINT('',(0.0928153379149067,-0.101639026911394,0.));
#13718=CARTESIAN_POINT('',(0.083766812633644,-0.101639026911394,0.));
#13719=CARTESIAN_POINT('',(0.0747182873523813,-0.101639026911394,0.));
#13720=CARTESIAN_POINT('',(0.0699785401074033,-0.0940730554824619,0.));
#13721=CARTESIAN_POINT('',(0.0652387928624253,-0.0865070840535301,0.));
#13722=CARTESIAN_POINT('',(0.0654722152000765,-0.0814096616545279,0.));
#13723=CARTESIAN_POINT('',(-3.77528505555308E-06,3.77528505554614E-06,0.01));
#13724=CARTESIAN_POINT('',(-3.77528505554961E-06,-0.0249962247149444,0.01));
#13725=CARTESIAN_POINT('',(0.0249962247149444,-0.0249962247149444,0.01));
#13726=CARTESIAN_POINT('',(0.0249962247149444,3.77528505554961E-06,0.01));
#13727=CARTESIAN_POINT('',(0.0424264068711928,-0.0424264068711928,0.015));
#13728=CARTESIAN_POINT('',(-3.77528505554961E-06,-0.0249962247149444,0.015));
#13729=CARTESIAN_POINT('',(0.0249962247149444,-0.0249962247149444,0.015));
#13730=CARTESIAN_POINT('',(0.0654722152000765,-0.0814096616545279,0.015));
#13731=CARTESIAN_POINT('',(0.0652387928624253,-0.0865070840535301,0.015));
#13732=CARTESIAN_POINT('',(0.0699785401074033,-0.0940730554824619,0.015));
#13733=CARTESIAN_POINT('',(0.0747182873523813,-0.101639026911394,0.015));
#13734=CARTESIAN_POINT('',(0.083766812633644,-0.101639026911394,0.015));
#13735=CARTESIAN_POINT('',(0.0928153379149067,-0.101639026911394,0.015));
#13736=CARTESIAN_POINT('',(0.0950212601640285,-0.0994331046622721,0.015));
#13737=CARTESIAN_POINT('',(0.101639026911394,-0.0928153379149067,0.015));
#13738=CARTESIAN_POINT('',(0.101639026911394,-0.083766812633644,0.015));
#13739=CARTESIAN_POINT('',(0.101639026911394,-0.0747182873523812,0.015));
#13740=CARTESIAN_POINT('',(0.094073055482462,-0.0699785401074033,0.015));
#13741=CARTESIAN_POINT('',(0.0865070840535301,-0.0652387928624253,0.015));
#13742=CARTESIAN_POINT('',(0.081409661654528,-0.0654722152000764,0.015));
#13743=CARTESIAN_POINT('',(0.0249962247149444,3.77528505554961E-06,0.015));
#13744=CARTESIAN_POINT('',(0.0848528137423857,-0.0848528137423857,0.015));
#13745=CARTESIAN_POINT('',(0.0688528137423857,-0.0848528137423857,0.015));
#13746=CARTESIAN_POINT('',(0.0540668225861363,-0.0486556212009254,0.015));
#13747=CARTESIAN_POINT('',(0.0737145390892321,-0.0683033377040213,0.015));
#13748=CARTESIAN_POINT('',(0.0344191060830404,-0.0290079046978295,0.015));
#13749=CARTESIAN_POINT('',(0.069656138050324,-0.0723617387429294,0.015));
#13750=CARTESIAN_POINT('',(0.0683033377040213,-0.0737145390892321,0.015));
#13751=CARTESIAN_POINT('',(0.0486556212009254,-0.0540668225861363,0.015));
#13752=CARTESIAN_POINT('',(0.0290079046978296,-0.0344191060830404,0.015));
#13753=CARTESIAN_POINT('',(0.028265163395813,-0.0324500789129913,0.015));
#13754=CARTESIAN_POINT('',(0.0275224220937964,-0.0304810517429423,0.015));
#13755=CARTESIAN_POINT('',(0.0277750993612646,-0.0292544141858375,0.015));
#13756=CARTESIAN_POINT('',(0.0280277766287327,-0.0280277766287327,0.015));
#13757=CARTESIAN_POINT('',(0.0292544141858375,-0.0277750993612646,0.015));
#13758=CARTESIAN_POINT('',(0.0304810517429423,-0.0275224220937964,0.015));
#13759=CARTESIAN_POINT('',(0.0324500789129913,-0.028265163395813,0.015));
#13760=CARTESIAN_POINT('',(0.0834951645809925,-0.0834951645809925,0.004));
#13761=CARTESIAN_POINT('',(0.0928527606575789,-0.0848527606575789,0.004));
#13762=CARTESIAN_POINT('',(0.0929139851473748,-0.0864515888415465,0.004));
#13763=CARTESIAN_POINT('',(0.0929139851473748,-0.0832539324736112,0.004));
#13764=CARTESIAN_POINT('',(0.093602760657579,-0.0652671154039754,0.004));
#13765=CARTESIAN_POINT('',(0.094291536167783,-0.0832539324736112,0.004));
#13766=CARTESIAN_POINT('',(0.0943527606575789,-0.0848527606575789,0.004));
#13767=CARTESIAN_POINT('',(0.094291536167783,-0.0864515888415465,0.004));
#13768=CARTESIAN_POINT('',(0.093602760657579,-0.104438405911182,0.004));
#13769=CARTESIAN_POINT('',(0.0848527606575789,-0.0753527606575789,0.004));
#13770=CARTESIAN_POINT('',(0.0864515888415465,-0.0754139851473748,0.004));
#13771=CARTESIAN_POINT('',(0.0832539324736113,-0.0754139851473748,0.004));
#13772=CARTESIAN_POINT('',(0.104438405911182,-0.0761027606575787,0.004));
#13773=CARTESIAN_POINT('',(0.0864515888415465,-0.0767915361677829,0.004));
#13774=CARTESIAN_POINT('',(0.0848527606575789,-0.0768527606575789,0.004));
#13775=CARTESIAN_POINT('',(0.0832539324736113,-0.076791536167783,0.004));
#13776=CARTESIAN_POINT('',(0.0652671154039754,-0.0761027606575791,0.004));
#13777=CARTESIAN_POINT('',(0.0753527606575789,-0.0848527606575789,0.004));
#13778=CARTESIAN_POINT('',(0.0754139851473748,-0.0864515888415465,0.004));
#13779=CARTESIAN_POINT('',(0.0754139851473748,-0.0832539324736113,0.004));
#13780=CARTESIAN_POINT('',(0.0761027606575787,-0.0652671154039754,0.004));
#13781=CARTESIAN_POINT('',(0.076791536167783,-0.0832539324736112,0.004));
#13782=CARTESIAN_POINT('',(0.0768527606575789,-0.0848527606575789,0.004));
#13783=CARTESIAN_POINT('',(0.076791536167783,-0.0864515888415465,0.004));
#13784=CARTESIAN_POINT('',(0.076102760657579,-0.104438405911182,0.004));
#13785=CARTESIAN_POINT('',(0.0848527606575789,-0.0848527606575789,0.004));
#13786=CARTESIAN_POINT('',(0.0888527606575789,-0.0848527606575789,0.004));
#13787=CARTESIAN_POINT('',(0.0848528137423857,-0.0848528137423857,0.004));
#13788=CARTESIAN_POINT('',(0.100852813742386,-0.0848528137423857,0.004));
#13789=CARTESIAN_POINT('',(0.0848527606575789,-0.0943527606575789,0.004));
#13790=CARTESIAN_POINT('',(0.0832539324736113,-0.0942915361677829,0.004));
#13791=CARTESIAN_POINT('',(0.0864515888415465,-0.0942915361677829,0.004));
#13792=CARTESIAN_POINT('',(0.0652671154039754,-0.0936027606575789,0.004));
#13793=CARTESIAN_POINT('',(0.0832539324736113,-0.0929139851473748,0.004));
#13794=CARTESIAN_POINT('',(0.0848527606575789,-0.0928527606575789,0.004));
#13795=CARTESIAN_POINT('',(0.0864515888415465,-0.0929139851473748,0.004));
#13796=CARTESIAN_POINT('',(0.104438405911182,-0.0936027606575789,0.004));
#13797=CARTESIAN_POINT('',(0.0848528137423857,-0.0848528137423857,0.015));
#13798=CARTESIAN_POINT('',(0.101639026911394,-0.083766812633644,0.015));
#13799=CARTESIAN_POINT('',(0.101639026911394,-0.0747182873523812,0.015));
#13800=CARTESIAN_POINT('',(0.101639026911394,-0.0928153379149067,0.015));
#13801=CARTESIAN_POINT('',(0.094073055482462,-0.0699785401074033,0.015));
#13802=CARTESIAN_POINT('',(0.0865070840535301,-0.0652387928624253,0.015));
#13803=CARTESIAN_POINT('',(0.081409661654528,-0.0654722152000764,0.015));
#13804=CARTESIAN_POINT('',(0.0654722152000765,-0.0814096616545279,0.015));
#13805=CARTESIAN_POINT('',(0.0652387928624253,-0.0865070840535301,0.015));
#13806=CARTESIAN_POINT('',(0.0699785401074033,-0.0940730554824619,0.015));
#13807=CARTESIAN_POINT('',(0.0747182873523813,-0.101639026911394,0.015));
#13808=CARTESIAN_POINT('',(0.083766812633644,-0.101639026911394,0.015));
#13809=CARTESIAN_POINT('',(0.0928153379149067,-0.101639026911394,0.015));
#13810=CARTESIAN_POINT('',(0.0950212601640285,-0.0994331046622721,0.015));
#13811=CARTESIAN_POINT('',(0.0848527606575789,-0.0848527606575789,0.0059));
#13812=CARTESIAN_POINT('',(0.0768527606575789,-0.0848527606575789,0.0059));
#13813=CARTESIAN_POINT('',(0.076791536167783,-0.0832539324736112,0.0059));
#13814=CARTESIAN_POINT('',(0.076791536167783,-0.0864515888415465,0.0059));
#13815=CARTESIAN_POINT('',(0.0753527606575789,-0.0848527606575789,0.0059));
#13816=CARTESIAN_POINT('',(0.0754139851473748,-0.0832539324736113,0.0059));
#13817=CARTESIAN_POINT('',(0.0754139851473748,-0.0864515888415465,0.0059));
#13818=CARTESIAN_POINT('',(0.0848527606575789,-0.0768527606575789,0.0059));
#13819=CARTESIAN_POINT('',(0.0864515888415465,-0.0767915361677829,0.0059));
#13820=CARTESIAN_POINT('',(0.0832539324736113,-0.076791536167783,0.0059));
#13821=CARTESIAN_POINT('',(0.0848527606575789,-0.0753527606575789,0.0059));
#13822=CARTESIAN_POINT('',(0.0864515888415465,-0.0754139851473748,0.0059));
#13823=CARTESIAN_POINT('',(0.0832539324736113,-0.0754139851473748,0.0059));
#13824=CARTESIAN_POINT('',(0.0848527606575789,-0.0928527606575789,0.0059));
#13825=CARTESIAN_POINT('',(0.0832539324736113,-0.0929139851473748,0.0059));
#13826=CARTESIAN_POINT('',(0.0864515888415465,-0.0929139851473748,0.0059));
#13827=CARTESIAN_POINT('',(0.0848527606575789,-0.0943527606575789,0.0059));
#13828=CARTESIAN_POINT('',(0.0832539324736113,-0.0942915361677829,0.0059));
#13829=CARTESIAN_POINT('',(0.0864515888415465,-0.0942915361677829,0.0059));
#13830=CARTESIAN_POINT('',(0.0928527606575789,-0.0848527606575789,0.0059));
#13831=CARTESIAN_POINT('',(0.0929139851473748,-0.0832539324736112,0.0059));
#13832=CARTESIAN_POINT('',(0.0929139851473748,-0.0864515888415465,0.0059));
#13833=CARTESIAN_POINT('',(0.0943527606575789,-0.0848527606575789,0.0059));
#13834=CARTESIAN_POINT('',(0.094291536167783,-0.0832539324736112,0.0059));
#13835=CARTESIAN_POINT('',(0.094291536167783,-0.0864515888415465,0.0059));
#13836=CARTESIAN_POINT('',(0.104438405911182,-0.0761027606575787,0.0059));
#13837=CARTESIAN_POINT('',(0.0652671154039754,-0.0761027606575791,0.0059));
#13838=CARTESIAN_POINT('',(0.0761027606575787,-0.0652671154039754,0.0059));
#13839=CARTESIAN_POINT('',(0.076102760657579,-0.104438405911182,0.0059));
#13840=CARTESIAN_POINT('',(0.0652671154039754,-0.0936027606575789,0.0059));
#13841=CARTESIAN_POINT('',(0.104438405911182,-0.0936027606575789,0.0059));
#13842=CARTESIAN_POINT('',(0.093602760657579,-0.0652671154039754,0.0059));
#13843=CARTESIAN_POINT('',(0.093602760657579,-0.104438405911182,0.0059));
#13844=CARTESIAN_POINT('',(0.069656138050324,-0.0723617387429294,0.012));
#13845=CARTESIAN_POINT('',(0.0737145390892321,-0.0683033377040213,0.012));
#13846=CARTESIAN_POINT('',(0.0737145390892321,-0.0683033377040213,0.012));
#13847=CARTESIAN_POINT('',(0.069656138050324,-0.0723617387429294,0.012));
#13848=CARTESIAN_POINT('',(0.0683033377040213,-0.0737145390892321,0.012));
#13849=CARTESIAN_POINT('',(0.0683033377040213,-0.0737145390892321,0.012));
#13850=CARTESIAN_POINT('',(0.0540668225861363,-0.0486556212009254,0.012));
#13851=CARTESIAN_POINT('',(0.0344191060830404,-0.0290079046978295,0.012));
#13852=CARTESIAN_POINT('',(0.0344191060830404,-0.0290079046978295,0.012));
#13853=CARTESIAN_POINT('',(0.0540668225861363,-0.0486556212009254,0.012));
#13854=CARTESIAN_POINT('',(0.0324500789129913,-0.028265163395813,0.012));
#13855=CARTESIAN_POINT('',(0.0304810517429423,-0.0275224220937964,0.012));
#13856=CARTESIAN_POINT('',(0.0304810517429423,-0.0275224220937964,0.012));
#13857=CARTESIAN_POINT('',(0.0324500789129913,-0.028265163395813,0.012));
#13858=CARTESIAN_POINT('',(0.0292544141858375,-0.0277750993612646,0.012));
#13859=CARTESIAN_POINT('',(0.0280277766287327,-0.0280277766287327,0.012));
#13860=CARTESIAN_POINT('',(0.0280277766287327,-0.0280277766287327,0.012));
#13861=CARTESIAN_POINT('',(0.0292544141858375,-0.0277750993612646,0.012));
#13862=CARTESIAN_POINT('',(0.0277750993612646,-0.0292544141858375,0.012));
#13863=CARTESIAN_POINT('',(0.0275224220937964,-0.0304810517429423,0.012));
#13864=CARTESIAN_POINT('',(0.0275224220937964,-0.0304810517429423,0.012));
#13865=CARTESIAN_POINT('',(0.0277750993612646,-0.0292544141858375,0.012));
#13866=CARTESIAN_POINT('',(0.028265163395813,-0.0324500789129913,0.012));
#13867=CARTESIAN_POINT('',(0.0290079046978296,-0.0344191060830404,0.012));
#13868=CARTESIAN_POINT('',(0.0290079046978296,-0.0344191060830404,0.012));
#13869=CARTESIAN_POINT('',(0.028265163395813,-0.0324500789129913,0.012));
#13870=CARTESIAN_POINT('',(0.0486556212009254,-0.0540668225861363,0.012));
#13871=CARTESIAN_POINT('',(0.0486556212009254,-0.0540668225861363,0.012));
#13872=CARTESIAN_POINT('',(0.0509295225591055,-0.0509295225591054,0.012));
#13873=CARTESIAN_POINT('',(-3.77528505554961E-06,-0.0249962247149444,0.01));
#13874=CARTESIAN_POINT('',(0.0249962247149444,-0.0249962247149444,0.01));
#13875=CARTESIAN_POINT('',(0.0249962247149444,3.77528505554961E-06,0.01));
#13876=CARTESIAN_POINT('',(0.0581855874043516,-0.0829343247458807,0.0035));
#13877=CARTESIAN_POINT('',(0.0581855874043516,-0.0829343247458808,0.007));
#13878=CARTESIAN_POINT('',(0.0652566552162161,-0.0758632569340164,0.007));
#13879=CARTESIAN_POINT('',(0.0758632569340163,-0.0652566552162161,0.007));
#13880=CARTESIAN_POINT('',(0.0412241355844986,-0.0518307373022988,0.00826133333583849));
#13881=CARTESIAN_POINT('',(0.0518307373022988,-0.0412241355844985,0.00826133333583849));
#13882=CARTESIAN_POINT('',(0.0171916159527811,-0.0277982176705813,0.00952266667167696));
#13883=CARTESIAN_POINT('',(0.0277982176705814,-0.017191615952781,0.00952266667167696));
#13884=CARTESIAN_POINT('',(0.00707106781186053,-0.0176776695296607,0.00499999999999824));
#13885=CARTESIAN_POINT('',(0.0176776695296608,-0.00707106781186046,0.00499999999999824));
#13886=CARTESIAN_POINT('',(0.,0.,0.));
#13887=CARTESIAN_POINT('',(0.0846,-0.0853,0.0207));
#13888=CARTESIAN_POINT('',(0.0846,-0.0853,0.0061));
#13889=CARTESIAN_POINT('',(0.07085,-0.0853,0.0061));
#13890=CARTESIAN_POINT('',(0.0846,-0.0853,0.0177));
#13891=CARTESIAN_POINT('',(0.07085,-0.0853,0.0177));
#13892=CARTESIAN_POINT('',(0.0846,-0.0853,0.0207));
#13893=CARTESIAN_POINT('',(0.0846,-0.0853,0.0207));
#13894=CARTESIAN_POINT('',(0.0826,-0.0853,0.0207));
#13895=CARTESIAN_POINT('',(0.0846,-0.0853,0.0207));
#13896=CARTESIAN_POINT('',(0.07385,-0.0853,0.0207));
#13897=CARTESIAN_POINT('',(0.0846,-0.0853,0.0031));
#13898=CARTESIAN_POINT('',(0.0846,-0.0853,0.0031));
#13899=CARTESIAN_POINT('',(0.07385,-0.0853,0.0031));
#13900=CARTESIAN_POINT('',(0.0846,-0.0853,0.0061));
#13901=CARTESIAN_POINT('',(0.0846,-0.0853,0.0177));
#13902=CARTESIAN_POINT('',(0.0846,-0.0853,0.0257));
#13903=CARTESIAN_POINT('',(0.0846,-0.0853,0.0257));
#13904=CARTESIAN_POINT('',(0.0826,-0.0853,0.0257));
#13905=CARTESIAN_POINT('',(0.0846,-0.0853,0.0257));
#13906=CARTESIAN_POINT('',(0.0846,-0.0853,0.0257));
#13907=CARTESIAN_POINT('',(0.0831,-0.0853,0.0257));
#13908=CARTESIAN_POINT('',(0.0846,-0.0853,0.0332));
#13909=CARTESIAN_POINT('',(0.0846,-0.0853,0.0332));
#13910=CARTESIAN_POINT('',(0.0831,-0.0853,0.0332));
#13911=CARTESIAN_POINT('',(0.0846,-0.0853,0.0332));
#13912=CARTESIAN_POINT('',(0.,0.,0.));
#13913=CARTESIAN_POINT('',(-0.0846,-0.0853,0.0207));
#13914=CARTESIAN_POINT('',(-0.0846,-0.0853,0.0061));
#13915=CARTESIAN_POINT('',(-0.07085,-0.0853,0.0061));
#13916=CARTESIAN_POINT('',(-0.0846,-0.0853,0.0177));
#13917=CARTESIAN_POINT('',(-0.07085,-0.0853,0.0177));
#13918=CARTESIAN_POINT('',(-0.0846,-0.0853,0.0207));
#13919=CARTESIAN_POINT('',(-0.0846,-0.0853,0.0207));
#13920=CARTESIAN_POINT('',(-0.0826,-0.0853,0.0207));
#13921=CARTESIAN_POINT('',(-0.0846,-0.0853,0.0207));
#13922=CARTESIAN_POINT('',(-0.07385,-0.0853,0.0207));
#13923=CARTESIAN_POINT('',(-0.0846,-0.0853,0.0031));
#13924=CARTESIAN_POINT('',(-0.0846,-0.0853,0.0031));
#13925=CARTESIAN_POINT('',(-0.07385,-0.0853,0.0031));
#13926=CARTESIAN_POINT('',(-0.0846,-0.0853,0.0061));
#13927=CARTESIAN_POINT('',(-0.0846,-0.0853,0.0177));
#13928=CARTESIAN_POINT('',(-0.0846,-0.0853,0.0257));
#13929=CARTESIAN_POINT('',(-0.0846,-0.0853,0.0257));
#13930=CARTESIAN_POINT('',(-0.0826,-0.0853,0.0257));
#13931=CARTESIAN_POINT('',(-0.0846,-0.0853,0.0257));
#13932=CARTESIAN_POINT('',(-0.0846,-0.0853,0.0257));
#13933=CARTESIAN_POINT('',(-0.0831,-0.0853,0.0257));
#13934=CARTESIAN_POINT('',(-0.0846,-0.0853,0.0332));
#13935=CARTESIAN_POINT('',(-0.0846,-0.0853,0.0332));
#13936=CARTESIAN_POINT('',(-0.0831,-0.0853,0.0332));
#13937=CARTESIAN_POINT('',(-0.0846,-0.0853,0.0332));
#13938=CARTESIAN_POINT('',(0.,0.,0.));
#13939=CARTESIAN_POINT('',(-0.0846,0.0853,0.0207));
#13940=CARTESIAN_POINT('',(-0.0846,0.0853,0.0061));
#13941=CARTESIAN_POINT('',(-0.07085,0.0853,0.0061));
#13942=CARTESIAN_POINT('',(-0.0846,0.0853,0.0177));
#13943=CARTESIAN_POINT('',(-0.07085,0.0853,0.0177));
#13944=CARTESIAN_POINT('',(-0.0846,0.0853,0.0207));
#13945=CARTESIAN_POINT('',(-0.0846,0.0853,0.0207));
#13946=CARTESIAN_POINT('',(-0.0826,0.0853,0.0207));
#13947=CARTESIAN_POINT('',(-0.0846,0.0853,0.0207));
#13948=CARTESIAN_POINT('',(-0.07385,0.0853,0.0207));
#13949=CARTESIAN_POINT('',(-0.0846,0.0853,0.0031));
#13950=CARTESIAN_POINT('',(-0.0846,0.0853,0.0031));
#13951=CARTESIAN_POINT('',(-0.07385,0.0853,0.0031));
#13952=CARTESIAN_POINT('',(-0.0846,0.0853,0.0061));
#13953=CARTESIAN_POINT('',(-0.0846,0.0853,0.0177));
#13954=CARTESIAN_POINT('',(-0.0846,0.0853,0.0257));
#13955=CARTESIAN_POINT('',(-0.0846,0.0853,0.0257));
#13956=CARTESIAN_POINT('',(-0.0826,0.0853,0.0257));
#13957=CARTESIAN_POINT('',(-0.0846,0.0853,0.0257));
#13958=CARTESIAN_POINT('',(-0.0846,0.0853,0.0257));
#13959=CARTESIAN_POINT('',(-0.0831,0.0853,0.0257));
#13960=CARTESIAN_POINT('',(-0.0846,0.0853,0.0332));
#13961=CARTESIAN_POINT('',(-0.0846,0.0853,0.0332));
#13962=CARTESIAN_POINT('',(-0.0831,0.0853,0.0332));
#13963=CARTESIAN_POINT('',(-0.0846,0.0853,0.0332));
#13964=CARTESIAN_POINT('',(0.,0.,0.));
#13965=CARTESIAN_POINT('',(0.047729707730092,0.0371231060122938,0.015));
#13966=CARTESIAN_POINT('',(0.047729707730092,0.0371231060122938,0.));
#13967=CARTESIAN_POINT('',(0.0758632569340153,0.0652566552162171,4.33680868994202E-19));
#13968=CARTESIAN_POINT('',(0.0763122392555258,0.0657056375377276,0.));
#13969=CARTESIAN_POINT('',(0.0763122392555258,0.0657056375377276,0.015));
#13970=CARTESIAN_POINT('',(0.0763122392555258,0.0657056375377276,0.015));
#13971=CARTESIAN_POINT('',(0.047729707730092,0.0371231060122938,0.015));
#13972=CARTESIAN_POINT('',(0.0249962247149444,0.0143896229971462,0.015));
#13973=CARTESIAN_POINT('',(0.0249962247149444,0.0143896229971462,0.015));
#13974=CARTESIAN_POINT('',(0.0249962247149444,0.0143896229971462,0.01));
#13975=CARTESIAN_POINT('',(0.047729707730092,0.0371231060122938,0.01));
#13976=CARTESIAN_POINT('',(0.0176776695296637,0.00707106781186546,0.01));
#13977=CARTESIAN_POINT('',(0.0176776695296637,0.00707106781186546,0.015));
#13978=CARTESIAN_POINT('',(0.0176776695296637,0.00707106781186547,0.005));
#13979=CARTESIAN_POINT('',(0.0758632569340153,0.0652566552162171,0.007));
#13980=CARTESIAN_POINT('',(0.0518307373022978,0.0412241355844996,0.00826133333583849));
#13981=CARTESIAN_POINT('',(0.0277982176705803,0.017191615952782,0.00952266667167696));
#13982=CARTESIAN_POINT('',(0.0176776695296598,0.00707106781186153,0.00499999999999824));
#13983=CARTESIAN_POINT('',(0.0758632569340153,0.0652566552162171,0.007));
#13984=CARTESIAN_POINT('',(0.0758632569340153,0.065256655216217,0.0035));
#13985=CARTESIAN_POINT('',(0.0371231060122938,0.047729707730092,0.015));
#13986=CARTESIAN_POINT('',(0.0652566552162171,0.0758632569340153,0.015));
#13987=CARTESIAN_POINT('',(0.0652566552162171,0.0758632569340153,4.33680868994202E-19));
#13988=CARTESIAN_POINT('',(0.0652566552162171,0.0758632569340153,0.007));
#13989=CARTESIAN_POINT('',(0.0652566552162171,0.0758632569340153,0.007));
#13990=CARTESIAN_POINT('',(0.0412241355844996,0.0518307373022978,0.00826133333583849));
#13991=CARTESIAN_POINT('',(0.0171916159527821,0.0277982176705803,0.00952266667167696));
#13992=CARTESIAN_POINT('',(0.00707106781186155,0.0176776695296598,0.00499999999999824));
#13993=CARTESIAN_POINT('',(0.00707106781186547,0.0176776695296637,0.005));
#13994=CARTESIAN_POINT('',(0.0070710678118655,0.0176776695296637,0.015));
#13995=CARTESIAN_POINT('',(0.00707106781186551,0.0176776695296637,0.01));
#13996=CARTESIAN_POINT('',(0.0371231060122938,0.047729707730092,0.01));
#13997=CARTESIAN_POINT('',(0.0143896229971463,0.0249962247149444,0.01));
#13998=CARTESIAN_POINT('',(0.0143896229971463,0.0249962247149444,0.015));
#13999=CARTESIAN_POINT('',(0.0143896229971463,0.0249962247149444,0.015));
#14000=CARTESIAN_POINT('',(0.0371231060122938,0.047729707730092,0.015));
#14001=CARTESIAN_POINT('',(0.0657056375377276,0.0763122392555258,0.015));
#14002=CARTESIAN_POINT('',(0.0657056375377276,0.0763122392555258,0.015));
#14003=CARTESIAN_POINT('',(0.0657056375377276,0.0763122392555258,0.));
#14004=CARTESIAN_POINT('',(0.0371231060122938,0.047729707730092,0.));
#14005=CARTESIAN_POINT('',(2.66952966369513E-06,0.0176776695296637,-0.015));
#14006=CARTESIAN_POINT('',(0.0176776695296637,0.0176776695296637,-0.015));
#14007=CARTESIAN_POINT('',(0.0176776695296637,0.0176776695296637,0.00663418932975525));
#14008=CARTESIAN_POINT('',(0.0176776695296637,0.0176776695296637,0.01));
#14009=CARTESIAN_POINT('',(2.66952966369513E-06,0.0176776695296637,0.01));
#14010=CARTESIAN_POINT('',(0.0176776695296637,0.0176776695296637,0.00663418932975525));
#14011=CARTESIAN_POINT('',(0.0141164569891418,0.0176776695296637,0.00625612509478473));
#14012=CARTESIAN_POINT('',(0.0105700730065001,0.0176776695296579,0.00578181704970144));
#14013=CARTESIAN_POINT('',(0.00707106781186053,0.0176776695296579,0.00499999999999824));
#14014=CARTESIAN_POINT('',(0.0176776695296637,2.66952966369166E-06,-0.015));
#14015=CARTESIAN_POINT('',(0.0176776695296637,0.0176776695296637,0.00663418932975525));
#14016=CARTESIAN_POINT('',(0.0176776695296637,0.0141164569891418,0.00625612509478473));
#14017=CARTESIAN_POINT('',(0.0176776695296579,0.0105700730065001,0.00578181704970144));
#14018=CARTESIAN_POINT('',(0.0176776695296579,0.00707106781186051,0.00499999999999824));
#14019=CARTESIAN_POINT('',(0.0176776695296637,2.66952966369166E-06,0.01));
#14020=CARTESIAN_POINT('',(0.0164402326625873,0.0217435335214863,-0.015));
#14021=CARTESIAN_POINT('',(0.0164402326625873,0.0217435335214863,0.01));
#14022=CARTESIAN_POINT('',(0.0142902326625873,0.0217435335214863,0.01));
#14023=CARTESIAN_POINT('',(0.0147578565510096,0.020051944575461,0.00657472109943735));
#14024=CARTESIAN_POINT('',(0.0140576015928187,0.021746898027437,0.00668454465762949));
#14025=CARTESIAN_POINT('',(0.0147531330532389,0.0234216644437091,0.0069156405582562));
#14026=CARTESIAN_POINT('',(0.016426485405536,0.0241261648728516,0.00711124817519146));
#14027=CARTESIAN_POINT('',(0.0181227567628992,0.0234347396762444,0.00718476394586669));
#14028=CARTESIAN_POINT('',(0.0188233806451084,0.0217398815757201,0.0071120547210078));
#14029=CARTESIAN_POINT('',(0.0181251161031667,0.020063240719322,0.00691684892713573));
#14030=CARTESIAN_POINT('',(0.0164540613929132,0.0193615363561057,0.00668571855391959));
#14031=CARTESIAN_POINT('',(0.0147578565510096,0.020051944575461,0.00657472109943735));
#14032=CARTESIAN_POINT('',(0.0140576015928187,0.021746898027437,0.00668454465762949));
#14033=CARTESIAN_POINT('',(0.0147531330532389,0.0234216644437091,0.0069156405582562));
#14034=CARTESIAN_POINT('',(0.0142902326625872,0.0217435335214863,0.00670475671470192));
#14035=CARTESIAN_POINT('',(0.021743011748025,0.0164397108891259,-0.015));
#14036=CARTESIAN_POINT('',(0.021743011748025,0.0164397108891259,0.01));
#14037=CARTESIAN_POINT('',(0.019593011748025,0.0164397108891259,0.01));
#14038=CARTESIAN_POINT('',(0.020060635771152,0.0147481213459395,0.00657460648159513));
#14039=CARTESIAN_POINT('',(0.0193603807412508,0.0164430757544573,0.00668443713222734));
#14040=CARTESIAN_POINT('',(0.0200559117519948,0.0181178409709868,0.00691554719285961));
#14041=CARTESIAN_POINT('',(0.0217292630319779,0.0188223422848667,0.00711116665127489));
#14042=CARTESIAN_POINT('',(0.0234255356648112,0.0181309176771614,0.0071846869899501));
#14043=CARTESIAN_POINT('',(0.0241261598278963,0.0164360584514669,0.00711197332327426));
#14044=CARTESIAN_POINT('',(0.0234278949824205,0.0147594183422274,0.00691675574929884));
#14045=CARTESIAN_POINT('',(0.0217568418243175,0.0140577138151724,0.00668561120994531));
#14046=CARTESIAN_POINT('',(0.020060635771152,0.0147481213459395,0.00657460648159513));
#14047=CARTESIAN_POINT('',(0.0193603807412508,0.0164430757544573,0.00668443713222734));
#14048=CARTESIAN_POINT('',(0.0200559117519948,0.0181178409709868,0.00691554719285961));
#14049=CARTESIAN_POINT('',(0.019593011748025,0.0164397108891259,0.00670465036722735));
#14050=CARTESIAN_POINT('',(0.0424264068711928,0.0424264068711928,0.));
#14051=CARTESIAN_POINT('',(0.0848527606575789,0.0928527606575789,0.));
#14052=CARTESIAN_POINT('',(0.0864515888415465,0.0929139851473748,0.));
#14053=CARTESIAN_POINT('',(0.0832539324736113,0.0929139851473748,0.));
#14054=CARTESIAN_POINT('',(0.104438405911182,0.0936027606575789,0.));
#14055=CARTESIAN_POINT('',(0.0864515888415465,0.0942915361677829,0.));
#14056=CARTESIAN_POINT('',(0.0848527606575789,0.0943527606575789,0.));
#14057=CARTESIAN_POINT('',(0.0832539324736113,0.0942915361677829,0.));
#14058=CARTESIAN_POINT('',(0.0652671154039754,0.0936027606575789,0.));
#14059=CARTESIAN_POINT('',(0.0848527606575789,0.0848527606575789,0.));
#14060=CARTESIAN_POINT('',(0.0888527606575789,0.0848527606575789,0.));
#14061=CARTESIAN_POINT('',(0.0768527606575789,0.0848527606575789,0.));
#14062=CARTESIAN_POINT('',(0.076791536167783,0.0832539324736112,0.));
#14063=CARTESIAN_POINT('',(0.076791536167783,0.0864515888415465,0.));
#14064=CARTESIAN_POINT('',(0.076102760657579,0.104438405911182,0.));
#14065=CARTESIAN_POINT('',(0.0754139851473748,0.0864515888415465,0.));
#14066=CARTESIAN_POINT('',(0.0753527606575789,0.0848527606575789,0.));
#14067=CARTESIAN_POINT('',(0.0754139851473748,0.0832539324736113,0.));
#14068=CARTESIAN_POINT('',(0.0761027606575787,0.0652671154039754,0.));
#14069=CARTESIAN_POINT('',(0.0848527606575789,0.0768527606575789,0.));
#14070=CARTESIAN_POINT('',(0.0832539324736113,0.076791536167783,0.));
#14071=CARTESIAN_POINT('',(0.0864515888415465,0.0767915361677829,0.));
#14072=CARTESIAN_POINT('',(0.0652671154039754,0.0761027606575791,0.));
#14073=CARTESIAN_POINT('',(0.0832539324736113,0.0754139851473748,0.));
#14074=CARTESIAN_POINT('',(0.0848527606575789,0.0753527606575789,0.));
#14075=CARTESIAN_POINT('',(0.0864515888415465,0.0754139851473748,0.));
#14076=CARTESIAN_POINT('',(0.104438405911182,0.0761027606575787,0.));
#14077=CARTESIAN_POINT('',(0.0943527606575789,0.0848527606575789,0.));
#14078=CARTESIAN_POINT('',(0.094291536167783,0.0832539324736112,0.));
#14079=CARTESIAN_POINT('',(0.094291536167783,0.0864515888415465,0.));
#14080=CARTESIAN_POINT('',(0.093602760657579,0.104438405911182,0.));
#14081=CARTESIAN_POINT('',(0.0929139851473748,0.0864515888415465,0.));
#14082=CARTESIAN_POINT('',(0.0928527606575789,0.0848527606575789,0.));
#14083=CARTESIAN_POINT('',(0.0929139851473748,0.0832539324736112,0.));
#14084=CARTESIAN_POINT('',(0.093602760657579,0.0652671154039754,0.));
#14085=CARTESIAN_POINT('',(0.0654722152000765,0.0814096616545279,0.));
#14086=CARTESIAN_POINT('',(0.0652387928624253,0.0865070840535301,0.));
#14087=CARTESIAN_POINT('',(0.0699785401074033,0.0940730554824619,0.));
#14088=CARTESIAN_POINT('',(0.0747182873523813,0.101639026911394,0.));
#14089=CARTESIAN_POINT('',(0.083766812633644,0.101639026911394,0.));
#14090=CARTESIAN_POINT('',(0.0928153379149067,0.101639026911394,0.));
#14091=CARTESIAN_POINT('',(0.0950212601640285,0.0994331046622721,0.));
#14092=CARTESIAN_POINT('',(0.101639026911394,0.0928153379149067,0.));
#14093=CARTESIAN_POINT('',(0.101639026911394,0.083766812633644,0.));
#14094=CARTESIAN_POINT('',(0.101639026911394,0.0747182873523812,0.));
#14095=CARTESIAN_POINT('',(0.094073055482462,0.0699785401074033,0.));
#14096=CARTESIAN_POINT('',(0.0865070840535301,0.0652387928624253,0.));
#14097=CARTESIAN_POINT('',(0.081409661654528,0.0654722152000764,0.));
#14098=CARTESIAN_POINT('',(0.0581855874043516,0.0829343247458808,4.33680868994202E-19));
#14099=CARTESIAN_POINT('',(-3.77528505555308E-06,-3.77528505554614E-06,0.01));
#14100=CARTESIAN_POINT('',(0.0249962247149444,-3.77528505554961E-06,0.01));
#14101=CARTESIAN_POINT('',(0.0249962247149444,0.0249962247149444,0.01));
#14102=CARTESIAN_POINT('',(-3.77528505554961E-06,0.0249962247149444,0.01));
#14103=CARTESIAN_POINT('',(0.0424264068711928,0.0424264068711928,0.015));
#14104=CARTESIAN_POINT('',(-3.77528505554961E-06,0.0249962247149444,0.015));
#14105=CARTESIAN_POINT('',(0.0249962247149444,0.0249962247149444,0.015));
#14106=CARTESIAN_POINT('',(0.0249962247149444,-3.77528505554961E-06,0.015));
#14107=CARTESIAN_POINT('',(0.081409661654528,0.0654722152000764,0.015));
#14108=CARTESIAN_POINT('',(0.0865070840535301,0.0652387928624253,0.015));
#14109=CARTESIAN_POINT('',(0.094073055482462,0.0699785401074033,0.015));
#14110=CARTESIAN_POINT('',(0.101639026911394,0.0747182873523812,0.015));
#14111=CARTESIAN_POINT('',(0.101639026911394,0.083766812633644,0.015));
#14112=CARTESIAN_POINT('',(0.101639026911394,0.0928153379149067,0.015));
#14113=CARTESIAN_POINT('',(0.0950212601640285,0.0994331046622721,0.015));
#14114=CARTESIAN_POINT('',(0.0928153379149067,0.101639026911394,0.015));
#14115=CARTESIAN_POINT('',(0.083766812633644,0.101639026911394,0.015));
#14116=CARTESIAN_POINT('',(0.0747182873523813,0.101639026911394,0.015));
#14117=CARTESIAN_POINT('',(0.0699785401074033,0.0940730554824619,0.015));
#14118=CARTESIAN_POINT('',(0.0652387928624253,0.0865070840535301,0.015));
#14119=CARTESIAN_POINT('',(0.0654722152000765,0.0814096616545279,0.015));
#14120=CARTESIAN_POINT('',(0.0848528137423857,0.0848528137423857,0.015));
#14121=CARTESIAN_POINT('',(0.0688528137423857,0.0848528137423857,0.015));
#14122=CARTESIAN_POINT('',(0.0540668225861363,0.0486556212009254,0.015));
#14123=CARTESIAN_POINT('',(0.0737145390892321,0.0683033377040213,0.015));
#14124=CARTESIAN_POINT('',(0.0344191060830404,0.0290079046978295,0.015));
#14125=CARTESIAN_POINT('',(0.0324500789129913,0.028265163395813,0.015));
#14126=CARTESIAN_POINT('',(0.0304810517429423,0.0275224220937964,0.015));
#14127=CARTESIAN_POINT('',(0.0292544141858375,0.0277750993612646,0.015));
#14128=CARTESIAN_POINT('',(0.0280277766287327,0.0280277766287327,0.015));
#14129=CARTESIAN_POINT('',(0.0277750993612646,0.0292544141858375,0.015));
#14130=CARTESIAN_POINT('',(0.0275224220937964,0.0304810517429423,0.015));
#14131=CARTESIAN_POINT('',(0.028265163395813,0.0324500789129913,0.015));
#14132=CARTESIAN_POINT('',(0.0290079046978296,0.0344191060830404,0.015));
#14133=CARTESIAN_POINT('',(0.0486556212009254,0.0540668225861363,0.015));
#14134=CARTESIAN_POINT('',(0.0683033377040213,0.0737145390892321,0.015));
#14135=CARTESIAN_POINT('',(0.069656138050324,0.0723617387429294,0.015));
#14136=CARTESIAN_POINT('',(0.0834951645809925,0.0834951645809925,0.004));
#14137=CARTESIAN_POINT('',(0.0928527606575789,0.0848527606575789,0.004));
#14138=CARTESIAN_POINT('',(0.0929139851473748,0.0864515888415465,0.004));
#14139=CARTESIAN_POINT('',(0.0929139851473748,0.0832539324736112,0.004));
#14140=CARTESIAN_POINT('',(0.093602760657579,0.104438405911182,0.004));
#14141=CARTESIAN_POINT('',(0.094291536167783,0.0864515888415465,0.004));
#14142=CARTESIAN_POINT('',(0.0943527606575789,0.0848527606575789,0.004));
#14143=CARTESIAN_POINT('',(0.094291536167783,0.0832539324736112,0.004));
#14144=CARTESIAN_POINT('',(0.093602760657579,0.0652671154039754,0.004));
#14145=CARTESIAN_POINT('',(0.0848527606575789,0.0753527606575789,0.004));
#14146=CARTESIAN_POINT('',(0.0864515888415465,0.0754139851473748,0.004));
#14147=CARTESIAN_POINT('',(0.0832539324736113,0.0754139851473748,0.004));
#14148=CARTESIAN_POINT('',(0.0652671154039754,0.0761027606575791,0.004));
#14149=CARTESIAN_POINT('',(0.0832539324736113,0.076791536167783,0.004));
#14150=CARTESIAN_POINT('',(0.0848527606575789,0.0768527606575789,0.004));
#14151=CARTESIAN_POINT('',(0.0864515888415465,0.0767915361677829,0.004));
#14152=CARTESIAN_POINT('',(0.104438405911182,0.0761027606575787,0.004));
#14153=CARTESIAN_POINT('',(0.0753527606575789,0.0848527606575789,0.004));
#14154=CARTESIAN_POINT('',(0.0754139851473748,0.0864515888415465,0.004));
#14155=CARTESIAN_POINT('',(0.0754139851473748,0.0832539324736113,0.004));
#14156=CARTESIAN_POINT('',(0.076102760657579,0.104438405911182,0.004));
#14157=CARTESIAN_POINT('',(0.076791536167783,0.0864515888415465,0.004));
#14158=CARTESIAN_POINT('',(0.0768527606575789,0.0848527606575789,0.004));
#14159=CARTESIAN_POINT('',(0.076791536167783,0.0832539324736112,0.004));
#14160=CARTESIAN_POINT('',(0.0761027606575787,0.0652671154039754,0.004));
#14161=CARTESIAN_POINT('',(0.0848527606575789,0.0848527606575789,0.004));
#14162=CARTESIAN_POINT('',(0.0888527606575789,0.0848527606575789,0.004));
#14163=CARTESIAN_POINT('',(0.0848528137423857,0.0848528137423857,0.004));
#14164=CARTESIAN_POINT('',(0.100852813742386,0.0848528137423857,0.004));
#14165=CARTESIAN_POINT('',(0.0848527606575789,0.0943527606575789,0.004));
#14166=CARTESIAN_POINT('',(0.0832539324736113,0.0942915361677829,0.004));
#14167=CARTESIAN_POINT('',(0.0864515888415465,0.0942915361677829,0.004));
#14168=CARTESIAN_POINT('',(0.104438405911182,0.0936027606575789,0.004));
#14169=CARTESIAN_POINT('',(0.0864515888415465,0.0929139851473748,0.004));
#14170=CARTESIAN_POINT('',(0.0848527606575789,0.0928527606575789,0.004));
#14171=CARTESIAN_POINT('',(0.0832539324736113,0.0929139851473748,0.004));
#14172=CARTESIAN_POINT('',(0.0652671154039754,0.0936027606575789,0.004));
#14173=CARTESIAN_POINT('',(0.0848528137423857,0.0848528137423857,0.015));
#14174=CARTESIAN_POINT('',(0.101639026911394,0.083766812633644,0.015));
#14175=CARTESIAN_POINT('',(0.101639026911394,0.0928153379149067,0.015));
#14176=CARTESIAN_POINT('',(0.101639026911394,0.0747182873523812,0.015));
#14177=CARTESIAN_POINT('',(0.094073055482462,0.0699785401074033,0.015));
#14178=CARTESIAN_POINT('',(0.0865070840535301,0.0652387928624253,0.015));
#14179=CARTESIAN_POINT('',(0.081409661654528,0.0654722152000764,0.015));
#14180=CARTESIAN_POINT('',(0.0654722152000765,0.0814096616545279,0.015));
#14181=CARTESIAN_POINT('',(0.0652387928624253,0.0865070840535301,0.015));
#14182=CARTESIAN_POINT('',(0.0699785401074033,0.0940730554824619,0.015));
#14183=CARTESIAN_POINT('',(0.0747182873523813,0.101639026911394,0.015));
#14184=CARTESIAN_POINT('',(0.083766812633644,0.101639026911394,0.015));
#14185=CARTESIAN_POINT('',(0.0928153379149067,0.101639026911394,0.015));
#14186=CARTESIAN_POINT('',(0.0950212601640285,0.0994331046622721,0.015));
#14187=CARTESIAN_POINT('',(0.0848527606575789,0.0848527606575789,0.0059));
#14188=CARTESIAN_POINT('',(0.0768527606575789,0.0848527606575789,0.0059));
#14189=CARTESIAN_POINT('',(0.076791536167783,0.0864515888415465,0.0059));
#14190=CARTESIAN_POINT('',(0.076791536167783,0.0832539324736112,0.0059));
#14191=CARTESIAN_POINT('',(0.0753527606575789,0.0848527606575789,0.0059));
#14192=CARTESIAN_POINT('',(0.0754139851473748,0.0864515888415465,0.0059));
#14193=CARTESIAN_POINT('',(0.0754139851473748,0.0832539324736113,0.0059));
#14194=CARTESIAN_POINT('',(0.0848527606575789,0.0768527606575789,0.0059));
#14195=CARTESIAN_POINT('',(0.0832539324736113,0.076791536167783,0.0059));
#14196=CARTESIAN_POINT('',(0.0864515888415465,0.0767915361677829,0.0059));
#14197=CARTESIAN_POINT('',(0.0848527606575789,0.0753527606575789,0.0059));
#14198=CARTESIAN_POINT('',(0.0832539324736113,0.0754139851473748,0.0059));
#14199=CARTESIAN_POINT('',(0.0864515888415465,0.0754139851473748,0.0059));
#14200=CARTESIAN_POINT('',(0.0848527606575789,0.0928527606575789,0.0059));
#14201=CARTESIAN_POINT('',(0.0864515888415465,0.0929139851473748,0.0059));
#14202=CARTESIAN_POINT('',(0.0832539324736113,0.0929139851473748,0.0059));
#14203=CARTESIAN_POINT('',(0.0848527606575789,0.0943527606575789,0.0059));
#14204=CARTESIAN_POINT('',(0.0864515888415465,0.0942915361677829,0.0059));
#14205=CARTESIAN_POINT('',(0.0832539324736113,0.0942915361677829,0.0059));
#14206=CARTESIAN_POINT('',(0.0928527606575789,0.0848527606575789,0.0059));
#14207=CARTESIAN_POINT('',(0.0929139851473748,0.0864515888415465,0.0059));
#14208=CARTESIAN_POINT('',(0.0929139851473748,0.0832539324736112,0.0059));
#14209=CARTESIAN_POINT('',(0.0943527606575789,0.0848527606575789,0.0059));
#14210=CARTESIAN_POINT('',(0.094291536167783,0.0864515888415465,0.0059));
#14211=CARTESIAN_POINT('',(0.094291536167783,0.0832539324736112,0.0059));
#14212=CARTESIAN_POINT('',(0.104438405911182,0.0761027606575787,0.0059));
#14213=CARTESIAN_POINT('',(0.0652671154039754,0.0761027606575791,0.0059));
#14214=CARTESIAN_POINT('',(0.0761027606575787,0.0652671154039754,0.0059));
#14215=CARTESIAN_POINT('',(0.076102760657579,0.104438405911182,0.0059));
#14216=CARTESIAN_POINT('',(0.0652671154039754,0.0936027606575789,0.0059));
#14217=CARTESIAN_POINT('',(0.104438405911182,0.0936027606575789,0.0059));
#14218=CARTESIAN_POINT('',(0.093602760657579,0.0652671154039754,0.0059));
#14219=CARTESIAN_POINT('',(0.093602760657579,0.104438405911182,0.0059));
#14220=CARTESIAN_POINT('',(0.069656138050324,0.0723617387429294,0.012));
#14221=CARTESIAN_POINT('',(0.0683033377040213,0.0737145390892321,0.012));
#14222=CARTESIAN_POINT('',(0.0683033377040213,0.0737145390892321,0.012));
#14223=CARTESIAN_POINT('',(0.069656138050324,0.0723617387429294,0.012));
#14224=CARTESIAN_POINT('',(0.0737145390892321,0.0683033377040213,0.012));
#14225=CARTESIAN_POINT('',(0.0737145390892321,0.0683033377040213,0.012));
#14226=CARTESIAN_POINT('',(0.0540668225861363,0.0486556212009254,0.012));
#14227=CARTESIAN_POINT('',(0.0540668225861363,0.0486556212009254,0.012));
#14228=CARTESIAN_POINT('',(0.0344191060830404,0.0290079046978295,0.012));
#14229=CARTESIAN_POINT('',(0.0344191060830404,0.0290079046978295,0.012));
#14230=CARTESIAN_POINT('',(0.0324500789129913,0.028265163395813,0.012));
#14231=CARTESIAN_POINT('',(0.0324500789129913,0.028265163395813,0.012));
#14232=CARTESIAN_POINT('',(0.0304810517429423,0.0275224220937964,0.012));
#14233=CARTESIAN_POINT('',(0.0304810517429423,0.0275224220937964,0.012));
#14234=CARTESIAN_POINT('',(0.0292544141858375,0.0277750993612646,0.012));
#14235=CARTESIAN_POINT('',(0.0292544141858375,0.0277750993612646,0.012));
#14236=CARTESIAN_POINT('',(0.0280277766287327,0.0280277766287327,0.012));
#14237=CARTESIAN_POINT('',(0.0280277766287327,0.0280277766287327,0.012));
#14238=CARTESIAN_POINT('',(0.0277750993612646,0.0292544141858375,0.012));
#14239=CARTESIAN_POINT('',(0.0277750993612646,0.0292544141858375,0.012));
#14240=CARTESIAN_POINT('',(0.0275224220937964,0.0304810517429423,0.012));
#14241=CARTESIAN_POINT('',(0.0275224220937964,0.0304810517429423,0.012));
#14242=CARTESIAN_POINT('',(0.028265163395813,0.0324500789129913,0.012));
#14243=CARTESIAN_POINT('',(0.028265163395813,0.0324500789129913,0.012));
#14244=CARTESIAN_POINT('',(0.0290079046978296,0.0344191060830404,0.012));
#14245=CARTESIAN_POINT('',(0.0290079046978296,0.0344191060830404,0.012));
#14246=CARTESIAN_POINT('',(0.0486556212009254,0.0540668225861363,0.012));
#14247=CARTESIAN_POINT('',(0.0486556212009254,0.0540668225861363,0.012));
#14248=CARTESIAN_POINT('',(0.0509295225591055,0.0509295225591054,0.012));
#14249=CARTESIAN_POINT('',(-3.77528505554961E-06,0.0249962247149444,0.01));
#14250=CARTESIAN_POINT('',(0.0249962247149444,0.0249962247149444,0.01));
#14251=CARTESIAN_POINT('',(0.0249962247149444,-3.77528505554961E-06,0.01));
#14252=CARTESIAN_POINT('',(0.0581855874043516,0.0829343247458807,0.0035));
#14253=CARTESIAN_POINT('',(0.0581855874043516,0.0829343247458808,0.007));
#14254=CARTESIAN_POINT('',(0.0652566552162161,0.0758632569340164,0.007));
#14255=CARTESIAN_POINT('',(0.0758632569340163,0.0652566552162161,0.007));
#14256=CARTESIAN_POINT('',(0.0412241355844986,0.0518307373022988,0.00826133333583849));
#14257=CARTESIAN_POINT('',(0.0518307373022988,0.0412241355844985,0.00826133333583849));
#14258=CARTESIAN_POINT('',(0.0171916159527811,0.0277982176705813,0.00952266667167696));
#14259=CARTESIAN_POINT('',(0.0277982176705814,0.017191615952781,0.00952266667167696));
#14260=CARTESIAN_POINT('',(0.00707106781186053,0.0176776695296607,0.00499999999999824));
#14261=CARTESIAN_POINT('',(0.0176776695296608,0.00707106781186046,0.00499999999999824));
#14262=CARTESIAN_POINT('',(0.,0.,0.));
#14263=CARTESIAN_POINT('',(0.08451,-0.0856,0.033));
#14264=CARTESIAN_POINT('',(0.08451,-0.0856,0.0292087405829074));
#14265=CARTESIAN_POINT('',(0.0858090381056767,-0.08485,0.0295995408406154));
#14266=CARTESIAN_POINT('',(0.08376,-0.0868990381056767,0.0287574833149333));
#14267=CARTESIAN_POINT('',(0.08451,-0.0856,0.0292087405829074));
#14268=CARTESIAN_POINT('',(0.08376,-0.0843009618943234,0.0289831119489204));
#14269=CARTESIAN_POINT('',(0.08376,-0.0843009618943234,0.033));
#14270=CARTESIAN_POINT('',(0.08376,-0.0843009618943234,0.0287574833149333));
#14271=CARTESIAN_POINT('',(0.08451,-0.0856,0.0292087405829074));
#14272=CARTESIAN_POINT('',(0.0832109618943234,-0.08485,0.0288179403251995));
#14273=CARTESIAN_POINT('',(0.08451,-0.0856,0.0292087405829074));
#14274=CARTESIAN_POINT('',(0.08301,-0.0856,0.0287574833149333));
#14275=CARTESIAN_POINT('',(0.08301,-0.0856,0.033));
#14276=CARTESIAN_POINT('',(0.08301,-0.0856,0.0289831119489204));
#14277=CARTESIAN_POINT('',(0.08451,-0.0856,0.0292087405829074));
#14278=CARTESIAN_POINT('',(0.08376,-0.0868990381056767,0.0294343692168945));
#14279=CARTESIAN_POINT('',(0.08376,-0.0868990381056767,0.033));
#14280=CARTESIAN_POINT('',(0.08451,-0.0856,0.028));
#14281=CARTESIAN_POINT('',(0.08301,-0.0856,0.028));
#14282=CARTESIAN_POINT('',(0.08451,-0.0856,0.033));
#14283=CARTESIAN_POINT('',(0.08451,-0.0856,0.028));
#14284=CARTESIAN_POINT('',(0.08051,-0.0856,0.028));
#14285=CARTESIAN_POINT('',(0.08451,-0.0856,0.033));
#14286=CARTESIAN_POINT('',(0.08051,-0.0856,0.033));
#14287=CARTESIAN_POINT('',(0.08051,-0.0856,0.033));
#14288=CARTESIAN_POINT('',(0.08051,-0.0856,0.0280053878683098));
#14289=CARTESIAN_POINT('',(0.08051,-0.0856,0.0286070642256086));
#14290=CARTESIAN_POINT('',(0.08451,-0.0856,0.0292087405829074));
#14291=CARTESIAN_POINT('',(0.0810458983848623,-0.0836,0.0281666065623529));
#14292=CARTESIAN_POINT('',(0.08451,-0.0856,0.0292087405829074));
#14293=CARTESIAN_POINT('',(0.08251,-0.0821358983848623,0.0280053878683098));
#14294=CARTESIAN_POINT('',(0.08251,-0.0821358983848623,0.033));
#14295=CARTESIAN_POINT('',(0.08251,-0.0821358983848623,0.0286070642256086));
#14296=CARTESIAN_POINT('',(0.08451,-0.0856,0.0292087405829074));
#14297=CARTESIAN_POINT('',(0.0879741016151378,-0.0836,0.030250874603462));
#14298=CARTESIAN_POINT('',(0.08451,-0.0856,0.0292087405829074));
#14299=CARTESIAN_POINT('',(0.08251,-0.0890641016151378,0.0280053878683098));
#14300=CARTESIAN_POINT('',(0.08251,-0.0890641016151378,0.033));
#14301=CARTESIAN_POINT('',(0.08251,-0.0890641016151378,0.0294404283721476));
#14302=CARTESIAN_POINT('',(0.08451,-0.0856,0.0312146295508911));
#14303=CARTESIAN_POINT('',(0.0884991822812713,-0.085306019172749,0.0322122566663278));
#14304=CARTESIAN_POINT('',(0.08451,-0.0856,-0.305642970579299));
#14305=CARTESIAN_POINT('',(0.0885083429014683,-0.0854848737984721,0.0329880957230925));
#14306=CARTESIAN_POINT('',(0.08451,-0.0856,0.0312146295508911));
#14307=CARTESIAN_POINT('',(0.0879741016151378,-0.0836,0.0327511328431073));
#14308=CARTESIAN_POINT('',(0.08451,-0.0856,0.0312146295508911));
#14309=CARTESIAN_POINT('',(0.0866088736658985,-0.0821948965750512,0.0329880957230925));
#14310=CARTESIAN_POINT('',(0.08451,-0.0856,-0.305642970579298));
#14311=CARTESIAN_POINT('',(0.0867591860052606,-0.0822922572177179,0.0322122566663278));
#14312=CARTESIAN_POINT('',(0.08451,-0.0856,0.0312146295508911));
#14313=CARTESIAN_POINT('',(0.0810458983848623,-0.0836,0.0296781262586749));
#14314=CARTESIAN_POINT('',(0.08451,-0.0856,0.0312146295508911));
#14315=CARTESIAN_POINT('',(0.0864094692355698,-0.0891202296264766,0.0329880957230925));
#14316=CARTESIAN_POINT('',(0.08451,-0.0856,-0.305642970579298));
#14317=CARTESIAN_POINT('',(0.0860553331398598,-0.0892894370148915,0.0304024101439863));
#14318=CARTESIAN_POINT('',(0.08451,-0.0856,0.0292087405829074));
#14319=CARTESIAN_POINT('',(0.08451,-0.0856,0.033));
#14320=CARTESIAN_POINT('',(0.08451,-0.0856,0.0312146295508911));
#14321=CARTESIAN_POINT('',(0.0832109618943234,-0.08485,0.03063844081631));
#14322=CARTESIAN_POINT('',(0.08526,-0.0868990381056767,0.0318799549929199));
#14323=CARTESIAN_POINT('',(0.08451,-0.0856,0.0312146295508911));
#14324=CARTESIAN_POINT('',(0.08526,-0.0843009618943234,0.0315472922719055));
#14325=CARTESIAN_POINT('',(0.08526,-0.0843009618943234,0.033));
#14326=CARTESIAN_POINT('',(0.08526,-0.0843009618943234,0.0318799549929199));
#14327=CARTESIAN_POINT('',(0.08451,-0.0856,0.0312146295508911));
#14328=CARTESIAN_POINT('',(0.0858090381056767,-0.08485,0.0317908182854722));
#14329=CARTESIAN_POINT('',(0.08451,-0.0856,0.0312146295508911));
#14330=CARTESIAN_POINT('',(0.08601,-0.0856,0.0318799549929199));
#14331=CARTESIAN_POINT('',(0.08601,-0.0856,0.033));
#14332=CARTESIAN_POINT('',(0.08601,-0.0856,0.0315472922719055));
#14333=CARTESIAN_POINT('',(0.08451,-0.0856,0.0312146295508911));
#14334=CARTESIAN_POINT('',(0.08526,-0.0868990381056767,0.0308819668298767));
#14335=CARTESIAN_POINT('',(0.08526,-0.0868990381056767,0.033));
#14336=CARTESIAN_POINT('',(0.08451,-0.0856,0.033));
#14337=CARTESIAN_POINT('',(0.08301,-0.0856,0.033));
#14338=CARTESIAN_POINT('',(0.08451,-0.0856,0.033));
#14339=CARTESIAN_POINT('',(0.08451,-0.0856,0.028));
#14340=CARTESIAN_POINT('',(0.0845002166891843,-0.0221,0.0312102901604958));
#14341=CARTESIAN_POINT('',(0.0885083429014683,-0.0221,0.0329880957230925));
#14342=CARTESIAN_POINT('',(0.0885083429014683,-0.0832915556495249,0.0329880957230925));
#14343=CARTESIAN_POINT('',(0.10846317163273,-0.071770629909898,0.0418390658872501));
#14344=CARTESIAN_POINT('',(0.0884930778259784,-0.0221,0.0316952529335394));
#14345=CARTESIAN_POINT('',(0.0887486874044685,-0.0304386675382394,0.0533435573071895));
#14346=CARTESIAN_POINT('',(0.139497721484904,-0.1173584725957,0.0312102901604958));
#14347=CARTESIAN_POINT('',(0.141501784591046,-0.113887333474287,0.0329880957230925));
#14348=CARTESIAN_POINT('',(0.141494152053301,-0.113900553417452,0.0316952529335394));
#14349=CARTESIAN_POINT('',(0.0624069949551723,-0.0683797795090689,0.0214108351498142));
#14350=CARTESIAN_POINT('',(0.0295048626665354,-0.117328307461136,0.0292012050719932));
#14351=CARTESIAN_POINT('',(0.0587422618977631,-0.0707229894702657,0.0214568211843153));
#14352=CARTESIAN_POINT('',(0.0804920904769003,-0.0832802588552589,0.028));
#14353=CARTESIAN_POINT('',(0.0275084320981383,-0.113870388282888,0.028));
#14354=CARTESIAN_POINT('',(0.0825010452384502,-0.0821203882828883,0.028));
#14355=CARTESIAN_POINT('',(0.0844974758068472,-0.0855783074611356,0.0292012050719932));
#14356=CARTESIAN_POINT('',(0.0275084320981383,-0.113870388282888,0.0287162422989495));
#14357=CARTESIAN_POINT('',(0.10835811024498,-0.0671918048409145,0.0363831626332378));
#14358=CARTESIAN_POINT('',(0.0825010452384502,-0.0821203882828883,0.0286043702914538));
#14359=CARTESIAN_POINT('',(0.0825010452384502,-0.0821203882828883,0.0287162422989495));
#14360=CARTESIAN_POINT('',(0.0844849516136945,-0.0221,0.0292012050719932));
#14361=CARTESIAN_POINT('',(0.0844849516136945,-0.0856,0.0292012050719932));
#14362=CARTESIAN_POINT('',(0.0804920904769004,-0.0856,0.028));
#14363=CARTESIAN_POINT('',(0.0804920904769004,-0.0221,0.028));
#14364=CARTESIAN_POINT('',(0.0804920904769004,-0.0221,0.0287162422989495));
#14365=CARTESIAN_POINT('',(0.0804920904769004,-0.0261635559578736,0.0131191851921821));
#14366=CARTESIAN_POINT('',(0.0804920904769004,-0.0856,0.0286043702914538));
#14367=CARTESIAN_POINT('',(0.0804920904769004,-0.0856,0.0287162422989495));
#14368=CARTESIAN_POINT('',(0.0295124952042803,-0.1173415274043,0.0312102901604958));
#14369=CARTESIAN_POINT('',(0.0605415244305939,-0.0717617941779384,0.0205834051489096));
#14370=CARTESIAN_POINT('',(0.0804920904769004,-0.0832802588552589,0.029432484597899));
#14371=CARTESIAN_POINT('',(0.0275084320981383,-0.113870388282888,0.029432484597899));
#14372=CARTESIAN_POINT('',(0.0419099532879243,-0.105555666147225,0.029432484597899));
#14373=CARTESIAN_POINT('',(0.0402919331935359,-0.102753173136077,0.0279971380185517));
#14374=CARTESIAN_POINT('',(0.04191973659874,-0.105572611338624,0.0294411633786896));
#14375=CARTESIAN_POINT('',(0.0295408322518707,-0.117336463794667,0.0312146295501825));
#14376=CARTESIAN_POINT('',(0.0333233766340812,-0.112849541746437,0.0303299612631225));
#14377=CARTESIAN_POINT('',(0.0371075989475105,-0.108365380663947,0.0294467256577434));
#14378=CARTESIAN_POINT('',(0.0419197365987399,-0.105572611338624,0.0294411633786896));
#14379=CARTESIAN_POINT('',(0.0295408322518707,-0.117336463794667,0.0312146295501825));
#14380=CARTESIAN_POINT('',(0.0295408322345238,-0.11733646380082,0.0312146295486986));
#14381=CARTESIAN_POINT('',(0.0353178929105157,-0.116304145297876,0.0320992978367289));
#14382=CARTESIAN_POINT('',(0.0410934014866801,-0.115268993182889,0.0329825334440327));
#14383=CARTESIAN_POINT('',(0.0459180795002083,-0.11249794439005,0.0329880957230925));
#14384=CARTESIAN_POINT('',(0.0459180795002083,-0.11249794439005,0.0329880957230925));
#14385=CARTESIAN_POINT('',(0.0315165583104223,-0.120812666525713,0.0329880957230925));
#14386=CARTESIAN_POINT('',(0.0315089257726774,-0.120799446582548,0.0316952529335394));
#14387=CARTESIAN_POINT('',(0.0459180704007222,-0.112497949629975,0.0329880957178433));
#14388=CARTESIAN_POINT('',(0.0447766396015215,-0.113156848547496,0.0329802871637653));
#14389=CARTESIAN_POINT('',(0.0425667862352128,-0.114424538208027,0.0323810640004181));
#14390=CARTESIAN_POINT('',(0.0405648456071543,-0.115563082324223,0.0311138742780641));
#14391=CARTESIAN_POINT('',(0.0396095367894488,-0.116104930040528,0.0304024101439863));
#14392=CARTESIAN_POINT('',(0.0396095367894487,-0.116104930040528,0.0304024101439863));
#14393=CARTESIAN_POINT('',(0.0315012932349324,-0.120786226639383,0.0304024101439863));
#14394=CARTESIAN_POINT('',(0.0295048626665354,-0.117328307461136,0.0292012050719932));
#14395=CARTESIAN_POINT('',(0.0396095367894487,-0.116104930040528,0.0304024101439863));
#14396=CARTESIAN_POINT('',(0.0364301083082534,-0.116981394142971,0.0301525116720096));
#14397=CARTESIAN_POINT('',(0.0331784901081827,-0.117495586025396,0.0297973704369654));
#14398=CARTESIAN_POINT('',(0.0299333166647334,-0.118016266775122,0.0294448891836854));
#14399=CARTESIAN_POINT('',(0.0299333166821737,-0.118016266769132,0.029444889184748));
#14400=CARTESIAN_POINT('',(0.0422005716207869,-0.106059031865354,0.028174858179881));
#14401=CARTESIAN_POINT('',(0.0397024716112619,-0.107509248082898,0.0281769261657719));
#14402=CARTESIAN_POINT('',(0.0353506697707759,-0.111338659353845,0.0285200220370416));
#14403=CARTESIAN_POINT('',(0.0317405372784117,-0.115793694314714,0.0291376750690689));
#14404=CARTESIAN_POINT('',(0.0299333166821737,-0.118016266769132,0.029444889184748));
#14405=CARTESIAN_POINT('',(0.0422005716207869,-0.106059031865354,0.028174858179881));
#14406=CARTESIAN_POINT('',(0.0439063838563213,-0.109013585325472,0.0292012050719932));
#14407=CARTESIAN_POINT('',(0.0419099532879243,-0.105555666147225,0.028));
#14408=CARTESIAN_POINT('',(0.0275084320981383,-0.113870388282888,0.028));
#14409=CARTESIAN_POINT('',(0.0846894903093134,-0.0856,0.029235739351777));
#14410=CARTESIAN_POINT('',(0.0275084320981383,-0.113870388282888,0.0287162422989495));
#14411=CARTESIAN_POINT('',(0.0804920904769004,-0.0832802588552589,0.0287162422989495));
#14412=CARTESIAN_POINT('',(0.0419099532879243,-0.105555666147225,0.0287162422989495));
#14413=CARTESIAN_POINT('',(0.0299356715887555,-0.118020345586979,0.0294342707425554));
#14414=CARTESIAN_POINT('',(0.0295408322518707,-0.117336463794668,0.0312146295501826));
#14415=CARTESIAN_POINT('',(0.033718215970966,-0.113533423538748,0.0285496024554954));
#14416=CARTESIAN_POINT('',(0.0333233766340812,-0.112849541746437,0.0303299612631225));
#14417=CARTESIAN_POINT('',(0.0375024382843952,-0.109049262456258,0.0276663668501164));
#14418=CARTESIAN_POINT('',(0.0371075989475104,-0.108365380663947,0.0294467256577435));
#14419=CARTESIAN_POINT('',(0.0423145759356248,-0.106256493130936,0.0276608045710626));
#14420=CARTESIAN_POINT('',(0.0419197365987399,-0.105572611338624,0.0294411633786897));
#14421=CARTESIAN_POINT('',(0.0469879343348294,-0.114350987320337,0.00658829732579395));
#14422=CARTESIAN_POINT('',(0.0346090299879602,-0.12611483977638,0.00836176349728683));
#14423=CARTESIAN_POINT('',(0.0300203530382158,-0.1181670181961,0.0290524359510975));
#14424=CARTESIAN_POINT('',(0.0295408322345238,-0.11733646380082,0.0312146295486987));
#14425=CARTESIAN_POINT('',(0.0357974137142076,-0.117134699693157,0.0299371042391277));
#14426=CARTESIAN_POINT('',(0.0353178929105156,-0.116304145297876,0.0320992978367289));
#14427=CARTESIAN_POINT('',(0.0415729222903721,-0.11609954757817,0.0308203398464315));
#14428=CARTESIAN_POINT('',(0.0410934014866801,-0.115268993182889,0.0329825334440327));
#14429=CARTESIAN_POINT('',(0.0463976003039002,-0.11332849878533,0.0308259021254915));
#14430=CARTESIAN_POINT('',(0.0459180795002082,-0.11249794439005,0.0329880957230927));
#14431=CARTESIAN_POINT('',(0.0453601309296253,-0.11153154911779,0.00514427196565604));
#14432=CARTESIAN_POINT('',(0.139497721484904,-0.1173584725957,0.0312102901604958));
#14433=CARTESIAN_POINT('',(0.0845051083445922,-0.0856084725956995,0.0312102901604958));
#14434=CARTESIAN_POINT('',(0.0825010452384502,-0.0890796117171117,0.029432484597899));
#14435=CARTESIAN_POINT('',(0.137493658378762,-0.120829611717112,0.029432484597899));
#14436=CARTESIAN_POINT('',(0.123092137188976,-0.112514889581449,0.029432484597899));
#14437=CARTESIAN_POINT('',(0.121474117094588,-0.115317382592597,0.0279971380185517));
#14438=CARTESIAN_POINT('',(0.123101920499792,-0.11249794439005,0.0294411633786896));
#14439=CARTESIAN_POINT('',(0.139479167746532,-0.117336463797435,0.0312146295501825));
#14440=CARTESIAN_POINT('',(0.133702107076858,-0.116304145295614,0.0303299612631225));
#14441=CARTESIAN_POINT('',(0.127926598508046,-0.115268993179861,0.0294467256577434));
#14442=CARTESIAN_POINT('',(0.123101920499792,-0.11249794439005,0.0294411633786896));
#14443=CARTESIAN_POINT('',(0.139479167746532,-0.117336463797435,0.0312146295501825));
#14444=CARTESIAN_POINT('',(0.139479167760533,-0.117336463809381,0.0312146295486986));
#14445=CARTESIAN_POINT('',(0.135696623374192,-0.11284954175624,0.0320992978367289));
#14446=CARTESIAN_POINT('',(0.13191240105775,-0.108365380667,0.0329825334440327));
#14447=CARTESIAN_POINT('',(0.12710026340126,-0.105572611338624,0.0329880957230925));
#14448=CARTESIAN_POINT('',(0.12710026340126,-0.105572611338624,0.0329880957230925));
#14449=CARTESIAN_POINT('',(0.141501784591046,-0.113887333474287,0.0329880957230925));
#14450=CARTESIAN_POINT('',(0.141494152053301,-0.113900553417452,0.0316952529335394));
#14451=CARTESIAN_POINT('',(0.141486519515556,-0.113913773360617,0.0304024101439863));
#14452=CARTESIAN_POINT('',(0.13337827596104,-0.109232476761762,0.0304024101439863));
#14453=CARTESIAN_POINT('',(0.0884778127504885,-0.0833091822404114,0.0304024101439863));
#14454=CARTESIAN_POINT('',(0.0884980029726556,-0.0832975254102083,0.0321123776554776));
#14455=CARTESIAN_POINT('',(0.127100272488912,-0.105572616599048,0.0329880957178433));
#14456=CARTESIAN_POINT('',(0.128241611089611,-0.106231675209057,0.0329802871637653));
#14457=CARTESIAN_POINT('',(0.1304443892229,-0.107511619532653,0.0323810640004178));
#14458=CARTESIAN_POINT('',(0.132431367664885,-0.108676078915322,0.0311138742780641));
#14459=CARTESIAN_POINT('',(0.13337827596104,-0.109232476761762,0.0304024101439863));
#14460=CARTESIAN_POINT('',(0.139490088947159,-0.117371692538864,0.0292012050719932));
#14461=CARTESIAN_POINT('',(0.110239369445184,-0.070745141624744,0.0369491172245944));
#14462=CARTESIAN_POINT('',(0.13337827596104,-0.109232476761762,0.0304024101439863));
#14463=CARTESIAN_POINT('',(0.135727030379858,-0.111547710544771,0.0301525116720096));
#14464=CARTESIAN_POINT('',(0.137798142712494,-0.114106598568228,0.0297973704369654));
#14465=CARTESIAN_POINT('',(0.139871652190743,-0.116656660835079,0.0294448891836854));
#14466=CARTESIAN_POINT('',(0.139871652176835,-0.11665666082297,0.029444889184748));
#14467=CARTESIAN_POINT('',(0.123382755521839,-0.11201152386332,0.028174858179881));
#14468=CARTESIAN_POINT('',(0.125887729611975,-0.11344983382399,0.028176926165772));
#14469=CARTESIAN_POINT('',(0.131379997974396,-0.115303899134614,0.0285200220370417));
#14470=CARTESIAN_POINT('',(0.137043237671438,-0.116202848103594,0.0291376750690689));
#14471=CARTESIAN_POINT('',(0.139871652176835,-0.11665666082297,0.029444889184748));
#14472=CARTESIAN_POINT('',(0.123382755521839,-0.11201152386332,0.028174858179881));
#14473=CARTESIAN_POINT('',(0.125088567757373,-0.109056970403201,0.0292012050719932));
#14474=CARTESIAN_POINT('',(0.123092137188976,-0.112514889581449,0.028));
#14475=CARTESIAN_POINT('',(0.137493658378762,-0.120829611717112,0.028));
#14476=CARTESIAN_POINT('',(0.0825010452384502,-0.0890796117171117,0.028));
#14477=CARTESIAN_POINT('',(0.0844974758068472,-0.0856216925388644,0.0292012050719932));
#14478=CARTESIAN_POINT('',(0.137493658378762,-0.120829611717112,0.0287162422989495));
#14479=CARTESIAN_POINT('',(0.123092137188976,-0.112514889581449,0.0287162422989495));
#14480=CARTESIAN_POINT('',(0.0825010452384502,-0.0890796117171117,0.0287162422989495));
#14481=CARTESIAN_POINT('',(0.139874007083417,-0.116652582005123,0.0294342707425554));
#14482=CARTESIAN_POINT('',(0.139479167746532,-0.117336463797434,0.0312146295501826));
#14483=CARTESIAN_POINT('',(0.134096946413743,-0.115620263503302,0.0285496024554954));
#14484=CARTESIAN_POINT('',(0.133702107076858,-0.116304145295614,0.0303299612631225));
#14485=CARTESIAN_POINT('',(0.128321437844931,-0.114585111387549,0.0276663668501164));
#14486=CARTESIAN_POINT('',(0.127926598508046,-0.115268993179861,0.0294467256577436));
#14487=CARTESIAN_POINT('',(0.123496759836677,-0.111814062597738,0.0276608045710626));
#14488=CARTESIAN_POINT('',(0.123101920499792,-0.11249794439005,0.0294411633786897));
#14489=CARTESIAN_POINT('',(0.128170118235881,-0.103719568408337,0.00658829732579395));
#14490=CARTESIAN_POINT('',(0.144547365482621,-0.108558087815722,0.00836176349728683));
#14491=CARTESIAN_POINT('',(0.139958688564225,-0.116505909414101,0.0290524359510975));
#14492=CARTESIAN_POINT('',(0.139479167760533,-0.117336463809381,0.0312146295486987));
#14493=CARTESIAN_POINT('',(0.136176144177884,-0.112018987360959,0.0299371042391277));
#14494=CARTESIAN_POINT('',(0.135696623374192,-0.11284954175624,0.0320992978367289));
#14495=CARTESIAN_POINT('',(0.132391921861442,-0.107534826271719,0.0308203398464315));
#14496=CARTESIAN_POINT('',(0.13191240105775,-0.108365380667,0.0329825334440327));
#14497=CARTESIAN_POINT('',(0.127579784204952,-0.104742056943344,0.0308259021254915));
#14498=CARTESIAN_POINT('',(0.12710026340126,-0.105572611338624,0.0329880957230926));
#14499=CARTESIAN_POINT('',(0.126542314830677,-0.106539006610884,0.00514427196565604));
#14500=CARTESIAN_POINT('',(0.0873924457603025,-0.0387294442713261,0.00514427196565604));
#14501=CARTESIAN_POINT('',(0.0844849516136945,-0.0387294442713261,0.0292012050719932));
#14502=CARTESIAN_POINT('',(0.0810733271426256,-0.0387294442713261,0.028174858179881));
#14503=CARTESIAN_POINT('',(0.0804920904769004,-0.0387294442713261,0.028));
#14504=CARTESIAN_POINT('',(0.0804920904769004,-0.0387294442713261,0.0287162422989495));
#14505=CARTESIAN_POINT('',(0.0804920904769004,-0.0387294442713261,0.029432484597899));
#14506=CARTESIAN_POINT('',(0.0772560502881236,-0.0387294442713261,0.0279971380185517));
#14507=CARTESIAN_POINT('',(0.0805116570985317,-0.0387294442713261,0.0294411633786896));
#14508=CARTESIAN_POINT('',(0.0906480525707106,-0.0387294442713261,0.00658829732579395));
#14509=CARTESIAN_POINT('',(0.0854690416024409,-0.0221270723897991,0.0290524359510975));
#14510=CARTESIAN_POINT('',(0.084509999995057,-0.0221270723897991,0.0312146295486987));
#14511=CARTESIAN_POINT('',(0.0874635578920913,-0.0276463129458837,0.0299371042391277));
#14512=CARTESIAN_POINT('',(0.0865045162847074,-0.0276463129458837,0.0320992978367289));
#14513=CARTESIAN_POINT('',(0.0894548441518136,-0.0331656261501106,0.0308203398464315));
#14514=CARTESIAN_POINT('',(0.0884958025444297,-0.0331656261501106,0.0329825334440327));
#14515=CARTESIAN_POINT('',(0.0894673845088522,-0.0387294442713261,0.0308259021254915));
#14516=CARTESIAN_POINT('',(0.0885083429014683,-0.0387294442713261,0.0329880957230926));
#14517=CARTESIAN_POINT('',(0.0885083428896338,-0.0387294337709773,0.0329880957178433));
#14518=CARTESIAN_POINT('',(0.0885082506911326,-0.0374114762434471,0.0329802871637653));
#14519=CARTESIAN_POINT('',(0.0885011754581131,-0.0348638422593195,0.0323810640004181));
#14520=CARTESIAN_POINT('',(0.088486213272039,-0.0325608387604547,0.0311138742780641));
#14521=CARTESIAN_POINT('',(0.0884778127504885,-0.0314625931977101,0.0304024101439863));
#14522=CARTESIAN_POINT('',(0.0885083429014683,-0.0387294442713261,0.0329880957230925));
#14523=CARTESIAN_POINT('',(0.0884778127504885,-0.0314625931977101,0.0304024101439863));
#14524=CARTESIAN_POINT('',(0.0884778127504885,-0.0314625931977101,0.0304024101439863));
#14525=CARTESIAN_POINT('',(0.0876471386881118,-0.0282708953122576,0.0301525116720096));
#14526=CARTESIAN_POINT('',(0.0864666328206766,-0.0251978154063758,0.0297973704369655));
#14527=CARTESIAN_POINT('',(0.0852949688554762,-0.0221270723897991,0.0294448891836854));
#14528=CARTESIAN_POINT('',(0.0852949688590084,-0.0221270724078981,0.029444889184748));
#14529=CARTESIAN_POINT('',(0.0946463954705814,-0.0221270724078981,0.00836176349728683));
#14530=CARTESIAN_POINT('',(0.0845099999984025,-0.0221270724078981,0.0312146295501825));
#14531=CARTESIAN_POINT('',(0.084509999995057,-0.0221270723897991,0.0312146295486986));
#14532=CARTESIAN_POINT('',(0.0865045162847074,-0.0276463129458838,0.0320992978367289));
#14533=CARTESIAN_POINT('',(0.0884958025444298,-0.0331656261501106,0.0329825334440327));
#14534=CARTESIAN_POINT('',(0.0885083429014683,-0.0387294442713261,0.0329880957230925));
#14535=CARTESIAN_POINT('',(0.0852996786721721,-0.0221270724078981,0.0294342707425554));
#14536=CARTESIAN_POINT('',(0.0845099999984025,-0.0221270724078981,0.0312146295501826));
#14537=CARTESIAN_POINT('',(0.0833051623847089,-0.0276463129579499,0.0285496024554954));
#14538=CARTESIAN_POINT('',(0.0825154837109393,-0.0276463129579499,0.0303299612631225));
#14539=CARTESIAN_POINT('',(0.0813138761293262,-0.0331656261561923,0.0276663668501164));
#14540=CARTESIAN_POINT('',(0.0805241974555566,-0.0331656261561923,0.0294467256577435));
#14541=CARTESIAN_POINT('',(0.0813013357723013,-0.038729444271326,0.0276608045710626));
#14542=CARTESIAN_POINT('',(0.0805116570985317,-0.038729444271326,0.0294411633786897));
#14543=CARTESIAN_POINT('',(0.0845099999984025,-0.0221270724078981,0.0312146295501825));
#14544=CARTESIAN_POINT('',(0.0825154837109393,-0.0276463129579499,0.0303299612631225));
#14545=CARTESIAN_POINT('',(0.0805241974555566,-0.0331656261561923,0.0294467256577434));
#14546=CARTESIAN_POINT('',(0.0805116570985317,-0.038729444271326,0.0294411633786896));
#14547=CARTESIAN_POINT('',(0.0810733271426256,-0.038729444271326,0.028174858179881));
#14548=CARTESIAN_POINT('',(0.0810802012232367,-0.0358409180931112,0.028176926165772));
#14549=CARTESIAN_POINT('',(0.082220667745172,-0.030157441511541,0.0285200220370416));
#14550=CARTESIAN_POINT('',(0.0842737749498497,-0.0248034575816918,0.0291376750690689));
#14551=CARTESIAN_POINT('',(0.0852949688590084,-0.0221270724078981,0.029444889184748));
#14552=CARTESIAN_POINT('',(0.0804920904769004,-0.0221,0.0287162422989495));
#14553=CARTESIAN_POINT('',(0.0804920904769004,-0.0221,0.029432484597899));
#14554=CARTESIAN_POINT('',(0.0804920904769004,-0.0221,0.028));
#14555=CARTESIAN_POINT('',(0.0884930778259784,-0.0221,0.0316952529335394));
#14556=CARTESIAN_POINT('',(0.0884778127504885,-0.0221,0.0304024101439863));
#14557=CARTESIAN_POINT('',(0.0885083429014683,-0.0221,0.0329880957230925));
#14558=CARTESIAN_POINT('',(0.0844849516136945,-0.0221,0.0292012050719932));
#14559=CARTESIAN_POINT('',(0.0576153796470098,-0.0390171510983448,0.0211178119804464));
#14560=CARTESIAN_POINT('',(0.0845002166891843,-0.0221,0.0312102901604958));
#14561=CARTESIAN_POINT('',(0.0845051083445922,-0.0855915274043005,0.0304940478615463));
#14562=CARTESIAN_POINT('',(0.0845002166891843,-0.0856,0.0304940478615463));
#14563=CARTESIAN_POINT('',(0.0845051083445922,-0.0856084725956995,0.0304940478615463));
#14564=CARTESIAN_POINT('',(0.0845051083445922,-0.0856084725956995,0.0304940478615463));
#14565=CARTESIAN_POINT('',(0.110714530281011,-0.0402124221648122,0.0428376566791386));
#14566=CARTESIAN_POINT('',(0.08451,-0.0856,0.0312146295508911));
#14567=CARTESIAN_POINT('',(0.0845051083445922,-0.0856084725956995,0.0312102901604958));
#14568=CARTESIAN_POINT('',(0.0845002166891843,-0.0221,0.0312102901604958));
#14569=CARTESIAN_POINT('',(0.0845002166891843,-0.0856,0.0312102901604958));
#14570=CARTESIAN_POINT('',(0.10846317163273,-0.071770629909898,0.0418390658872501));
#14571=CARTESIAN_POINT('',(0.0845002166891843,-0.0856,0.0304940478615463));
#14572=CARTESIAN_POINT('',(0.0843483597288637,-0.0856,0.0311787817559433));
#14573=CARTESIAN_POINT('',(0.139497721484904,-0.1173584725957,0.0312102901604958));
#14574=CARTESIAN_POINT('',(0.0295124952042803,-0.1173415274043,0.0312102901604958));
#14575=CARTESIAN_POINT('',(0.0605415244305939,-0.0717617941779384,0.0205834051489096));
#14576=CARTESIAN_POINT('',(0.0845051083445922,-0.0855915274043005,0.0312102901604958));
#14577=CARTESIAN_POINT('',(0.0845051083445922,-0.0855915274043005,0.0304940478615463));
#14578=CARTESIAN_POINT('',(0.0845814954520029,-0.0857238337553791,0.0311829177220865));
#14579=CARTESIAN_POINT('',(0.139497721484904,-0.1173584725957,0.0312102901604958));
#14580=CARTESIAN_POINT('',(0.0845002166891843,-0.0221,0.0312102901604958));
#14581=CARTESIAN_POINT('',(0.0844849516136945,-0.0221,0.0292012050719932));
#14582=CARTESIAN_POINT('',(0.0576153796470098,-0.0390171510983448,0.0211178119804464));
#14583=CARTESIAN_POINT('',(0.08451,-0.0856,0.0292087405829074));
#14584=CARTESIAN_POINT('',(0.110239369445184,-0.070745141624744,0.0369491172245944));
#14585=CARTESIAN_POINT('',(0.139490088947159,-0.117371692538864,0.0292012050719932));
#14586=CARTESIAN_POINT('',(0.0844974758068472,-0.0856216925388644,0.0292012050719932));
#14587=CARTESIAN_POINT('',(0.0295048626665354,-0.117328307461136,0.0292012050719932));
#14588=CARTESIAN_POINT('',(0.0576287351446649,-0.132159716501156,0.037295651341779));
#14589=CARTESIAN_POINT('',(0.0846894903093134,-0.0856,0.029235739351777));
#14590=CARTESIAN_POINT('',(0.0844849516136945,-0.0221,0.0292012050719932));
#14591=CARTESIAN_POINT('',(0.0844849516136945,-0.0856,0.0292012050719932));
#14592=CARTESIAN_POINT('',(0.0587422618977631,-0.0707229894702657,0.0214568211843153));
#14593=CARTESIAN_POINT('',(0.0295048626665354,-0.117328307461136,0.0292012050719932));
#14594=CARTESIAN_POINT('',(0.0844974758068472,-0.0855783074611356,0.0292012050719932));
#14595=CARTESIAN_POINT('',(0.0845051083445922,-0.0856084725956995,0.0304940478615463));
#14596=CARTESIAN_POINT('',(0.0845002166891843,-0.0856,0.0304940478615463));
#14597=CARTESIAN_POINT('',(0.0845051083445922,-0.0855915274043005,0.0304940478615463));
#14598=CARTESIAN_POINT('',(0.,0.,0.));
#14599=CARTESIAN_POINT('',(-0.047729707730092,0.0371231060122938,0.015));
#14600=CARTESIAN_POINT('',(-0.047729707730092,0.0371231060122938,0.));
#14601=CARTESIAN_POINT('',(-0.0758632569340153,0.0652566552162171,4.33680868994202E-19));
#14602=CARTESIAN_POINT('',(-0.0763122392555258,0.0657056375377276,0.));
#14603=CARTESIAN_POINT('',(-0.0758632569340153,0.065256655216217,0.0035));
#14604=CARTESIAN_POINT('',(-0.0758632569340153,0.0652566552162171,0.007));
#14605=CARTESIAN_POINT('',(-0.0758632569340153,0.0652566552162171,0.007));
#14606=CARTESIAN_POINT('',(-0.0518307373022978,0.0412241355844996,0.00826133333583849));
#14607=CARTESIAN_POINT('',(-0.0277982176705803,0.017191615952782,0.00952266667167696));
#14608=CARTESIAN_POINT('',(-0.0176776695296598,0.00707106781186153,0.00499999999999824));
#14609=CARTESIAN_POINT('',(-0.0176776695296637,0.00707106781186547,0.005));
#14610=CARTESIAN_POINT('',(-0.0176776695296637,0.00707106781186546,0.015));
#14611=CARTESIAN_POINT('',(-0.0176776695296637,0.00707106781186546,0.01));
#14612=CARTESIAN_POINT('',(-0.047729707730092,0.0371231060122938,0.01));
#14613=CARTESIAN_POINT('',(-0.0249962247149444,0.0143896229971462,0.01));
#14614=CARTESIAN_POINT('',(-0.0249962247149444,0.0143896229971462,0.015));
#14615=CARTESIAN_POINT('',(-0.0249962247149444,0.0143896229971462,0.015));
#14616=CARTESIAN_POINT('',(-0.047729707730092,0.0371231060122938,0.015));
#14617=CARTESIAN_POINT('',(-0.0763122392555258,0.0657056375377276,0.015));
#14618=CARTESIAN_POINT('',(-0.0763122392555258,0.0657056375377276,0.015));
#14619=CARTESIAN_POINT('',(-0.0371231060122938,0.047729707730092,0.015));
#14620=CARTESIAN_POINT('',(-0.0652566552162171,0.0758632569340153,0.015));
#14621=CARTESIAN_POINT('',(-0.0652566552162171,0.0758632569340153,4.33680868994202E-19));
#14622=CARTESIAN_POINT('',(-0.0652566552162171,0.0758632569340153,0.007));
#14623=CARTESIAN_POINT('',(-0.0371231060122938,0.047729707730092,0.));
#14624=CARTESIAN_POINT('',(-0.0657056375377276,0.0763122392555258,0.));
#14625=CARTESIAN_POINT('',(-0.0657056375377276,0.0763122392555258,0.015));
#14626=CARTESIAN_POINT('',(-0.0657056375377276,0.0763122392555258,0.015));
#14627=CARTESIAN_POINT('',(-0.0371231060122938,0.047729707730092,0.015));
#14628=CARTESIAN_POINT('',(-0.0143896229971463,0.0249962247149444,0.015));
#14629=CARTESIAN_POINT('',(-0.0143896229971463,0.0249962247149444,0.015));
#14630=CARTESIAN_POINT('',(-0.0143896229971463,0.0249962247149444,0.01));
#14631=CARTESIAN_POINT('',(-0.0371231060122938,0.047729707730092,0.01));
#14632=CARTESIAN_POINT('',(-0.00707106781186551,0.0176776695296637,0.01));
#14633=CARTESIAN_POINT('',(-0.0070710678118655,0.0176776695296637,0.015));
#14634=CARTESIAN_POINT('',(-0.00707106781186547,0.0176776695296637,0.005));
#14635=CARTESIAN_POINT('',(-0.0652566552162171,0.0758632569340153,0.007));
#14636=CARTESIAN_POINT('',(-0.0412241355844996,0.0518307373022978,0.00826133333583849));
#14637=CARTESIAN_POINT('',(-0.0171916159527821,0.0277982176705803,0.00952266667167696));
#14638=CARTESIAN_POINT('',(-0.00707106781186155,0.0176776695296598,0.00499999999999824));
#14639=CARTESIAN_POINT('',(-2.66952966369513E-06,0.0176776695296637,-0.015));
#14640=CARTESIAN_POINT('',(-0.0176776695296637,0.0176776695296637,-0.015));
#14641=CARTESIAN_POINT('',(-0.0176776695296637,0.0176776695296637,0.00663418932975525));
#14642=CARTESIAN_POINT('',(-0.0176776695296637,0.0176776695296637,0.01));
#14643=CARTESIAN_POINT('',(-0.0176776695296637,0.0176776695296637,0.00663418932975525));
#14644=CARTESIAN_POINT('',(-0.0141164569891418,0.0176776695296637,0.00625612509478473));
#14645=CARTESIAN_POINT('',(-0.0105700730065001,0.0176776695296579,0.00578181704970144));
#14646=CARTESIAN_POINT('',(-0.00707106781186053,0.0176776695296579,0.00499999999999824));
#14647=CARTESIAN_POINT('',(-2.66952966369513E-06,0.0176776695296637,0.01));
#14648=CARTESIAN_POINT('',(-0.0176776695296637,2.66952966369166E-06,-0.015));
#14649=CARTESIAN_POINT('',(-0.0176776695296637,0.0176776695296637,0.00663418932975525));
#14650=CARTESIAN_POINT('',(-0.0176776695296637,0.0141164569891418,0.00625612509478473));
#14651=CARTESIAN_POINT('',(-0.0176776695296579,0.0105700730065001,0.00578181704970144));
#14652=CARTESIAN_POINT('',(-0.0176776695296579,0.00707106781186051,0.00499999999999824));
#14653=CARTESIAN_POINT('',(-0.0176776695296637,2.66952966369166E-06,0.01));
#14654=CARTESIAN_POINT('',(-0.0164402326625873,0.0217435335214863,-0.015));
#14655=CARTESIAN_POINT('',(-0.0164402326625873,0.0217435335214863,0.01));
#14656=CARTESIAN_POINT('',(-0.0142902326625873,0.0217435335214863,0.01));
#14657=CARTESIAN_POINT('',(-0.0147578565510096,0.020051944575461,0.00657472109943735));
#14658=CARTESIAN_POINT('',(-0.0140576015928187,0.021746898027437,0.00668454465762949));
#14659=CARTESIAN_POINT('',(-0.0147531330532389,0.0234216644437091,0.0069156405582562));
#14660=CARTESIAN_POINT('',(-0.016426485405536,0.0241261648728516,0.00711124817519146));
#14661=CARTESIAN_POINT('',(-0.0181227567628992,0.0234347396762444,0.00718476394586669));
#14662=CARTESIAN_POINT('',(-0.0188233806451084,0.0217398815757201,0.0071120547210078));
#14663=CARTESIAN_POINT('',(-0.0181251161031667,0.020063240719322,0.00691684892713573));
#14664=CARTESIAN_POINT('',(-0.0164540613929132,0.0193615363561057,0.00668571855391959));
#14665=CARTESIAN_POINT('',(-0.0147578565510096,0.020051944575461,0.00657472109943735));
#14666=CARTESIAN_POINT('',(-0.0140576015928187,0.021746898027437,0.00668454465762949));
#14667=CARTESIAN_POINT('',(-0.0147531330532389,0.0234216644437091,0.0069156405582562));
#14668=CARTESIAN_POINT('',(-0.0142902326625872,0.0217435335214863,0.00670475671470192));
#14669=CARTESIAN_POINT('',(-0.021743011748025,0.0164397108891259,-0.015));
#14670=CARTESIAN_POINT('',(-0.021743011748025,0.0164397108891259,0.01));
#14671=CARTESIAN_POINT('',(-0.019593011748025,0.0164397108891259,0.01));
#14672=CARTESIAN_POINT('',(-0.020060635771152,0.0147481213459395,0.00657460648159513));
#14673=CARTESIAN_POINT('',(-0.0193603807412508,0.0164430757544573,0.00668443713222734));
#14674=CARTESIAN_POINT('',(-0.0200559117519948,0.0181178409709868,0.00691554719285961));
#14675=CARTESIAN_POINT('',(-0.0217292630319779,0.0188223422848667,0.00711116665127489));
#14676=CARTESIAN_POINT('',(-0.0234255356648112,0.0181309176771614,0.0071846869899501));
#14677=CARTESIAN_POINT('',(-0.0241261598278963,0.0164360584514669,0.00711197332327426));
#14678=CARTESIAN_POINT('',(-0.0234278949824205,0.0147594183422274,0.00691675574929884));
#14679=CARTESIAN_POINT('',(-0.0217568418243175,0.0140577138151724,0.00668561120994531));
#14680=CARTESIAN_POINT('',(-0.020060635771152,0.0147481213459395,0.00657460648159513));
#14681=CARTESIAN_POINT('',(-0.0193603807412508,0.0164430757544573,0.00668443713222734));
#14682=CARTESIAN_POINT('',(-0.0200559117519948,0.0181178409709868,0.00691554719285961));
#14683=CARTESIAN_POINT('',(-0.019593011748025,0.0164397108891259,0.00670465036722735));
#14684=CARTESIAN_POINT('',(-0.0424264068711928,0.0424264068711928,0.));
#14685=CARTESIAN_POINT('',(-0.0848527606575789,0.0928527606575789,0.));
#14686=CARTESIAN_POINT('',(-0.0864515888415465,0.0929139851473748,0.));
#14687=CARTESIAN_POINT('',(-0.0832539324736113,0.0929139851473748,0.));
#14688=CARTESIAN_POINT('',(-0.0652671154039754,0.0936027606575789,0.));
#14689=CARTESIAN_POINT('',(-0.0832539324736113,0.0942915361677829,0.));
#14690=CARTESIAN_POINT('',(-0.0848527606575789,0.0943527606575789,0.));
#14691=CARTESIAN_POINT('',(-0.0864515888415465,0.0942915361677829,0.));
#14692=CARTESIAN_POINT('',(-0.104438405911182,0.0936027606575789,0.));
#14693=CARTESIAN_POINT('',(-0.0848527606575789,0.0848527606575789,0.));
#14694=CARTESIAN_POINT('',(-0.0888527606575789,0.0848527606575789,0.));
#14695=CARTESIAN_POINT('',(-0.0768527606575789,0.0848527606575789,0.));
#14696=CARTESIAN_POINT('',(-0.076791536167783,0.0832539324736112,0.));
#14697=CARTESIAN_POINT('',(-0.076791536167783,0.0864515888415465,0.));
#14698=CARTESIAN_POINT('',(-0.0761027606575787,0.0652671154039754,0.));
#14699=CARTESIAN_POINT('',(-0.0754139851473748,0.0832539324736113,0.));
#14700=CARTESIAN_POINT('',(-0.0753527606575789,0.0848527606575789,0.));
#14701=CARTESIAN_POINT('',(-0.0754139851473748,0.0864515888415465,0.));
#14702=CARTESIAN_POINT('',(-0.076102760657579,0.104438405911182,0.));
#14703=CARTESIAN_POINT('',(-0.0848527606575789,0.0768527606575789,0.));
#14704=CARTESIAN_POINT('',(-0.0832539324736113,0.076791536167783,0.));
#14705=CARTESIAN_POINT('',(-0.0864515888415465,0.0767915361677829,0.));
#14706=CARTESIAN_POINT('',(-0.104438405911182,0.0761027606575787,0.));
#14707=CARTESIAN_POINT('',(-0.0864515888415465,0.0754139851473748,0.));
#14708=CARTESIAN_POINT('',(-0.0848527606575789,0.0753527606575789,0.));
#14709=CARTESIAN_POINT('',(-0.0832539324736113,0.0754139851473748,0.));
#14710=CARTESIAN_POINT('',(-0.0652671154039754,0.0761027606575791,0.));
#14711=CARTESIAN_POINT('',(-0.0943527606575789,0.0848527606575789,0.));
#14712=CARTESIAN_POINT('',(-0.094291536167783,0.0832539324736112,0.));
#14713=CARTESIAN_POINT('',(-0.094291536167783,0.0864515888415465,0.));
#14714=CARTESIAN_POINT('',(-0.093602760657579,0.0652671154039754,0.));
#14715=CARTESIAN_POINT('',(-0.0929139851473748,0.0832539324736112,0.));
#14716=CARTESIAN_POINT('',(-0.0928527606575789,0.0848527606575789,0.));
#14717=CARTESIAN_POINT('',(-0.0929139851473748,0.0864515888415465,0.));
#14718=CARTESIAN_POINT('',(-0.093602760657579,0.104438405911182,0.));
#14719=CARTESIAN_POINT('',(-0.0581855874043516,0.0829343247458808,4.33680868994202E-19));
#14720=CARTESIAN_POINT('',(-0.081409661654528,0.0654722152000764,0.));
#14721=CARTESIAN_POINT('',(-0.0865070840535301,0.0652387928624253,0.));
#14722=CARTESIAN_POINT('',(-0.094073055482462,0.0699785401074033,0.));
#14723=CARTESIAN_POINT('',(-0.101639026911394,0.0747182873523812,0.));
#14724=CARTESIAN_POINT('',(-0.101639026911394,0.083766812633644,0.));
#14725=CARTESIAN_POINT('',(-0.101639026911394,0.0928153379149067,0.));
#14726=CARTESIAN_POINT('',(-0.0950212601640285,0.0994331046622721,0.));
#14727=CARTESIAN_POINT('',(-0.0928153379149067,0.101639026911394,0.));
#14728=CARTESIAN_POINT('',(-0.083766812633644,0.101639026911394,0.));
#14729=CARTESIAN_POINT('',(-0.0747182873523813,0.101639026911394,0.));
#14730=CARTESIAN_POINT('',(-0.0699785401074033,0.0940730554824619,0.));
#14731=CARTESIAN_POINT('',(-0.0652387928624253,0.0865070840535301,0.));
#14732=CARTESIAN_POINT('',(-0.0654722152000765,0.0814096616545279,0.));
#14733=CARTESIAN_POINT('',(3.77528505555308E-06,-3.77528505554614E-06,0.01));
#14734=CARTESIAN_POINT('',(3.77528505554961E-06,0.0249962247149444,0.01));
#14735=CARTESIAN_POINT('',(-0.0249962247149444,0.0249962247149444,0.01));
#14736=CARTESIAN_POINT('',(-0.0249962247149444,-3.77528505554961E-06,0.01));
#14737=CARTESIAN_POINT('',(-0.0424264068711928,0.0424264068711928,0.015));
#14738=CARTESIAN_POINT('',(3.77528505554961E-06,0.0249962247149444,0.015));
#14739=CARTESIAN_POINT('',(-0.0249962247149444,0.0249962247149444,0.015));
#14740=CARTESIAN_POINT('',(-0.0654722152000765,0.0814096616545279,0.015));
#14741=CARTESIAN_POINT('',(-0.0652387928624253,0.0865070840535301,0.015));
#14742=CARTESIAN_POINT('',(-0.0699785401074033,0.0940730554824619,0.015));
#14743=CARTESIAN_POINT('',(-0.0747182873523813,0.101639026911394,0.015));
#14744=CARTESIAN_POINT('',(-0.083766812633644,0.101639026911394,0.015));
#14745=CARTESIAN_POINT('',(-0.0928153379149067,0.101639026911394,0.015));
#14746=CARTESIAN_POINT('',(-0.0950212601640285,0.0994331046622721,0.015));
#14747=CARTESIAN_POINT('',(-0.101639026911394,0.0928153379149067,0.015));
#14748=CARTESIAN_POINT('',(-0.101639026911394,0.083766812633644,0.015));
#14749=CARTESIAN_POINT('',(-0.101639026911394,0.0747182873523812,0.015));
#14750=CARTESIAN_POINT('',(-0.094073055482462,0.0699785401074033,0.015));
#14751=CARTESIAN_POINT('',(-0.0865070840535301,0.0652387928624253,0.015));
#14752=CARTESIAN_POINT('',(-0.081409661654528,0.0654722152000764,0.015));
#14753=CARTESIAN_POINT('',(-0.0249962247149444,-3.77528505554961E-06,0.015));
#14754=CARTESIAN_POINT('',(-0.0848528137423857,0.0848528137423857,0.015));
#14755=CARTESIAN_POINT('',(-0.0688528137423857,0.0848528137423857,0.015));
#14756=CARTESIAN_POINT('',(-0.0540668225861363,0.0486556212009254,0.015));
#14757=CARTESIAN_POINT('',(-0.0737145390892321,0.0683033377040213,0.015));
#14758=CARTESIAN_POINT('',(-0.0344191060830404,0.0290079046978295,0.015));
#14759=CARTESIAN_POINT('',(-0.069656138050324,0.0723617387429294,0.015));
#14760=CARTESIAN_POINT('',(-0.0683033377040213,0.0737145390892321,0.015));
#14761=CARTESIAN_POINT('',(-0.0486556212009254,0.0540668225861363,0.015));
#14762=CARTESIAN_POINT('',(-0.0290079046978296,0.0344191060830404,0.015));
#14763=CARTESIAN_POINT('',(-0.028265163395813,0.0324500789129913,0.015));
#14764=CARTESIAN_POINT('',(-0.0275224220937964,0.0304810517429423,0.015));
#14765=CARTESIAN_POINT('',(-0.0277750993612646,0.0292544141858375,0.015));
#14766=CARTESIAN_POINT('',(-0.0280277766287327,0.0280277766287327,0.015));
#14767=CARTESIAN_POINT('',(-0.0292544141858375,0.0277750993612646,0.015));
#14768=CARTESIAN_POINT('',(-0.0304810517429423,0.0275224220937964,0.015));
#14769=CARTESIAN_POINT('',(-0.0324500789129913,0.028265163395813,0.015));
#14770=CARTESIAN_POINT('',(-0.0834951645809925,0.0834951645809925,0.004));
#14771=CARTESIAN_POINT('',(-0.0928527606575789,0.0848527606575789,0.004));
#14772=CARTESIAN_POINT('',(-0.0929139851473748,0.0864515888415465,0.004));
#14773=CARTESIAN_POINT('',(-0.0929139851473748,0.0832539324736112,0.004));
#14774=CARTESIAN_POINT('',(-0.093602760657579,0.0652671154039754,0.004));
#14775=CARTESIAN_POINT('',(-0.094291536167783,0.0832539324736112,0.004));
#14776=CARTESIAN_POINT('',(-0.0943527606575789,0.0848527606575789,0.004));
#14777=CARTESIAN_POINT('',(-0.094291536167783,0.0864515888415465,0.004));
#14778=CARTESIAN_POINT('',(-0.093602760657579,0.104438405911182,0.004));
#14779=CARTESIAN_POINT('',(-0.0848527606575789,0.0753527606575789,0.004));
#14780=CARTESIAN_POINT('',(-0.0864515888415465,0.0754139851473748,0.004));
#14781=CARTESIAN_POINT('',(-0.0832539324736113,0.0754139851473748,0.004));
#14782=CARTESIAN_POINT('',(-0.104438405911182,0.0761027606575787,0.004));
#14783=CARTESIAN_POINT('',(-0.0864515888415465,0.0767915361677829,0.004));
#14784=CARTESIAN_POINT('',(-0.0848527606575789,0.0768527606575789,0.004));
#14785=CARTESIAN_POINT('',(-0.0832539324736113,0.076791536167783,0.004));
#14786=CARTESIAN_POINT('',(-0.0652671154039754,0.0761027606575791,0.004));
#14787=CARTESIAN_POINT('',(-0.0753527606575789,0.0848527606575789,0.004));
#14788=CARTESIAN_POINT('',(-0.0754139851473748,0.0864515888415465,0.004));
#14789=CARTESIAN_POINT('',(-0.0754139851473748,0.0832539324736113,0.004));
#14790=CARTESIAN_POINT('',(-0.0761027606575787,0.0652671154039754,0.004));
#14791=CARTESIAN_POINT('',(-0.076791536167783,0.0832539324736112,0.004));
#14792=CARTESIAN_POINT('',(-0.0768527606575789,0.0848527606575789,0.004));
#14793=CARTESIAN_POINT('',(-0.076791536167783,0.0864515888415465,0.004));
#14794=CARTESIAN_POINT('',(-0.076102760657579,0.104438405911182,0.004));
#14795=CARTESIAN_POINT('',(-0.0848527606575789,0.0848527606575789,0.004));
#14796=CARTESIAN_POINT('',(-0.0888527606575789,0.0848527606575789,0.004));
#14797=CARTESIAN_POINT('',(-0.0848528137423857,0.0848528137423857,0.004));
#14798=CARTESIAN_POINT('',(-0.100852813742386,0.0848528137423857,0.004));
#14799=CARTESIAN_POINT('',(-0.0848527606575789,0.0943527606575789,0.004));
#14800=CARTESIAN_POINT('',(-0.0832539324736113,0.0942915361677829,0.004));
#14801=CARTESIAN_POINT('',(-0.0864515888415465,0.0942915361677829,0.004));
#14802=CARTESIAN_POINT('',(-0.0652671154039754,0.0936027606575789,0.004));
#14803=CARTESIAN_POINT('',(-0.0832539324736113,0.0929139851473748,0.004));
#14804=CARTESIAN_POINT('',(-0.0848527606575789,0.0928527606575789,0.004));
#14805=CARTESIAN_POINT('',(-0.0864515888415465,0.0929139851473748,0.004));
#14806=CARTESIAN_POINT('',(-0.104438405911182,0.0936027606575789,0.004));
#14807=CARTESIAN_POINT('',(-0.0848528137423857,0.0848528137423857,0.015));
#14808=CARTESIAN_POINT('',(-0.101639026911394,0.083766812633644,0.015));
#14809=CARTESIAN_POINT('',(-0.101639026911394,0.0747182873523812,0.015));
#14810=CARTESIAN_POINT('',(-0.101639026911394,0.0928153379149067,0.015));
#14811=CARTESIAN_POINT('',(-0.094073055482462,0.0699785401074033,0.015));
#14812=CARTESIAN_POINT('',(-0.0865070840535301,0.0652387928624253,0.015));
#14813=CARTESIAN_POINT('',(-0.081409661654528,0.0654722152000764,0.015));
#14814=CARTESIAN_POINT('',(-0.0654722152000765,0.0814096616545279,0.015));
#14815=CARTESIAN_POINT('',(-0.0652387928624253,0.0865070840535301,0.015));
#14816=CARTESIAN_POINT('',(-0.0699785401074033,0.0940730554824619,0.015));
#14817=CARTESIAN_POINT('',(-0.0747182873523813,0.101639026911394,0.015));
#14818=CARTESIAN_POINT('',(-0.083766812633644,0.101639026911394,0.015));
#14819=CARTESIAN_POINT('',(-0.0928153379149067,0.101639026911394,0.015));
#14820=CARTESIAN_POINT('',(-0.0950212601640285,0.0994331046622721,0.015));
#14821=CARTESIAN_POINT('',(-0.0848527606575789,0.0848527606575789,0.0059));
#14822=CARTESIAN_POINT('',(-0.0768527606575789,0.0848527606575789,0.0059));
#14823=CARTESIAN_POINT('',(-0.076791536167783,0.0832539324736112,0.0059));
#14824=CARTESIAN_POINT('',(-0.076791536167783,0.0864515888415465,0.0059));
#14825=CARTESIAN_POINT('',(-0.0753527606575789,0.0848527606575789,0.0059));
#14826=CARTESIAN_POINT('',(-0.0754139851473748,0.0832539324736113,0.0059));
#14827=CARTESIAN_POINT('',(-0.0754139851473748,0.0864515888415465,0.0059));
#14828=CARTESIAN_POINT('',(-0.0848527606575789,0.0768527606575789,0.0059));
#14829=CARTESIAN_POINT('',(-0.0864515888415465,0.0767915361677829,0.0059));
#14830=CARTESIAN_POINT('',(-0.0832539324736113,0.076791536167783,0.0059));
#14831=CARTESIAN_POINT('',(-0.0848527606575789,0.0753527606575789,0.0059));
#14832=CARTESIAN_POINT('',(-0.0864515888415465,0.0754139851473748,0.0059));
#14833=CARTESIAN_POINT('',(-0.0832539324736113,0.0754139851473748,0.0059));
#14834=CARTESIAN_POINT('',(-0.0848527606575789,0.0928527606575789,0.0059));
#14835=CARTESIAN_POINT('',(-0.0832539324736113,0.0929139851473748,0.0059));
#14836=CARTESIAN_POINT('',(-0.0864515888415465,0.0929139851473748,0.0059));
#14837=CARTESIAN_POINT('',(-0.0848527606575789,0.0943527606575789,0.0059));
#14838=CARTESIAN_POINT('',(-0.0832539324736113,0.0942915361677829,0.0059));
#14839=CARTESIAN_POINT('',(-0.0864515888415465,0.0942915361677829,0.0059));
#14840=CARTESIAN_POINT('',(-0.0928527606575789,0.0848527606575789,0.0059));
#14841=CARTESIAN_POINT('',(-0.0929139851473748,0.0832539324736112,0.0059));
#14842=CARTESIAN_POINT('',(-0.0929139851473748,0.0864515888415465,0.0059));
#14843=CARTESIAN_POINT('',(-0.0943527606575789,0.0848527606575789,0.0059));
#14844=CARTESIAN_POINT('',(-0.094291536167783,0.0832539324736112,0.0059));
#14845=CARTESIAN_POINT('',(-0.094291536167783,0.0864515888415465,0.0059));
#14846=CARTESIAN_POINT('',(-0.104438405911182,0.0761027606575787,0.0059));
#14847=CARTESIAN_POINT('',(-0.0652671154039754,0.0761027606575791,0.0059));
#14848=CARTESIAN_POINT('',(-0.0761027606575787,0.0652671154039754,0.0059));
#14849=CARTESIAN_POINT('',(-0.076102760657579,0.104438405911182,0.0059));
#14850=CARTESIAN_POINT('',(-0.0652671154039754,0.0936027606575789,0.0059));
#14851=CARTESIAN_POINT('',(-0.104438405911182,0.0936027606575789,0.0059));
#14852=CARTESIAN_POINT('',(-0.093602760657579,0.0652671154039754,0.0059));
#14853=CARTESIAN_POINT('',(-0.093602760657579,0.104438405911182,0.0059));
#14854=CARTESIAN_POINT('',(-0.069656138050324,0.0723617387429294,0.012));
#14855=CARTESIAN_POINT('',(-0.0737145390892321,0.0683033377040213,0.012));
#14856=CARTESIAN_POINT('',(-0.0737145390892321,0.0683033377040213,0.012));
#14857=CARTESIAN_POINT('',(-0.069656138050324,0.0723617387429294,0.012));
#14858=CARTESIAN_POINT('',(-0.0683033377040213,0.0737145390892321,0.012));
#14859=CARTESIAN_POINT('',(-0.0683033377040213,0.0737145390892321,0.012));
#14860=CARTESIAN_POINT('',(-0.0540668225861363,0.0486556212009254,0.012));
#14861=CARTESIAN_POINT('',(-0.0344191060830404,0.0290079046978295,0.012));
#14862=CARTESIAN_POINT('',(-0.0344191060830404,0.0290079046978295,0.012));
#14863=CARTESIAN_POINT('',(-0.0540668225861363,0.0486556212009254,0.012));
#14864=CARTESIAN_POINT('',(-0.0324500789129913,0.028265163395813,0.012));
#14865=CARTESIAN_POINT('',(-0.0304810517429423,0.0275224220937964,0.012));
#14866=CARTESIAN_POINT('',(-0.0304810517429423,0.0275224220937964,0.012));
#14867=CARTESIAN_POINT('',(-0.0324500789129913,0.028265163395813,0.012));
#14868=CARTESIAN_POINT('',(-0.0292544141858375,0.0277750993612646,0.012));
#14869=CARTESIAN_POINT('',(-0.0280277766287327,0.0280277766287327,0.012));
#14870=CARTESIAN_POINT('',(-0.0280277766287327,0.0280277766287327,0.012));
#14871=CARTESIAN_POINT('',(-0.0292544141858375,0.0277750993612646,0.012));
#14872=CARTESIAN_POINT('',(-0.0277750993612646,0.0292544141858375,0.012));
#14873=CARTESIAN_POINT('',(-0.0275224220937964,0.0304810517429423,0.012));
#14874=CARTESIAN_POINT('',(-0.0275224220937964,0.0304810517429423,0.012));
#14875=CARTESIAN_POINT('',(-0.0277750993612646,0.0292544141858375,0.012));
#14876=CARTESIAN_POINT('',(-0.028265163395813,0.0324500789129913,0.012));
#14877=CARTESIAN_POINT('',(-0.0290079046978296,0.0344191060830404,0.012));
#14878=CARTESIAN_POINT('',(-0.0290079046978296,0.0344191060830404,0.012));
#14879=CARTESIAN_POINT('',(-0.028265163395813,0.0324500789129913,0.012));
#14880=CARTESIAN_POINT('',(-0.0486556212009254,0.0540668225861363,0.012));
#14881=CARTESIAN_POINT('',(-0.0486556212009254,0.0540668225861363,0.012));
#14882=CARTESIAN_POINT('',(-0.0509295225591055,0.0509295225591054,0.012));
#14883=CARTESIAN_POINT('',(3.77528505554961E-06,0.0249962247149444,0.01));
#14884=CARTESIAN_POINT('',(-0.0249962247149444,0.0249962247149444,0.01));
#14885=CARTESIAN_POINT('',(-0.0249962247149444,-3.77528505554961E-06,0.01));
#14886=CARTESIAN_POINT('',(-0.0581855874043516,0.0829343247458807,0.0035));
#14887=CARTESIAN_POINT('',(-0.0581855874043516,0.0829343247458808,0.007));
#14888=CARTESIAN_POINT('',(-0.0652566552162161,0.0758632569340164,0.007));
#14889=CARTESIAN_POINT('',(-0.0758632569340163,0.0652566552162161,0.007));
#14890=CARTESIAN_POINT('',(-0.0412241355844986,0.0518307373022988,0.00826133333583849));
#14891=CARTESIAN_POINT('',(-0.0518307373022988,0.0412241355844985,0.00826133333583849));
#14892=CARTESIAN_POINT('',(-0.0171916159527811,0.0277982176705813,0.00952266667167696));
#14893=CARTESIAN_POINT('',(-0.0277982176705814,0.017191615952781,0.00952266667167696));
#14894=CARTESIAN_POINT('',(-0.00707106781186053,0.0176776695296607,0.00499999999999824));
#14895=CARTESIAN_POINT('',(-0.0176776695296608,0.00707106781186046,0.00499999999999824));
#14896=CARTESIAN_POINT('',(0.,0.,0.));
#14897=CARTESIAN_POINT('',(0.,-0.0155883887181492,0.0214));
#14898=CARTESIAN_POINT('',(0.01525,-0.01525,0.0214));
#14899=CARTESIAN_POINT('',(0.01125,-0.01525,0.0214));
#14900=CARTESIAN_POINT('',(0.01525,0.01525,0.0214));
#14901=CARTESIAN_POINT('',(0.01125,0.01525,0.0214));
#14902=CARTESIAN_POINT('',(-0.01525,-0.01525,0.0214));
#14903=CARTESIAN_POINT('',(-0.01125,-0.01525,0.0214));
#14904=CARTESIAN_POINT('',(-0.0193326688036323,-0.0197430611774326,0.0214));
#14905=CARTESIAN_POINT('',(-0.0166653376072645,-0.0225,0.0214));
#14906=CARTESIAN_POINT('',(-0.022,-0.0169861223548651,0.0214));
#14907=CARTESIAN_POINT('',(-0.0166653376072645,-0.0225,0.0214));
#14908=CARTESIAN_POINT('',(-0.0140012517687865,-0.0235699872189242,0.0214));
#14909=CARTESIAN_POINT('',(-0.0113371659303085,-0.0246399744378485,0.0214));
#14910=CARTESIAN_POINT('',(-0.00999999999999029,-0.0275000000000208,0.0214));
#14911=CARTESIAN_POINT('',(-0.01,-0.0275,0.0214));
#14912=CARTESIAN_POINT('',(-0.00905822554603219,-0.0275,0.0214));
#14913=CARTESIAN_POINT('',(-0.00811645109206438,-0.0275,0.0214));
#14914=CARTESIAN_POINT('',(-0.00607656058855355,-0.0275,0.0214));
#14915=CARTESIAN_POINT('',(-0.00403667008504272,-0.0275,0.0214));
#14916=CARTESIAN_POINT('',(-0.00297594093717635,-0.0275,0.0214));
#14917=CARTESIAN_POINT('',(-0.00191521178930998,-0.0275,0.0214));
#14918=CARTESIAN_POINT('',(-0.00191521178930998,-0.0275,0.0214));
#14919=CARTESIAN_POINT('',(-0.00126665050288662,-0.0250241733735252,0.0214));
#14920=CARTESIAN_POINT('',(-0.000178760399152642,-0.0199986396043287,0.0214));
#14921=CARTESIAN_POINT('',(0.00170266368166987,-0.0249755050360505,0.0214));
#14922=CARTESIAN_POINT('',(0.00262136827223003,-0.0275,0.0214));
#14923=CARTESIAN_POINT('',(0.00262136827223003,-0.0275,0.0214));
#14924=CARTESIAN_POINT('',(0.00332901917863637,-0.0275,0.0214));
#14925=CARTESIAN_POINT('',(0.00403667008504272,-0.0275,0.0214));
#14926=CARTESIAN_POINT('',(0.00607656058855355,-0.0275,0.0214));
#14927=CARTESIAN_POINT('',(0.00811645109206438,-0.0275,0.0214));
#14928=CARTESIAN_POINT('',(0.00905822554603219,-0.0275,0.0214));
#14929=CARTESIAN_POINT('',(0.01,-0.0275,0.0214));
#14930=CARTESIAN_POINT('',(0.0166653376072645,-0.0225,0.0214));
#14931=CARTESIAN_POINT('',(0.0140012517687865,-0.0235699872189242,0.0214));
#14932=CARTESIAN_POINT('',(0.0113371659303085,-0.0246399744378485,0.0214));
#14933=CARTESIAN_POINT('',(0.00999999999999028,-0.0275000000000208,0.0214));
#14934=CARTESIAN_POINT('',(0.0166653376072645,-0.0225,0.0214));
#14935=CARTESIAN_POINT('',(0.0193326688036323,-0.0197430611774326,0.0214));
#14936=CARTESIAN_POINT('',(0.022,-0.0169861223548651,0.0214));
#14937=CARTESIAN_POINT('',(0.022,0.,0.0214));
#14938=CARTESIAN_POINT('',(0.022,0.0169861223548651,0.0214));
#14939=CARTESIAN_POINT('',(0.0193326688036323,0.0197430611774326,0.0214));
#14940=CARTESIAN_POINT('',(0.0166653376072645,0.0225,0.0214));
#14941=CARTESIAN_POINT('',(0.000455073080956939,0.0225,0.0214));
#14942=CARTESIAN_POINT('',(-0.0166653376072645,0.0225,0.0214));
#14943=CARTESIAN_POINT('',(-0.0193326688036323,0.0197430611774326,0.0214));
#14944=CARTESIAN_POINT('',(-0.022,0.0169861223548651,0.0214));
#14945=CARTESIAN_POINT('',(-0.022,0.,0.0214));
#14946=CARTESIAN_POINT('',(-0.01525,0.01525,0.0214));
#14947=CARTESIAN_POINT('',(-0.01125,0.01525,0.0214));
#14948=CARTESIAN_POINT('',(0.,-0.0155883887181492,0.0214));
#14949=CARTESIAN_POINT('',(-0.01525,0.01525,0.0214));
#14950=CARTESIAN_POINT('',(-0.01175,0.01525,0.0214));
#14951=CARTESIAN_POINT('',(-0.01525,0.01525,0.0214));
#14952=CARTESIAN_POINT('',(-0.01325,0.01525,0.0214));
#14953=CARTESIAN_POINT('',(0.,-0.0155883887181492,0.0214));
#14954=CARTESIAN_POINT('',(0.01525,0.01525,0.0214));
#14955=CARTESIAN_POINT('',(0.01725,0.01525,0.0214));
#14956=CARTESIAN_POINT('',(0.01525,0.01525,0.0214));
#14957=CARTESIAN_POINT('',(0.01175,0.01525,0.0214));
#14958=CARTESIAN_POINT('',(0.,-0.0155883887181492,0.0214));
#14959=CARTESIAN_POINT('',(-0.01525,-0.01525,0.0214));
#14960=CARTESIAN_POINT('',(-0.01325,-0.01525,0.0214));
#14961=CARTESIAN_POINT('',(-0.01525,-0.01525,0.0214));
#14962=CARTESIAN_POINT('',(-0.01175,-0.01525,0.0214));
#14963=CARTESIAN_POINT('',(-0.0193326688036323,-0.0197430611774326,0.0214));
#14964=CARTESIAN_POINT('',(-0.0193326688036323,-0.0197430611774326,0.0194));
#14965=CARTESIAN_POINT('',(-0.0166653376072645,-0.0225,0.0194));
#14966=CARTESIAN_POINT('',(-0.022,-0.0169861223548651,0.0194));
#14967=CARTESIAN_POINT('',(-0.0166653376072645,-0.0225,0.0214));
#14968=CARTESIAN_POINT('',(-0.022,-0.0169861223548651,0.0214));
#14969=CARTESIAN_POINT('',(-0.0166653376072645,-0.0225,0.0214));
#14970=CARTESIAN_POINT('',(-0.0166653376072645,-0.0225,0.0194));
#14971=CARTESIAN_POINT('',(-0.0140012517687865,-0.0235699872189242,0.0214));
#14972=CARTESIAN_POINT('',(-0.0140012517687865,-0.0235699872189242,0.0194));
#14973=CARTESIAN_POINT('',(-0.0113371659303085,-0.0246399744378485,0.0214));
#14974=CARTESIAN_POINT('',(-0.0113371659303085,-0.0246399744378485,0.0194));
#14975=CARTESIAN_POINT('',(-0.00999999999999029,-0.0275000000000208,0.0214));
#14976=CARTESIAN_POINT('',(-0.00999999999999029,-0.0275000000000208,0.0194));
#14977=CARTESIAN_POINT('',(-0.0166653376072645,-0.0225,0.0194));
#14978=CARTESIAN_POINT('',(-0.0140012517687865,-0.0235699872189242,0.0194));
#14979=CARTESIAN_POINT('',(-0.0113371659303085,-0.0246399744378485,0.0194));
#14980=CARTESIAN_POINT('',(-0.00999999999999029,-0.0275000000000208,0.0194));
#14981=CARTESIAN_POINT('',(-0.01,-0.0275,0.0194));
#14982=CARTESIAN_POINT('',(-0.01,-0.0275,0.0214));
#14983=CARTESIAN_POINT('',(-0.00905822554603219,-0.0275,0.0214));
#14984=CARTESIAN_POINT('',(-0.00905822554603219,-0.0275,0.0194));
#14985=CARTESIAN_POINT('',(-0.00811645109206438,-0.0275,0.0194));
#14986=CARTESIAN_POINT('',(-0.00811645109206438,-0.0275,0.0214));
#14987=CARTESIAN_POINT('',(-0.00607656058855355,-0.0275,0.0214));
#14988=CARTESIAN_POINT('',(-0.00607656058855355,-0.0275,0.0194));
#14989=CARTESIAN_POINT('',(-0.00403667008504272,-0.0275,0.0194));
#14990=CARTESIAN_POINT('',(-0.00403667008504272,-0.0275,0.0214));
#14991=CARTESIAN_POINT('',(-0.00297594093717635,-0.0275,0.0214));
#14992=CARTESIAN_POINT('',(-0.00297594093717635,-0.0275,0.0194));
#14993=CARTESIAN_POINT('',(-0.00191521178930998,-0.0275,0.0194));
#14994=CARTESIAN_POINT('',(-0.00191521178930998,-0.0275,0.0214));
#14995=CARTESIAN_POINT('',(-0.00191521178930998,-0.0275,0.0214));
#14996=CARTESIAN_POINT('',(-0.00191521178930998,-0.0275,0.0194));
#14997=CARTESIAN_POINT('',(-0.00125794787939249,-0.0249909518608972,0.0214));
#14998=CARTESIAN_POINT('',(-0.00125794787939249,-0.0249909518608972,0.0194));
#14999=CARTESIAN_POINT('',(-0.000169387998449528,-0.0199992988852205,0.0214));
#15000=CARTESIAN_POINT('',(-0.000169387998449528,-0.0199992988852205,0.0194));
#15001=CARTESIAN_POINT('',(0.00171466899988461,-0.0250084942751217,0.0214));
#15002=CARTESIAN_POINT('',(0.00171466899988461,-0.0250084942751217,0.0194));
#15003=CARTESIAN_POINT('',(0.00262136827223003,-0.0275,0.0214));
#15004=CARTESIAN_POINT('',(0.00262136827223003,-0.0275,0.0194));
#15005=CARTESIAN_POINT('',(-0.00191521178930998,-0.0275,0.0194));
#15006=CARTESIAN_POINT('',(-0.00126665050288662,-0.0250241733735252,0.0194));
#15007=CARTESIAN_POINT('',(-0.000178760399152642,-0.0199986396043287,0.0194));
#15008=CARTESIAN_POINT('',(0.00170266368166987,-0.0249755050360505,0.0194));
#15009=CARTESIAN_POINT('',(0.00262136827223003,-0.0275,0.0194));
#15010=CARTESIAN_POINT('',(0.00262136827223003,-0.0275,0.0194));
#15011=CARTESIAN_POINT('',(0.00262136827223003,-0.0275,0.0214));
#15012=CARTESIAN_POINT('',(0.00332901917863637,-0.0275,0.0214));
#15013=CARTESIAN_POINT('',(0.00332901917863637,-0.0275,0.0194));
#15014=CARTESIAN_POINT('',(0.00403667008504272,-0.0275,0.0194));
#15015=CARTESIAN_POINT('',(0.00403667008504272,-0.0275,0.0214));
#15016=CARTESIAN_POINT('',(0.00607656058855355,-0.0275,0.0214));
#15017=CARTESIAN_POINT('',(0.00607656058855355,-0.0275,0.0194));
#15018=CARTESIAN_POINT('',(0.00811645109206438,-0.0275,0.0194));
#15019=CARTESIAN_POINT('',(0.00811645109206438,-0.0275,0.0214));
#15020=CARTESIAN_POINT('',(0.00905822554603219,-0.0275,0.0214));
#15021=CARTESIAN_POINT('',(0.00905822554603219,-0.0275,0.0194));
#15022=CARTESIAN_POINT('',(0.01,-0.0275,0.0194));
#15023=CARTESIAN_POINT('',(0.01,-0.0275,0.0214));
#15024=CARTESIAN_POINT('',(0.0166653376072645,-0.0225,0.0214));
#15025=CARTESIAN_POINT('',(0.0166653376072645,-0.0225,0.0194));
#15026=CARTESIAN_POINT('',(0.0140012517687865,-0.0235699872189242,0.0214));
#15027=CARTESIAN_POINT('',(0.0140012517687865,-0.0235699872189242,0.0194));
#15028=CARTESIAN_POINT('',(0.0113371659303085,-0.0246399744378485,0.0214));
#15029=CARTESIAN_POINT('',(0.0113371659303085,-0.0246399744378485,0.0194));
#15030=CARTESIAN_POINT('',(0.00999999999999028,-0.0275000000000208,0.0214));
#15031=CARTESIAN_POINT('',(0.00999999999999028,-0.0275000000000208,0.0194));
#15032=CARTESIAN_POINT('',(0.0166653376072645,-0.0225,0.0194));
#15033=CARTESIAN_POINT('',(0.0140012517687865,-0.0235699872189242,0.0194));
#15034=CARTESIAN_POINT('',(0.0113371659303085,-0.0246399744378485,0.0194));
#15035=CARTESIAN_POINT('',(0.00999999999999028,-0.0275000000000208,0.0194));
#15036=CARTESIAN_POINT('',(0.0166653376072645,-0.0225,0.0194));
#15037=CARTESIAN_POINT('',(0.0166653376072645,-0.0225,0.0214));
#15038=CARTESIAN_POINT('',(0.0193326688036323,-0.0197430611774326,0.0214));
#15039=CARTESIAN_POINT('',(0.0193326688036323,-0.0197430611774326,0.0194));
#15040=CARTESIAN_POINT('',(0.022,-0.0169861223548651,0.0194));
#15041=CARTESIAN_POINT('',(0.022,-0.0169861223548651,0.0214));
#15042=CARTESIAN_POINT('',(0.022,0.,0.0214));
#15043=CARTESIAN_POINT('',(0.022,0.,0.0194));
#15044=CARTESIAN_POINT('',(0.022,0.0169861223548651,0.0194));
#15045=CARTESIAN_POINT('',(0.022,0.0169861223548651,0.0214));
#15046=CARTESIAN_POINT('',(0.0193326688036323,0.0197430611774326,0.0214));
#15047=CARTESIAN_POINT('',(0.0193326688036323,0.0197430611774326,0.0194));
#15048=CARTESIAN_POINT('',(0.0166653376072645,0.0225,0.0194));
#15049=CARTESIAN_POINT('',(0.0166653376072645,0.0225,0.0214));
#15050=CARTESIAN_POINT('',(0.000455073080956939,0.0225,0.0214));
#15051=CARTESIAN_POINT('',(0.000455073080956939,0.0225,0.0194));
#15052=CARTESIAN_POINT('',(-0.0166653376072645,0.0225,0.0194));
#15053=CARTESIAN_POINT('',(-0.0166653376072645,0.0225,0.0214));
#15054=CARTESIAN_POINT('',(-0.0193326688036323,0.0197430611774326,0.0214));
#15055=CARTESIAN_POINT('',(-0.0193326688036323,0.0197430611774326,0.0194));
#15056=CARTESIAN_POINT('',(-0.022,0.0169861223548651,0.0194));
#15057=CARTESIAN_POINT('',(-0.022,0.0169861223548651,0.0214));
#15058=CARTESIAN_POINT('',(0.01525,-0.01525,0.0214));
#15059=CARTESIAN_POINT('',(0.01525,-0.01525,0.0214));
#15060=CARTESIAN_POINT('',(0.01725,-0.01525,0.0214));
#15061=CARTESIAN_POINT('',(0.01525,-0.01525,0.0194));
#15062=CARTESIAN_POINT('',(0.01725,-0.01525,0.0194));
#15063=CARTESIAN_POINT('',(-0.01525,-0.01525,0.0214));
#15064=CARTESIAN_POINT('',(-0.01525,-0.01525,0.0194));
#15065=CARTESIAN_POINT('',(-0.01325,-0.01525,0.0194));
#15066=CARTESIAN_POINT('',(-0.01525,0.01525,0.0214));
#15067=CARTESIAN_POINT('',(-0.01525,0.01525,0.0194));
#15068=CARTESIAN_POINT('',(-0.01325,0.01525,0.0194));
#15069=CARTESIAN_POINT('',(-0.022,0.,0.0214));
#15070=CARTESIAN_POINT('',(-0.022,0.,0.0194));
#15071=CARTESIAN_POINT('',(0.01525,0.01525,0.0214));
#15072=CARTESIAN_POINT('',(0.01525,0.01525,0.0194));
#15073=CARTESIAN_POINT('',(0.01725,0.01525,0.0194));
#15074=CARTESIAN_POINT('',(0.,-0.0155883887181492,0.0214));
#15075=CARTESIAN_POINT('',(0.01525,-0.01525,0.0214));
#15076=CARTESIAN_POINT('',(0.01175,-0.01525,0.0214));
#15077=CARTESIAN_POINT('',(0.,-0.0155883887181492,0.0194));
#15078=CARTESIAN_POINT('',(-0.01525,-0.01525,0.0344));
#15079=CARTESIAN_POINT('',(-0.01525,-0.01525,0.0344));
#15080=CARTESIAN_POINT('',(-0.01175,-0.01525,0.0344));
#15081=CARTESIAN_POINT('',(-0.01525,-0.01525,0.0344));
#15082=CARTESIAN_POINT('',(-0.01525,-0.01525,0.0344));
#15083=CARTESIAN_POINT('',(-0.01125,-0.01525,0.0344));
#15084=CARTESIAN_POINT('',(0.01525,0.01525,0.0344));
#15085=CARTESIAN_POINT('',(0.01525,0.01525,0.0344));
#15086=CARTESIAN_POINT('',(0.01175,0.01525,0.0344));
#15087=CARTESIAN_POINT('',(0.01525,0.01525,0.0344));
#15088=CARTESIAN_POINT('',(0.01525,0.01525,0.0344));
#15089=CARTESIAN_POINT('',(0.01125,0.01525,0.0344));
#15090=CARTESIAN_POINT('',(0.01525,-0.01525,0.0344));
#15091=CARTESIAN_POINT('',(0.01525,-0.01525,0.0344));
#15092=CARTESIAN_POINT('',(0.01175,-0.01525,0.0344));
#15093=CARTESIAN_POINT('',(0.01525,-0.01525,0.0344));
#15094=CARTESIAN_POINT('',(0.01525,-0.01525,0.0344));
#15095=CARTESIAN_POINT('',(0.01125,-0.01525,0.0344));
#15096=CARTESIAN_POINT('',(-0.01525,0.01525,0.0344));
#15097=CARTESIAN_POINT('',(-0.01525,0.01525,0.0344));
#15098=CARTESIAN_POINT('',(-0.01175,0.01525,0.0344));
#15099=CARTESIAN_POINT('',(-0.01525,0.01525,0.0344));
#15100=CARTESIAN_POINT('',(-0.01525,0.01525,0.0344));
#15101=CARTESIAN_POINT('',(-0.01125,0.01525,0.0344));
#15102=CARTESIAN_POINT('',(0.,0.,0.0344));
#15103=CARTESIAN_POINT('',(0.0178879963085056,-0.0185447826012969,0.0344));
#15104=CARTESIAN_POINT('',(0.0162759926170111,-0.0205,0.0344));
#15105=CARTESIAN_POINT('',(0.0195,-0.0165895652025938,0.0344));
#15106=CARTESIAN_POINT('',(-3.46944695195361E-18,-0.0205,0.0344));
#15107=CARTESIAN_POINT('',(-0.0162759926170111,-0.0205,0.0344));
#15108=CARTESIAN_POINT('',(-0.0178879963085056,-0.0185447826012969,0.0344));
#15109=CARTESIAN_POINT('',(-0.0195,-0.0165895652025938,0.0344));
#15110=CARTESIAN_POINT('',(-0.0195,-3.46944695195361E-18,0.0344));
#15111=CARTESIAN_POINT('',(-0.0195,0.0165895652025938,0.0344));
#15112=CARTESIAN_POINT('',(-0.0178879963085056,0.0185447826012969,0.0344));
#15113=CARTESIAN_POINT('',(-0.0162759926170111,0.0205,0.0344));
#15114=CARTESIAN_POINT('',(3.46944695195361E-18,0.0205,0.0344));
#15115=CARTESIAN_POINT('',(0.0162759926170111,0.0205,0.0344));
#15116=CARTESIAN_POINT('',(0.0178879963085056,0.0185447826012969,0.0344));
#15117=CARTESIAN_POINT('',(0.0195,0.0165895652025938,0.0344));
#15118=CARTESIAN_POINT('',(0.0195,1.7347234759768E-18,0.0344));
#15119=CARTESIAN_POINT('',(0.,0.,0.0344));
#15120=CARTESIAN_POINT('',(-0.01525,-0.01525,0.0344));
#15121=CARTESIAN_POINT('',(-0.01325,-0.01525,0.0344));
#15122=CARTESIAN_POINT('',(0.,0.,0.0344));
#15123=CARTESIAN_POINT('',(0.01525,-0.01525,0.0344));
#15124=CARTESIAN_POINT('',(0.01725,-0.01525,0.0344));
#15125=CARTESIAN_POINT('',(0.,0.,0.0344));
#15126=CARTESIAN_POINT('',(-0.01525,0.01525,0.0344));
#15127=CARTESIAN_POINT('',(-0.01325,0.01525,0.0344));
#15128=CARTESIAN_POINT('',(0.0178879963085056,-0.0185447826012969,0.0364));
#15129=CARTESIAN_POINT('',(0.0195,-0.0165895652025938,0.0364));
#15130=CARTESIAN_POINT('',(0.0195,-0.0165895652025938,0.0364));
#15131=CARTESIAN_POINT('',(0.0178879963085056,-0.0185447826012969,0.0364));
#15132=CARTESIAN_POINT('',(0.0162759926170111,-0.0205,0.0364));
#15133=CARTESIAN_POINT('',(0.0162759926170111,-0.0205,0.0364));
#15134=CARTESIAN_POINT('',(0.0195,1.7347234759768E-18,0.0364));
#15135=CARTESIAN_POINT('',(0.0195,0.0165895652025938,0.0364));
#15136=CARTESIAN_POINT('',(0.0195,0.0165895652025938,0.0364));
#15137=CARTESIAN_POINT('',(0.0195,1.7347234759768E-18,0.0364));
#15138=CARTESIAN_POINT('',(0.0178879963085056,0.0185447826012969,0.0364));
#15139=CARTESIAN_POINT('',(0.0162759926170111,0.0205,0.0364));
#15140=CARTESIAN_POINT('',(0.0162759926170111,0.0205,0.0364));
#15141=CARTESIAN_POINT('',(0.0178879963085056,0.0185447826012969,0.0364));
#15142=CARTESIAN_POINT('',(3.46944695195361E-18,0.0205,0.0364));
#15143=CARTESIAN_POINT('',(-0.0162759926170111,0.0205,0.0364));
#15144=CARTESIAN_POINT('',(-0.0162759926170111,0.0205,0.0364));
#15145=CARTESIAN_POINT('',(3.46944695195361E-18,0.0205,0.0364));
#15146=CARTESIAN_POINT('',(-0.0178879963085056,0.0185447826012969,0.0364));
#15147=CARTESIAN_POINT('',(-0.0195,0.0165895652025938,0.0364));
#15148=CARTESIAN_POINT('',(-0.0195,0.0165895652025938,0.0364));
#15149=CARTESIAN_POINT('',(-0.0178879963085056,0.0185447826012969,0.0364));
#15150=CARTESIAN_POINT('',(-0.0195,-3.46944695195361E-18,0.0364));
#15151=CARTESIAN_POINT('',(-0.0195,-0.0165895652025938,0.0364));
#15152=CARTESIAN_POINT('',(-0.0195,-0.0165895652025938,0.0364));
#15153=CARTESIAN_POINT('',(-0.0195,-3.46944695195361E-18,0.0364));
#15154=CARTESIAN_POINT('',(-0.0178879963085056,-0.0185447826012969,0.0364));
#15155=CARTESIAN_POINT('',(-0.0162759926170111,-0.0205,0.0364));
#15156=CARTESIAN_POINT('',(-0.0162759926170111,-0.0205,0.0364));
#15157=CARTESIAN_POINT('',(-0.0178879963085056,-0.0185447826012969,0.0364));
#15158=CARTESIAN_POINT('',(-0.01525,-0.01525,0.0364));
#15159=CARTESIAN_POINT('',(-0.01525,-0.01525,0.0364));
#15160=CARTESIAN_POINT('',(-0.01325,-0.01525,0.0364));
#15161=CARTESIAN_POINT('',(0.01525,-0.01525,0.0364));
#15162=CARTESIAN_POINT('',(0.01525,-0.01525,0.0364));
#15163=CARTESIAN_POINT('',(0.01725,-0.01525,0.0364));
#15164=CARTESIAN_POINT('',(0.01525,0.01525,0.0364));
#15165=CARTESIAN_POINT('',(0.01525,0.01525,0.0364));
#15166=CARTESIAN_POINT('',(0.01725,0.01525,0.0364));
#15167=CARTESIAN_POINT('',(0.01525,0.01525,0.0344));
#15168=CARTESIAN_POINT('',(0.01725,0.01525,0.0344));
#15169=CARTESIAN_POINT('',(-3.46944695195361E-18,-0.0205,0.0364));
#15170=CARTESIAN_POINT('',(-3.46944695195361E-18,-0.0205,0.0364));
#15171=CARTESIAN_POINT('',(-0.01525,0.01525,0.0364));
#15172=CARTESIAN_POINT('',(-0.01525,0.01525,0.0364));
#15173=CARTESIAN_POINT('',(-0.01325,0.01525,0.0364));
#15174=CARTESIAN_POINT('',(0.,0.,0.0364));
#15175=CARTESIAN_POINT('',(0.,0.,0.0344));
#15176=CARTESIAN_POINT('',(0.,0.,0.));
#15177=CARTESIAN_POINT('',(-0.000944662403315306,0.0137063031941652,0.007));
#15178=CARTESIAN_POINT('',(0.,0.0137063031941652,0.00837849432285583));
#15179=CARTESIAN_POINT('',(0.,0.0137063031941652,0.0071014325886147));
#15180=CARTESIAN_POINT('',(-0.000944662403315306,0.0137063031941652,0.01));
#15181=CARTESIAN_POINT('',(-0.00644466240331531,0.0137063031941652,0.01));
#15182=CARTESIAN_POINT('',(0.00455533759668469,0.0137063031941652,0.01));
#15183=CARTESIAN_POINT('',(-0.00644466240331531,0.0137063031941652,0.007));
#15184=CARTESIAN_POINT('',(-0.00644466240331531,0.0137063031941652,0.007));
#15185=CARTESIAN_POINT('',(-0.000944662403315306,0.0137063031941652,0.007));
#15186=CARTESIAN_POINT('',(0.00455533759668469,0.0137063031941652,0.007));
#15187=CARTESIAN_POINT('',(0.00455533759668469,0.0137063031941652,0.007));
#15188=CARTESIAN_POINT('',(-0.00644466240331531,0.0222063031941653,0.007));
#15189=CARTESIAN_POINT('',(-0.00644466240331531,0.0222063031941653,0.01));
#15190=CARTESIAN_POINT('',(-0.00644466240331531,0.0307063031941652,0.01));
#15191=CARTESIAN_POINT('',(-0.00644466240331531,0.0307063031941652,0.007));
#15192=CARTESIAN_POINT('',(-0.00644466240331531,0.0307063031941652,0.007));
#15193=CARTESIAN_POINT('',(-0.00644466240331531,0.0222063031941653,0.007));
#15194=CARTESIAN_POINT('',(-0.000944662403315305,0.0307063031941652,0.007));
#15195=CARTESIAN_POINT('',(-0.000944662403315305,0.0307063031941652,0.01));
#15196=CARTESIAN_POINT('',(0.00455533759668469,0.0307063031941652,0.01));
#15197=CARTESIAN_POINT('',(0.00455533759668469,0.0307063031941652,0.007));
#15198=CARTESIAN_POINT('',(0.00455533759668469,0.0307063031941652,0.007));
#15199=CARTESIAN_POINT('',(-0.000944662403315305,0.0307063031941652,0.007));
#15200=CARTESIAN_POINT('',(0.00455533759668469,0.0222063031941653,0.007));
#15201=CARTESIAN_POINT('',(0.00455533759668469,0.0222063031941653,0.01));
#15202=CARTESIAN_POINT('',(0.00455533759668469,0.0222063031941653,0.007));
#15203=CARTESIAN_POINT('',(-0.000944662403315307,0.0222063031941653,0.007));
#15204=CARTESIAN_POINT('',(-0.000944662403315307,0.0222063031941653,0.01));
#15205=CARTESIAN_POINT('',(0.,-0.0562936968058348,0.00837849432285583));
#15206=CARTESIAN_POINT('',(0.,-0.0535857751965523,0.00837849432285583));
#15207=CARTESIAN_POINT('',(0.,-0.0535857751965523,0.00965555605709697));
#15208=CARTESIAN_POINT('',(0.000873681157827377,-0.0535857751965523,0.0098));
#15209=CARTESIAN_POINT('',(0.000873681157827377,-0.0535857751965523,0.0068));
#15210=CARTESIAN_POINT('',(-0.0243174582719803,-0.0535857751965523,0.0068));
#15211=CARTESIAN_POINT('',(0.026064820587635,-0.0535857751965523,0.0068));
#15212=CARTESIAN_POINT('',(-0.0243174582719803,-0.0535857751965523,0.0098));
#15213=CARTESIAN_POINT('',(-0.0243174582719803,-0.0535857751965523,0.0098));
#15214=CARTESIAN_POINT('',(0.000873681157827377,-0.0535857751965523,0.0098));
#15215=CARTESIAN_POINT('',(0.026064820587635,-0.0535857751965523,0.0098));
#15216=CARTESIAN_POINT('',(0.026064820587635,-0.0535857751965523,0.0098));
#15217=CARTESIAN_POINT('',(-0.0243174582719803,-0.0550419110804796,0.0098));
#15218=CARTESIAN_POINT('',(-0.0243174582719803,-0.0550419110804796,0.0068));
#15219=CARTESIAN_POINT('',(-0.0243174582719803,-0.056498046964407,0.0068));
#15220=CARTESIAN_POINT('',(-0.0243174582719803,-0.056498046964407,0.0098));
#15221=CARTESIAN_POINT('',(-0.0243174582719803,-0.056498046964407,0.0098));
#15222=CARTESIAN_POINT('',(-0.0243174582719803,-0.0550419110804796,0.0098));
#15223=CARTESIAN_POINT('',(0.000873681157827377,-0.056498046964407,0.0098));
#15224=CARTESIAN_POINT('',(0.000873681157827377,-0.056498046964407,0.0068));
#15225=CARTESIAN_POINT('',(0.026064820587635,-0.056498046964407,0.0068));
#15226=CARTESIAN_POINT('',(0.026064820587635,-0.056498046964407,0.0098));
#15227=CARTESIAN_POINT('',(0.026064820587635,-0.056498046964407,0.0098));
#15228=CARTESIAN_POINT('',(0.000873681157827377,-0.056498046964407,0.0098));
#15229=CARTESIAN_POINT('',(0.026064820587635,-0.0550419110804796,0.0098));
#15230=CARTESIAN_POINT('',(0.026064820587635,-0.0550419110804796,0.0068));
#15231=CARTESIAN_POINT('',(0.026064820587635,-0.0550419110804796,0.0098));
#15232=CARTESIAN_POINT('',(0.000873681157827377,-0.0550419110804796,0.0098));
#15233=CARTESIAN_POINT('',(0.000873681157827377,-0.0550419110804796,0.0068));
#15234=CARTESIAN_POINT('',(0.,0.,0.));
#15235=CARTESIAN_POINT('',(0.,0.,0.015));
#15236=CARTESIAN_POINT('',(0.,2.4492935982947E-19,0.015));
#15237=CARTESIAN_POINT('',(0.00533974596215561,2.4492935982947E-19,0.015));
#15238=CARTESIAN_POINT('',(0.01525,-0.01525,0.015));
#15239=CARTESIAN_POINT('',(0.0174,-0.01525,0.015));
#15240=CARTESIAN_POINT('',(-0.01525,-0.01525,0.015));
#15241=CARTESIAN_POINT('',(-0.0131,-0.01525,0.015));
#15242=CARTESIAN_POINT('',(-0.0157577035704489,0.0287549951980881,0.015));
#15243=CARTESIAN_POINT('',(-0.0143896229971463,0.0249962247149444,0.015));
#15244=CARTESIAN_POINT('',(-0.0171257841437516,0.0325137656812317,0.015));
#15245=CARTESIAN_POINT('',(-0.0196929238560454,0.0249962247149444,0.015));
#15246=CARTESIAN_POINT('',(-0.0249962247149444,0.0249962247149444,0.015));
#15247=CARTESIAN_POINT('',(-0.0249962247149444,0.0196929238560454,0.015));
#15248=CARTESIAN_POINT('',(-0.0249962247149444,0.0143896229971463,0.015));
#15249=CARTESIAN_POINT('',(-0.0287549951980881,0.0157577035704489,0.015));
#15250=CARTESIAN_POINT('',(-0.0325137656812317,0.0171257841437516,0.015));
#15251=CARTESIAN_POINT('',(-0.0325137656812318,1.7347234759768E-17,0.015));
#15252=CARTESIAN_POINT('',(-0.0325137656812318,-0.0171257841437516,0.015));
#15253=CARTESIAN_POINT('',(-0.0287549951980881,-0.0157577035704489,0.015));
#15254=CARTESIAN_POINT('',(-0.0249962247149444,-0.0143896229971462,0.015));
#15255=CARTESIAN_POINT('',(-0.0249962247149444,-0.0196929238560454,0.015));
#15256=CARTESIAN_POINT('',(-0.0249962247149444,-0.0249962247149444,0.015));
#15257=CARTESIAN_POINT('',(-0.0196929238560454,-0.0249962247149444,0.015));
#15258=CARTESIAN_POINT('',(-0.0143896229971463,-0.0249962247149444,0.015));
#15259=CARTESIAN_POINT('',(-0.0157577035704489,-0.0287549951980881,0.015));
#15260=CARTESIAN_POINT('',(-0.0171257841437516,-0.0325137656812317,0.015));
#15261=CARTESIAN_POINT('',(0.,-0.0325137656812317,0.015));
#15262=CARTESIAN_POINT('',(0.0171257841437516,-0.0325137656812317,0.015));
#15263=CARTESIAN_POINT('',(0.0157577035704489,-0.0287549951980881,0.015));
#15264=CARTESIAN_POINT('',(0.0143896229971463,-0.0249962247149444,0.015));
#15265=CARTESIAN_POINT('',(0.0196929238560454,-0.0249962247149444,0.015));
#15266=CARTESIAN_POINT('',(0.0249962247149444,-0.0249962247149444,0.015));
#15267=CARTESIAN_POINT('',(0.0249962247149444,-0.0196929238560454,0.015));
#15268=CARTESIAN_POINT('',(0.0249962247149444,-0.0143896229971462,0.015));
#15269=CARTESIAN_POINT('',(0.0287549951980881,-0.0157577035704489,0.015));
#15270=CARTESIAN_POINT('',(0.0325137656812318,-0.0171257841437516,0.015));
#15271=CARTESIAN_POINT('',(0.0325137656812318,1.7347234759768E-17,0.015));
#15272=CARTESIAN_POINT('',(0.0325137656812317,0.0171257841437516,0.015));
#15273=CARTESIAN_POINT('',(0.0287549951980881,0.0157577035704489,0.015));
#15274=CARTESIAN_POINT('',(0.0249962247149444,0.0143896229971463,0.015));
#15275=CARTESIAN_POINT('',(0.0249962247149444,0.0196929238560454,0.015));
#15276=CARTESIAN_POINT('',(0.0249962247149444,0.0249962247149444,0.015));
#15277=CARTESIAN_POINT('',(0.0196929238560454,0.0249962247149444,0.015));
#15278=CARTESIAN_POINT('',(0.0143896229971463,0.0249962247149444,0.015));
#15279=CARTESIAN_POINT('',(0.0157577035704489,0.0287549951980881,0.015));
#15280=CARTESIAN_POINT('',(0.0171257841437516,0.0325137656812317,0.015));
#15281=CARTESIAN_POINT('',(0.,0.0325137656812317,0.015));
#15282=CARTESIAN_POINT('',(0.0164402326625873,0.0217435335214863,0.015));
#15283=CARTESIAN_POINT('',(0.0185902326625873,0.0217435335214863,0.015));
#15284=CARTESIAN_POINT('',(0.021743011748025,0.0164397108891259,0.015));
#15285=CARTESIAN_POINT('',(0.023893011748025,0.0164397108891259,0.015));
#15286=CARTESIAN_POINT('',(-0.021743011748025,-0.0164397108891259,0.015));
#15287=CARTESIAN_POINT('',(-0.019593011748025,-0.0164397108891259,0.015));
#15288=CARTESIAN_POINT('',(-0.0164402326625873,-0.0217435335214863,0.015));
#15289=CARTESIAN_POINT('',(-0.0142902326625873,-0.0217435335214863,0.015));
#15290=CARTESIAN_POINT('',(-0.021743011748025,0.0164397108891259,0.015));
#15291=CARTESIAN_POINT('',(-0.019593011748025,0.0164397108891259,0.015));
#15292=CARTESIAN_POINT('',(-0.0164402326625872,0.0217435335214863,0.015));
#15293=CARTESIAN_POINT('',(-0.0142902326625872,0.0217435335214863,0.015));
#15294=CARTESIAN_POINT('',(0.021743011748025,-0.0164397108891259,0.015));
#15295=CARTESIAN_POINT('',(0.023893011748025,-0.0164397108891259,0.015));
#15296=CARTESIAN_POINT('',(0.0164402326625873,-0.0217435335214863,0.015));
#15297=CARTESIAN_POINT('',(0.0185902326625873,-0.0217435335214863,0.015));
#15298=CARTESIAN_POINT('',(0.01525,0.01525,0.015));
#15299=CARTESIAN_POINT('',(0.0174,0.01525,0.015));
#15300=CARTESIAN_POINT('',(-0.01525,0.01525,0.015));
#15301=CARTESIAN_POINT('',(-0.0131,0.01525,0.015));
#15302=CARTESIAN_POINT('',(0.,0.,0.01));
#15303=CARTESIAN_POINT('',(0.,2.4492935982947E-19,0.01));
#15304=CARTESIAN_POINT('',(0.014,2.4492935982947E-19,0.01));
#15305=CARTESIAN_POINT('',(0.01525,0.01525,0.01));
#15306=CARTESIAN_POINT('',(0.0174,0.01525,0.01));
#15307=CARTESIAN_POINT('',(-0.01525,-0.01525,0.01));
#15308=CARTESIAN_POINT('',(-0.0131,-0.01525,0.01));
#15309=CARTESIAN_POINT('',(-0.0157577035704489,0.0287549951980881,0.01));
#15310=CARTESIAN_POINT('',(-0.0143896229971463,0.0249962247149444,0.01));
#15311=CARTESIAN_POINT('',(-0.0171257841437516,0.0325137656812317,0.01));
#15312=CARTESIAN_POINT('',(0.,0.0325137656812317,0.01));
#15313=CARTESIAN_POINT('',(0.0171257841437516,0.0325137656812317,0.01));
#15314=CARTESIAN_POINT('',(0.0157577035704489,0.0287549951980881,0.01));
#15315=CARTESIAN_POINT('',(0.0143896229971463,0.0249962247149444,0.01));
#15316=CARTESIAN_POINT('',(0.0196929238560454,0.0249962247149444,0.01));
#15317=CARTESIAN_POINT('',(0.0249962247149444,0.0249962247149444,0.01));
#15318=CARTESIAN_POINT('',(0.0249962247149444,0.0196929238560454,0.01));
#15319=CARTESIAN_POINT('',(0.0249962247149444,0.0143896229971463,0.01));
#15320=CARTESIAN_POINT('',(0.0287549951980881,0.0157577035704489,0.01));
#15321=CARTESIAN_POINT('',(0.0325137656812317,0.0171257841437516,0.01));
#15322=CARTESIAN_POINT('',(0.0325137656812318,1.7347234759768E-17,0.01));
#15323=CARTESIAN_POINT('',(0.0325137656812318,-0.0171257841437516,0.01));
#15324=CARTESIAN_POINT('',(0.0287549951980881,-0.0157577035704489,0.01));
#15325=CARTESIAN_POINT('',(0.0249962247149444,-0.0143896229971462,0.01));
#15326=CARTESIAN_POINT('',(0.0249962247149444,-0.0196929238560454,0.01));
#15327=CARTESIAN_POINT('',(0.0249962247149444,-0.0249962247149444,0.01));
#15328=CARTESIAN_POINT('',(0.0196929238560454,-0.0249962247149444,0.01));
#15329=CARTESIAN_POINT('',(0.0143896229971463,-0.0249962247149444,0.01));
#15330=CARTESIAN_POINT('',(0.0157577035704489,-0.0287549951980881,0.01));
#15331=CARTESIAN_POINT('',(0.0171257841437516,-0.0325137656812317,0.01));
#15332=CARTESIAN_POINT('',(0.,-0.0325137656812317,0.01));
#15333=CARTESIAN_POINT('',(-0.0171257841437516,-0.0325137656812317,0.01));
#15334=CARTESIAN_POINT('',(-0.0157577035704489,-0.0287549951980881,0.01));
#15335=CARTESIAN_POINT('',(-0.0143896229971463,-0.0249962247149444,0.01));
#15336=CARTESIAN_POINT('',(-0.0196929238560454,-0.0249962247149444,0.01));
#15337=CARTESIAN_POINT('',(-0.0249962247149444,-0.0249962247149444,0.01));
#15338=CARTESIAN_POINT('',(-0.0249962247149444,-0.0196929238560454,0.01));
#15339=CARTESIAN_POINT('',(-0.0249962247149444,-0.0143896229971462,0.01));
#15340=CARTESIAN_POINT('',(-0.0287549951980881,-0.0157577035704489,0.01));
#15341=CARTESIAN_POINT('',(-0.0325137656812318,-0.0171257841437516,0.01));
#15342=CARTESIAN_POINT('',(-0.0325137656812318,1.7347234759768E-17,0.01));
#15343=CARTESIAN_POINT('',(-0.0325137656812317,0.0171257841437516,0.01));
#15344=CARTESIAN_POINT('',(-0.0287549951980881,0.0157577035704489,0.01));
#15345=CARTESIAN_POINT('',(-0.0249962247149444,0.0143896229971463,0.01));
#15346=CARTESIAN_POINT('',(-0.0249962247149444,0.0196929238560454,0.01));
#15347=CARTESIAN_POINT('',(-0.0249962247149444,0.0249962247149444,0.01));
#15348=CARTESIAN_POINT('',(-0.0196929238560454,0.0249962247149444,0.01));
#15349=CARTESIAN_POINT('',(0.0164402326625873,0.0217435335214863,0.01));
#15350=CARTESIAN_POINT('',(0.0185902326625873,0.0217435335214863,0.01));
#15351=CARTESIAN_POINT('',(0.021743011748025,0.0164397108891259,0.01));
#15352=CARTESIAN_POINT('',(0.023893011748025,0.0164397108891259,0.01));
#15353=CARTESIAN_POINT('',(-0.021743011748025,-0.0164397108891259,0.01));
#15354=CARTESIAN_POINT('',(-0.019593011748025,-0.0164397108891259,0.01));
#15355=CARTESIAN_POINT('',(-0.0164402326625873,-0.0217435335214863,0.01));
#15356=CARTESIAN_POINT('',(-0.0142902326625873,-0.0217435335214863,0.01));
#15357=CARTESIAN_POINT('',(-0.021743011748025,0.0164397108891259,0.01));
#15358=CARTESIAN_POINT('',(-0.019593011748025,0.0164397108891259,0.01));
#15359=CARTESIAN_POINT('',(-0.0164402326625872,0.0217435335214863,0.01));
#15360=CARTESIAN_POINT('',(-0.0142902326625872,0.0217435335214863,0.01));
#15361=CARTESIAN_POINT('',(0.021743011748025,-0.0164397108891259,0.01));
#15362=CARTESIAN_POINT('',(0.023893011748025,-0.0164397108891259,0.01));
#15363=CARTESIAN_POINT('',(0.0164402326625873,-0.0217435335214863,0.01));
#15364=CARTESIAN_POINT('',(0.0185902326625873,-0.0217435335214863,0.01));
#15365=CARTESIAN_POINT('',(0.01525,-0.01525,0.01));
#15366=CARTESIAN_POINT('',(0.0174,-0.01525,0.01));
#15367=CARTESIAN_POINT('',(-0.01525,0.01525,0.01));
#15368=CARTESIAN_POINT('',(-0.0131,0.01525,0.01));
#15369=CARTESIAN_POINT('',(-0.0157577035704489,0.0287549951980881,0.015));
#15370=CARTESIAN_POINT('',(-0.0143896229971463,0.0249962247149444,0.015));
#15371=CARTESIAN_POINT('',(-0.0171257841437516,0.0325137656812317,0.015));
#15372=CARTESIAN_POINT('',(-0.0196929238560454,0.0249962247149444,0.015));
#15373=CARTESIAN_POINT('',(-0.0249962247149444,0.0249962247149444,0.015));
#15374=CARTESIAN_POINT('',(-0.0249962247149444,0.0196929238560454,0.015));
#15375=CARTESIAN_POINT('',(-0.0249962247149444,0.0143896229971463,0.015));
#15376=CARTESIAN_POINT('',(-0.0287549951980881,0.0157577035704489,0.015));
#15377=CARTESIAN_POINT('',(-0.0325137656812317,0.0171257841437516,0.015));
#15378=CARTESIAN_POINT('',(-0.0325137656812318,1.7347234759768E-17,0.015));
#15379=CARTESIAN_POINT('',(-0.0325137656812318,-0.0171257841437516,0.015));
#15380=CARTESIAN_POINT('',(-0.0287549951980881,-0.0157577035704489,0.015));
#15381=CARTESIAN_POINT('',(-0.0249962247149444,-0.0143896229971462,0.015));
#15382=CARTESIAN_POINT('',(-0.0249962247149444,-0.0196929238560454,0.015));
#15383=CARTESIAN_POINT('',(-0.0249962247149444,-0.0249962247149444,0.015));
#15384=CARTESIAN_POINT('',(-0.0196929238560454,-0.0249962247149444,0.015));
#15385=CARTESIAN_POINT('',(-0.0143896229971463,-0.0249962247149444,0.015));
#15386=CARTESIAN_POINT('',(-0.0157577035704489,-0.0287549951980881,0.015));
#15387=CARTESIAN_POINT('',(-0.0171257841437516,-0.0325137656812317,0.015));
#15388=CARTESIAN_POINT('',(0.,-0.0325137656812317,0.015));
#15389=CARTESIAN_POINT('',(0.0171257841437516,-0.0325137656812317,0.015));
#15390=CARTESIAN_POINT('',(0.0157577035704489,-0.0287549951980881,0.015));
#15391=CARTESIAN_POINT('',(0.0143896229971463,-0.0249962247149444,0.015));
#15392=CARTESIAN_POINT('',(0.0196929238560454,-0.0249962247149444,0.015));
#15393=CARTESIAN_POINT('',(0.0249962247149444,-0.0249962247149444,0.015));
#15394=CARTESIAN_POINT('',(0.0249962247149444,-0.0196929238560454,0.015));
#15395=CARTESIAN_POINT('',(0.0249962247149444,-0.0143896229971462,0.015));
#15396=CARTESIAN_POINT('',(0.0287549951980881,-0.0157577035704489,0.015));
#15397=CARTESIAN_POINT('',(0.0325137656812318,-0.0171257841437516,0.015));
#15398=CARTESIAN_POINT('',(0.0325137656812318,1.7347234759768E-17,0.015));
#15399=CARTESIAN_POINT('',(0.0325137656812317,0.0171257841437516,0.015));
#15400=CARTESIAN_POINT('',(0.0287549951980881,0.0157577035704489,0.015));
#15401=CARTESIAN_POINT('',(0.0249962247149444,0.0143896229971463,0.015));
#15402=CARTESIAN_POINT('',(0.0249962247149444,0.0196929238560454,0.015));
#15403=CARTESIAN_POINT('',(0.0249962247149444,0.0249962247149444,0.015));
#15404=CARTESIAN_POINT('',(0.0196929238560454,0.0249962247149444,0.015));
#15405=CARTESIAN_POINT('',(0.0143896229971463,0.0249962247149444,0.015));
#15406=CARTESIAN_POINT('',(0.0157577035704489,0.0287549951980881,0.015));
#15407=CARTESIAN_POINT('',(0.0171257841437516,0.0325137656812317,0.015));
#15408=CARTESIAN_POINT('',(0.021743011748025,-0.0164397108891259,0.015));
#15409=CARTESIAN_POINT('',(-0.0164402326625872,0.0217435335214863,0.015));
#15410=CARTESIAN_POINT('',(-0.021743011748025,0.0164397108891259,0.015));
#15411=CARTESIAN_POINT('',(-0.0164402326625873,-0.0217435335214863,0.015));
#15412=CARTESIAN_POINT('',(-0.021743011748025,-0.0164397108891259,0.015));
#15413=CARTESIAN_POINT('',(0.021743011748025,0.0164397108891259,0.015));
#15414=CARTESIAN_POINT('',(0.0164402326625873,0.0217435335214863,0.015));
#15415=CARTESIAN_POINT('',(0.,0.0325137656812317,0.015));
#15416=CARTESIAN_POINT('',(0.0164402326625873,-0.0217435335214863,0.015));
#15417=CARTESIAN_POINT('',(-0.01525,-0.01525,-0.01));
#15418=CARTESIAN_POINT('',(0.01525,-0.01525,-0.01));
#15419=CARTESIAN_POINT('',(0.01525,0.01525,-0.01));
#15420=CARTESIAN_POINT('',(-0.01525,0.01525,-0.01));
#15421=CARTESIAN_POINT('',(0.,2.4492935982947E-19,0.02));
#15422=CARTESIAN_POINT('',(0.,0.,0.));
#15423=CARTESIAN_POINT('',(0.08451,0.0856,0.033));
#15424=CARTESIAN_POINT('',(0.08451,0.0856,0.0292087405829074));
#15425=CARTESIAN_POINT('',(0.0858090381056767,0.08485,0.0295995408406154));
#15426=CARTESIAN_POINT('',(0.08376,0.0868990381056767,0.0287574833149333));
#15427=CARTESIAN_POINT('',(0.08376,0.0868990381056767,0.033));
#15428=CARTESIAN_POINT('',(0.08376,0.0868990381056767,0.0294343692168945));
#15429=CARTESIAN_POINT('',(0.08451,0.0856,0.0292087405829074));
#15430=CARTESIAN_POINT('',(0.08301,0.0856,0.0289831119489204));
#15431=CARTESIAN_POINT('',(0.08301,0.0856,0.033));
#15432=CARTESIAN_POINT('',(0.08301,0.0856,0.0287574833149333));
#15433=CARTESIAN_POINT('',(0.08451,0.0856,0.0292087405829074));
#15434=CARTESIAN_POINT('',(0.0832109618943234,0.08485,0.0288179403251995));
#15435=CARTESIAN_POINT('',(0.08451,0.0856,0.0292087405829074));
#15436=CARTESIAN_POINT('',(0.08376,0.0843009618943234,0.0287574833149333));
#15437=CARTESIAN_POINT('',(0.08376,0.0843009618943234,0.033));
#15438=CARTESIAN_POINT('',(0.08376,0.0843009618943234,0.0289831119489204));
#15439=CARTESIAN_POINT('',(0.08451,0.0856,0.0292087405829074));
#15440=CARTESIAN_POINT('',(0.08451,0.0856,0.028));
#15441=CARTESIAN_POINT('',(0.08301,0.0856,0.028));
#15442=CARTESIAN_POINT('',(0.08451,0.0856,0.033));
#15443=CARTESIAN_POINT('',(0.08451,0.0856,0.028));
#15444=CARTESIAN_POINT('',(0.08051,0.0856,0.028));
#15445=CARTESIAN_POINT('',(0.08451,0.0856,0.033));
#15446=CARTESIAN_POINT('',(0.08051,0.0856,0.033));
#15447=CARTESIAN_POINT('',(0.08051,0.0856,0.033));
#15448=CARTESIAN_POINT('',(0.08051,0.0856,0.0280053878683098));
#15449=CARTESIAN_POINT('',(0.08051,0.0856,0.0286070642256086));
#15450=CARTESIAN_POINT('',(0.08451,0.0856,0.0292087405829074));
#15451=CARTESIAN_POINT('',(0.0860553331398598,0.0892894370148915,0.0304024101439863));
#15452=CARTESIAN_POINT('',(0.08451,0.0856,-0.305642970579298));
#15453=CARTESIAN_POINT('',(0.0864094692355698,0.0891202296264766,0.0329880957230925));
#15454=CARTESIAN_POINT('',(0.08451,0.0856,0.0312146295508911));
#15455=CARTESIAN_POINT('',(0.0810458983848623,0.0836,0.0296781262586749));
#15456=CARTESIAN_POINT('',(0.08451,0.0856,0.0312146295508911));
#15457=CARTESIAN_POINT('',(0.0867591860052606,0.0822922572177179,0.0322122566663278));
#15458=CARTESIAN_POINT('',(0.08451,0.0856,-0.305642970579298));
#15459=CARTESIAN_POINT('',(0.0866088736658985,0.0821948965750512,0.0329880957230925));
#15460=CARTESIAN_POINT('',(0.08451,0.0856,0.0312146295508911));
#15461=CARTESIAN_POINT('',(0.0879741016151378,0.0836,0.0327511328431073));
#15462=CARTESIAN_POINT('',(0.08451,0.0856,0.0312146295508911));
#15463=CARTESIAN_POINT('',(0.0885083429014683,0.0854848737984721,0.0329880957230925));
#15464=CARTESIAN_POINT('',(0.08451,0.0856,-0.305642970579299));
#15465=CARTESIAN_POINT('',(0.0884991822812713,0.085306019172749,0.0322122566663278));
#15466=CARTESIAN_POINT('',(0.08451,0.0856,0.0312146295508911));
#15467=CARTESIAN_POINT('',(0.08251,0.0890641016151378,0.0294404283721476));
#15468=CARTESIAN_POINT('',(0.08251,0.0890641016151378,0.033));
#15469=CARTESIAN_POINT('',(0.08251,0.0890641016151378,0.0280053878683098));
#15470=CARTESIAN_POINT('',(0.08451,0.0856,0.0292087405829074));
#15471=CARTESIAN_POINT('',(0.0879741016151378,0.0836,0.030250874603462));
#15472=CARTESIAN_POINT('',(0.08451,0.0856,0.0292087405829074));
#15473=CARTESIAN_POINT('',(0.08251,0.0821358983848623,0.0286070642256086));
#15474=CARTESIAN_POINT('',(0.08251,0.0821358983848623,0.033));
#15475=CARTESIAN_POINT('',(0.08251,0.0821358983848623,0.0280053878683098));
#15476=CARTESIAN_POINT('',(0.08451,0.0856,0.0292087405829074));
#15477=CARTESIAN_POINT('',(0.0810458983848623,0.0836,0.0281666065623529));
#15478=CARTESIAN_POINT('',(0.08451,0.0856,0.0292087405829074));
#15479=CARTESIAN_POINT('',(0.08451,0.0856,0.033));
#15480=CARTESIAN_POINT('',(0.08451,0.0856,0.0312146295508911));
#15481=CARTESIAN_POINT('',(0.0832109618943234,0.08485,0.03063844081631));
#15482=CARTESIAN_POINT('',(0.08526,0.0868990381056767,0.0318799549929199));
#15483=CARTESIAN_POINT('',(0.08526,0.0868990381056767,0.033));
#15484=CARTESIAN_POINT('',(0.08526,0.0868990381056767,0.0308819668298767));
#15485=CARTESIAN_POINT('',(0.08451,0.0856,0.0312146295508911));
#15486=CARTESIAN_POINT('',(0.08601,0.0856,0.0315472922719055));
#15487=CARTESIAN_POINT('',(0.08601,0.0856,0.033));
#15488=CARTESIAN_POINT('',(0.08601,0.0856,0.0318799549929199));
#15489=CARTESIAN_POINT('',(0.08451,0.0856,0.0312146295508911));
#15490=CARTESIAN_POINT('',(0.0858090381056767,0.08485,0.0317908182854722));
#15491=CARTESIAN_POINT('',(0.08451,0.0856,0.0312146295508911));
#15492=CARTESIAN_POINT('',(0.08526,0.0843009618943234,0.0318799549929199));
#15493=CARTESIAN_POINT('',(0.08526,0.0843009618943234,0.033));
#15494=CARTESIAN_POINT('',(0.08526,0.0843009618943234,0.0315472922719055));
#15495=CARTESIAN_POINT('',(0.08451,0.0856,0.0312146295508911));
#15496=CARTESIAN_POINT('',(0.08451,0.0856,0.033));
#15497=CARTESIAN_POINT('',(0.08301,0.0856,0.033));
#15498=CARTESIAN_POINT('',(0.08451,0.0856,0.033));
#15499=CARTESIAN_POINT('',(0.08451,0.0856,0.028));
#15500=CARTESIAN_POINT('',(0.0845002166891843,0.0221,0.0312102901604958));
#15501=CARTESIAN_POINT('',(0.10846317163273,0.071770629909898,0.0418390658872501));
#15502=CARTESIAN_POINT('',(0.0885083429014683,0.0832915556495249,0.0329880957230925));
#15503=CARTESIAN_POINT('',(0.0885083429014683,0.0221,0.0329880957230925));
#15504=CARTESIAN_POINT('',(0.0884930778259784,0.0221,0.0316952529335394));
#15505=CARTESIAN_POINT('',(0.0887486874044685,0.0304386675382394,0.0533435573071895));
#15506=CARTESIAN_POINT('',(0.139497721484904,0.1173584725957,0.0312102901604958));
#15507=CARTESIAN_POINT('',(0.141501784591046,0.113887333474287,0.0329880957230925));
#15508=CARTESIAN_POINT('',(0.141494152053301,0.113900553417452,0.0316952529335394));
#15509=CARTESIAN_POINT('',(0.0624069949551723,0.0683797795090689,0.0214108351498142));
#15510=CARTESIAN_POINT('',(0.0295048626665354,0.117328307461136,0.0292012050719932));
#15511=CARTESIAN_POINT('',(0.0844974758068472,0.0855783074611356,0.0292012050719932));
#15512=CARTESIAN_POINT('',(0.0825010452384502,0.0821203882828883,0.028));
#15513=CARTESIAN_POINT('',(0.0275084320981383,0.113870388282888,0.028));
#15514=CARTESIAN_POINT('',(0.0804920904769003,0.0832802588552589,0.028));
#15515=CARTESIAN_POINT('',(0.0587422618977631,0.0707229894702657,0.0214568211843153));
#15516=CARTESIAN_POINT('',(0.0275084320981383,0.113870388282888,0.0287162422989495));
#15517=CARTESIAN_POINT('',(0.0825010452384502,0.0821203882828883,0.0287162422989495));
#15518=CARTESIAN_POINT('',(0.0825010452384502,0.0821203882828883,0.0286043702914538));
#15519=CARTESIAN_POINT('',(0.10835811024498,0.0671918048409145,0.0363831626332378));
#15520=CARTESIAN_POINT('',(0.0844849516136945,0.0221,0.0292012050719932));
#15521=CARTESIAN_POINT('',(0.0804920904769004,0.0221,0.028));
#15522=CARTESIAN_POINT('',(0.0804920904769004,0.0856,0.028));
#15523=CARTESIAN_POINT('',(0.0844849516136945,0.0856,0.0292012050719932));
#15524=CARTESIAN_POINT('',(0.0804920904769004,0.0221,0.0287162422989495));
#15525=CARTESIAN_POINT('',(0.0804920904769004,0.0261635559578736,0.0131191851921821));
#15526=CARTESIAN_POINT('',(0.0804920904769004,0.0856,0.0286043702914538));
#15527=CARTESIAN_POINT('',(0.0804920904769004,0.0856,0.0287162422989495));
#15528=CARTESIAN_POINT('',(0.0295124952042803,0.1173415274043,0.0312102901604958));
#15529=CARTESIAN_POINT('',(0.0315165583104223,0.120812666525713,0.0329880957230925));
#15530=CARTESIAN_POINT('',(0.0459180795002083,0.11249794439005,0.0329880957230925));
#15531=CARTESIAN_POINT('',(0.0295408322345238,0.11733646380082,0.0312146295486986));
#15532=CARTESIAN_POINT('',(0.0353178929105157,0.116304145297876,0.0320992978367289));
#15533=CARTESIAN_POINT('',(0.0410934014866801,0.115268993182889,0.0329825334440327));
#15534=CARTESIAN_POINT('',(0.0459180795002083,0.11249794439005,0.0329880957230925));
#15535=CARTESIAN_POINT('',(0.0295408322518707,0.117336463794667,0.0312146295501825));
#15536=CARTESIAN_POINT('',(0.0295408322518707,0.117336463794667,0.0312146295501825));
#15537=CARTESIAN_POINT('',(0.0333233766340812,0.112849541746437,0.0303299612631225));
#15538=CARTESIAN_POINT('',(0.0371075989475105,0.108365380663947,0.0294467256577434));
#15539=CARTESIAN_POINT('',(0.0419197365987399,0.105572611338624,0.0294411633786896));
#15540=CARTESIAN_POINT('',(0.04191973659874,0.105572611338624,0.0294411633786896));
#15541=CARTESIAN_POINT('',(0.0402919331935359,0.102753173136077,0.0279971380185517));
#15542=CARTESIAN_POINT('',(0.0419099532879243,0.105555666147225,0.029432484597899));
#15543=CARTESIAN_POINT('',(0.0275084320981383,0.113870388282888,0.029432484597899));
#15544=CARTESIAN_POINT('',(0.0804920904769004,0.0832802588552589,0.029432484597899));
#15545=CARTESIAN_POINT('',(0.0605415244305939,0.0717617941779384,0.0205834051489096));
#15546=CARTESIAN_POINT('',(0.0315089257726774,0.120799446582548,0.0316952529335394));
#15547=CARTESIAN_POINT('',(0.0315012932349324,0.120786226639383,0.0304024101439863));
#15548=CARTESIAN_POINT('',(0.0396095367894487,0.116104930040528,0.0304024101439863));
#15549=CARTESIAN_POINT('',(0.0459180704007222,0.112497949629975,0.0329880957178433));
#15550=CARTESIAN_POINT('',(0.0447766396015215,0.113156848547496,0.0329802871637653));
#15551=CARTESIAN_POINT('',(0.0425667862352128,0.114424538208027,0.0323810640004181));
#15552=CARTESIAN_POINT('',(0.0405648456071543,0.115563082324223,0.0311138742780641));
#15553=CARTESIAN_POINT('',(0.0396095367894488,0.116104930040528,0.0304024101439863));
#15554=CARTESIAN_POINT('',(0.0295048626665354,0.117328307461136,0.0292012050719932));
#15555=CARTESIAN_POINT('',(0.0846894903093134,0.0856,0.029235739351777));
#15556=CARTESIAN_POINT('',(0.0275084320981383,0.113870388282888,0.028));
#15557=CARTESIAN_POINT('',(0.0419099532879243,0.105555666147225,0.028));
#15558=CARTESIAN_POINT('',(0.0439063838563213,0.109013585325472,0.0292012050719932));
#15559=CARTESIAN_POINT('',(0.0422005716207869,0.106059031865354,0.028174858179881));
#15560=CARTESIAN_POINT('',(0.0422005716207869,0.106059031865354,0.028174858179881));
#15561=CARTESIAN_POINT('',(0.0397024716112619,0.107509248082898,0.0281769261657719));
#15562=CARTESIAN_POINT('',(0.0353506697707759,0.111338659353845,0.0285200220370416));
#15563=CARTESIAN_POINT('',(0.0317405372784117,0.115793694314714,0.0291376750690689));
#15564=CARTESIAN_POINT('',(0.0299333166821737,0.118016266769132,0.029444889184748));
#15565=CARTESIAN_POINT('',(0.0299333166821737,0.118016266769132,0.029444889184748));
#15566=CARTESIAN_POINT('',(0.0396095367894487,0.116104930040528,0.0304024101439863));
#15567=CARTESIAN_POINT('',(0.0364301083082534,0.116981394142971,0.0301525116720096));
#15568=CARTESIAN_POINT('',(0.0331784901081827,0.117495586025396,0.0297973704369654));
#15569=CARTESIAN_POINT('',(0.0299333166647334,0.118016266775122,0.0294448891836854));
#15570=CARTESIAN_POINT('',(0.0275084320981383,0.113870388282888,0.0287162422989495));
#15571=CARTESIAN_POINT('',(0.0419099532879243,0.105555666147225,0.0287162422989495));
#15572=CARTESIAN_POINT('',(0.0804920904769004,0.0832802588552589,0.0287162422989495));
#15573=CARTESIAN_POINT('',(0.0299356715887555,0.118020345586979,0.0294342707425554));
#15574=CARTESIAN_POINT('',(0.0295408322518707,0.117336463794668,0.0312146295501826));
#15575=CARTESIAN_POINT('',(0.033718215970966,0.113533423538748,0.0285496024554954));
#15576=CARTESIAN_POINT('',(0.0333233766340812,0.112849541746437,0.0303299612631225));
#15577=CARTESIAN_POINT('',(0.0375024382843952,0.109049262456258,0.0276663668501164));
#15578=CARTESIAN_POINT('',(0.0371075989475104,0.108365380663947,0.0294467256577435));
#15579=CARTESIAN_POINT('',(0.0423145759356248,0.106256493130936,0.0276608045710626));
#15580=CARTESIAN_POINT('',(0.0419197365987399,0.105572611338624,0.0294411633786897));
#15581=CARTESIAN_POINT('',(0.0469879343348294,0.114350987320337,0.00658829732579395));
#15582=CARTESIAN_POINT('',(0.0346090299879602,0.12611483977638,0.00836176349728683));
#15583=CARTESIAN_POINT('',(0.0300203530382158,0.1181670181961,0.0290524359510975));
#15584=CARTESIAN_POINT('',(0.0295408322345238,0.11733646380082,0.0312146295486987));
#15585=CARTESIAN_POINT('',(0.0357974137142076,0.117134699693157,0.0299371042391277));
#15586=CARTESIAN_POINT('',(0.0353178929105156,0.116304145297876,0.0320992978367289));
#15587=CARTESIAN_POINT('',(0.0415729222903721,0.11609954757817,0.0308203398464315));
#15588=CARTESIAN_POINT('',(0.0410934014866801,0.115268993182889,0.0329825334440327));
#15589=CARTESIAN_POINT('',(0.0463976003039002,0.11332849878533,0.0308259021254915));
#15590=CARTESIAN_POINT('',(0.0459180795002082,0.11249794439005,0.0329880957230927));
#15591=CARTESIAN_POINT('',(0.0453601309296253,0.11153154911779,0.00514427196565604));
#15592=CARTESIAN_POINT('',(0.139497721484904,0.1173584725957,0.0312102901604958));
#15593=CARTESIAN_POINT('',(0.141501784591046,0.113887333474287,0.0329880957230925));
#15594=CARTESIAN_POINT('',(0.12710026340126,0.105572611338624,0.0329880957230925));
#15595=CARTESIAN_POINT('',(0.139479167760533,0.117336463809381,0.0312146295486986));
#15596=CARTESIAN_POINT('',(0.135696623374192,0.11284954175624,0.0320992978367289));
#15597=CARTESIAN_POINT('',(0.13191240105775,0.108365380667,0.0329825334440327));
#15598=CARTESIAN_POINT('',(0.12710026340126,0.105572611338624,0.0329880957230925));
#15599=CARTESIAN_POINT('',(0.139479167746532,0.117336463797435,0.0312146295501825));
#15600=CARTESIAN_POINT('',(0.139479167746532,0.117336463797435,0.0312146295501825));
#15601=CARTESIAN_POINT('',(0.133702107076858,0.116304145295614,0.0303299612631225));
#15602=CARTESIAN_POINT('',(0.127926598508046,0.115268993179861,0.0294467256577434));
#15603=CARTESIAN_POINT('',(0.123101920499792,0.11249794439005,0.0294411633786896));
#15604=CARTESIAN_POINT('',(0.123101920499792,0.11249794439005,0.0294411633786896));
#15605=CARTESIAN_POINT('',(0.121474117094588,0.115317382592597,0.0279971380185517));
#15606=CARTESIAN_POINT('',(0.123092137188976,0.112514889581449,0.029432484597899));
#15607=CARTESIAN_POINT('',(0.137493658378762,0.120829611717112,0.029432484597899));
#15608=CARTESIAN_POINT('',(0.0825010452384502,0.0890796117171117,0.029432484597899));
#15609=CARTESIAN_POINT('',(0.0845051083445922,0.0856084725956995,0.0312102901604958));
#15610=CARTESIAN_POINT('',(0.141494152053301,0.113900553417452,0.0316952529335394));
#15611=CARTESIAN_POINT('',(0.141486519515556,0.113913773360617,0.0304024101439863));
#15612=CARTESIAN_POINT('',(0.13337827596104,0.109232476761762,0.0304024101439863));
#15613=CARTESIAN_POINT('',(0.0884778127504885,0.0833091822404114,0.0304024101439863));
#15614=CARTESIAN_POINT('',(0.127100272488912,0.105572616599048,0.0329880957178433));
#15615=CARTESIAN_POINT('',(0.128241611089611,0.106231675209057,0.0329802871637653));
#15616=CARTESIAN_POINT('',(0.1304443892229,0.107511619532653,0.0323810640004178));
#15617=CARTESIAN_POINT('',(0.132431367664885,0.108676078915322,0.0311138742780641));
#15618=CARTESIAN_POINT('',(0.13337827596104,0.109232476761762,0.0304024101439863));
#15619=CARTESIAN_POINT('',(0.0884980029726556,0.0832975254102083,0.0321123776554776));
#15620=CARTESIAN_POINT('',(0.139490088947159,0.117371692538864,0.0292012050719932));
#15621=CARTESIAN_POINT('',(0.0844974758068472,0.0856216925388644,0.0292012050719932));
#15622=CARTESIAN_POINT('',(0.0825010452384502,0.0890796117171117,0.028));
#15623=CARTESIAN_POINT('',(0.137493658378762,0.120829611717112,0.028));
#15624=CARTESIAN_POINT('',(0.123092137188976,0.112514889581449,0.028));
#15625=CARTESIAN_POINT('',(0.125088567757373,0.109056970403201,0.0292012050719932));
#15626=CARTESIAN_POINT('',(0.123382755521839,0.11201152386332,0.028174858179881));
#15627=CARTESIAN_POINT('',(0.123382755521839,0.11201152386332,0.028174858179881));
#15628=CARTESIAN_POINT('',(0.125887729611975,0.11344983382399,0.028176926165772));
#15629=CARTESIAN_POINT('',(0.131379997974396,0.115303899134614,0.0285200220370417));
#15630=CARTESIAN_POINT('',(0.137043237671438,0.116202848103594,0.0291376750690689));
#15631=CARTESIAN_POINT('',(0.139871652176835,0.11665666082297,0.029444889184748));
#15632=CARTESIAN_POINT('',(0.139871652176835,0.11665666082297,0.029444889184748));
#15633=CARTESIAN_POINT('',(0.13337827596104,0.109232476761762,0.0304024101439863));
#15634=CARTESIAN_POINT('',(0.135727030379858,0.111547710544771,0.0301525116720096));
#15635=CARTESIAN_POINT('',(0.137798142712494,0.114106598568228,0.0297973704369654));
#15636=CARTESIAN_POINT('',(0.139871652190743,0.116656660835079,0.0294448891836854));
#15637=CARTESIAN_POINT('',(0.110239369445184,0.070745141624744,0.0369491172245944));
#15638=CARTESIAN_POINT('',(0.137493658378762,0.120829611717112,0.0287162422989495));
#15639=CARTESIAN_POINT('',(0.123092137188976,0.112514889581449,0.0287162422989495));
#15640=CARTESIAN_POINT('',(0.0825010452384502,0.0890796117171117,0.0287162422989495));
#15641=CARTESIAN_POINT('',(0.139874007083417,0.116652582005123,0.0294342707425554));
#15642=CARTESIAN_POINT('',(0.139479167746532,0.117336463797434,0.0312146295501826));
#15643=CARTESIAN_POINT('',(0.134096946413743,0.115620263503302,0.0285496024554954));
#15644=CARTESIAN_POINT('',(0.133702107076858,0.116304145295614,0.0303299612631225));
#15645=CARTESIAN_POINT('',(0.128321437844931,0.114585111387549,0.0276663668501164));
#15646=CARTESIAN_POINT('',(0.127926598508046,0.115268993179861,0.0294467256577436));
#15647=CARTESIAN_POINT('',(0.123496759836677,0.111814062597738,0.0276608045710626));
#15648=CARTESIAN_POINT('',(0.123101920499792,0.11249794439005,0.0294411633786897));
#15649=CARTESIAN_POINT('',(0.128170118235881,0.103719568408337,0.00658829732579395));
#15650=CARTESIAN_POINT('',(0.144547365482621,0.108558087815722,0.00836176349728683));
#15651=CARTESIAN_POINT('',(0.139958688564225,0.116505909414101,0.0290524359510975));
#15652=CARTESIAN_POINT('',(0.139479167760533,0.117336463809381,0.0312146295486987));
#15653=CARTESIAN_POINT('',(0.136176144177884,0.112018987360959,0.0299371042391277));
#15654=CARTESIAN_POINT('',(0.135696623374192,0.11284954175624,0.0320992978367289));
#15655=CARTESIAN_POINT('',(0.132391921861442,0.107534826271719,0.0308203398464315));
#15656=CARTESIAN_POINT('',(0.13191240105775,0.108365380667,0.0329825334440327));
#15657=CARTESIAN_POINT('',(0.127579784204952,0.104742056943344,0.0308259021254915));
#15658=CARTESIAN_POINT('',(0.12710026340126,0.105572611338624,0.0329880957230926));
#15659=CARTESIAN_POINT('',(0.126542314830677,0.106539006610884,0.00514427196565604));
#15660=CARTESIAN_POINT('',(0.0873924457603025,0.0387294442713261,0.00514427196565604));
#15661=CARTESIAN_POINT('',(0.0844849516136945,0.0387294442713261,0.0292012050719932));
#15662=CARTESIAN_POINT('',(0.0810733271426256,0.0387294442713261,0.028174858179881));
#15663=CARTESIAN_POINT('',(0.0804920904769004,0.0387294442713261,0.028));
#15664=CARTESIAN_POINT('',(0.0906480525707106,0.0387294442713261,0.00658829732579395));
#15665=CARTESIAN_POINT('',(0.0805116570985317,0.0387294442713261,0.0294411633786896));
#15666=CARTESIAN_POINT('',(0.0772560502881236,0.0387294442713261,0.0279971380185517));
#15667=CARTESIAN_POINT('',(0.0804920904769004,0.0387294442713261,0.029432484597899));
#15668=CARTESIAN_POINT('',(0.0804920904769004,0.0387294442713261,0.0287162422989495));
#15669=CARTESIAN_POINT('',(0.0854690416024409,0.0221270723897991,0.0290524359510975));
#15670=CARTESIAN_POINT('',(0.084509999995057,0.0221270723897991,0.0312146295486987));
#15671=CARTESIAN_POINT('',(0.0874635578920913,0.0276463129458837,0.0299371042391277));
#15672=CARTESIAN_POINT('',(0.0865045162847074,0.0276463129458837,0.0320992978367289));
#15673=CARTESIAN_POINT('',(0.0894548441518136,0.0331656261501106,0.0308203398464315));
#15674=CARTESIAN_POINT('',(0.0884958025444297,0.0331656261501106,0.0329825334440327));
#15675=CARTESIAN_POINT('',(0.0894673845088522,0.0387294442713261,0.0308259021254915));
#15676=CARTESIAN_POINT('',(0.0885083429014683,0.0387294442713261,0.0329880957230926));
#15677=CARTESIAN_POINT('',(0.0885083428896338,0.0387294337709773,0.0329880957178433));
#15678=CARTESIAN_POINT('',(0.0885082506911326,0.0374114762434471,0.0329802871637653));
#15679=CARTESIAN_POINT('',(0.0885011754581131,0.0348638422593195,0.0323810640004181));
#15680=CARTESIAN_POINT('',(0.088486213272039,0.0325608387604547,0.0311138742780641));
#15681=CARTESIAN_POINT('',(0.0884778127504885,0.0314625931977101,0.0304024101439863));
#15682=CARTESIAN_POINT('',(0.0885083429014683,0.0387294442713261,0.0329880957230925));
#15683=CARTESIAN_POINT('',(0.0884778127504885,0.0314625931977101,0.0304024101439863));
#15684=CARTESIAN_POINT('',(0.084509999995057,0.0221270723897991,0.0312146295486986));
#15685=CARTESIAN_POINT('',(0.0865045162847074,0.0276463129458838,0.0320992978367289));
#15686=CARTESIAN_POINT('',(0.0884958025444298,0.0331656261501106,0.0329825334440327));
#15687=CARTESIAN_POINT('',(0.0885083429014683,0.0387294442713261,0.0329880957230925));
#15688=CARTESIAN_POINT('',(0.0845099999984025,0.0221270724078981,0.0312146295501825));
#15689=CARTESIAN_POINT('',(0.0946463954705814,0.0221270724078981,0.00836176349728683));
#15690=CARTESIAN_POINT('',(0.0852949688590084,0.0221270724078981,0.029444889184748));
#15691=CARTESIAN_POINT('',(0.0884778127504885,0.0314625931977101,0.0304024101439863));
#15692=CARTESIAN_POINT('',(0.0876471386881118,0.0282708953122576,0.0301525116720096));
#15693=CARTESIAN_POINT('',(0.0864666328206766,0.0251978154063758,0.0297973704369655));
#15694=CARTESIAN_POINT('',(0.0852949688554762,0.0221270723897991,0.0294448891836854));
#15695=CARTESIAN_POINT('',(0.0852996786721721,0.0221270724078981,0.0294342707425554));
#15696=CARTESIAN_POINT('',(0.0845099999984025,0.0221270724078981,0.0312146295501826));
#15697=CARTESIAN_POINT('',(0.0833051623847089,0.0276463129579499,0.0285496024554954));
#15698=CARTESIAN_POINT('',(0.0825154837109393,0.0276463129579499,0.0303299612631225));
#15699=CARTESIAN_POINT('',(0.0813138761293262,0.0331656261561923,0.0276663668501164));
#15700=CARTESIAN_POINT('',(0.0805241974555566,0.0331656261561923,0.0294467256577435));
#15701=CARTESIAN_POINT('',(0.0813013357723013,0.038729444271326,0.0276608045710626));
#15702=CARTESIAN_POINT('',(0.0805116570985317,0.038729444271326,0.0294411633786897));
#15703=CARTESIAN_POINT('',(0.0810733271426256,0.038729444271326,0.028174858179881));
#15704=CARTESIAN_POINT('',(0.0810802012232367,0.0358409180931112,0.028176926165772));
#15705=CARTESIAN_POINT('',(0.082220667745172,0.030157441511541,0.0285200220370416));
#15706=CARTESIAN_POINT('',(0.0842737749498497,0.0248034575816918,0.0291376750690689));
#15707=CARTESIAN_POINT('',(0.0852949688590084,0.0221270724078981,0.029444889184748));
#15708=CARTESIAN_POINT('',(0.0845099999984025,0.0221270724078981,0.0312146295501825));
#15709=CARTESIAN_POINT('',(0.0825154837109393,0.0276463129579499,0.0303299612631225));
#15710=CARTESIAN_POINT('',(0.0805241974555566,0.0331656261561923,0.0294467256577434));
#15711=CARTESIAN_POINT('',(0.0805116570985317,0.038729444271326,0.0294411633786896));
#15712=CARTESIAN_POINT('',(0.0804920904769004,0.0221,0.0287162422989495));
#15713=CARTESIAN_POINT('',(0.0804920904769004,0.0221,0.028));
#15714=CARTESIAN_POINT('',(0.0804920904769004,0.0221,0.029432484597899));
#15715=CARTESIAN_POINT('',(0.0884930778259784,0.0221,0.0316952529335394));
#15716=CARTESIAN_POINT('',(0.0885083429014683,0.0221,0.0329880957230925));
#15717=CARTESIAN_POINT('',(0.0884778127504885,0.0221,0.0304024101439863));
#15718=CARTESIAN_POINT('',(0.0844849516136945,0.0221,0.0292012050719932));
#15719=CARTESIAN_POINT('',(0.0576153796470098,0.0390171510983448,0.0211178119804464));
#15720=CARTESIAN_POINT('',(0.0845002166891843,0.0221,0.0312102901604958));
#15721=CARTESIAN_POINT('',(0.0845051083445922,0.0855915274043005,0.0304940478615463));
#15722=CARTESIAN_POINT('',(0.0845002166891843,0.0856,0.0304940478615463));
#15723=CARTESIAN_POINT('',(0.0845051083445922,0.0856084725956995,0.0304940478615463));
#15724=CARTESIAN_POINT('',(0.0845051083445922,0.0856084725956995,0.0304940478615463));
#15725=CARTESIAN_POINT('',(0.0845051083445922,0.0856084725956995,0.0312102901604958));
#15726=CARTESIAN_POINT('',(0.08451,0.0856,0.0312146295508911));
#15727=CARTESIAN_POINT('',(0.110714530281011,0.0402124221648122,0.0428376566791386));
#15728=CARTESIAN_POINT('',(0.0845002166891843,0.0221,0.0312102901604958));
#15729=CARTESIAN_POINT('',(0.0845002166891843,0.0856,0.0312102901604958));
#15730=CARTESIAN_POINT('',(0.10846317163273,0.071770629909898,0.0418390658872501));
#15731=CARTESIAN_POINT('',(0.0845002166891843,0.0856,0.0304940478615463));
#15732=CARTESIAN_POINT('',(0.0843483597288637,0.0856,0.0311787817559433));
#15733=CARTESIAN_POINT('',(0.139497721484904,0.1173584725957,0.0312102901604958));
#15734=CARTESIAN_POINT('',(0.0295124952042803,0.1173415274043,0.0312102901604958));
#15735=CARTESIAN_POINT('',(0.0605415244305939,0.0717617941779384,0.0205834051489096));
#15736=CARTESIAN_POINT('',(0.0845051083445922,0.0855915274043005,0.0312102901604958));
#15737=CARTESIAN_POINT('',(0.0845051083445922,0.0855915274043005,0.0304940478615463));
#15738=CARTESIAN_POINT('',(0.0845814954520029,0.0857238337553791,0.0311829177220865));
#15739=CARTESIAN_POINT('',(0.139497721484904,0.1173584725957,0.0312102901604958));
#15740=CARTESIAN_POINT('',(0.0845002166891843,0.0221,0.0312102901604958));
#15741=CARTESIAN_POINT('',(0.0844849516136945,0.0221,0.0292012050719932));
#15742=CARTESIAN_POINT('',(0.0576153796470098,0.0390171510983448,0.0211178119804464));
#15743=CARTESIAN_POINT('',(0.08451,0.0856,0.0292087405829074));
#15744=CARTESIAN_POINT('',(0.110239369445184,0.070745141624744,0.0369491172245944));
#15745=CARTESIAN_POINT('',(0.139490088947159,0.117371692538864,0.0292012050719932));
#15746=CARTESIAN_POINT('',(0.0844974758068472,0.0856216925388644,0.0292012050719932));
#15747=CARTESIAN_POINT('',(0.0295048626665354,0.117328307461136,0.0292012050719932));
#15748=CARTESIAN_POINT('',(0.0576287351446649,0.132159716501156,0.037295651341779));
#15749=CARTESIAN_POINT('',(0.0846894903093134,0.0856,0.029235739351777));
#15750=CARTESIAN_POINT('',(0.0844849516136945,0.0221,0.0292012050719932));
#15751=CARTESIAN_POINT('',(0.0844849516136945,0.0856,0.0292012050719932));
#15752=CARTESIAN_POINT('',(0.0587422618977631,0.0707229894702657,0.0214568211843153));
#15753=CARTESIAN_POINT('',(0.0295048626665354,0.117328307461136,0.0292012050719932));
#15754=CARTESIAN_POINT('',(0.0844974758068472,0.0855783074611356,0.0292012050719932));
#15755=CARTESIAN_POINT('',(0.0845051083445922,0.0856084725956995,0.0304940478615463));
#15756=CARTESIAN_POINT('',(0.0845002166891843,0.0856,0.0304940478615463));
#15757=CARTESIAN_POINT('',(0.0845051083445922,0.0855915274043005,0.0304940478615463));
#15758=CARTESIAN_POINT('',(0.,0.,0.));
#15759=CARTESIAN_POINT('',(-2.89321881344904E-05,-0.0380316906375308,-0.0348));
#15760=CARTESIAN_POINT('',(-2.89321881344904E-05,-0.0380316906375308,-0.0348));
#15761=CARTESIAN_POINT('',(-0.00802893218813449,-0.0380316906375308,-0.0348));
#15762=CARTESIAN_POINT('',(0.00797106781186552,-0.0380316906375308,-0.0348));
#15763=CARTESIAN_POINT('',(0.00797106781186552,-0.0380316906375308,-0.0348));
#15764=CARTESIAN_POINT('',(0.00797106781186552,-0.0380316906375308,0.0012));
#15765=CARTESIAN_POINT('',(-2.89321881344904E-05,-0.0380316906375308,0.0012));
#15766=CARTESIAN_POINT('',(-0.00802893218813449,-0.0380316906375308,0.0012));
#15767=CARTESIAN_POINT('',(-0.00802893218813449,-0.0380316906375308,-0.0348));
#15768=CARTESIAN_POINT('',(-0.0180289321881345,-3.16906375307365E-05,-0.0348));
#15769=CARTESIAN_POINT('',(-0.0180289321881345,-3.16906375307365E-05,-0.0348));
#15770=CARTESIAN_POINT('',(-0.0180289321881345,-0.0280316906375307,-0.0348));
#15771=CARTESIAN_POINT('',(-0.0180289321881345,0.0279683093624692,-0.0348));
#15772=CARTESIAN_POINT('',(-0.0180289321881345,-0.0280316906375307,0.0012));
#15773=CARTESIAN_POINT('',(-0.0180289321881345,-0.0280316906375307,0.0012));
#15774=CARTESIAN_POINT('',(-0.0180289321881345,-3.16906375307365E-05,0.0012));
#15775=CARTESIAN_POINT('',(-0.0180289321881345,0.0279683093624692,0.0012));
#15776=CARTESIAN_POINT('',(-0.0180289321881345,0.0279683093624692,-0.0348));
#15777=CARTESIAN_POINT('',(-2.89321881344869E-05,0.0379683093624693,-0.0348));
#15778=CARTESIAN_POINT('',(-2.89321881344869E-05,0.0379683093624693,-0.0088));
#15779=CARTESIAN_POINT('',(-0.00802893218813449,0.0379683093624693,-0.0088));
#15780=CARTESIAN_POINT('',(0.00797106781186552,0.0379683093624693,-0.0088));
#15781=CARTESIAN_POINT('',(0.00797106781186552,0.0379683093624693,-0.0348));
#15782=CARTESIAN_POINT('',(0.00797106781186552,0.0379683093624693,-0.0348));
#15783=CARTESIAN_POINT('',(-2.89321881344869E-05,0.0379683093624693,-0.0348));
#15784=CARTESIAN_POINT('',(-0.00802893218813449,0.0379683093624693,-0.0348));
#15785=CARTESIAN_POINT('',(-0.00802893218813449,0.0379683093624693,-0.0348));
#15786=CARTESIAN_POINT('',(0.0179710678118655,-3.16906375307417E-05,-0.0348));
#15787=CARTESIAN_POINT('',(0.0179710678118655,-3.16906375307417E-05,0.0012));
#15788=CARTESIAN_POINT('',(0.0179710678118655,-0.0280316906375307,0.0012));
#15789=CARTESIAN_POINT('',(0.0179710678118655,0.0279683093624692,0.0012));
#15790=CARTESIAN_POINT('',(0.0179710678118655,-0.0280316906375307,-0.0348));
#15791=CARTESIAN_POINT('',(0.0179710678118655,-0.0280316906375307,-0.0348));
#15792=CARTESIAN_POINT('',(0.0179710678118655,-3.16906375307417E-05,-0.0348));
#15793=CARTESIAN_POINT('',(0.0179710678118655,0.0279683093624692,-0.0348));
#15794=CARTESIAN_POINT('',(0.0179710678118655,0.0279683093624692,0.0012));
#15795=CARTESIAN_POINT('',(-2.89321881344904E-05,-3.16906375307365E-05,-0.0348));
#15796=CARTESIAN_POINT('',(0.00797106781186552,-0.0280316906375307,-0.0348));
#15797=CARTESIAN_POINT('',(-0.00802893218813449,-0.0280316906375307,-0.0348));
#15798=CARTESIAN_POINT('',(-0.00802893218813449,0.0279683093624692,-0.0348));
#15799=CARTESIAN_POINT('',(0.00797106781186552,0.0279683093624692,-0.0348));
#15800=CARTESIAN_POINT('',(-2.89321881344904E-05,-3.16906375307365E-05,0.0012));
#15801=CARTESIAN_POINT('',(0.00797106781186552,-0.0280316906375307,0.0012));
#15802=CARTESIAN_POINT('',(-2.89321881344904E-05,0.0279683093624692,0.0012));
#15803=CARTESIAN_POINT('',(-0.00802893218813449,-0.0280316906375307,0.0012));
#15804=CARTESIAN_POINT('',(0.00797106781186552,-0.0280316906375307,-0.0348));
#15805=CARTESIAN_POINT('',(-0.00802893218813449,-0.0280316906375307,-0.0348));
#15806=CARTESIAN_POINT('',(-0.00802893218813449,0.0279683093624692,-0.0348));
#15807=CARTESIAN_POINT('',(-0.00802893218813449,0.0279683093624692,-0.0088));
#15808=CARTESIAN_POINT('',(-2.89321881344869E-05,0.0279683093624692,-0.0088));
#15809=CARTESIAN_POINT('',(0.00797106781186552,0.0279683093624692,-0.0088));
#15810=CARTESIAN_POINT('',(0.00797106781186552,0.0279683093624692,-0.0348));
#15811=CARTESIAN_POINT('',(0.,0.,0.));
#15812=CARTESIAN_POINT('',(-0.08451,-0.0856,0.033));
#15813=CARTESIAN_POINT('',(-0.08451,-0.0856,0.0292087405829074));
#15814=CARTESIAN_POINT('',(-0.0858090381056767,-0.08485,0.0295995408406154));
#15815=CARTESIAN_POINT('',(-0.08376,-0.0868990381056767,0.0287574833149333));
#15816=CARTESIAN_POINT('',(-0.08376,-0.0868990381056767,0.033));
#15817=CARTESIAN_POINT('',(-0.08376,-0.0868990381056767,0.0294343692168945));
#15818=CARTESIAN_POINT('',(-0.08451,-0.0856,0.0292087405829074));
#15819=CARTESIAN_POINT('',(-0.08301,-0.0856,0.0289831119489204));
#15820=CARTESIAN_POINT('',(-0.08301,-0.0856,0.033));
#15821=CARTESIAN_POINT('',(-0.08301,-0.0856,0.0287574833149333));
#15822=CARTESIAN_POINT('',(-0.08451,-0.0856,0.0292087405829074));
#15823=CARTESIAN_POINT('',(-0.0832109618943234,-0.08485,0.0288179403251995));
#15824=CARTESIAN_POINT('',(-0.08451,-0.0856,0.0292087405829074));
#15825=CARTESIAN_POINT('',(-0.08376,-0.0843009618943234,0.0287574833149333));
#15826=CARTESIAN_POINT('',(-0.08376,-0.0843009618943234,0.033));
#15827=CARTESIAN_POINT('',(-0.08376,-0.0843009618943234,0.0289831119489204));
#15828=CARTESIAN_POINT('',(-0.08451,-0.0856,0.0292087405829074));
#15829=CARTESIAN_POINT('',(-0.08451,-0.0856,0.028));
#15830=CARTESIAN_POINT('',(-0.08301,-0.0856,0.028));
#15831=CARTESIAN_POINT('',(-0.08451,-0.0856,0.033));
#15832=CARTESIAN_POINT('',(-0.08451,-0.0856,0.028));
#15833=CARTESIAN_POINT('',(-0.08051,-0.0856,0.028));
#15834=CARTESIAN_POINT('',(-0.08451,-0.0856,0.033));
#15835=CARTESIAN_POINT('',(-0.08051,-0.0856,0.033));
#15836=CARTESIAN_POINT('',(-0.08051,-0.0856,0.033));
#15837=CARTESIAN_POINT('',(-0.08051,-0.0856,0.0280053878683098));
#15838=CARTESIAN_POINT('',(-0.08051,-0.0856,0.0286070642256086));
#15839=CARTESIAN_POINT('',(-0.08451,-0.0856,0.0292087405829074));
#15840=CARTESIAN_POINT('',(-0.0860553331398598,-0.0892894370148915,0.0304024101439863));
#15841=CARTESIAN_POINT('',(-0.08451,-0.0856,-0.305642970579298));
#15842=CARTESIAN_POINT('',(-0.0864094692355698,-0.0891202296264766,0.0329880957230925));
#15843=CARTESIAN_POINT('',(-0.08451,-0.0856,0.0312146295508911));
#15844=CARTESIAN_POINT('',(-0.0810458983848623,-0.0836,0.0296781262586749));
#15845=CARTESIAN_POINT('',(-0.08451,-0.0856,0.0312146295508911));
#15846=CARTESIAN_POINT('',(-0.0867591860052606,-0.0822922572177179,0.0322122566663278));
#15847=CARTESIAN_POINT('',(-0.08451,-0.0856,-0.305642970579298));
#15848=CARTESIAN_POINT('',(-0.0866088736658985,-0.0821948965750512,0.0329880957230925));
#15849=CARTESIAN_POINT('',(-0.08451,-0.0856,0.0312146295508911));
#15850=CARTESIAN_POINT('',(-0.0879741016151378,-0.0836,0.0327511328431073));
#15851=CARTESIAN_POINT('',(-0.08451,-0.0856,0.0312146295508911));
#15852=CARTESIAN_POINT('',(-0.0885083429014683,-0.0854848737984721,0.0329880957230925));
#15853=CARTESIAN_POINT('',(-0.08451,-0.0856,-0.305642970579299));
#15854=CARTESIAN_POINT('',(-0.0884991822812713,-0.085306019172749,0.0322122566663278));
#15855=CARTESIAN_POINT('',(-0.08451,-0.0856,0.0312146295508911));
#15856=CARTESIAN_POINT('',(-0.08251,-0.0890641016151378,0.0294404283721476));
#15857=CARTESIAN_POINT('',(-0.08251,-0.0890641016151378,0.033));
#15858=CARTESIAN_POINT('',(-0.08251,-0.0890641016151378,0.0280053878683098));
#15859=CARTESIAN_POINT('',(-0.08451,-0.0856,0.0292087405829074));
#15860=CARTESIAN_POINT('',(-0.0879741016151378,-0.0836,0.030250874603462));
#15861=CARTESIAN_POINT('',(-0.08451,-0.0856,0.0292087405829074));
#15862=CARTESIAN_POINT('',(-0.08251,-0.0821358983848623,0.0286070642256086));
#15863=CARTESIAN_POINT('',(-0.08251,-0.0821358983848623,0.033));
#15864=CARTESIAN_POINT('',(-0.08251,-0.0821358983848623,0.0280053878683098));
#15865=CARTESIAN_POINT('',(-0.08451,-0.0856,0.0292087405829074));
#15866=CARTESIAN_POINT('',(-0.0810458983848623,-0.0836,0.0281666065623529));
#15867=CARTESIAN_POINT('',(-0.08451,-0.0856,0.0292087405829074));
#15868=CARTESIAN_POINT('',(-0.08451,-0.0856,0.033));
#15869=CARTESIAN_POINT('',(-0.08451,-0.0856,0.0312146295508911));
#15870=CARTESIAN_POINT('',(-0.0832109618943234,-0.08485,0.03063844081631));
#15871=CARTESIAN_POINT('',(-0.08526,-0.0868990381056767,0.0318799549929199));
#15872=CARTESIAN_POINT('',(-0.08526,-0.0868990381056767,0.033));
#15873=CARTESIAN_POINT('',(-0.08526,-0.0868990381056767,0.0308819668298767));
#15874=CARTESIAN_POINT('',(-0.08451,-0.0856,0.0312146295508911));
#15875=CARTESIAN_POINT('',(-0.08601,-0.0856,0.0315472922719055));
#15876=CARTESIAN_POINT('',(-0.08601,-0.0856,0.033));
#15877=CARTESIAN_POINT('',(-0.08601,-0.0856,0.0318799549929199));
#15878=CARTESIAN_POINT('',(-0.08451,-0.0856,0.0312146295508911));
#15879=CARTESIAN_POINT('',(-0.0858090381056767,-0.08485,0.0317908182854722));
#15880=CARTESIAN_POINT('',(-0.08451,-0.0856,0.0312146295508911));
#15881=CARTESIAN_POINT('',(-0.08526,-0.0843009618943234,0.0318799549929199));
#15882=CARTESIAN_POINT('',(-0.08526,-0.0843009618943234,0.033));
#15883=CARTESIAN_POINT('',(-0.08526,-0.0843009618943234,0.0315472922719055));
#15884=CARTESIAN_POINT('',(-0.08451,-0.0856,0.0312146295508911));
#15885=CARTESIAN_POINT('',(-0.08451,-0.0856,0.033));
#15886=CARTESIAN_POINT('',(-0.08301,-0.0856,0.033));
#15887=CARTESIAN_POINT('',(-0.08451,-0.0856,0.033));
#15888=CARTESIAN_POINT('',(-0.08451,-0.0856,0.028));
#15889=CARTESIAN_POINT('',(-0.0845002166891843,-0.0221,0.0312102901604958));
#15890=CARTESIAN_POINT('',(-0.10846317163273,-0.071770629909898,0.0418390658872501));
#15891=CARTESIAN_POINT('',(-0.0885083429014683,-0.0832915556495249,0.0329880957230925));
#15892=CARTESIAN_POINT('',(-0.0885083429014683,-0.0221,0.0329880957230925));
#15893=CARTESIAN_POINT('',(-0.0884930778259784,-0.0221,0.0316952529335394));
#15894=CARTESIAN_POINT('',(-0.0887486874044685,-0.0304386675382394,0.0533435573071895));
#15895=CARTESIAN_POINT('',(-0.139497721484904,-0.1173584725957,0.0312102901604958));
#15896=CARTESIAN_POINT('',(-0.141501784591046,-0.113887333474287,0.0329880957230925));
#15897=CARTESIAN_POINT('',(-0.141494152053301,-0.113900553417452,0.0316952529335394));
#15898=CARTESIAN_POINT('',(-0.0624069949551723,-0.0683797795090689,0.0214108351498142));
#15899=CARTESIAN_POINT('',(-0.0295048626665354,-0.117328307461136,0.0292012050719932));
#15900=CARTESIAN_POINT('',(-0.0844974758068472,-0.0855783074611356,0.0292012050719932));
#15901=CARTESIAN_POINT('',(-0.0825010452384502,-0.0821203882828883,0.028));
#15902=CARTESIAN_POINT('',(-0.0275084320981383,-0.113870388282888,0.028));
#15903=CARTESIAN_POINT('',(-0.0804920904769003,-0.0832802588552589,0.028));
#15904=CARTESIAN_POINT('',(-0.0587422618977631,-0.0707229894702657,0.0214568211843153));
#15905=CARTESIAN_POINT('',(-0.0275084320981383,-0.113870388282888,0.0287162422989495));
#15906=CARTESIAN_POINT('',(-0.0825010452384502,-0.0821203882828883,0.0287162422989495));
#15907=CARTESIAN_POINT('',(-0.0825010452384502,-0.0821203882828883,0.0286043702914538));
#15908=CARTESIAN_POINT('',(-0.10835811024498,-0.0671918048409145,0.0363831626332378));
#15909=CARTESIAN_POINT('',(-0.0844849516136945,-0.0221,0.0292012050719932));
#15910=CARTESIAN_POINT('',(-0.0804920904769004,-0.0221,0.028));
#15911=CARTESIAN_POINT('',(-0.0804920904769004,-0.0856,0.028));
#15912=CARTESIAN_POINT('',(-0.0844849516136945,-0.0856,0.0292012050719932));
#15913=CARTESIAN_POINT('',(-0.0804920904769004,-0.0221,0.0287162422989495));
#15914=CARTESIAN_POINT('',(-0.0804920904769004,-0.0261635559578736,0.0131191851921821));
#15915=CARTESIAN_POINT('',(-0.0804920904769004,-0.0856,0.0286043702914538));
#15916=CARTESIAN_POINT('',(-0.0804920904769004,-0.0856,0.0287162422989495));
#15917=CARTESIAN_POINT('',(-0.0295124952042803,-0.1173415274043,0.0312102901604958));
#15918=CARTESIAN_POINT('',(-0.0315165583104223,-0.120812666525713,0.0329880957230925));
#15919=CARTESIAN_POINT('',(-0.0459180795002083,-0.11249794439005,0.0329880957230925));
#15920=CARTESIAN_POINT('',(-0.0295408322345238,-0.11733646380082,0.0312146295486986));
#15921=CARTESIAN_POINT('',(-0.0353178929105157,-0.116304145297876,0.0320992978367289));
#15922=CARTESIAN_POINT('',(-0.0410934014866801,-0.115268993182889,0.0329825334440327));
#15923=CARTESIAN_POINT('',(-0.0459180795002083,-0.11249794439005,0.0329880957230925));
#15924=CARTESIAN_POINT('',(-0.0295408322518707,-0.117336463794667,0.0312146295501825));
#15925=CARTESIAN_POINT('',(-0.0295408322518707,-0.117336463794667,0.0312146295501825));
#15926=CARTESIAN_POINT('',(-0.0333233766340812,-0.112849541746437,0.0303299612631225));
#15927=CARTESIAN_POINT('',(-0.0371075989475105,-0.108365380663947,0.0294467256577434));
#15928=CARTESIAN_POINT('',(-0.0419197365987399,-0.105572611338624,0.0294411633786896));
#15929=CARTESIAN_POINT('',(-0.04191973659874,-0.105572611338624,0.0294411633786896));
#15930=CARTESIAN_POINT('',(-0.0402919331935359,-0.102753173136077,0.0279971380185517));
#15931=CARTESIAN_POINT('',(-0.0419099532879243,-0.105555666147225,0.029432484597899));
#15932=CARTESIAN_POINT('',(-0.0275084320981383,-0.113870388282888,0.029432484597899));
#15933=CARTESIAN_POINT('',(-0.0804920904769004,-0.0832802588552589,0.029432484597899));
#15934=CARTESIAN_POINT('',(-0.0605415244305939,-0.0717617941779384,0.0205834051489096));
#15935=CARTESIAN_POINT('',(-0.0315089257726774,-0.120799446582548,0.0316952529335394));
#15936=CARTESIAN_POINT('',(-0.0315012932349324,-0.120786226639383,0.0304024101439863));
#15937=CARTESIAN_POINT('',(-0.0396095367894487,-0.116104930040528,0.0304024101439863));
#15938=CARTESIAN_POINT('',(-0.0459180704007222,-0.112497949629975,0.0329880957178433));
#15939=CARTESIAN_POINT('',(-0.0447766396015215,-0.113156848547496,0.0329802871637653));
#15940=CARTESIAN_POINT('',(-0.0425667862352128,-0.114424538208027,0.0323810640004181));
#15941=CARTESIAN_POINT('',(-0.0405648456071543,-0.115563082324223,0.0311138742780641));
#15942=CARTESIAN_POINT('',(-0.0396095367894488,-0.116104930040528,0.0304024101439863));
#15943=CARTESIAN_POINT('',(-0.0295048626665354,-0.117328307461136,0.0292012050719932));
#15944=CARTESIAN_POINT('',(-0.0846894903093134,-0.0856,0.029235739351777));
#15945=CARTESIAN_POINT('',(-0.0275084320981383,-0.113870388282888,0.028));
#15946=CARTESIAN_POINT('',(-0.0419099532879243,-0.105555666147225,0.028));
#15947=CARTESIAN_POINT('',(-0.0439063838563213,-0.109013585325472,0.0292012050719932));
#15948=CARTESIAN_POINT('',(-0.0422005716207869,-0.106059031865354,0.028174858179881));
#15949=CARTESIAN_POINT('',(-0.0422005716207869,-0.106059031865354,0.028174858179881));
#15950=CARTESIAN_POINT('',(-0.0397024716112619,-0.107509248082898,0.0281769261657719));
#15951=CARTESIAN_POINT('',(-0.0353506697707759,-0.111338659353845,0.0285200220370416));
#15952=CARTESIAN_POINT('',(-0.0317405372784117,-0.115793694314714,0.0291376750690689));
#15953=CARTESIAN_POINT('',(-0.0299333166821737,-0.118016266769132,0.029444889184748));
#15954=CARTESIAN_POINT('',(-0.0299333166821737,-0.118016266769132,0.029444889184748));
#15955=CARTESIAN_POINT('',(-0.0396095367894487,-0.116104930040528,0.0304024101439863));
#15956=CARTESIAN_POINT('',(-0.0364301083082534,-0.116981394142971,0.0301525116720096));
#15957=CARTESIAN_POINT('',(-0.0331784901081827,-0.117495586025396,0.0297973704369654));
#15958=CARTESIAN_POINT('',(-0.0299333166647334,-0.118016266775122,0.0294448891836854));
#15959=CARTESIAN_POINT('',(-0.0275084320981383,-0.113870388282888,0.0287162422989495));
#15960=CARTESIAN_POINT('',(-0.0419099532879243,-0.105555666147225,0.0287162422989495));
#15961=CARTESIAN_POINT('',(-0.0804920904769004,-0.0832802588552589,0.0287162422989495));
#15962=CARTESIAN_POINT('',(-0.0299356715887555,-0.118020345586979,0.0294342707425554));
#15963=CARTESIAN_POINT('',(-0.0295408322518707,-0.117336463794668,0.0312146295501826));
#15964=CARTESIAN_POINT('',(-0.033718215970966,-0.113533423538748,0.0285496024554954));
#15965=CARTESIAN_POINT('',(-0.0333233766340812,-0.112849541746437,0.0303299612631225));
#15966=CARTESIAN_POINT('',(-0.0375024382843952,-0.109049262456258,0.0276663668501164));
#15967=CARTESIAN_POINT('',(-0.0371075989475104,-0.108365380663947,0.0294467256577435));
#15968=CARTESIAN_POINT('',(-0.0423145759356248,-0.106256493130936,0.0276608045710626));
#15969=CARTESIAN_POINT('',(-0.0419197365987399,-0.105572611338624,0.0294411633786897));
#15970=CARTESIAN_POINT('',(-0.0469879343348294,-0.114350987320337,0.00658829732579395));
#15971=CARTESIAN_POINT('',(-0.0346090299879602,-0.12611483977638,0.00836176349728683));
#15972=CARTESIAN_POINT('',(-0.0300203530382158,-0.1181670181961,0.0290524359510975));
#15973=CARTESIAN_POINT('',(-0.0295408322345238,-0.11733646380082,0.0312146295486987));
#15974=CARTESIAN_POINT('',(-0.0357974137142076,-0.117134699693157,0.0299371042391277));
#15975=CARTESIAN_POINT('',(-0.0353178929105156,-0.116304145297876,0.0320992978367289));
#15976=CARTESIAN_POINT('',(-0.0415729222903721,-0.11609954757817,0.0308203398464315));
#15977=CARTESIAN_POINT('',(-0.0410934014866801,-0.115268993182889,0.0329825334440327));
#15978=CARTESIAN_POINT('',(-0.0463976003039002,-0.11332849878533,0.0308259021254915));
#15979=CARTESIAN_POINT('',(-0.0459180795002082,-0.11249794439005,0.0329880957230927));
#15980=CARTESIAN_POINT('',(-0.0453601309296253,-0.11153154911779,0.00514427196565604));
#15981=CARTESIAN_POINT('',(-0.139497721484904,-0.1173584725957,0.0312102901604958));
#15982=CARTESIAN_POINT('',(-0.141501784591046,-0.113887333474287,0.0329880957230925));
#15983=CARTESIAN_POINT('',(-0.12710026340126,-0.105572611338624,0.0329880957230925));
#15984=CARTESIAN_POINT('',(-0.139479167760533,-0.117336463809381,0.0312146295486986));
#15985=CARTESIAN_POINT('',(-0.135696623374192,-0.11284954175624,0.0320992978367289));
#15986=CARTESIAN_POINT('',(-0.13191240105775,-0.108365380667,0.0329825334440327));
#15987=CARTESIAN_POINT('',(-0.12710026340126,-0.105572611338624,0.0329880957230925));
#15988=CARTESIAN_POINT('',(-0.139479167746532,-0.117336463797435,0.0312146295501825));
#15989=CARTESIAN_POINT('',(-0.139479167746532,-0.117336463797435,0.0312146295501825));
#15990=CARTESIAN_POINT('',(-0.133702107076858,-0.116304145295614,0.0303299612631225));
#15991=CARTESIAN_POINT('',(-0.127926598508046,-0.115268993179861,0.0294467256577434));
#15992=CARTESIAN_POINT('',(-0.123101920499792,-0.11249794439005,0.0294411633786896));
#15993=CARTESIAN_POINT('',(-0.123101920499792,-0.11249794439005,0.0294411633786896));
#15994=CARTESIAN_POINT('',(-0.121474117094588,-0.115317382592597,0.0279971380185517));
#15995=CARTESIAN_POINT('',(-0.123092137188976,-0.112514889581449,0.029432484597899));
#15996=CARTESIAN_POINT('',(-0.137493658378762,-0.120829611717112,0.029432484597899));
#15997=CARTESIAN_POINT('',(-0.0825010452384502,-0.0890796117171117,0.029432484597899));
#15998=CARTESIAN_POINT('',(-0.0845051083445922,-0.0856084725956995,0.0312102901604958));
#15999=CARTESIAN_POINT('',(-0.141494152053301,-0.113900553417452,0.0316952529335394));
#16000=CARTESIAN_POINT('',(-0.141486519515556,-0.113913773360617,0.0304024101439863));
#16001=CARTESIAN_POINT('',(-0.13337827596104,-0.109232476761762,0.0304024101439863));
#16002=CARTESIAN_POINT('',(-0.0884778127504885,-0.0833091822404114,0.0304024101439863));
#16003=CARTESIAN_POINT('',(-0.127100272488912,-0.105572616599048,0.0329880957178433));
#16004=CARTESIAN_POINT('',(-0.128241611089611,-0.106231675209057,0.0329802871637653));
#16005=CARTESIAN_POINT('',(-0.1304443892229,-0.107511619532653,0.0323810640004178));
#16006=CARTESIAN_POINT('',(-0.132431367664885,-0.108676078915322,0.0311138742780641));
#16007=CARTESIAN_POINT('',(-0.13337827596104,-0.109232476761762,0.0304024101439863));
#16008=CARTESIAN_POINT('',(-0.0884980029726556,-0.0832975254102083,0.0321123776554776));
#16009=CARTESIAN_POINT('',(-0.139490088947159,-0.117371692538864,0.0292012050719932));
#16010=CARTESIAN_POINT('',(-0.0844974758068472,-0.0856216925388644,0.0292012050719932));
#16011=CARTESIAN_POINT('',(-0.0825010452384502,-0.0890796117171117,0.028));
#16012=CARTESIAN_POINT('',(-0.137493658378762,-0.120829611717112,0.028));
#16013=CARTESIAN_POINT('',(-0.123092137188976,-0.112514889581449,0.028));
#16014=CARTESIAN_POINT('',(-0.125088567757373,-0.109056970403201,0.0292012050719932));
#16015=CARTESIAN_POINT('',(-0.123382755521839,-0.11201152386332,0.028174858179881));
#16016=CARTESIAN_POINT('',(-0.123382755521839,-0.11201152386332,0.028174858179881));
#16017=CARTESIAN_POINT('',(-0.125887729611975,-0.11344983382399,0.028176926165772));
#16018=CARTESIAN_POINT('',(-0.131379997974396,-0.115303899134614,0.0285200220370417));
#16019=CARTESIAN_POINT('',(-0.137043237671438,-0.116202848103594,0.0291376750690689));
#16020=CARTESIAN_POINT('',(-0.139871652176835,-0.11665666082297,0.029444889184748));
#16021=CARTESIAN_POINT('',(-0.139871652176835,-0.11665666082297,0.029444889184748));
#16022=CARTESIAN_POINT('',(-0.13337827596104,-0.109232476761762,0.0304024101439863));
#16023=CARTESIAN_POINT('',(-0.135727030379858,-0.111547710544771,0.0301525116720096));
#16024=CARTESIAN_POINT('',(-0.137798142712494,-0.114106598568228,0.0297973704369654));
#16025=CARTESIAN_POINT('',(-0.139871652190743,-0.116656660835079,0.0294448891836854));
#16026=CARTESIAN_POINT('',(-0.110239369445184,-0.070745141624744,0.0369491172245944));
#16027=CARTESIAN_POINT('',(-0.137493658378762,-0.120829611717112,0.0287162422989495));
#16028=CARTESIAN_POINT('',(-0.123092137188976,-0.112514889581449,0.0287162422989495));
#16029=CARTESIAN_POINT('',(-0.0825010452384502,-0.0890796117171117,0.0287162422989495));
#16030=CARTESIAN_POINT('',(-0.139874007083417,-0.116652582005123,0.0294342707425554));
#16031=CARTESIAN_POINT('',(-0.139479167746532,-0.117336463797434,0.0312146295501826));
#16032=CARTESIAN_POINT('',(-0.134096946413743,-0.115620263503302,0.0285496024554954));
#16033=CARTESIAN_POINT('',(-0.133702107076858,-0.116304145295614,0.0303299612631225));
#16034=CARTESIAN_POINT('',(-0.128321437844931,-0.114585111387549,0.0276663668501164));
#16035=CARTESIAN_POINT('',(-0.127926598508046,-0.115268993179861,0.0294467256577436));
#16036=CARTESIAN_POINT('',(-0.123496759836677,-0.111814062597738,0.0276608045710626));
#16037=CARTESIAN_POINT('',(-0.123101920499792,-0.11249794439005,0.0294411633786897));
#16038=CARTESIAN_POINT('',(-0.128170118235881,-0.103719568408337,0.00658829732579395));
#16039=CARTESIAN_POINT('',(-0.144547365482621,-0.108558087815722,0.00836176349728683));
#16040=CARTESIAN_POINT('',(-0.139958688564225,-0.116505909414101,0.0290524359510975));
#16041=CARTESIAN_POINT('',(-0.139479167760533,-0.117336463809381,0.0312146295486987));
#16042=CARTESIAN_POINT('',(-0.136176144177884,-0.112018987360959,0.0299371042391277));
#16043=CARTESIAN_POINT('',(-0.135696623374192,-0.11284954175624,0.0320992978367289));
#16044=CARTESIAN_POINT('',(-0.132391921861442,-0.107534826271719,0.0308203398464315));
#16045=CARTESIAN_POINT('',(-0.13191240105775,-0.108365380667,0.0329825334440327));
#16046=CARTESIAN_POINT('',(-0.127579784204952,-0.104742056943344,0.0308259021254915));
#16047=CARTESIAN_POINT('',(-0.12710026340126,-0.105572611338624,0.0329880957230926));
#16048=CARTESIAN_POINT('',(-0.126542314830677,-0.106539006610884,0.00514427196565604));
#16049=CARTESIAN_POINT('',(-0.0873924457603025,-0.0387294442713261,0.00514427196565604));
#16050=CARTESIAN_POINT('',(-0.0844849516136945,-0.0387294442713261,0.0292012050719932));
#16051=CARTESIAN_POINT('',(-0.0810733271426256,-0.0387294442713261,0.028174858179881));
#16052=CARTESIAN_POINT('',(-0.0804920904769004,-0.0387294442713261,0.028));
#16053=CARTESIAN_POINT('',(-0.0906480525707106,-0.0387294442713261,0.00658829732579395));
#16054=CARTESIAN_POINT('',(-0.0805116570985317,-0.0387294442713261,0.0294411633786896));
#16055=CARTESIAN_POINT('',(-0.0772560502881236,-0.0387294442713261,0.0279971380185517));
#16056=CARTESIAN_POINT('',(-0.0804920904769004,-0.0387294442713261,0.029432484597899));
#16057=CARTESIAN_POINT('',(-0.0804920904769004,-0.0387294442713261,0.0287162422989495));
#16058=CARTESIAN_POINT('',(-0.0854690416024409,-0.0221270723897991,0.0290524359510975));
#16059=CARTESIAN_POINT('',(-0.084509999995057,-0.0221270723897991,0.0312146295486987));
#16060=CARTESIAN_POINT('',(-0.0874635578920913,-0.0276463129458837,0.0299371042391277));
#16061=CARTESIAN_POINT('',(-0.0865045162847074,-0.0276463129458837,0.0320992978367289));
#16062=CARTESIAN_POINT('',(-0.0894548441518136,-0.0331656261501106,0.0308203398464315));
#16063=CARTESIAN_POINT('',(-0.0884958025444297,-0.0331656261501106,0.0329825334440327));
#16064=CARTESIAN_POINT('',(-0.0894673845088522,-0.0387294442713261,0.0308259021254915));
#16065=CARTESIAN_POINT('',(-0.0885083429014683,-0.0387294442713261,0.0329880957230926));
#16066=CARTESIAN_POINT('',(-0.0885083428896338,-0.0387294337709773,0.0329880957178433));
#16067=CARTESIAN_POINT('',(-0.0885082506911326,-0.0374114762434471,0.0329802871637653));
#16068=CARTESIAN_POINT('',(-0.0885011754581131,-0.0348638422593195,0.0323810640004181));
#16069=CARTESIAN_POINT('',(-0.088486213272039,-0.0325608387604547,0.0311138742780641));
#16070=CARTESIAN_POINT('',(-0.0884778127504885,-0.0314625931977101,0.0304024101439863));
#16071=CARTESIAN_POINT('',(-0.0885083429014683,-0.0387294442713261,0.0329880957230925));
#16072=CARTESIAN_POINT('',(-0.0884778127504885,-0.0314625931977101,0.0304024101439863));
#16073=CARTESIAN_POINT('',(-0.084509999995057,-0.0221270723897991,0.0312146295486986));
#16074=CARTESIAN_POINT('',(-0.0865045162847074,-0.0276463129458838,0.0320992978367289));
#16075=CARTESIAN_POINT('',(-0.0884958025444298,-0.0331656261501106,0.0329825334440327));
#16076=CARTESIAN_POINT('',(-0.0885083429014683,-0.0387294442713261,0.0329880957230925));
#16077=CARTESIAN_POINT('',(-0.0845099999984025,-0.0221270724078981,0.0312146295501825));
#16078=CARTESIAN_POINT('',(-0.0946463954705814,-0.0221270724078981,0.00836176349728683));
#16079=CARTESIAN_POINT('',(-0.0852949688590084,-0.0221270724078981,0.029444889184748));
#16080=CARTESIAN_POINT('',(-0.0884778127504885,-0.0314625931977101,0.0304024101439863));
#16081=CARTESIAN_POINT('',(-0.0876471386881118,-0.0282708953122576,0.0301525116720096));
#16082=CARTESIAN_POINT('',(-0.0864666328206766,-0.0251978154063758,0.0297973704369655));
#16083=CARTESIAN_POINT('',(-0.0852949688554762,-0.0221270723897991,0.0294448891836854));
#16084=CARTESIAN_POINT('',(-0.0852996786721721,-0.0221270724078981,0.0294342707425554));
#16085=CARTESIAN_POINT('',(-0.0845099999984025,-0.0221270724078981,0.0312146295501826));
#16086=CARTESIAN_POINT('',(-0.0833051623847089,-0.0276463129579499,0.0285496024554954));
#16087=CARTESIAN_POINT('',(-0.0825154837109393,-0.0276463129579499,0.0303299612631225));
#16088=CARTESIAN_POINT('',(-0.0813138761293262,-0.0331656261561923,0.0276663668501164));
#16089=CARTESIAN_POINT('',(-0.0805241974555566,-0.0331656261561923,0.0294467256577435));
#16090=CARTESIAN_POINT('',(-0.0813013357723013,-0.038729444271326,0.0276608045710626));
#16091=CARTESIAN_POINT('',(-0.0805116570985317,-0.038729444271326,0.0294411633786897));
#16092=CARTESIAN_POINT('',(-0.0810733271426256,-0.038729444271326,0.028174858179881));
#16093=CARTESIAN_POINT('',(-0.0810802012232367,-0.0358409180931112,0.028176926165772));
#16094=CARTESIAN_POINT('',(-0.082220667745172,-0.030157441511541,0.0285200220370416));
#16095=CARTESIAN_POINT('',(-0.0842737749498497,-0.0248034575816918,0.0291376750690689));
#16096=CARTESIAN_POINT('',(-0.0852949688590084,-0.0221270724078981,0.029444889184748));
#16097=CARTESIAN_POINT('',(-0.0845099999984025,-0.0221270724078981,0.0312146295501825));
#16098=CARTESIAN_POINT('',(-0.0825154837109393,-0.0276463129579499,0.0303299612631225));
#16099=CARTESIAN_POINT('',(-0.0805241974555566,-0.0331656261561923,0.0294467256577434));
#16100=CARTESIAN_POINT('',(-0.0805116570985317,-0.038729444271326,0.0294411633786896));
#16101=CARTESIAN_POINT('',(-0.0804920904769004,-0.0221,0.0287162422989495));
#16102=CARTESIAN_POINT('',(-0.0804920904769004,-0.0221,0.028));
#16103=CARTESIAN_POINT('',(-0.0804920904769004,-0.0221,0.029432484597899));
#16104=CARTESIAN_POINT('',(-0.0884930778259784,-0.0221,0.0316952529335394));
#16105=CARTESIAN_POINT('',(-0.0885083429014683,-0.0221,0.0329880957230925));
#16106=CARTESIAN_POINT('',(-0.0884778127504885,-0.0221,0.0304024101439863));
#16107=CARTESIAN_POINT('',(-0.0844849516136945,-0.0221,0.0292012050719932));
#16108=CARTESIAN_POINT('',(-0.0576153796470098,-0.0390171510983448,0.0211178119804464));
#16109=CARTESIAN_POINT('',(-0.0845002166891843,-0.0221,0.0312102901604958));
#16110=CARTESIAN_POINT('',(-0.0845051083445922,-0.0855915274043005,0.0304940478615463));
#16111=CARTESIAN_POINT('',(-0.0845002166891843,-0.0856,0.0304940478615463));
#16112=CARTESIAN_POINT('',(-0.0845051083445922,-0.0856084725956995,0.0304940478615463));
#16113=CARTESIAN_POINT('',(-0.0845051083445922,-0.0856084725956995,0.0304940478615463));
#16114=CARTESIAN_POINT('',(-0.0845051083445922,-0.0856084725956995,0.0312102901604958));
#16115=CARTESIAN_POINT('',(-0.08451,-0.0856,0.0312146295508911));
#16116=CARTESIAN_POINT('',(-0.110714530281011,-0.0402124221648122,0.0428376566791386));
#16117=CARTESIAN_POINT('',(-0.0845002166891843,-0.0221,0.0312102901604958));
#16118=CARTESIAN_POINT('',(-0.0845002166891843,-0.0856,0.0312102901604958));
#16119=CARTESIAN_POINT('',(-0.10846317163273,-0.071770629909898,0.0418390658872501));
#16120=CARTESIAN_POINT('',(-0.0845002166891843,-0.0856,0.0304940478615463));
#16121=CARTESIAN_POINT('',(-0.0843483597288637,-0.0856,0.0311787817559433));
#16122=CARTESIAN_POINT('',(-0.139497721484904,-0.1173584725957,0.0312102901604958));
#16123=CARTESIAN_POINT('',(-0.0295124952042803,-0.1173415274043,0.0312102901604958));
#16124=CARTESIAN_POINT('',(-0.0605415244305939,-0.0717617941779384,0.0205834051489096));
#16125=CARTESIAN_POINT('',(-0.0845051083445922,-0.0855915274043005,0.0312102901604958));
#16126=CARTESIAN_POINT('',(-0.0845051083445922,-0.0855915274043005,0.0304940478615463));
#16127=CARTESIAN_POINT('',(-0.0845814954520029,-0.0857238337553791,0.0311829177220865));
#16128=CARTESIAN_POINT('',(-0.139497721484904,-0.1173584725957,0.0312102901604958));
#16129=CARTESIAN_POINT('',(-0.0845002166891843,-0.0221,0.0312102901604958));
#16130=CARTESIAN_POINT('',(-0.0844849516136945,-0.0221,0.0292012050719932));
#16131=CARTESIAN_POINT('',(-0.0576153796470098,-0.0390171510983448,0.0211178119804464));
#16132=CARTESIAN_POINT('',(-0.08451,-0.0856,0.0292087405829074));
#16133=CARTESIAN_POINT('',(-0.110239369445184,-0.070745141624744,0.0369491172245944));
#16134=CARTESIAN_POINT('',(-0.139490088947159,-0.117371692538864,0.0292012050719932));
#16135=CARTESIAN_POINT('',(-0.0844974758068472,-0.0856216925388644,0.0292012050719932));
#16136=CARTESIAN_POINT('',(-0.0295048626665354,-0.117328307461136,0.0292012050719932));
#16137=CARTESIAN_POINT('',(-0.0576287351446649,-0.132159716501156,0.037295651341779));
#16138=CARTESIAN_POINT('',(-0.0846894903093134,-0.0856,0.029235739351777));
#16139=CARTESIAN_POINT('',(-0.0844849516136945,-0.0221,0.0292012050719932));
#16140=CARTESIAN_POINT('',(-0.0844849516136945,-0.0856,0.0292012050719932));
#16141=CARTESIAN_POINT('',(-0.0587422618977631,-0.0707229894702657,0.0214568211843153));
#16142=CARTESIAN_POINT('',(-0.0295048626665354,-0.117328307461136,0.0292012050719932));
#16143=CARTESIAN_POINT('',(-0.0844974758068472,-0.0855783074611356,0.0292012050719932));
#16144=CARTESIAN_POINT('',(-0.0845051083445922,-0.0856084725956995,0.0304940478615463));
#16145=CARTESIAN_POINT('',(-0.0845002166891843,-0.0856,0.0304940478615463));
#16146=CARTESIAN_POINT('',(-0.0845051083445922,-0.0855915274043005,0.0304940478615463));
#16147=MECHANICAL_DESIGN_GEOMETRIC_PRESENTATION_REPRESENTATION('',(#9260),#16163);
#16148=MECHANICAL_DESIGN_GEOMETRIC_PRESENTATION_REPRESENTATION('',(#9261),#16164);
#16149=MECHANICAL_DESIGN_GEOMETRIC_PRESENTATION_REPRESENTATION('',(#9262),#16165);
#16150=MECHANICAL_DESIGN_GEOMETRIC_PRESENTATION_REPRESENTATION('',(#9263),#16166);
#16151=MECHANICAL_DESIGN_GEOMETRIC_PRESENTATION_REPRESENTATION('',(#9264),#16167);
#16152=MECHANICAL_DESIGN_GEOMETRIC_PRESENTATION_REPRESENTATION('',(#9265),#16168);
#16153=MECHANICAL_DESIGN_GEOMETRIC_PRESENTATION_REPRESENTATION('',(#9266),#16169);
#16154=MECHANICAL_DESIGN_GEOMETRIC_PRESENTATION_REPRESENTATION('',(#9267),#16170);
#16155=MECHANICAL_DESIGN_GEOMETRIC_PRESENTATION_REPRESENTATION('',(#9268),#16171);
#16156=MECHANICAL_DESIGN_GEOMETRIC_PRESENTATION_REPRESENTATION('',(#9269),#16172);
#16157=MECHANICAL_DESIGN_GEOMETRIC_PRESENTATION_REPRESENTATION('',(#9270),#16173);
#16158=MECHANICAL_DESIGN_GEOMETRIC_PRESENTATION_REPRESENTATION('',(#9271),#16174);
#16159=MECHANICAL_DESIGN_GEOMETRIC_PRESENTATION_REPRESENTATION('',(#9272),#16175);
#16160=MECHANICAL_DESIGN_GEOMETRIC_PRESENTATION_REPRESENTATION('',(#9273),#16176);
#16161=MECHANICAL_DESIGN_GEOMETRIC_PRESENTATION_REPRESENTATION('',(#9274),#16177);
#16162=MECHANICAL_DESIGN_GEOMETRIC_PRESENTATION_REPRESENTATION('',(#9275),#16178);
#16163=(
GEOMETRIC_REPRESENTATION_CONTEXT(3)
GLOBAL_UNCERTAINTY_ASSIGNED_CONTEXT((#16179))
GLOBAL_UNIT_ASSIGNED_CONTEXT((#16227,#16211,#16195))
REPRESENTATION_CONTEXT('motor4','TOP_LEVEL_ASSEMBLY_PART')
);
#16164=(
GEOMETRIC_REPRESENTATION_CONTEXT(3)
GLOBAL_UNCERTAINTY_ASSIGNED_CONTEXT((#16180))
GLOBAL_UNIT_ASSIGNED_CONTEXT((#16228,#16212,#16196))
REPRESENTATION_CONTEXT('PROP','TOP_LEVEL_ASSEMBLY_PART')
);
#16165=(
GEOMETRIC_REPRESENTATION_CONTEXT(3)
GLOBAL_UNCERTAINTY_ASSIGNED_CONTEXT((#16181))
GLOBAL_UNIT_ASSIGNED_CONTEXT((#16229,#16213,#16197))
REPRESENTATION_CONTEXT('ARM CC2','TOP_LEVEL_ASSEMBLY_PART')
);
#16166=(
GEOMETRIC_REPRESENTATION_CONTEXT(3)
GLOBAL_UNCERTAINTY_ASSIGNED_CONTEXT((#16182))
GLOBAL_UNIT_ASSIGNED_CONTEXT((#16230,#16214,#16198))
REPRESENTATION_CONTEXT('ARM C2','TOP_LEVEL_ASSEMBLY_PART')
);
#16167=(
GEOMETRIC_REPRESENTATION_CONTEXT(3)
GLOBAL_UNCERTAINTY_ASSIGNED_CONTEXT((#16183))
GLOBAL_UNIT_ASSIGNED_CONTEXT((#16231,#16215,#16199))
REPRESENTATION_CONTEXT('motor2','TOP_LEVEL_ASSEMBLY_PART')
);
#16168=(
GEOMETRIC_REPRESENTATION_CONTEXT(3)
GLOBAL_UNCERTAINTY_ASSIGNED_CONTEXT((#16184))
GLOBAL_UNIT_ASSIGNED_CONTEXT((#16232,#16216,#16200))
REPRESENTATION_CONTEXT('MOTOR1','TOP_LEVEL_ASSEMBLY_PART')
);
#16169=(
GEOMETRIC_REPRESENTATION_CONTEXT(3)
GLOBAL_UNCERTAINTY_ASSIGNED_CONTEXT((#16185))
GLOBAL_UNIT_ASSIGNED_CONTEXT((#16233,#16217,#16201))
REPRESENTATION_CONTEXT('motor 3','TOP_LEVEL_ASSEMBLY_PART')
);
#16170=(
GEOMETRIC_REPRESENTATION_CONTEXT(3)
GLOBAL_UNCERTAINTY_ASSIGNED_CONTEXT((#16186))
GLOBAL_UNIT_ASSIGNED_CONTEXT((#16234,#16218,#16202))
REPRESENTATION_CONTEXT('ARM C1','TOP_LEVEL_ASSEMBLY_PART')
);
#16171=(
GEOMETRIC_REPRESENTATION_CONTEXT(3)
GLOBAL_UNCERTAINTY_ASSIGNED_CONTEXT((#16187))
GLOBAL_UNIT_ASSIGNED_CONTEXT((#16235,#16219,#16203))
REPRESENTATION_CONTEXT('PROP4','TOP_LEVEL_ASSEMBLY_PART')
);
#16172=(
GEOMETRIC_REPRESENTATION_CONTEXT(3)
GLOBAL_UNCERTAINTY_ASSIGNED_CONTEXT((#16188))
GLOBAL_UNIT_ASSIGNED_CONTEXT((#16236,#16220,#16204))
REPRESENTATION_CONTEXT('ARM CC1','TOP_LEVEL_ASSEMBLY_PART')
);
#16173=(
GEOMETRIC_REPRESENTATION_CONTEXT(3)
GLOBAL_UNCERTAINTY_ASSIGNED_CONTEXT((#16189))
GLOBAL_UNIT_ASSIGNED_CONTEXT((#16237,#16221,#16205))
REPRESENTATION_CONTEXT('ESC','TOP_LEVEL_ASSEMBLY_PART')
);
#16174=(
GEOMETRIC_REPRESENTATION_CONTEXT(3)
GLOBAL_UNCERTAINTY_ASSIGNED_CONTEXT((#16190))
GLOBAL_UNIT_ASSIGNED_CONTEXT((#16238,#16222,#16206))
REPRESENTATION_CONTEXT('RECIEVER','TOP_LEVEL_ASSEMBLY_PART')
);
#16175=(
GEOMETRIC_REPRESENTATION_CONTEXT(3)
GLOBAL_UNCERTAINTY_ASSIGNED_CONTEXT((#16191))
GLOBAL_UNIT_ASSIGNED_CONTEXT((#16239,#16223,#16207))
REPRESENTATION_CONTEXT('BASE','TOP_LEVEL_ASSEMBLY_PART')
);
#16176=(
GEOMETRIC_REPRESENTATION_CONTEXT(3)
GLOBAL_UNCERTAINTY_ASSIGNED_CONTEXT((#16192))
GLOBAL_UNIT_ASSIGNED_CONTEXT((#16240,#16224,#16208))
REPRESENTATION_CONTEXT('PROP3','TOP_LEVEL_ASSEMBLY_PART')
);
#16177=(
GEOMETRIC_REPRESENTATION_CONTEXT(3)
GLOBAL_UNCERTAINTY_ASSIGNED_CONTEXT((#16193))
GLOBAL_UNIT_ASSIGNED_CONTEXT((#16241,#16225,#16209))
REPRESENTATION_CONTEXT('BATTERY','TOP_LEVEL_ASSEMBLY_PART')
);
#16178=(
GEOMETRIC_REPRESENTATION_CONTEXT(3)
GLOBAL_UNCERTAINTY_ASSIGNED_CONTEXT((#16194))
GLOBAL_UNIT_ASSIGNED_CONTEXT((#16242,#16226,#16210))
REPRESENTATION_CONTEXT('PROP2','TOP_LEVEL_ASSEMBLY_PART')
);
#16179=UNCERTAINTY_MEASURE_WITH_UNIT(LENGTH_MEASURE(1.E-08),#16227,'DISTANCE_ACCURACY_VALUE','Maximum Tolerance applied to model');
#16180=UNCERTAINTY_MEASURE_WITH_UNIT(LENGTH_MEASURE(2.E-05),#16228,'DISTANCE_ACCURACY_VALUE','Maximum Tolerance applied to model');
#16181=UNCERTAINTY_MEASURE_WITH_UNIT(LENGTH_MEASURE(2.E-05),#16229,'DISTANCE_ACCURACY_VALUE','Maximum Tolerance applied to model');
#16182=UNCERTAINTY_MEASURE_WITH_UNIT(LENGTH_MEASURE(2.E-05),#16230,'DISTANCE_ACCURACY_VALUE','Maximum Tolerance applied to model');
#16183=UNCERTAINTY_MEASURE_WITH_UNIT(LENGTH_MEASURE(1.E-08),#16231,'DISTANCE_ACCURACY_VALUE','Maximum Tolerance applied to model');
#16184=UNCERTAINTY_MEASURE_WITH_UNIT(LENGTH_MEASURE(1.E-08),#16232,'DISTANCE_ACCURACY_VALUE','Maximum Tolerance applied to model');
#16185=UNCERTAINTY_MEASURE_WITH_UNIT(LENGTH_MEASURE(1.E-08),#16233,'DISTANCE_ACCURACY_VALUE','Maximum Tolerance applied to model');
#16186=UNCERTAINTY_MEASURE_WITH_UNIT(LENGTH_MEASURE(2.E-05),#16234,'DISTANCE_ACCURACY_VALUE','Maximum Tolerance applied to model');
#16187=UNCERTAINTY_MEASURE_WITH_UNIT(LENGTH_MEASURE(2.E-05),#16235,'DISTANCE_ACCURACY_VALUE','Maximum Tolerance applied to model');
#16188=UNCERTAINTY_MEASURE_WITH_UNIT(LENGTH_MEASURE(2.E-05),#16236,'DISTANCE_ACCURACY_VALUE','Maximum Tolerance applied to model');
#16189=UNCERTAINTY_MEASURE_WITH_UNIT(LENGTH_MEASURE(2.E-05),#16237,'DISTANCE_ACCURACY_VALUE','Maximum Tolerance applied to model');
#16190=UNCERTAINTY_MEASURE_WITH_UNIT(LENGTH_MEASURE(1.E-08),#16238,'DISTANCE_ACCURACY_VALUE','Maximum Tolerance applied to model');
#16191=UNCERTAINTY_MEASURE_WITH_UNIT(LENGTH_MEASURE(1.E-08),#16239,'DISTANCE_ACCURACY_VALUE','Maximum Tolerance applied to model');
#16192=UNCERTAINTY_MEASURE_WITH_UNIT(LENGTH_MEASURE(2.E-05),#16240,'DISTANCE_ACCURACY_VALUE','Maximum Tolerance applied to model');
#16193=UNCERTAINTY_MEASURE_WITH_UNIT(LENGTH_MEASURE(1.E-08),#16241,'DISTANCE_ACCURACY_VALUE','Maximum Tolerance applied to model');
#16194=UNCERTAINTY_MEASURE_WITH_UNIT(LENGTH_MEASURE(2.E-05),#16242,'DISTANCE_ACCURACY_VALUE','Maximum Tolerance applied to model');
#16195=(
NAMED_UNIT(*)
SI_UNIT($,.STERADIAN.)
SOLID_ANGLE_UNIT()
);
#16196=(
NAMED_UNIT(*)
SI_UNIT($,.STERADIAN.)
SOLID_ANGLE_UNIT()
);
#16197=(
NAMED_UNIT(*)
SI_UNIT($,.STERADIAN.)
SOLID_ANGLE_UNIT()
);
#16198=(
NAMED_UNIT(*)
SI_UNIT($,.STERADIAN.)
SOLID_ANGLE_UNIT()
);
#16199=(
NAMED_UNIT(*)
SI_UNIT($,.STERADIAN.)
SOLID_ANGLE_UNIT()
);
#16200=(
NAMED_UNIT(*)
SI_UNIT($,.STERADIAN.)
SOLID_ANGLE_UNIT()
);
#16201=(
NAMED_UNIT(*)
SI_UNIT($,.STERADIAN.)
SOLID_ANGLE_UNIT()
);
#16202=(
NAMED_UNIT(*)
SI_UNIT($,.STERADIAN.)
SOLID_ANGLE_UNIT()
);
#16203=(
NAMED_UNIT(*)
SI_UNIT($,.STERADIAN.)
SOLID_ANGLE_UNIT()
);
#16204=(
NAMED_UNIT(*)
SI_UNIT($,.STERADIAN.)
SOLID_ANGLE_UNIT()
);
#16205=(
NAMED_UNIT(*)
SI_UNIT($,.STERADIAN.)
SOLID_ANGLE_UNIT()
);
#16206=(
NAMED_UNIT(*)
SI_UNIT($,.STERADIAN.)
SOLID_ANGLE_UNIT()
);
#16207=(
NAMED_UNIT(*)
SI_UNIT($,.STERADIAN.)
SOLID_ANGLE_UNIT()
);
#16208=(
NAMED_UNIT(*)
SI_UNIT($,.STERADIAN.)
SOLID_ANGLE_UNIT()
);
#16209=(
NAMED_UNIT(*)
SI_UNIT($,.STERADIAN.)
SOLID_ANGLE_UNIT()
);
#16210=(
NAMED_UNIT(*)
SI_UNIT($,.STERADIAN.)
SOLID_ANGLE_UNIT()
);
#16211=(
NAMED_UNIT(*)
PLANE_ANGLE_UNIT()
SI_UNIT($,.RADIAN.)
);
#16212=(
NAMED_UNIT(*)
PLANE_ANGLE_UNIT()
SI_UNIT($,.RADIAN.)
);
#16213=(
NAMED_UNIT(*)
PLANE_ANGLE_UNIT()
SI_UNIT($,.RADIAN.)
);
#16214=(
NAMED_UNIT(*)
PLANE_ANGLE_UNIT()
SI_UNIT($,.RADIAN.)
);
#16215=(
NAMED_UNIT(*)
PLANE_ANGLE_UNIT()
SI_UNIT($,.RADIAN.)
);
#16216=(
NAMED_UNIT(*)
PLANE_ANGLE_UNIT()
SI_UNIT($,.RADIAN.)
);
#16217=(
NAMED_UNIT(*)
PLANE_ANGLE_UNIT()
SI_UNIT($,.RADIAN.)
);
#16218=(
NAMED_UNIT(*)
PLANE_ANGLE_UNIT()
SI_UNIT($,.RADIAN.)
);
#16219=(
NAMED_UNIT(*)
PLANE_ANGLE_UNIT()
SI_UNIT($,.RADIAN.)
);
#16220=(
NAMED_UNIT(*)
PLANE_ANGLE_UNIT()
SI_UNIT($,.RADIAN.)
);
#16221=(
NAMED_UNIT(*)
PLANE_ANGLE_UNIT()
SI_UNIT($,.RADIAN.)
);
#16222=(
NAMED_UNIT(*)
PLANE_ANGLE_UNIT()
SI_UNIT($,.RADIAN.)
);
#16223=(
NAMED_UNIT(*)
PLANE_ANGLE_UNIT()
SI_UNIT($,.RADIAN.)
);
#16224=(
NAMED_UNIT(*)
PLANE_ANGLE_UNIT()
SI_UNIT($,.RADIAN.)
);
#16225=(
NAMED_UNIT(*)
PLANE_ANGLE_UNIT()
SI_UNIT($,.RADIAN.)
);
#16226=(
NAMED_UNIT(*)
PLANE_ANGLE_UNIT()
SI_UNIT($,.RADIAN.)
);
#16227=(
LENGTH_UNIT()
NAMED_UNIT(*)
SI_UNIT($,.METRE.)
);
#16228=(
LENGTH_UNIT()
NAMED_UNIT(*)
SI_UNIT($,.METRE.)
);
#16229=(
LENGTH_UNIT()
NAMED_UNIT(*)
SI_UNIT($,.METRE.)
);
#16230=(
LENGTH_UNIT()
NAMED_UNIT(*)
SI_UNIT($,.METRE.)
);
#16231=(
LENGTH_UNIT()
NAMED_UNIT(*)
SI_UNIT($,.METRE.)
);
#16232=(
LENGTH_UNIT()
NAMED_UNIT(*)
SI_UNIT($,.METRE.)
);
#16233=(
LENGTH_UNIT()
NAMED_UNIT(*)
SI_UNIT($,.METRE.)
);
#16234=(
LENGTH_UNIT()
NAMED_UNIT(*)
SI_UNIT($,.METRE.)
);
#16235=(
LENGTH_UNIT()
NAMED_UNIT(*)
SI_UNIT($,.METRE.)
);
#16236=(
LENGTH_UNIT()
NAMED_UNIT(*)
SI_UNIT($,.METRE.)
);
#16237=(
LENGTH_UNIT()
NAMED_UNIT(*)
SI_UNIT($,.METRE.)
);
#16238=(
LENGTH_UNIT()
NAMED_UNIT(*)
SI_UNIT($,.METRE.)
);
#16239=(
LENGTH_UNIT()
NAMED_UNIT(*)
SI_UNIT($,.METRE.)
);
#16240=(
LENGTH_UNIT()
NAMED_UNIT(*)
SI_UNIT($,.METRE.)
);
#16241=(
LENGTH_UNIT()
NAMED_UNIT(*)
SI_UNIT($,.METRE.)
);
#16242=(
LENGTH_UNIT()
NAMED_UNIT(*)
SI_UNIT($,.METRE.)
);
#16243=PRODUCT_DEFINITION_SHAPE('','',#16259);
#16244=PRODUCT_DEFINITION_SHAPE('','',#16260);
#16245=PRODUCT_DEFINITION_SHAPE('','',#16261);
#16246=PRODUCT_DEFINITION_SHAPE('','',#16262);
#16247=PRODUCT_DEFINITION_SHAPE('','',#16263);
#16248=PRODUCT_DEFINITION_SHAPE('','',#16264);
#16249=PRODUCT_DEFINITION_SHAPE('','',#16265);
#16250=PRODUCT_DEFINITION_SHAPE('','',#16266);
#16251=PRODUCT_DEFINITION_SHAPE('','',#16267);
#16252=PRODUCT_DEFINITION_SHAPE('','',#16268);
#16253=PRODUCT_DEFINITION_SHAPE('','',#16269);
#16254=PRODUCT_DEFINITION_SHAPE('','',#16270);
#16255=PRODUCT_DEFINITION_SHAPE('','',#16271);
#16256=PRODUCT_DEFINITION_SHAPE('','',#16272);
#16257=PRODUCT_DEFINITION_SHAPE('','',#16273);
#16258=PRODUCT_DEFINITION_SHAPE('','',#16274);
#16259=PRODUCT_DEFINITION('','',#16291,#16275);
#16260=PRODUCT_DEFINITION('','',#16292,#16276);
#16261=PRODUCT_DEFINITION('','',#16293,#16277);
#16262=PRODUCT_DEFINITION('','',#16294,#16278);
#16263=PRODUCT_DEFINITION('','',#16295,#16279);
#16264=PRODUCT_DEFINITION('','',#16296,#16280);
#16265=PRODUCT_DEFINITION('','',#16297,#16281);
#16266=PRODUCT_DEFINITION('','',#16298,#16282);
#16267=PRODUCT_DEFINITION('','',#16299,#16283);
#16268=PRODUCT_DEFINITION('','',#16300,#16284);
#16269=PRODUCT_DEFINITION('','',#16301,#16285);
#16270=PRODUCT_DEFINITION('','',#16302,#16286);
#16271=PRODUCT_DEFINITION('','',#16303,#16287);
#16272=PRODUCT_DEFINITION('','',#16304,#16288);
#16273=PRODUCT_DEFINITION('','',#16305,#16289);
#16274=PRODUCT_DEFINITION('','',#16306,#16290);
#16275=PRODUCT_DEFINITION_CONTEXT('',#16387,'design');
#16276=PRODUCT_DEFINITION_CONTEXT('',#16388,'design');
#16277=PRODUCT_DEFINITION_CONTEXT('',#16389,'design');
#16278=PRODUCT_DEFINITION_CONTEXT('',#16390,'design');
#16279=PRODUCT_DEFINITION_CONTEXT('',#16391,'design');
#16280=PRODUCT_DEFINITION_CONTEXT('',#16392,'design');
#16281=PRODUCT_DEFINITION_CONTEXT('',#16393,'design');
#16282=PRODUCT_DEFINITION_CONTEXT('',#16394,'design');
#16283=PRODUCT_DEFINITION_CONTEXT('',#16395,'design');
#16284=PRODUCT_DEFINITION_CONTEXT('',#16396,'design');
#16285=PRODUCT_DEFINITION_CONTEXT('',#16397,'design');
#16286=PRODUCT_DEFINITION_CONTEXT('',#16398,'design');
#16287=PRODUCT_DEFINITION_CONTEXT('',#16399,'design');
#16288=PRODUCT_DEFINITION_CONTEXT('',#16400,'design');
#16289=PRODUCT_DEFINITION_CONTEXT('',#16401,'design');
#16290=PRODUCT_DEFINITION_CONTEXT('',#16402,'design');
#16291=PRODUCT_DEFINITION_FORMATION_WITH_SPECIFIED_SOURCE('','',#16323,.NOT_KNOWN.);
#16292=PRODUCT_DEFINITION_FORMATION_WITH_SPECIFIED_SOURCE('','',#16324,.NOT_KNOWN.);
#16293=PRODUCT_DEFINITION_FORMATION_WITH_SPECIFIED_SOURCE('','',#16325,.NOT_KNOWN.);
#16294=PRODUCT_DEFINITION_FORMATION_WITH_SPECIFIED_SOURCE('','',#16326,.NOT_KNOWN.);
#16295=PRODUCT_DEFINITION_FORMATION_WITH_SPECIFIED_SOURCE('','',#16327,.NOT_KNOWN.);
#16296=PRODUCT_DEFINITION_FORMATION_WITH_SPECIFIED_SOURCE('','',#16328,.NOT_KNOWN.);
#16297=PRODUCT_DEFINITION_FORMATION_WITH_SPECIFIED_SOURCE('','',#16329,.NOT_KNOWN.);
#16298=PRODUCT_DEFINITION_FORMATION_WITH_SPECIFIED_SOURCE('','',#16330,.NOT_KNOWN.);
#16299=PRODUCT_DEFINITION_FORMATION_WITH_SPECIFIED_SOURCE('','',#16331,.NOT_KNOWN.);
#16300=PRODUCT_DEFINITION_FORMATION_WITH_SPECIFIED_SOURCE('','',#16332,.NOT_KNOWN.);
#16301=PRODUCT_DEFINITION_FORMATION_WITH_SPECIFIED_SOURCE('','',#16333,.NOT_KNOWN.);
#16302=PRODUCT_DEFINITION_FORMATION_WITH_SPECIFIED_SOURCE('','',#16334,.NOT_KNOWN.);
#16303=PRODUCT_DEFINITION_FORMATION_WITH_SPECIFIED_SOURCE('','',#16335,.NOT_KNOWN.);
#16304=PRODUCT_DEFINITION_FORMATION_WITH_SPECIFIED_SOURCE('','',#16336,.NOT_KNOWN.);
#16305=PRODUCT_DEFINITION_FORMATION_WITH_SPECIFIED_SOURCE('','',#16337,.NOT_KNOWN.);
#16306=PRODUCT_DEFINITION_FORMATION_WITH_SPECIFIED_SOURCE('','',#16338,.NOT_KNOWN.);
#16307=PRODUCT_RELATED_PRODUCT_CATEGORY('','',(#16323));
#16308=PRODUCT_RELATED_PRODUCT_CATEGORY('','',(#16324));
#16309=PRODUCT_RELATED_PRODUCT_CATEGORY('','',(#16325));
#16310=PRODUCT_RELATED_PRODUCT_CATEGORY('','',(#16326));
#16311=PRODUCT_RELATED_PRODUCT_CATEGORY('','',(#16327));
#16312=PRODUCT_RELATED_PRODUCT_CATEGORY('','',(#16328));
#16313=PRODUCT_RELATED_PRODUCT_CATEGORY('','',(#16329));
#16314=PRODUCT_RELATED_PRODUCT_CATEGORY('','',(#16330));
#16315=PRODUCT_RELATED_PRODUCT_CATEGORY('','',(#16331));
#16316=PRODUCT_RELATED_PRODUCT_CATEGORY('','',(#16332));
#16317=PRODUCT_RELATED_PRODUCT_CATEGORY('','',(#16333));
#16318=PRODUCT_RELATED_PRODUCT_CATEGORY('','',(#16334));
#16319=PRODUCT_RELATED_PRODUCT_CATEGORY('','',(#16335));
#16320=PRODUCT_RELATED_PRODUCT_CATEGORY('','',(#16336));
#16321=PRODUCT_RELATED_PRODUCT_CATEGORY('','',(#16337));
#16322=PRODUCT_RELATED_PRODUCT_CATEGORY('','',(#16338));
#16323=PRODUCT('motor4','motor4','motor4',(#16355));
#16324=PRODUCT('PROP','PROP','PROP',(#16356));
#16325=PRODUCT('ARM CC2','ARM CC2','ARM CC2',(#16357));
#16326=PRODUCT('ARM C2','ARM C2','ARM C2',(#16358));
#16327=PRODUCT('motor2','motor2','motor2',(#16359));
#16328=PRODUCT('MOTOR1','MOTOR1','MOTOR1',(#16360));
#16329=PRODUCT('motor 3','motor 3','motor 3',(#16361));
#16330=PRODUCT('ARM C1','ARM C1','ARM C1',(#16362));
#16331=PRODUCT('PROP4','PROP4','PROP4',(#16363));
#16332=PRODUCT('ARM CC1','ARM CC1','ARM CC1',(#16364));
#16333=PRODUCT('ESC','ESC','ESC',(#16365));
#16334=PRODUCT('RECIEVER','RECIEVER','RECIEVER',(#16366));
#16335=PRODUCT('BASE','BASE','BASE',(#16367));
#16336=PRODUCT('PROP3','PROP3','PROP3',(#16368));
#16337=PRODUCT('BATTERY','BATTERY','BATTERY',(#16369));
#16338=PRODUCT('PROP2','PROP2','PROP2',(#16370));
#16339=PRODUCT_CATEGORY('','');
#16340=PRODUCT_CATEGORY('','');
#16341=PRODUCT_CATEGORY('','');
#16342=PRODUCT_CATEGORY('','');
#16343=PRODUCT_CATEGORY('','');
#16344=PRODUCT_CATEGORY('','');
#16345=PRODUCT_CATEGORY('','');
#16346=PRODUCT_CATEGORY('','');
#16347=PRODUCT_CATEGORY('','');
#16348=PRODUCT_CATEGORY('','');
#16349=PRODUCT_CATEGORY('','');
#16350=PRODUCT_CATEGORY('','');
#16351=PRODUCT_CATEGORY('','');
#16352=PRODUCT_CATEGORY('','');
#16353=PRODUCT_CATEGORY('','');
#16354=PRODUCT_CATEGORY('','');
#16355=PRODUCT_CONTEXT('',#16387,'mechanical');
#16356=PRODUCT_CONTEXT('',#16388,'mechanical');
#16357=PRODUCT_CONTEXT('',#16389,'mechanical');
#16358=PRODUCT_CONTEXT('',#16390,'mechanical');
#16359=PRODUCT_CONTEXT('',#16391,'mechanical');
#16360=PRODUCT_CONTEXT('',#16392,'mechanical');
#16361=PRODUCT_CONTEXT('',#16393,'mechanical');
#16362=PRODUCT_CONTEXT('',#16394,'mechanical');
#16363=PRODUCT_CONTEXT('',#16395,'mechanical');
#16364=PRODUCT_CONTEXT('',#16396,'mechanical');
#16365=PRODUCT_CONTEXT('',#16397,'mechanical');
#16366=PRODUCT_CONTEXT('',#16398,'mechanical');
#16367=PRODUCT_CONTEXT('',#16399,'mechanical');
#16368=PRODUCT_CONTEXT('',#16400,'mechanical');
#16369=PRODUCT_CONTEXT('',#16401,'mechanical');
#16370=PRODUCT_CONTEXT('',#16402,'mechanical');
#16371=APPLICATION_PROTOCOL_DEFINITION('international standard','ap242_managed_model_based_3d_engineering',2020,#16387);
#16372=APPLICATION_PROTOCOL_DEFINITION('international standard','ap242_managed_model_based_3d_engineering',2020,#16388);
#16373=APPLICATION_PROTOCOL_DEFINITION('international standard','ap242_managed_model_based_3d_engineering',2020,#16389);
#16374=APPLICATION_PROTOCOL_DEFINITION('international standard','ap242_managed_model_based_3d_engineering',2020,#16390);
#16375=APPLICATION_PROTOCOL_DEFINITION('international standard','ap242_managed_model_based_3d_engineering',2020,#16391);
#16376=APPLICATION_PROTOCOL_DEFINITION('international standard','ap242_managed_model_based_3d_engineering',2020,#16392);
#16377=APPLICATION_PROTOCOL_DEFINITION('international standard','ap242_managed_model_based_3d_engineering',2020,#16393);
#16378=APPLICATION_PROTOCOL_DEFINITION('international standard','ap242_managed_model_based_3d_engineering',2020,#16394);
#16379=APPLICATION_PROTOCOL_DEFINITION('international standard','ap242_managed_model_based_3d_engineering',2020,#16395);
#16380=APPLICATION_PROTOCOL_DEFINITION('international standard','ap242_managed_model_based_3d_engineering',2020,#16396);
#16381=APPLICATION_PROTOCOL_DEFINITION('international standard','ap242_managed_model_based_3d_engineering',2020,#16397);
#16382=APPLICATION_PROTOCOL_DEFINITION('international standard','ap242_managed_model_based_3d_engineering',2020,#16398);
#16383=APPLICATION_PROTOCOL_DEFINITION('international standard','ap242_managed_model_based_3d_engineering',2020,#16399);
#16384=APPLICATION_PROTOCOL_DEFINITION('international standard','ap242_managed_model_based_3d_engineering',2020,#16400);
#16385=APPLICATION_PROTOCOL_DEFINITION('international standard','ap242_managed_model_based_3d_engineering',2020,#16401);
#16386=APPLICATION_PROTOCOL_DEFINITION('international standard','ap242_managed_model_based_3d_engineering',2020,#16402);
#16387=APPLICATION_CONTEXT('managed model based 3d engineering');
#16388=APPLICATION_CONTEXT('managed model based 3d engineering');
#16389=APPLICATION_CONTEXT('managed model based 3d engineering');
#16390=APPLICATION_CONTEXT('managed model based 3d engineering');
#16391=APPLICATION_CONTEXT('managed model based 3d engineering');
#16392=APPLICATION_CONTEXT('managed model based 3d engineering');
#16393=APPLICATION_CONTEXT('managed model based 3d engineering');
#16394=APPLICATION_CONTEXT('managed model based 3d engineering');
#16395=APPLICATION_CONTEXT('managed model based 3d engineering');
#16396=APPLICATION_CONTEXT('managed model based 3d engineering');
#16397=APPLICATION_CONTEXT('managed model based 3d engineering');
#16398=APPLICATION_CONTEXT('managed model based 3d engineering');
#16399=APPLICATION_CONTEXT('managed model based 3d engineering');
#16400=APPLICATION_CONTEXT('managed model based 3d engineering');
#16401=APPLICATION_CONTEXT('managed model based 3d engineering');
#16402=APPLICATION_CONTEXT('managed model based 3d engineering');
ENDSEC;
END-ISO-10303-21;
