ISO-10303-21;
HEADER;
/*Generated by software containing ST-Developer
 * from STEP Tools, Inc. (www.steptools.com) 
 */
/*OPTION: using custom renumber hook */
/*description */
/*implementation_level */
FILE_DESCRIPTION(('STEP AP242 Edition 2','STEP AP242 Edition 2''CAx-IF Rec.Pracs.---Representation and Presentation of Product Manufa
cturing Information (PMI)---4.0---2014-10-13','STEP AP242 Edition 2''CAx-IF Rec.Pracs.---Representation and Presentation of Product Manufa
cturing Information (PMI)---4.0---2014-10-13''CAx-IF Rec.Pracs.---3D Tessellated Geometry---0.4---2014-09-14','STEP AP242 Edition 2''CAx-IF Rec.Pracs.---Representation and Presentation of Product Manufa
cturing Information (PMI)---4.0---2014-10-13''CAx-IF Rec.Pracs.---3D Tessellated Geometry---0.4---2014-09-14''2;1','STEP AP242 Edition 2''CAx-IF Rec.Pracs.---Representation and Presentation of Product Manufa
cturing Information (PMI)---4.0---2014-10-13''CAx-IF Rec.Pracs.---3D Tessellated Geometry---0.4---2014-09-14''2;1''CAx-IF Rec.Pracs.---User Defined Attributes---1.5---2016-08-15'),'2;1');
/*name */
/*time_stamp */
/*author */
/*organization */
/*preprocessor_version */
/*originating_system */
/*authorisation */
FILE_NAME('/vol/tmp/translate-13110853386350718575/Part Studio 1.step','2026-02-22T14:52:27',(''),(''),'ST-DEVELOPER v20','ONSHAPE BY PTC INC, 1.211','  ');
FILE_SCHEMA(('AP242_MANAGED_MODEL_BASED_3D_ENGINEERING_MIM_LF { 1 0 10303 442 3 1 4 }'));
ENDSEC;
DATA;
#10=B_SPLINE_SURFACE_WITH_KNOTS('',3,1,((#6875,#6876),(#6877,#6878),(#6879,
#6880),(#6881,#6882)),.SURF_OF_LINEAR_EXTRUSION.,.F.,.F.,.F.,(4,4),(2,2),(0.,0.329267007512655),(0.,1.),.PIECEWISE_BEZIER_KNOTS.);
#11=B_SPLINE_SURFACE_WITH_KNOTS('',3,1,((#7197,#7198),(#7199,#7200),(#7201,
#7202),(#7203,#7204)),.SURF_OF_LINEAR_EXTRUSION.,.F.,.F.,.F.,(4,4),(2,2),(0.,0.329267007512655),(0.,1.),.PIECEWISE_BEZIER_KNOTS.);
#12=B_SPLINE_SURFACE_WITH_KNOTS('',3,1,((#7519,#7520),(#7521,#7522),(#7523,
#7524),(#7525,#7526)),.SURF_OF_LINEAR_EXTRUSION.,.F.,.F.,.F.,(4,4),(2,2),(0.,0.329267007512655),(0.,1.),.PIECEWISE_BEZIER_KNOTS.);
#13=B_SPLINE_SURFACE_WITH_KNOTS('',3,1,((#7841,#7842),(#7843,#7844),(#7845,
#7846),(#7847,#7848)),.SURF_OF_LINEAR_EXTRUSION.,.F.,.F.,.F.,(4,4),(2,2),(0.,0.329267007512655),(0.,1.),.PIECEWISE_BEZIER_KNOTS.);
#14=B_SPLINE_CURVE_WITH_KNOTS('',3,(#6599,#6600,#6601,#6602),.UNSPECIFIED.,.F.,.F.,(4,4),(0.,0.589322367897375),.PIECEWISE_BEZIER_KNOTS.);
#15=B_SPLINE_CURVE_WITH_KNOTS('',3,(#6632,#6633,#6634,#6635),.UNSPECIFIED.,.F.,.F.,(4,4),(0.,0.589322367897375),.PIECEWISE_BEZIER_KNOTS.);
#16=B_SPLINE_CURVE_WITH_KNOTS('',3,(#6864,#6865,#6866,#6867),.UNSPECIFIED.,.F.,.F.,(4,4),(2.0888836804026E-17,0.0106373173215174),.UNSPECIFIED.);
#17=B_SPLINE_CURVE_WITH_KNOTS('',3,(#6871,#6872,#6873,#6874),.UNSPECIFIED.,.F.,.F.,(4,4),(0.,0.0106373173215174),.UNSPECIFIED.);
#18=B_SPLINE_CURVE_WITH_KNOTS('',3,(#6883,#6884,#6885,#6886,#6887,#6888,#6889,#6890,#6891,#6892,#6893),.UNSPECIFIED.,.T.,.F.,(1,1,1,1,1,1,1,1,1,1,1,1,1,1,1),(-0.00441130649436925,-0.00272633948105176,-0.00104137246773427,0.000643594545583214,0.0023285615589007,0.00401352857221819,0.00569849558553568,0.00738346259885317,0.00906842961217066,0.0107533966254882,0.0124383636388056,0.0141233306521231,0.0158082976654406,0.0174932646787581,0.0191782316920756),.UNSPECIFIED.);
#19=B_SPLINE_CURVE_WITH_KNOTS('',3,(#6895,#6896,#6897,#6898,#6899,#6900,#6901,#6902,#6903,#6904,#6905),.UNSPECIFIED.,.T.,.F.,(1,1,1,1,1,1,1,1,1,1,1,1,1,1,1),(-0.00505490099022416,-0.00336993399348277,-0.00168496699674139,3.46944695195361E-18,0.00168496699674139,0.00336993399348278,0.00505490099022417,0.00673986798696556,0.00842483498370695,0.0101098019804483,0.0117947689771897,0.0134797359739311,0.0151647029706725,0.0168496699674139,0.0185346369641553),.UNSPECIFIED.);
#20=B_SPLINE_CURVE_WITH_KNOTS('',3,(#6921,#6922,#6923,#6924),.UNSPECIFIED.,.F.,.F.,(4,4),(0.,0.589322367897375),.PIECEWISE_BEZIER_KNOTS.);
#21=B_SPLINE_CURVE_WITH_KNOTS('',3,(#6962,#6963,#6964,#6965),.UNSPECIFIED.,.F.,.F.,(4,4),(0.,0.589322367897375),.PIECEWISE_BEZIER_KNOTS.);
#22=B_SPLINE_CURVE_WITH_KNOTS('',3,(#7186,#7187,#7188,#7189),.UNSPECIFIED.,.F.,.F.,(4,4),(2.0888836804026E-17,0.0106373173215174),.UNSPECIFIED.);
#23=B_SPLINE_CURVE_WITH_KNOTS('',3,(#7193,#7194,#7195,#7196),.UNSPECIFIED.,.F.,.F.,(4,4),(0.,0.0106373173215174),.UNSPECIFIED.);
#24=B_SPLINE_CURVE_WITH_KNOTS('',3,(#7205,#7206,#7207,#7208,#7209,#7210,#7211,#7212,#7213,#7214,#7215),.UNSPECIFIED.,.T.,.F.,(1,1,1,1,1,1,1,1,1,1,1,1,1,1,1),(-0.00441130649436925,-0.00272633948105176,-0.00104137246773427,0.000643594545583214,0.0023285615589007,0.00401352857221819,0.00569849558553568,0.00738346259885317,0.00906842961217066,0.0107533966254882,0.0124383636388056,0.0141233306521231,0.0158082976654406,0.0174932646787581,0.0191782316920756),.UNSPECIFIED.);
#25=B_SPLINE_CURVE_WITH_KNOTS('',3,(#7217,#7218,#7219,#7220,#7221,#7222,#7223,#7224,#7225,#7226,#7227),.UNSPECIFIED.,.T.,.F.,(1,1,1,1,1,1,1,1,1,1,1,1,1,1,1),(-0.00505490099022416,-0.00336993399348277,-0.00168496699674139,3.46944695195361E-18,0.00168496699674139,0.00336993399348278,0.00505490099022417,0.00673986798696556,0.00842483498370695,0.0101098019804483,0.0117947689771897,0.0134797359739311,0.0151647029706725,0.0168496699674139,0.0185346369641553),.UNSPECIFIED.);
#26=B_SPLINE_CURVE_WITH_KNOTS('',3,(#7243,#7244,#7245,#7246),.UNSPECIFIED.,.F.,.F.,(4,4),(0.,0.589322367897375),.PIECEWISE_BEZIER_KNOTS.);
#27=B_SPLINE_CURVE_WITH_KNOTS('',3,(#7284,#7285,#7286,#7287),.UNSPECIFIED.,.F.,.F.,(4,4),(0.,0.589322367897375),.PIECEWISE_BEZIER_KNOTS.);
#28=B_SPLINE_CURVE_WITH_KNOTS('',3,(#7508,#7509,#7510,#7511),.UNSPECIFIED.,.F.,.F.,(4,4),(2.0888836804026E-17,0.0106373173215174),.UNSPECIFIED.);
#29=B_SPLINE_CURVE_WITH_KNOTS('',3,(#7515,#7516,#7517,#7518),.UNSPECIFIED.,.F.,.F.,(4,4),(0.,0.0106373173215174),.UNSPECIFIED.);
#30=B_SPLINE_CURVE_WITH_KNOTS('',3,(#7527,#7528,#7529,#7530,#7531,#7532,#7533,#7534,#7535,#7536,#7537),.UNSPECIFIED.,.T.,.F.,(1,1,1,1,1,1,1,1,1,1,1,1,1,1,1),(-0.00441130649436925,-0.00272633948105176,-0.00104137246773427,0.000643594545583214,0.0023285615589007,0.00401352857221819,0.00569849558553568,0.00738346259885317,0.00906842961217066,0.0107533966254882,0.0124383636388056,0.0141233306521231,0.0158082976654406,0.0174932646787581,0.0191782316920756),.UNSPECIFIED.);
#31=B_SPLINE_CURVE_WITH_KNOTS('',3,(#7539,#7540,#7541,#7542,#7543,#7544,#7545,#7546,#7547,#7548,#7549),.UNSPECIFIED.,.T.,.F.,(1,1,1,1,1,1,1,1,1,1,1,1,1,1,1),(-0.00505490099022416,-0.00336993399348277,-0.00168496699674139,3.46944695195361E-18,0.00168496699674139,0.00336993399348278,0.00505490099022417,0.00673986798696556,0.00842483498370695,0.0101098019804483,0.0117947689771897,0.0134797359739311,0.0151647029706725,0.0168496699674139,0.0185346369641553),.UNSPECIFIED.);
#32=B_SPLINE_CURVE_WITH_KNOTS('',3,(#7565,#7566,#7567,#7568),.UNSPECIFIED.,.F.,.F.,(4,4),(0.,0.589322367897375),.PIECEWISE_BEZIER_KNOTS.);
#33=B_SPLINE_CURVE_WITH_KNOTS('',3,(#7598,#7599,#7600,#7601),.UNSPECIFIED.,.F.,.F.,(4,4),(0.,0.589322367897375),.PIECEWISE_BEZIER_KNOTS.);
#34=B_SPLINE_CURVE_WITH_KNOTS('',3,(#7830,#7831,#7832,#7833),.UNSPECIFIED.,.F.,.F.,(4,4),(2.0888836804026E-17,0.0106373173215174),.UNSPECIFIED.);
#35=B_SPLINE_CURVE_WITH_KNOTS('',3,(#7837,#7838,#7839,#7840),.UNSPECIFIED.,.F.,.F.,(4,4),(0.,0.0106373173215174),.UNSPECIFIED.);
#36=B_SPLINE_CURVE_WITH_KNOTS('',3,(#7849,#7850,#7851,#7852,#7853,#7854,#7855,#7856,#7857,#7858,#7859),.UNSPECIFIED.,.T.,.F.,(1,1,1,1,1,1,1,1,1,1,1,1,1,1,1),(-0.00441130649436925,-0.00272633948105176,-0.00104137246773427,0.000643594545583214,0.0023285615589007,0.00401352857221819,0.00569849558553568,0.00738346259885317,0.00906842961217066,0.0107533966254882,0.0124383636388056,0.0141233306521231,0.0158082976654406,0.0174932646787581,0.0191782316920756),.UNSPECIFIED.);
#37=B_SPLINE_CURVE_WITH_KNOTS('',3,(#7861,#7862,#7863,#7864,#7865,#7866,#7867,#7868,#7869,#7870,#7871),.UNSPECIFIED.,.T.,.F.,(1,1,1,1,1,1,1,1,1,1,1,1,1,1,1),(-0.00505490099022416,-0.00336993399348277,-0.00168496699674139,3.46944695195361E-18,0.00168496699674139,0.00336993399348278,0.00505490099022417,0.00673986798696556,0.00842483498370695,0.0101098019804483,0.0117947689771897,0.0134797359739311,0.0151647029706725,0.0168496699674139,0.0185346369641553),.UNSPECIFIED.);
#38=SHAPE_REPRESENTATION_RELATIONSHIP('','',#4670,#43);
#39=SHAPE_REPRESENTATION_RELATIONSHIP('','',#4671,#44);
#40=SHAPE_REPRESENTATION_RELATIONSHIP('','',#4672,#45);
#41=SHAPE_REPRESENTATION_RELATIONSHIP('','',#4673,#46);
#42=SHAPE_REPRESENTATION_RELATIONSHIP('','',#4674,#47);
#43=ADVANCED_BREP_SHAPE_REPRESENTATION('',(#4660),#7890);
#44=ADVANCED_BREP_SHAPE_REPRESENTATION('',(#4661),#7891);
#45=ADVANCED_BREP_SHAPE_REPRESENTATION('',(#4662),#7892);
#46=ADVANCED_BREP_SHAPE_REPRESENTATION('',(#4663),#7893);
#47=ADVANCED_BREP_SHAPE_REPRESENTATION('',(#4664),#7894);
#48=TOROIDAL_SURFACE('',#4736,14.,10.);
#49=CYLINDRICAL_SURFACE('',#4723,2.15);
#50=CYLINDRICAL_SURFACE('',#4724,2.14999999999997);
#51=CYLINDRICAL_SURFACE('',#4725,2.15);
#52=CYLINDRICAL_SURFACE('',#4726,2.15);
#53=CYLINDRICAL_SURFACE('',#4727,2.15);
#54=CYLINDRICAL_SURFACE('',#4728,2.15);
#55=CYLINDRICAL_SURFACE('',#4729,2.15);
#56=CYLINDRICAL_SURFACE('',#4731,2.15);
#57=CYLINDRICAL_SURFACE('',#4732,2.15);
#58=CYLINDRICAL_SURFACE('',#4733,2.15);
#59=CYLINDRICAL_SURFACE('',#4734,2.15);
#60=CYLINDRICAL_SURFACE('',#4735,2.15);
#61=CYLINDRICAL_SURFACE('',#4788,16.);
#62=CYLINDRICAL_SURFACE('',#4796,4.);
#63=CYLINDRICAL_SURFACE('',#4797,1.6);
#64=CYLINDRICAL_SURFACE('',#4798,1.6);
#65=CYLINDRICAL_SURFACE('',#4799,1.6);
#66=CYLINDRICAL_SURFACE('',#4800,1.6);
#67=CYLINDRICAL_SURFACE('',#4801,1.6);
#68=CYLINDRICAL_SURFACE('',#4802,1.6);
#69=CYLINDRICAL_SURFACE('',#4803,1.6);
#70=CYLINDRICAL_SURFACE('',#4804,1.6);
#71=CYLINDRICAL_SURFACE('',#4805,18.);
#72=CYLINDRICAL_SURFACE('',#4806,18.);
#73=CYLINDRICAL_SURFACE('',#4807,18.);
#74=CYLINDRICAL_SURFACE('',#4808,18.);
#75=CYLINDRICAL_SURFACE('',#4809,18.);
#76=CYLINDRICAL_SURFACE('',#4810,18.);
#77=CYLINDRICAL_SURFACE('',#4811,18.);
#78=CYLINDRICAL_SURFACE('',#4812,18.);
#79=CYLINDRICAL_SURFACE('',#4825,390.514671124226);
#80=CYLINDRICAL_SURFACE('',#4827,2.5);
#81=CYLINDRICAL_SURFACE('',#4829,2.5);
#82=CYLINDRICAL_SURFACE('',#4830,2.15);
#83=CYLINDRICAL_SURFACE('',#4831,2.15);
#84=CYLINDRICAL_SURFACE('',#4883,16.);
#85=CYLINDRICAL_SURFACE('',#4891,4.);
#86=CYLINDRICAL_SURFACE('',#4892,1.6);
#87=CYLINDRICAL_SURFACE('',#4893,1.6);
#88=CYLINDRICAL_SURFACE('',#4894,1.6);
#89=CYLINDRICAL_SURFACE('',#4895,1.6);
#90=CYLINDRICAL_SURFACE('',#4896,1.6);
#91=CYLINDRICAL_SURFACE('',#4897,1.6);
#92=CYLINDRICAL_SURFACE('',#4898,1.6);
#93=CYLINDRICAL_SURFACE('',#4899,1.6);
#94=CYLINDRICAL_SURFACE('',#4900,18.);
#95=CYLINDRICAL_SURFACE('',#4901,18.);
#96=CYLINDRICAL_SURFACE('',#4902,18.);
#97=CYLINDRICAL_SURFACE('',#4903,18.);
#98=CYLINDRICAL_SURFACE('',#4904,18.);
#99=CYLINDRICAL_SURFACE('',#4905,18.);
#100=CYLINDRICAL_SURFACE('',#4906,18.);
#101=CYLINDRICAL_SURFACE('',#4907,18.);
#102=CYLINDRICAL_SURFACE('',#4920,390.514671124226);
#103=CYLINDRICAL_SURFACE('',#4922,2.5);
#104=CYLINDRICAL_SURFACE('',#4924,2.5);
#105=CYLINDRICAL_SURFACE('',#4925,2.15);
#106=CYLINDRICAL_SURFACE('',#4926,2.15);
#107=CYLINDRICAL_SURFACE('',#4978,16.);
#108=CYLINDRICAL_SURFACE('',#4986,4.);
#109=CYLINDRICAL_SURFACE('',#4987,1.6);
#110=CYLINDRICAL_SURFACE('',#4988,1.6);
#111=CYLINDRICAL_SURFACE('',#4989,1.6);
#112=CYLINDRICAL_SURFACE('',#4990,1.6);
#113=CYLINDRICAL_SURFACE('',#4991,1.6);
#114=CYLINDRICAL_SURFACE('',#4992,1.6);
#115=CYLINDRICAL_SURFACE('',#4993,1.6);
#116=CYLINDRICAL_SURFACE('',#4994,1.6);
#117=CYLINDRICAL_SURFACE('',#4995,18.);
#118=CYLINDRICAL_SURFACE('',#4996,18.);
#119=CYLINDRICAL_SURFACE('',#4997,18.);
#120=CYLINDRICAL_SURFACE('',#4998,18.);
#121=CYLINDRICAL_SURFACE('',#4999,18.);
#122=CYLINDRICAL_SURFACE('',#5000,18.);
#123=CYLINDRICAL_SURFACE('',#5001,18.);
#124=CYLINDRICAL_SURFACE('',#5002,18.);
#125=CYLINDRICAL_SURFACE('',#5015,390.514671124226);
#126=CYLINDRICAL_SURFACE('',#5017,2.5);
#127=CYLINDRICAL_SURFACE('',#5019,2.5);
#128=CYLINDRICAL_SURFACE('',#5020,2.15);
#129=CYLINDRICAL_SURFACE('',#5021,2.15);
#130=CYLINDRICAL_SURFACE('',#5073,16.);
#131=CYLINDRICAL_SURFACE('',#5081,4.);
#132=CYLINDRICAL_SURFACE('',#5082,1.6);
#133=CYLINDRICAL_SURFACE('',#5083,1.6);
#134=CYLINDRICAL_SURFACE('',#5084,1.6);
#135=CYLINDRICAL_SURFACE('',#5085,1.6);
#136=CYLINDRICAL_SURFACE('',#5086,1.6);
#137=CYLINDRICAL_SURFACE('',#5087,1.6);
#138=CYLINDRICAL_SURFACE('',#5088,1.6);
#139=CYLINDRICAL_SURFACE('',#5089,1.6);
#140=CYLINDRICAL_SURFACE('',#5090,18.);
#141=CYLINDRICAL_SURFACE('',#5091,18.);
#142=CYLINDRICAL_SURFACE('',#5092,18.);
#143=CYLINDRICAL_SURFACE('',#5093,18.);
#144=CYLINDRICAL_SURFACE('',#5094,18.);
#145=CYLINDRICAL_SURFACE('',#5095,18.);
#146=CYLINDRICAL_SURFACE('',#5096,18.);
#147=CYLINDRICAL_SURFACE('',#5097,18.);
#148=CYLINDRICAL_SURFACE('',#5110,390.514671124226);
#149=CYLINDRICAL_SURFACE('',#5112,2.5);
#150=CYLINDRICAL_SURFACE('',#5114,2.5);
#151=CYLINDRICAL_SURFACE('',#5115,2.15);
#152=CYLINDRICAL_SURFACE('',#5116,2.15);
#153=LINE('',#6417,#561);
#154=LINE('',#6420,#562);
#155=LINE('',#6422,#563);
#156=LINE('',#6424,#564);
#157=LINE('',#6426,#565);
#158=LINE('',#6428,#566);
#159=LINE('',#6430,#567);
#160=LINE('',#6432,#568);
#161=LINE('',#6434,#569);
#162=LINE('',#6436,#570);
#163=LINE('',#6438,#571);
#164=LINE('',#6440,#572);
#165=LINE('',#6442,#573);
#166=LINE('',#6444,#574);
#167=LINE('',#6446,#575);
#168=LINE('',#6448,#576);
#169=LINE('',#6450,#577);
#170=LINE('',#6452,#578);
#171=LINE('',#6454,#579);
#172=LINE('',#6456,#580);
#173=LINE('',#6484,#581);
#174=LINE('',#6487,#582);
#175=LINE('',#6489,#583);
#176=LINE('',#6491,#584);
#177=LINE('',#6493,#585);
#178=LINE('',#6495,#586);
#179=LINE('',#6497,#587);
#180=LINE('',#6499,#588);
#181=LINE('',#6501,#589);
#182=LINE('',#6503,#590);
#183=LINE('',#6505,#591);
#184=LINE('',#6507,#592);
#185=LINE('',#6509,#593);
#186=LINE('',#6511,#594);
#187=LINE('',#6513,#595);
#188=LINE('',#6515,#596);
#189=LINE('',#6517,#597);
#190=LINE('',#6519,#598);
#191=LINE('',#6521,#599);
#192=LINE('',#6523,#600);
#193=LINE('',#6545,#601);
#194=LINE('',#6546,#602);
#195=LINE('',#6548,#603);
#196=LINE('',#6550,#604);
#197=LINE('',#6552,#605);
#198=LINE('',#6554,#606);
#199=LINE('',#6556,#607);
#200=LINE('',#6558,#608);
#201=LINE('',#6560,#609);
#202=LINE('',#6562,#610);
#203=LINE('',#6564,#611);
#204=LINE('',#6566,#612);
#205=LINE('',#6568,#613);
#206=LINE('',#6570,#614);
#207=LINE('',#6572,#615);
#208=LINE('',#6574,#616);
#209=LINE('',#6576,#617);
#210=LINE('',#6578,#618);
#211=LINE('',#6580,#619);
#212=LINE('',#6582,#620);
#213=LINE('',#6607,#621);
#214=LINE('',#6609,#622);
#215=LINE('',#6611,#623);
#216=LINE('',#6613,#624);
#217=LINE('',#6615,#625);
#218=LINE('',#6617,#626);
#219=LINE('',#6621,#627);
#220=LINE('',#6625,#628);
#221=LINE('',#6627,#629);
#222=LINE('',#6637,#630);
#223=LINE('',#6639,#631);
#224=LINE('',#6641,#632);
#225=LINE('',#6643,#633);
#226=LINE('',#6645,#634);
#227=LINE('',#6646,#635);
#228=LINE('',#6651,#636);
#229=LINE('',#6689,#637);
#230=LINE('',#6690,#638);
#231=LINE('',#6692,#639);
#232=LINE('',#6694,#640);
#233=LINE('',#6696,#641);
#234=LINE('',#6698,#642);
#235=LINE('',#6700,#643);
#236=LINE('',#6702,#644);
#237=LINE('',#6708,#645);
#238=LINE('',#6710,#646);
#239=LINE('',#6711,#647);
#240=LINE('',#6713,#648);
#241=LINE('',#6715,#649);
#242=LINE('',#6717,#650);
#243=LINE('',#6719,#651);
#244=LINE('',#6721,#652);
#245=LINE('',#6723,#653);
#246=LINE('',#6725,#654);
#247=LINE('',#6727,#655);
#248=LINE('',#6729,#656);
#249=LINE('',#6730,#657);
#250=LINE('',#6733,#658);
#251=LINE('',#6736,#659);
#252=LINE('',#6738,#660);
#253=LINE('',#6740,#661);
#254=LINE('',#6742,#662);
#255=LINE('',#6744,#663);
#256=LINE('',#6746,#664);
#257=LINE('',#6786,#665);
#258=LINE('',#6787,#666);
#259=LINE('',#6789,#667);
#260=LINE('',#6792,#668);
#261=LINE('',#6794,#669);
#262=LINE('',#6796,#670);
#263=LINE('',#6800,#671);
#264=LINE('',#6801,#672);
#265=LINE('',#6803,#673);
#266=LINE('',#6804,#674);
#267=LINE('',#6806,#675);
#268=LINE('',#6807,#676);
#269=LINE('',#6809,#677);
#270=LINE('',#6810,#678);
#271=LINE('',#6812,#679);
#272=LINE('',#6813,#680);
#273=LINE('',#6815,#681);
#274=LINE('',#6816,#682);
#275=LINE('',#6818,#683);
#276=LINE('',#6819,#684);
#277=LINE('',#6821,#685);
#278=LINE('',#6822,#686);
#279=LINE('',#6832,#687);
#280=LINE('',#6834,#688);
#281=LINE('',#6836,#689);
#282=LINE('',#6838,#690);
#283=LINE('',#6840,#691);
#284=LINE('',#6842,#692);
#285=LINE('',#6844,#693);
#286=LINE('',#6846,#694);
#287=LINE('',#6848,#695);
#288=LINE('',#6850,#696);
#289=LINE('',#6852,#697);
#290=LINE('',#6854,#698);
#291=LINE('',#6856,#699);
#292=LINE('',#6858,#700);
#293=LINE('',#6861,#701);
#294=LINE('',#6869,#702);
#295=LINE('',#6907,#703);
#296=LINE('',#6910,#704);
#297=LINE('',#6911,#705);
#298=LINE('',#6913,#706);
#299=LINE('',#6915,#707);
#300=LINE('',#6927,#708);
#301=LINE('',#6929,#709);
#302=LINE('',#6931,#710);
#303=LINE('',#6933,#711);
#304=LINE('',#6935,#712);
#305=LINE('',#6937,#713);
#306=LINE('',#6943,#714);
#307=LINE('',#6947,#715);
#308=LINE('',#6949,#716);
#309=LINE('',#6952,#717);
#310=LINE('',#6954,#718);
#311=LINE('',#6956,#719);
#312=LINE('',#6958,#720);
#313=LINE('',#6960,#721);
#314=LINE('',#6968,#722);
#315=LINE('',#6973,#723);
#316=LINE('',#7011,#724);
#317=LINE('',#7013,#725);
#318=LINE('',#7015,#726);
#319=LINE('',#7017,#727);
#320=LINE('',#7019,#728);
#321=LINE('',#7021,#729);
#322=LINE('',#7023,#730);
#323=LINE('',#7024,#731);
#324=LINE('',#7030,#732);
#325=LINE('',#7032,#733);
#326=LINE('',#7034,#734);
#327=LINE('',#7035,#735);
#328=LINE('',#7037,#736);
#329=LINE('',#7039,#737);
#330=LINE('',#7040,#738);
#331=LINE('',#7042,#739);
#332=LINE('',#7044,#740);
#333=LINE('',#7046,#741);
#334=LINE('',#7048,#742);
#335=LINE('',#7050,#743);
#336=LINE('',#7052,#744);
#337=LINE('',#7055,#745);
#338=LINE('',#7058,#746);
#339=LINE('',#7060,#747);
#340=LINE('',#7062,#748);
#341=LINE('',#7064,#749);
#342=LINE('',#7066,#750);
#343=LINE('',#7068,#751);
#344=LINE('',#7108,#752);
#345=LINE('',#7109,#753);
#346=LINE('',#7111,#754);
#347=LINE('',#7114,#755);
#348=LINE('',#7116,#756);
#349=LINE('',#7118,#757);
#350=LINE('',#7122,#758);
#351=LINE('',#7123,#759);
#352=LINE('',#7125,#760);
#353=LINE('',#7126,#761);
#354=LINE('',#7128,#762);
#355=LINE('',#7129,#763);
#356=LINE('',#7131,#764);
#357=LINE('',#7132,#765);
#358=LINE('',#7134,#766);
#359=LINE('',#7135,#767);
#360=LINE('',#7137,#768);
#361=LINE('',#7138,#769);
#362=LINE('',#7140,#770);
#363=LINE('',#7141,#771);
#364=LINE('',#7143,#772);
#365=LINE('',#7144,#773);
#366=LINE('',#7154,#774);
#367=LINE('',#7156,#775);
#368=LINE('',#7158,#776);
#369=LINE('',#7160,#777);
#370=LINE('',#7162,#778);
#371=LINE('',#7164,#779);
#372=LINE('',#7166,#780);
#373=LINE('',#7168,#781);
#374=LINE('',#7170,#782);
#375=LINE('',#7172,#783);
#376=LINE('',#7174,#784);
#377=LINE('',#7176,#785);
#378=LINE('',#7178,#786);
#379=LINE('',#7180,#787);
#380=LINE('',#7183,#788);
#381=LINE('',#7191,#789);
#382=LINE('',#7229,#790);
#383=LINE('',#7232,#791);
#384=LINE('',#7233,#792);
#385=LINE('',#7235,#793);
#386=LINE('',#7237,#794);
#387=LINE('',#7249,#795);
#388=LINE('',#7251,#796);
#389=LINE('',#7253,#797);
#390=LINE('',#7255,#798);
#391=LINE('',#7257,#799);
#392=LINE('',#7259,#800);
#393=LINE('',#7265,#801);
#394=LINE('',#7269,#802);
#395=LINE('',#7271,#803);
#396=LINE('',#7274,#804);
#397=LINE('',#7276,#805);
#398=LINE('',#7278,#806);
#399=LINE('',#7280,#807);
#400=LINE('',#7282,#808);
#401=LINE('',#7290,#809);
#402=LINE('',#7295,#810);
#403=LINE('',#7333,#811);
#404=LINE('',#7335,#812);
#405=LINE('',#7337,#813);
#406=LINE('',#7339,#814);
#407=LINE('',#7341,#815);
#408=LINE('',#7343,#816);
#409=LINE('',#7345,#817);
#410=LINE('',#7346,#818);
#411=LINE('',#7352,#819);
#412=LINE('',#7354,#820);
#413=LINE('',#7356,#821);
#414=LINE('',#7357,#822);
#415=LINE('',#7359,#823);
#416=LINE('',#7361,#824);
#417=LINE('',#7362,#825);
#418=LINE('',#7364,#826);
#419=LINE('',#7366,#827);
#420=LINE('',#7368,#828);
#421=LINE('',#7370,#829);
#422=LINE('',#7372,#830);
#423=LINE('',#7374,#831);
#424=LINE('',#7377,#832);
#425=LINE('',#7380,#833);
#426=LINE('',#7382,#834);
#427=LINE('',#7384,#835);
#428=LINE('',#7386,#836);
#429=LINE('',#7388,#837);
#430=LINE('',#7390,#838);
#431=LINE('',#7430,#839);
#432=LINE('',#7431,#840);
#433=LINE('',#7433,#841);
#434=LINE('',#7436,#842);
#435=LINE('',#7438,#843);
#436=LINE('',#7440,#844);
#437=LINE('',#7444,#845);
#438=LINE('',#7445,#846);
#439=LINE('',#7447,#847);
#440=LINE('',#7448,#848);
#441=LINE('',#7450,#849);
#442=LINE('',#7451,#850);
#443=LINE('',#7453,#851);
#444=LINE('',#7454,#852);
#445=LINE('',#7456,#853);
#446=LINE('',#7457,#854);
#447=LINE('',#7459,#855);
#448=LINE('',#7460,#856);
#449=LINE('',#7462,#857);
#450=LINE('',#7463,#858);
#451=LINE('',#7465,#859);
#452=LINE('',#7466,#860);
#453=LINE('',#7476,#861);
#454=LINE('',#7478,#862);
#455=LINE('',#7480,#863);
#456=LINE('',#7482,#864);
#457=LINE('',#7484,#865);
#458=LINE('',#7486,#866);
#459=LINE('',#7488,#867);
#460=LINE('',#7490,#868);
#461=LINE('',#7492,#869);
#462=LINE('',#7494,#870);
#463=LINE('',#7496,#871);
#464=LINE('',#7498,#872);
#465=LINE('',#7500,#873);
#466=LINE('',#7502,#874);
#467=LINE('',#7505,#875);
#468=LINE('',#7513,#876);
#469=LINE('',#7551,#877);
#470=LINE('',#7554,#878);
#471=LINE('',#7555,#879);
#472=LINE('',#7557,#880);
#473=LINE('',#7559,#881);
#474=LINE('',#7573,#882);
#475=LINE('',#7575,#883);
#476=LINE('',#7577,#884);
#477=LINE('',#7579,#885);
#478=LINE('',#7581,#886);
#479=LINE('',#7583,#887);
#480=LINE('',#7587,#888);
#481=LINE('',#7591,#889);
#482=LINE('',#7593,#890);
#483=LINE('',#7603,#891);
#484=LINE('',#7605,#892);
#485=LINE('',#7607,#893);
#486=LINE('',#7609,#894);
#487=LINE('',#7611,#895);
#488=LINE('',#7612,#896);
#489=LINE('',#7617,#897);
#490=LINE('',#7655,#898);
#491=LINE('',#7656,#899);
#492=LINE('',#7658,#900);
#493=LINE('',#7660,#901);
#494=LINE('',#7662,#902);
#495=LINE('',#7664,#903);
#496=LINE('',#7666,#904);
#497=LINE('',#7668,#905);
#498=LINE('',#7674,#906);
#499=LINE('',#7676,#907);
#500=LINE('',#7677,#908);
#501=LINE('',#7679,#909);
#502=LINE('',#7681,#910);
#503=LINE('',#7683,#911);
#504=LINE('',#7685,#912);
#505=LINE('',#7687,#913);
#506=LINE('',#7689,#914);
#507=LINE('',#7691,#915);
#508=LINE('',#7693,#916);
#509=LINE('',#7695,#917);
#510=LINE('',#7696,#918);
#511=LINE('',#7699,#919);
#512=LINE('',#7702,#920);
#513=LINE('',#7704,#921);
#514=LINE('',#7706,#922);
#515=LINE('',#7708,#923);
#516=LINE('',#7710,#924);
#517=LINE('',#7712,#925);
#518=LINE('',#7752,#926);
#519=LINE('',#7753,#927);
#520=LINE('',#7755,#928);
#521=LINE('',#7758,#929);
#522=LINE('',#7760,#930);
#523=LINE('',#7762,#931);
#524=LINE('',#7766,#932);
#525=LINE('',#7767,#933);
#526=LINE('',#7769,#934);
#527=LINE('',#7770,#935);
#528=LINE('',#7772,#936);
#529=LINE('',#7773,#937);
#530=LINE('',#7775,#938);
#531=LINE('',#7776,#939);
#532=LINE('',#7778,#940);
#533=LINE('',#7779,#941);
#534=LINE('',#7781,#942);
#535=LINE('',#7782,#943);
#536=LINE('',#7784,#944);
#537=LINE('',#7785,#945);
#538=LINE('',#7787,#946);
#539=LINE('',#7788,#947);
#540=LINE('',#7798,#948);
#541=LINE('',#7800,#949);
#542=LINE('',#7802,#950);
#543=LINE('',#7804,#951);
#544=LINE('',#7806,#952);
#545=LINE('',#7808,#953);
#546=LINE('',#7810,#954);
#547=LINE('',#7812,#955);
#548=LINE('',#7814,#956);
#549=LINE('',#7816,#957);
#550=LINE('',#7818,#958);
#551=LINE('',#7820,#959);
#552=LINE('',#7822,#960);
#553=LINE('',#7824,#961);
#554=LINE('',#7827,#962);
#555=LINE('',#7835,#963);
#556=LINE('',#7873,#964);
#557=LINE('',#7876,#965);
#558=LINE('',#7877,#966);
#559=LINE('',#7879,#967);
#560=LINE('',#7881,#968);
#561=VECTOR('',#5127,1000.);
#562=VECTOR('',#5128,1000.);
#563=VECTOR('',#5129,1000.);
#564=VECTOR('',#5130,1000.);
#565=VECTOR('',#5131,1000.);
#566=VECTOR('',#5132,1000.);
#567=VECTOR('',#5133,1000.);
#568=VECTOR('',#5134,1000.);
#569=VECTOR('',#5135,1000.);
#570=VECTOR('',#5136,1000.);
#571=VECTOR('',#5137,1000.);
#572=VECTOR('',#5138,1000.);
#573=VECTOR('',#5139,1000.);
#574=VECTOR('',#5140,1000.);
#575=VECTOR('',#5141,1000.);
#576=VECTOR('',#5142,1000.);
#577=VECTOR('',#5143,1000.);
#578=VECTOR('',#5144,1000.);
#579=VECTOR('',#5145,1000.);
#580=VECTOR('',#5146,1000.);
#581=VECTOR('',#5175,1000.);
#582=VECTOR('',#5176,1000.);
#583=VECTOR('',#5177,1000.);
#584=VECTOR('',#5178,1000.);
#585=VECTOR('',#5179,1000.);
#586=VECTOR('',#5180,1000.);
#587=VECTOR('',#5181,1000.);
#588=VECTOR('',#5182,1000.);
#589=VECTOR('',#5183,1000.);
#590=VECTOR('',#5184,1000.);
#591=VECTOR('',#5185,1000.);
#592=VECTOR('',#5186,1000.);
#593=VECTOR('',#5187,1000.);
#594=VECTOR('',#5188,1000.);
#595=VECTOR('',#5189,1000.);
#596=VECTOR('',#5190,1000.);
#597=VECTOR('',#5191,1000.);
#598=VECTOR('',#5192,1000.);
#599=VECTOR('',#5193,1000.);
#600=VECTOR('',#5194,1000.);
#601=VECTOR('',#5217,1000.);
#602=VECTOR('',#5218,1000.);
#603=VECTOR('',#5221,1000.);
#604=VECTOR('',#5224,1000.);
#605=VECTOR('',#5227,1000.);
#606=VECTOR('',#5230,1000.);
#607=VECTOR('',#5233,1000.);
#608=VECTOR('',#5236,1000.);
#609=VECTOR('',#5239,1000.);
#610=VECTOR('',#5242,1000.);
#611=VECTOR('',#5245,1000.);
#612=VECTOR('',#5248,1000.);
#613=VECTOR('',#5251,1000.);
#614=VECTOR('',#5254,1000.);
#615=VECTOR('',#5257,1000.);
#616=VECTOR('',#5260,1000.);
#617=VECTOR('',#5263,1000.);
#618=VECTOR('',#5266,1000.);
#619=VECTOR('',#5269,1000.);
#620=VECTOR('',#5272,1000.);
#621=VECTOR('',#5307,1000.);
#622=VECTOR('',#5308,1000.);
#623=VECTOR('',#5309,1000.);
#624=VECTOR('',#5310,1000.);
#625=VECTOR('',#5311,1000.);
#626=VECTOR('',#5312,1000.);
#627=VECTOR('',#5315,1000.);
#628=VECTOR('',#5318,1000.);
#629=VECTOR('',#5321,1000.);
#630=VECTOR('',#5324,1000.);
#631=VECTOR('',#5325,1000.);
#632=VECTOR('',#5326,1000.);
#633=VECTOR('',#5327,1000.);
#634=VECTOR('',#5328,1000.);
#635=VECTOR('',#5329,1000.);
#636=VECTOR('',#5332,1000.);
#637=VECTOR('',#5371,1000.);
#638=VECTOR('',#5372,1000.);
#639=VECTOR('',#5373,1000.);
#640=VECTOR('',#5374,1000.);
#641=VECTOR('',#5375,1000.);
#642=VECTOR('',#5376,1000.);
#643=VECTOR('',#5377,1000.);
#644=VECTOR('',#5378,1000.);
#645=VECTOR('',#5385,1000.);
#646=VECTOR('',#5386,1000.);
#647=VECTOR('',#5387,1000.);
#648=VECTOR('',#5388,1000.);
#649=VECTOR('',#5391,1000.);
#650=VECTOR('',#5392,1000.);
#651=VECTOR('',#5393,1000.);
#652=VECTOR('',#5394,1000.);
#653=VECTOR('',#5395,1000.);
#654=VECTOR('',#5396,1000.);
#655=VECTOR('',#5397,1000.);
#656=VECTOR('',#5398,1000.);
#657=VECTOR('',#5399,1000.);
#658=VECTOR('',#5402,1000.);
#659=VECTOR('',#5403,1000.);
#660=VECTOR('',#5404,1000.);
#661=VECTOR('',#5405,1000.);
#662=VECTOR('',#5406,1000.);
#663=VECTOR('',#5407,1000.);
#664=VECTOR('',#5408,1000.);
#665=VECTOR('',#5451,1000.);
#666=VECTOR('',#5452,1000.);
#667=VECTOR('',#5455,1000.);
#668=VECTOR('',#5460,1000.);
#669=VECTOR('',#5463,1000.);
#670=VECTOR('',#5466,1000.);
#671=VECTOR('',#5473,1000.);
#672=VECTOR('',#5474,1000.);
#673=VECTOR('',#5477,1000.);
#674=VECTOR('',#5478,1000.);
#675=VECTOR('',#5481,1000.);
#676=VECTOR('',#5482,1000.);
#677=VECTOR('',#5485,1000.);
#678=VECTOR('',#5486,1000.);
#679=VECTOR('',#5489,1000.);
#680=VECTOR('',#5490,1000.);
#681=VECTOR('',#5493,1000.);
#682=VECTOR('',#5494,1000.);
#683=VECTOR('',#5497,1000.);
#684=VECTOR('',#5498,1000.);
#685=VECTOR('',#5501,1000.);
#686=VECTOR('',#5502,1000.);
#687=VECTOR('',#5521,1000.);
#688=VECTOR('',#5522,1000.);
#689=VECTOR('',#5523,1000.);
#690=VECTOR('',#5526,1000.);
#691=VECTOR('',#5527,1000.);
#692=VECTOR('',#5530,1000.);
#693=VECTOR('',#5531,1000.);
#694=VECTOR('',#5534,1000.);
#695=VECTOR('',#5535,1000.);
#696=VECTOR('',#5538,1000.);
#697=VECTOR('',#5539,1000.);
#698=VECTOR('',#5542,1000.);
#699=VECTOR('',#5543,1000.);
#700=VECTOR('',#5546,1000.);
#701=VECTOR('',#5551,1000.);
#702=VECTOR('',#5556,1000.);
#703=VECTOR('',#5559,1000.);
#704=VECTOR('',#5564,1000.);
#705=VECTOR('',#5565,1000.);
#706=VECTOR('',#5568,1000.);
#707=VECTOR('',#5571,1000.);
#708=VECTOR('',#5582,1000.);
#709=VECTOR('',#5583,1000.);
#710=VECTOR('',#5584,1000.);
#711=VECTOR('',#5585,1000.);
#712=VECTOR('',#5586,1000.);
#713=VECTOR('',#5587,1000.);
#714=VECTOR('',#5592,1000.);
#715=VECTOR('',#5595,1000.);
#716=VECTOR('',#5598,1000.);
#717=VECTOR('',#5599,1000.);
#718=VECTOR('',#5600,1000.);
#719=VECTOR('',#5601,1000.);
#720=VECTOR('',#5602,1000.);
#721=VECTOR('',#5603,1000.);
#722=VECTOR('',#5606,1000.);
#723=VECTOR('',#5609,1000.);
#724=VECTOR('',#5648,1000.);
#725=VECTOR('',#5649,1000.);
#726=VECTOR('',#5650,1000.);
#727=VECTOR('',#5651,1000.);
#728=VECTOR('',#5652,1000.);
#729=VECTOR('',#5653,1000.);
#730=VECTOR('',#5654,1000.);
#731=VECTOR('',#5655,1000.);
#732=VECTOR('',#5662,1000.);
#733=VECTOR('',#5663,1000.);
#734=VECTOR('',#5664,1000.);
#735=VECTOR('',#5665,1000.);
#736=VECTOR('',#5668,1000.);
#737=VECTOR('',#5669,1000.);
#738=VECTOR('',#5670,1000.);
#739=VECTOR('',#5671,1000.);
#740=VECTOR('',#5672,1000.);
#741=VECTOR('',#5673,1000.);
#742=VECTOR('',#5674,1000.);
#743=VECTOR('',#5675,1000.);
#744=VECTOR('',#5676,1000.);
#745=VECTOR('',#5679,1000.);
#746=VECTOR('',#5680,1000.);
#747=VECTOR('',#5681,1000.);
#748=VECTOR('',#5682,1000.);
#749=VECTOR('',#5683,1000.);
#750=VECTOR('',#5684,1000.);
#751=VECTOR('',#5685,1000.);
#752=VECTOR('',#5728,1000.);
#753=VECTOR('',#5729,1000.);
#754=VECTOR('',#5732,1000.);
#755=VECTOR('',#5737,1000.);
#756=VECTOR('',#5740,1000.);
#757=VECTOR('',#5743,1000.);
#758=VECTOR('',#5750,1000.);
#759=VECTOR('',#5751,1000.);
#760=VECTOR('',#5754,1000.);
#761=VECTOR('',#5755,1000.);
#762=VECTOR('',#5758,1000.);
#763=VECTOR('',#5759,1000.);
#764=VECTOR('',#5762,1000.);
#765=VECTOR('',#5763,1000.);
#766=VECTOR('',#5766,1000.);
#767=VECTOR('',#5767,1000.);
#768=VECTOR('',#5770,1000.);
#769=VECTOR('',#5771,1000.);
#770=VECTOR('',#5774,1000.);
#771=VECTOR('',#5775,1000.);
#772=VECTOR('',#5778,1000.);
#773=VECTOR('',#5779,1000.);
#774=VECTOR('',#5798,1000.);
#775=VECTOR('',#5799,1000.);
#776=VECTOR('',#5800,1000.);
#777=VECTOR('',#5803,1000.);
#778=VECTOR('',#5804,1000.);
#779=VECTOR('',#5807,1000.);
#780=VECTOR('',#5808,1000.);
#781=VECTOR('',#5811,1000.);
#782=VECTOR('',#5812,1000.);
#783=VECTOR('',#5815,1000.);
#784=VECTOR('',#5816,1000.);
#785=VECTOR('',#5819,1000.);
#786=VECTOR('',#5820,1000.);
#787=VECTOR('',#5823,1000.);
#788=VECTOR('',#5828,1000.);
#789=VECTOR('',#5833,1000.);
#790=VECTOR('',#5836,1000.);
#791=VECTOR('',#5841,1000.);
#792=VECTOR('',#5842,1000.);
#793=VECTOR('',#5845,1000.);
#794=VECTOR('',#5848,1000.);
#795=VECTOR('',#5859,1000.);
#796=VECTOR('',#5860,1000.);
#797=VECTOR('',#5861,1000.);
#798=VECTOR('',#5862,1000.);
#799=VECTOR('',#5863,1000.);
#800=VECTOR('',#5864,1000.);
#801=VECTOR('',#5869,1000.);
#802=VECTOR('',#5872,1000.);
#803=VECTOR('',#5875,1000.);
#804=VECTOR('',#5876,1000.);
#805=VECTOR('',#5877,1000.);
#806=VECTOR('',#5878,1000.);
#807=VECTOR('',#5879,1000.);
#808=VECTOR('',#5880,1000.);
#809=VECTOR('',#5883,1000.);
#810=VECTOR('',#5886,1000.);
#811=VECTOR('',#5925,1000.);
#812=VECTOR('',#5926,1000.);
#813=VECTOR('',#5927,1000.);
#814=VECTOR('',#5928,1000.);
#815=VECTOR('',#5929,1000.);
#816=VECTOR('',#5930,1000.);
#817=VECTOR('',#5931,1000.);
#818=VECTOR('',#5932,1000.);
#819=VECTOR('',#5939,1000.);
#820=VECTOR('',#5940,1000.);
#821=VECTOR('',#5941,1000.);
#822=VECTOR('',#5942,1000.);
#823=VECTOR('',#5945,1000.);
#824=VECTOR('',#5946,1000.);
#825=VECTOR('',#5947,1000.);
#826=VECTOR('',#5948,1000.);
#827=VECTOR('',#5949,1000.);
#828=VECTOR('',#5950,1000.);
#829=VECTOR('',#5951,1000.);
#830=VECTOR('',#5952,1000.);
#831=VECTOR('',#5953,1000.);
#832=VECTOR('',#5956,1000.);
#833=VECTOR('',#5957,1000.);
#834=VECTOR('',#5958,1000.);
#835=VECTOR('',#5959,1000.);
#836=VECTOR('',#5960,1000.);
#837=VECTOR('',#5961,1000.);
#838=VECTOR('',#5962,1000.);
#839=VECTOR('',#6005,1000.);
#840=VECTOR('',#6006,1000.);
#841=VECTOR('',#6009,1000.);
#842=VECTOR('',#6014,1000.);
#843=VECTOR('',#6017,1000.);
#844=VECTOR('',#6020,1000.);
#845=VECTOR('',#6027,1000.);
#846=VECTOR('',#6028,1000.);
#847=VECTOR('',#6031,1000.);
#848=VECTOR('',#6032,1000.);
#849=VECTOR('',#6035,1000.);
#850=VECTOR('',#6036,1000.);
#851=VECTOR('',#6039,1000.);
#852=VECTOR('',#6040,1000.);
#853=VECTOR('',#6043,1000.);
#854=VECTOR('',#6044,1000.);
#855=VECTOR('',#6047,1000.);
#856=VECTOR('',#6048,1000.);
#857=VECTOR('',#6051,1000.);
#858=VECTOR('',#6052,1000.);
#859=VECTOR('',#6055,1000.);
#860=VECTOR('',#6056,1000.);
#861=VECTOR('',#6075,1000.);
#862=VECTOR('',#6076,1000.);
#863=VECTOR('',#6077,1000.);
#864=VECTOR('',#6080,1000.);
#865=VECTOR('',#6081,1000.);
#866=VECTOR('',#6084,1000.);
#867=VECTOR('',#6085,1000.);
#868=VECTOR('',#6088,1000.);
#869=VECTOR('',#6089,1000.);
#870=VECTOR('',#6092,1000.);
#871=VECTOR('',#6093,1000.);
#872=VECTOR('',#6096,1000.);
#873=VECTOR('',#6097,1000.);
#874=VECTOR('',#6100,1000.);
#875=VECTOR('',#6105,1000.);
#876=VECTOR('',#6110,1000.);
#877=VECTOR('',#6113,1000.);
#878=VECTOR('',#6118,1000.);
#879=VECTOR('',#6119,1000.);
#880=VECTOR('',#6122,1000.);
#881=VECTOR('',#6125,1000.);
#882=VECTOR('',#6138,1000.);
#883=VECTOR('',#6139,1000.);
#884=VECTOR('',#6140,1000.);
#885=VECTOR('',#6141,1000.);
#886=VECTOR('',#6142,1000.);
#887=VECTOR('',#6143,1000.);
#888=VECTOR('',#6146,1000.);
#889=VECTOR('',#6149,1000.);
#890=VECTOR('',#6152,1000.);
#891=VECTOR('',#6155,1000.);
#892=VECTOR('',#6156,1000.);
#893=VECTOR('',#6157,1000.);
#894=VECTOR('',#6158,1000.);
#895=VECTOR('',#6159,1000.);
#896=VECTOR('',#6160,1000.);
#897=VECTOR('',#6163,1000.);
#898=VECTOR('',#6202,1000.);
#899=VECTOR('',#6203,1000.);
#900=VECTOR('',#6204,1000.);
#901=VECTOR('',#6205,1000.);
#902=VECTOR('',#6206,1000.);
#903=VECTOR('',#6207,1000.);
#904=VECTOR('',#6208,1000.);
#905=VECTOR('',#6209,1000.);
#906=VECTOR('',#6216,1000.);
#907=VECTOR('',#6217,1000.);
#908=VECTOR('',#6218,1000.);
#909=VECTOR('',#6219,1000.);
#910=VECTOR('',#6222,1000.);
#911=VECTOR('',#6223,1000.);
#912=VECTOR('',#6224,1000.);
#913=VECTOR('',#6225,1000.);
#914=VECTOR('',#6226,1000.);
#915=VECTOR('',#6227,1000.);
#916=VECTOR('',#6228,1000.);
#917=VECTOR('',#6229,1000.);
#918=VECTOR('',#6230,1000.);
#919=VECTOR('',#6233,1000.);
#920=VECTOR('',#6234,1000.);
#921=VECTOR('',#6235,1000.);
#922=VECTOR('',#6236,1000.);
#923=VECTOR('',#6237,1000.);
#924=VECTOR('',#6238,1000.);
#925=VECTOR('',#6239,1000.);
#926=VECTOR('',#6282,1000.);
#927=VECTOR('',#6283,1000.);
#928=VECTOR('',#6286,1000.);
#929=VECTOR('',#6291,1000.);
#930=VECTOR('',#6294,1000.);
#931=VECTOR('',#6297,1000.);
#932=VECTOR('',#6304,1000.);
#933=VECTOR('',#6305,1000.);
#934=VECTOR('',#6308,1000.);
#935=VECTOR('',#6309,1000.);
#936=VECTOR('',#6312,1000.);
#937=VECTOR('',#6313,1000.);
#938=VECTOR('',#6316,1000.);
#939=VECTOR('',#6317,1000.);
#940=VECTOR('',#6320,1000.);
#941=VECTOR('',#6321,1000.);
#942=VECTOR('',#6324,1000.);
#943=VECTOR('',#6325,1000.);
#944=VECTOR('',#6328,1000.);
#945=VECTOR('',#6329,1000.);
#946=VECTOR('',#6332,1000.);
#947=VECTOR('',#6333,1000.);
#948=VECTOR('',#6352,1000.);
#949=VECTOR('',#6353,1000.);
#950=VECTOR('',#6354,1000.);
#951=VECTOR('',#6357,1000.);
#952=VECTOR('',#6358,1000.);
#953=VECTOR('',#6361,1000.);
#954=VECTOR('',#6362,1000.);
#955=VECTOR('',#6365,1000.);
#956=VECTOR('',#6366,1000.);
#957=VECTOR('',#6369,1000.);
#958=VECTOR('',#6370,1000.);
#959=VECTOR('',#6373,1000.);
#960=VECTOR('',#6374,1000.);
#961=VECTOR('',#6377,1000.);
#962=VECTOR('',#6382,1000.);
#963=VECTOR('',#6387,1000.);
#964=VECTOR('',#6390,1000.);
#965=VECTOR('',#6395,1000.);
#966=VECTOR('',#6396,1000.);
#967=VECTOR('',#6399,1000.);
#968=VECTOR('',#6402,1000.);
#969=ORIENTED_EDGE('',*,*,#2237,.T.);
#970=ORIENTED_EDGE('',*,*,#2238,.T.);
#971=ORIENTED_EDGE('',*,*,#2239,.F.);
#972=ORIENTED_EDGE('',*,*,#2240,.F.);
#973=ORIENTED_EDGE('',*,*,#2241,.F.);
#974=ORIENTED_EDGE('',*,*,#2242,.T.);
#975=ORIENTED_EDGE('',*,*,#2243,.T.);
#976=ORIENTED_EDGE('',*,*,#2244,.F.);
#977=ORIENTED_EDGE('',*,*,#2245,.F.);
#978=ORIENTED_EDGE('',*,*,#2246,.T.);
#979=ORIENTED_EDGE('',*,*,#2247,.T.);
#980=ORIENTED_EDGE('',*,*,#2248,.T.);
#981=ORIENTED_EDGE('',*,*,#2249,.T.);
#982=ORIENTED_EDGE('',*,*,#2250,.F.);
#983=ORIENTED_EDGE('',*,*,#2251,.T.);
#984=ORIENTED_EDGE('',*,*,#2252,.F.);
#985=ORIENTED_EDGE('',*,*,#2253,.T.);
#986=ORIENTED_EDGE('',*,*,#2254,.T.);
#987=ORIENTED_EDGE('',*,*,#2255,.F.);
#988=ORIENTED_EDGE('',*,*,#2256,.F.);
#989=ORIENTED_EDGE('',*,*,#2257,.F.);
#990=ORIENTED_EDGE('',*,*,#2258,.T.);
#991=ORIENTED_EDGE('',*,*,#2259,.F.);
#992=ORIENTED_EDGE('',*,*,#2260,.T.);
#993=ORIENTED_EDGE('',*,*,#2261,.T.);
#994=ORIENTED_EDGE('',*,*,#2262,.T.);
#995=ORIENTED_EDGE('',*,*,#2263,.T.);
#996=ORIENTED_EDGE('',*,*,#2264,.F.);
#997=ORIENTED_EDGE('',*,*,#2265,.F.);
#998=ORIENTED_EDGE('',*,*,#2266,.F.);
#999=ORIENTED_EDGE('',*,*,#2267,.F.);
#1000=ORIENTED_EDGE('',*,*,#2268,.F.);
#1001=ORIENTED_EDGE('',*,*,#2269,.T.);
#1002=ORIENTED_EDGE('',*,*,#2270,.T.);
#1003=ORIENTED_EDGE('',*,*,#2271,.T.);
#1004=ORIENTED_EDGE('',*,*,#2272,.T.);
#1005=ORIENTED_EDGE('',*,*,#2273,.T.);
#1006=ORIENTED_EDGE('',*,*,#2274,.T.);
#1007=ORIENTED_EDGE('',*,*,#2275,.F.);
#1008=ORIENTED_EDGE('',*,*,#2276,.T.);
#1009=ORIENTED_EDGE('',*,*,#2277,.T.);
#1010=ORIENTED_EDGE('',*,*,#2278,.T.);
#1011=ORIENTED_EDGE('',*,*,#2279,.F.);
#1012=ORIENTED_EDGE('',*,*,#2280,.F.);
#1013=ORIENTED_EDGE('',*,*,#2281,.T.);
#1014=ORIENTED_EDGE('',*,*,#2282,.F.);
#1015=ORIENTED_EDGE('',*,*,#2283,.T.);
#1016=ORIENTED_EDGE('',*,*,#2284,.F.);
#1017=ORIENTED_EDGE('',*,*,#2285,.F.);
#1018=ORIENTED_EDGE('',*,*,#2286,.F.);
#1019=ORIENTED_EDGE('',*,*,#2287,.F.);
#1020=ORIENTED_EDGE('',*,*,#2288,.T.);
#1021=ORIENTED_EDGE('',*,*,#2289,.T.);
#1022=ORIENTED_EDGE('',*,*,#2290,.F.);
#1023=ORIENTED_EDGE('',*,*,#2291,.F.);
#1024=ORIENTED_EDGE('',*,*,#2292,.T.);
#1025=ORIENTED_EDGE('',*,*,#2293,.F.);
#1026=ORIENTED_EDGE('',*,*,#2294,.F.);
#1027=ORIENTED_EDGE('',*,*,#2295,.F.);
#1028=ORIENTED_EDGE('',*,*,#2296,.F.);
#1029=ORIENTED_EDGE('',*,*,#2297,.T.);
#1030=ORIENTED_EDGE('',*,*,#2298,.T.);
#1031=ORIENTED_EDGE('',*,*,#2299,.T.);
#1032=ORIENTED_EDGE('',*,*,#2300,.T.);
#1033=ORIENTED_EDGE('',*,*,#2301,.F.);
#1034=ORIENTED_EDGE('',*,*,#2302,.F.);
#1035=ORIENTED_EDGE('',*,*,#2273,.F.);
#1036=ORIENTED_EDGE('',*,*,#2303,.F.);
#1037=ORIENTED_EDGE('',*,*,#2240,.T.);
#1038=ORIENTED_EDGE('',*,*,#2304,.T.);
#1039=ORIENTED_EDGE('',*,*,#2292,.F.);
#1040=ORIENTED_EDGE('',*,*,#2305,.F.);
#1041=ORIENTED_EDGE('',*,*,#2241,.T.);
#1042=ORIENTED_EDGE('',*,*,#2303,.T.);
#1043=ORIENTED_EDGE('',*,*,#2291,.T.);
#1044=ORIENTED_EDGE('',*,*,#2306,.F.);
#1045=ORIENTED_EDGE('',*,*,#2242,.F.);
#1046=ORIENTED_EDGE('',*,*,#2305,.T.);
#1047=ORIENTED_EDGE('',*,*,#2290,.T.);
#1048=ORIENTED_EDGE('',*,*,#2307,.F.);
#1049=ORIENTED_EDGE('',*,*,#2243,.F.);
#1050=ORIENTED_EDGE('',*,*,#2306,.T.);
#1051=ORIENTED_EDGE('',*,*,#2289,.F.);
#1052=ORIENTED_EDGE('',*,*,#2308,.F.);
#1053=ORIENTED_EDGE('',*,*,#2244,.T.);
#1054=ORIENTED_EDGE('',*,*,#2307,.T.);
#1055=ORIENTED_EDGE('',*,*,#2288,.F.);
#1056=ORIENTED_EDGE('',*,*,#2309,.F.);
#1057=ORIENTED_EDGE('',*,*,#2245,.T.);
#1058=ORIENTED_EDGE('',*,*,#2308,.T.);
#1059=ORIENTED_EDGE('',*,*,#2287,.T.);
#1060=ORIENTED_EDGE('',*,*,#2310,.F.);
#1061=ORIENTED_EDGE('',*,*,#2246,.F.);
#1062=ORIENTED_EDGE('',*,*,#2309,.T.);
#1063=ORIENTED_EDGE('',*,*,#2286,.T.);
#1064=ORIENTED_EDGE('',*,*,#2311,.F.);
#1065=ORIENTED_EDGE('',*,*,#2247,.F.);
#1066=ORIENTED_EDGE('',*,*,#2310,.T.);
#1067=ORIENTED_EDGE('',*,*,#2285,.T.);
#1068=ORIENTED_EDGE('',*,*,#2312,.F.);
#1069=ORIENTED_EDGE('',*,*,#2248,.F.);
#1070=ORIENTED_EDGE('',*,*,#2311,.T.);
#1071=ORIENTED_EDGE('',*,*,#2284,.T.);
#1072=ORIENTED_EDGE('',*,*,#2313,.F.);
#1073=ORIENTED_EDGE('',*,*,#2249,.F.);
#1074=ORIENTED_EDGE('',*,*,#2312,.T.);
#1075=ORIENTED_EDGE('',*,*,#2283,.F.);
#1076=ORIENTED_EDGE('',*,*,#2314,.F.);
#1077=ORIENTED_EDGE('',*,*,#2250,.T.);
#1078=ORIENTED_EDGE('',*,*,#2313,.T.);
#1079=ORIENTED_EDGE('',*,*,#2282,.T.);
#1080=ORIENTED_EDGE('',*,*,#2315,.F.);
#1081=ORIENTED_EDGE('',*,*,#2251,.F.);
#1082=ORIENTED_EDGE('',*,*,#2314,.T.);
#1083=ORIENTED_EDGE('',*,*,#2281,.F.);
#1084=ORIENTED_EDGE('',*,*,#2316,.F.);
#1085=ORIENTED_EDGE('',*,*,#2252,.T.);
#1086=ORIENTED_EDGE('',*,*,#2315,.T.);
#1087=ORIENTED_EDGE('',*,*,#2280,.T.);
#1088=ORIENTED_EDGE('',*,*,#2317,.F.);
#1089=ORIENTED_EDGE('',*,*,#2253,.F.);
#1090=ORIENTED_EDGE('',*,*,#2316,.T.);
#1091=ORIENTED_EDGE('',*,*,#2279,.T.);
#1092=ORIENTED_EDGE('',*,*,#2318,.F.);
#1093=ORIENTED_EDGE('',*,*,#2254,.F.);
#1094=ORIENTED_EDGE('',*,*,#2317,.T.);
#1095=ORIENTED_EDGE('',*,*,#2278,.F.);
#1096=ORIENTED_EDGE('',*,*,#2319,.F.);
#1097=ORIENTED_EDGE('',*,*,#2255,.T.);
#1098=ORIENTED_EDGE('',*,*,#2318,.T.);
#1099=ORIENTED_EDGE('',*,*,#2277,.F.);
#1100=ORIENTED_EDGE('',*,*,#2320,.F.);
#1101=ORIENTED_EDGE('',*,*,#2256,.T.);
#1102=ORIENTED_EDGE('',*,*,#2319,.T.);
#1103=ORIENTED_EDGE('',*,*,#2276,.F.);
#1104=ORIENTED_EDGE('',*,*,#2321,.F.);
#1105=ORIENTED_EDGE('',*,*,#2257,.T.);
#1106=ORIENTED_EDGE('',*,*,#2320,.T.);
#1107=ORIENTED_EDGE('',*,*,#2275,.T.);
#1108=ORIENTED_EDGE('',*,*,#2322,.F.);
#1109=ORIENTED_EDGE('',*,*,#2258,.F.);
#1110=ORIENTED_EDGE('',*,*,#2321,.T.);
#1111=ORIENTED_EDGE('',*,*,#2266,.T.);
#1112=ORIENTED_EDGE('',*,*,#2299,.F.);
#1113=ORIENTED_EDGE('',*,*,#2265,.T.);
#1114=ORIENTED_EDGE('',*,*,#2298,.F.);
#1115=ORIENTED_EDGE('',*,*,#2264,.T.);
#1116=ORIENTED_EDGE('',*,*,#2297,.F.);
#1117=ORIENTED_EDGE('',*,*,#2263,.F.);
#1118=ORIENTED_EDGE('',*,*,#2296,.T.);
#1119=ORIENTED_EDGE('',*,*,#2262,.F.);
#1120=ORIENTED_EDGE('',*,*,#2295,.T.);
#1121=ORIENTED_EDGE('',*,*,#2261,.F.);
#1122=ORIENTED_EDGE('',*,*,#2294,.T.);
#1123=ORIENTED_EDGE('',*,*,#2260,.F.);
#1124=ORIENTED_EDGE('',*,*,#2293,.T.);
#1125=ORIENTED_EDGE('',*,*,#2274,.F.);
#1126=ORIENTED_EDGE('',*,*,#2304,.F.);
#1127=ORIENTED_EDGE('',*,*,#2259,.T.);
#1128=ORIENTED_EDGE('',*,*,#2322,.T.);
#1129=ORIENTED_EDGE('',*,*,#2267,.T.);
#1130=ORIENTED_EDGE('',*,*,#2300,.F.);
#1131=ORIENTED_EDGE('',*,*,#2239,.T.);
#1132=ORIENTED_EDGE('',*,*,#2272,.F.);
#1133=ORIENTED_EDGE('',*,*,#2238,.F.);
#1134=ORIENTED_EDGE('',*,*,#2301,.T.);
#1135=ORIENTED_EDGE('',*,*,#2268,.T.);
#1136=ORIENTED_EDGE('',*,*,#2271,.F.);
#1137=ORIENTED_EDGE('',*,*,#2269,.F.);
#1138=ORIENTED_EDGE('',*,*,#2302,.T.);
#1139=ORIENTED_EDGE('',*,*,#2237,.F.);
#1140=ORIENTED_EDGE('',*,*,#2270,.F.);
#1141=ORIENTED_EDGE('',*,*,#2323,.T.);
#1142=ORIENTED_EDGE('',*,*,#2324,.T.);
#1143=ORIENTED_EDGE('',*,*,#2325,.T.);
#1144=ORIENTED_EDGE('',*,*,#2326,.F.);
#1145=ORIENTED_EDGE('',*,*,#2327,.F.);
#1146=ORIENTED_EDGE('',*,*,#2328,.T.);
#1147=ORIENTED_EDGE('',*,*,#2329,.F.);
#1148=ORIENTED_EDGE('',*,*,#2330,.F.);
#1149=ORIENTED_EDGE('',*,*,#2331,.F.);
#1150=ORIENTED_EDGE('',*,*,#2332,.T.);
#1151=ORIENTED_EDGE('',*,*,#2333,.T.);
#1152=ORIENTED_EDGE('',*,*,#2334,.F.);
#1153=ORIENTED_EDGE('',*,*,#2335,.F.);
#1154=ORIENTED_EDGE('',*,*,#2336,.T.);
#1155=ORIENTED_EDGE('',*,*,#2337,.F.);
#1156=ORIENTED_EDGE('',*,*,#2338,.F.);
#1157=ORIENTED_EDGE('',*,*,#2339,.T.);
#1158=ORIENTED_EDGE('',*,*,#2340,.F.);
#1159=ORIENTED_EDGE('',*,*,#2341,.T.);
#1160=ORIENTED_EDGE('',*,*,#2342,.T.);
#1161=ORIENTED_EDGE('',*,*,#2343,.F.);
#1162=ORIENTED_EDGE('',*,*,#2344,.T.);
#1163=ORIENTED_EDGE('',*,*,#2345,.T.);
#1164=ORIENTED_EDGE('',*,*,#2346,.F.);
#1165=ORIENTED_EDGE('',*,*,#2347,.T.);
#1166=ORIENTED_EDGE('',*,*,#2348,.T.);
#1167=ORIENTED_EDGE('',*,*,#2349,.T.);
#1168=ORIENTED_EDGE('',*,*,#2350,.T.);
#1169=ORIENTED_EDGE('',*,*,#2351,.F.);
#1170=ORIENTED_EDGE('',*,*,#2352,.F.);
#1171=ORIENTED_EDGE('',*,*,#2353,.T.);
#1172=ORIENTED_EDGE('',*,*,#2354,.F.);
#1173=ORIENTED_EDGE('',*,*,#2355,.T.);
#1174=ORIENTED_EDGE('',*,*,#2356,.T.);
#1175=ORIENTED_EDGE('',*,*,#2357,.T.);
#1176=ORIENTED_EDGE('',*,*,#2358,.T.);
#1177=ORIENTED_EDGE('',*,*,#2359,.T.);
#1178=ORIENTED_EDGE('',*,*,#2360,.F.);
#1179=ORIENTED_EDGE('',*,*,#2361,.T.);
#1180=ORIENTED_EDGE('',*,*,#2362,.F.);
#1181=ORIENTED_EDGE('',*,*,#2363,.T.);
#1182=ORIENTED_EDGE('',*,*,#2325,.F.);
#1183=ORIENTED_EDGE('',*,*,#2364,.T.);
#1184=ORIENTED_EDGE('',*,*,#2335,.T.);
#1185=ORIENTED_EDGE('',*,*,#2365,.F.);
#1186=ORIENTED_EDGE('',*,*,#2366,.F.);
#1187=ORIENTED_EDGE('',*,*,#2367,.F.);
#1188=ORIENTED_EDGE('',*,*,#2368,.T.);
#1189=ORIENTED_EDGE('',*,*,#2369,.T.);
#1190=ORIENTED_EDGE('',*,*,#2370,.T.);
#1191=ORIENTED_EDGE('',*,*,#2371,.T.);
#1192=ORIENTED_EDGE('',*,*,#2372,.F.);
#1193=ORIENTED_EDGE('',*,*,#2373,.F.);
#1194=ORIENTED_EDGE('',*,*,#2374,.F.);
#1195=ORIENTED_EDGE('',*,*,#2375,.T.);
#1196=ORIENTED_EDGE('',*,*,#2329,.T.);
#1197=ORIENTED_EDGE('',*,*,#2376,.T.);
#1198=ORIENTED_EDGE('',*,*,#2377,.T.);
#1199=ORIENTED_EDGE('',*,*,#2339,.F.);
#1200=ORIENTED_EDGE('',*,*,#2378,.F.);
#1201=ORIENTED_EDGE('',*,*,#2327,.T.);
#1202=ORIENTED_EDGE('',*,*,#2379,.F.);
#1203=ORIENTED_EDGE('',*,*,#2380,.F.);
#1204=ORIENTED_EDGE('',*,*,#2381,.F.);
#1205=ORIENTED_EDGE('',*,*,#2382,.F.);
#1206=ORIENTED_EDGE('',*,*,#2383,.T.);
#1207=ORIENTED_EDGE('',*,*,#2384,.T.);
#1208=ORIENTED_EDGE('',*,*,#2385,.T.);
#1209=ORIENTED_EDGE('',*,*,#2341,.F.);
#1210=ORIENTED_EDGE('',*,*,#2386,.F.);
#1211=ORIENTED_EDGE('',*,*,#2387,.F.);
#1212=ORIENTED_EDGE('',*,*,#2388,.F.);
#1213=ORIENTED_EDGE('',*,*,#2389,.T.);
#1214=ORIENTED_EDGE('',*,*,#2390,.T.);
#1215=ORIENTED_EDGE('',*,*,#2391,.T.);
#1216=ORIENTED_EDGE('',*,*,#2392,.T.);
#1217=ORIENTED_EDGE('',*,*,#2393,.F.);
#1218=ORIENTED_EDGE('',*,*,#2394,.F.);
#1219=ORIENTED_EDGE('',*,*,#2395,.T.);
#1220=ORIENTED_EDGE('',*,*,#2396,.T.);
#1221=ORIENTED_EDGE('',*,*,#2397,.T.);
#1222=ORIENTED_EDGE('',*,*,#2398,.T.);
#1223=ORIENTED_EDGE('',*,*,#2399,.F.);
#1224=ORIENTED_EDGE('',*,*,#2400,.T.);
#1225=ORIENTED_EDGE('',*,*,#2401,.F.);
#1226=ORIENTED_EDGE('',*,*,#2402,.T.);
#1227=ORIENTED_EDGE('',*,*,#2403,.T.);
#1228=ORIENTED_EDGE('',*,*,#2404,.T.);
#1229=ORIENTED_EDGE('',*,*,#2405,.T.);
#1230=ORIENTED_EDGE('',*,*,#2406,.T.);
#1231=ORIENTED_EDGE('',*,*,#2407,.T.);
#1232=ORIENTED_EDGE('',*,*,#2408,.F.);
#1233=ORIENTED_EDGE('',*,*,#2409,.F.);
#1234=ORIENTED_EDGE('',*,*,#2410,.T.);
#1235=ORIENTED_EDGE('',*,*,#2411,.F.);
#1236=ORIENTED_EDGE('',*,*,#2412,.T.);
#1237=ORIENTED_EDGE('',*,*,#2387,.T.);
#1238=ORIENTED_EDGE('',*,*,#2408,.T.);
#1239=ORIENTED_EDGE('',*,*,#2367,.T.);
#1240=ORIENTED_EDGE('',*,*,#2413,.F.);
#1241=ORIENTED_EDGE('',*,*,#2383,.F.);
#1242=ORIENTED_EDGE('',*,*,#2414,.T.);
#1243=ORIENTED_EDGE('',*,*,#2366,.T.);
#1244=ORIENTED_EDGE('',*,*,#2415,.F.);
#1245=ORIENTED_EDGE('',*,*,#2384,.F.);
#1246=ORIENTED_EDGE('',*,*,#2413,.T.);
#1247=ORIENTED_EDGE('',*,*,#2365,.T.);
#1248=ORIENTED_EDGE('',*,*,#2342,.F.);
#1249=ORIENTED_EDGE('',*,*,#2385,.F.);
#1250=ORIENTED_EDGE('',*,*,#2415,.T.);
#1251=ORIENTED_EDGE('',*,*,#2371,.F.);
#1252=ORIENTED_EDGE('',*,*,#2416,.F.);
#1253=ORIENTED_EDGE('',*,*,#2379,.T.);
#1254=ORIENTED_EDGE('',*,*,#2326,.T.);
#1255=ORIENTED_EDGE('',*,*,#2370,.F.);
#1256=ORIENTED_EDGE('',*,*,#2417,.F.);
#1257=ORIENTED_EDGE('',*,*,#2380,.T.);
#1258=ORIENTED_EDGE('',*,*,#2416,.T.);
#1259=ORIENTED_EDGE('',*,*,#2369,.F.);
#1260=ORIENTED_EDGE('',*,*,#2418,.F.);
#1261=ORIENTED_EDGE('',*,*,#2381,.T.);
#1262=ORIENTED_EDGE('',*,*,#2417,.T.);
#1263=ORIENTED_EDGE('',*,*,#2368,.F.);
#1264=ORIENTED_EDGE('',*,*,#2414,.F.);
#1265=ORIENTED_EDGE('',*,*,#2382,.T.);
#1266=ORIENTED_EDGE('',*,*,#2418,.T.);
#1267=ORIENTED_EDGE('',*,*,#2351,.T.);
#1268=ORIENTED_EDGE('',*,*,#2407,.F.);
#1269=ORIENTED_EDGE('',*,*,#2405,.F.);
#1270=ORIENTED_EDGE('',*,*,#2419,.T.);
#1271=ORIENTED_EDGE('',*,*,#2352,.T.);
#1272=ORIENTED_EDGE('',*,*,#2420,.T.);
#1273=ORIENTED_EDGE('',*,*,#2354,.T.);
#1274=ORIENTED_EDGE('',*,*,#2421,.T.);
#1275=ORIENTED_EDGE('',*,*,#2403,.F.);
#1276=ORIENTED_EDGE('',*,*,#2422,.T.);
#1277=ORIENTED_EDGE('',*,*,#2401,.T.);
#1278=ORIENTED_EDGE('',*,*,#2423,.T.);
#1279=ORIENTED_EDGE('',*,*,#2356,.F.);
#1280=ORIENTED_EDGE('',*,*,#2424,.T.);
#1281=ORIENTED_EDGE('',*,*,#2358,.F.);
#1282=ORIENTED_EDGE('',*,*,#2425,.T.);
#1283=ORIENTED_EDGE('',*,*,#2399,.T.);
#1284=ORIENTED_EDGE('',*,*,#2426,.T.);
#1285=ORIENTED_EDGE('',*,*,#2411,.T.);
#1286=ORIENTED_EDGE('',*,*,#2427,.T.);
#1287=ORIENTED_EDGE('',*,*,#2347,.F.);
#1288=ORIENTED_EDGE('',*,*,#2428,.T.);
#1289=ORIENTED_EDGE('',*,*,#2349,.F.);
#1290=ORIENTED_EDGE('',*,*,#2429,.T.);
#1291=ORIENTED_EDGE('',*,*,#2409,.T.);
#1292=ORIENTED_EDGE('',*,*,#2430,.T.);
#1293=ORIENTED_EDGE('',*,*,#2362,.T.);
#1294=ORIENTED_EDGE('',*,*,#2431,.T.);
#1295=ORIENTED_EDGE('',*,*,#2395,.F.);
#1296=ORIENTED_EDGE('',*,*,#2432,.T.);
#1297=ORIENTED_EDGE('',*,*,#2397,.F.);
#1298=ORIENTED_EDGE('',*,*,#2433,.T.);
#1299=ORIENTED_EDGE('',*,*,#2360,.T.);
#1300=ORIENTED_EDGE('',*,*,#2434,.T.);
#1301=ORIENTED_EDGE('',*,*,#2400,.F.);
#1302=ORIENTED_EDGE('',*,*,#2425,.F.);
#1303=ORIENTED_EDGE('',*,*,#2357,.F.);
#1304=ORIENTED_EDGE('',*,*,#2423,.F.);
#1305=ORIENTED_EDGE('',*,*,#2402,.F.);
#1306=ORIENTED_EDGE('',*,*,#2424,.F.);
#1307=ORIENTED_EDGE('',*,*,#2359,.F.);
#1308=ORIENTED_EDGE('',*,*,#2426,.F.);
#1309=ORIENTED_EDGE('',*,*,#2404,.F.);
#1310=ORIENTED_EDGE('',*,*,#2421,.F.);
#1311=ORIENTED_EDGE('',*,*,#2353,.F.);
#1312=ORIENTED_EDGE('',*,*,#2419,.F.);
#1313=ORIENTED_EDGE('',*,*,#2406,.F.);
#1314=ORIENTED_EDGE('',*,*,#2420,.F.);
#1315=ORIENTED_EDGE('',*,*,#2355,.F.);
#1316=ORIENTED_EDGE('',*,*,#2422,.F.);
#1317=ORIENTED_EDGE('',*,*,#2410,.F.);
#1318=ORIENTED_EDGE('',*,*,#2429,.F.);
#1319=ORIENTED_EDGE('',*,*,#2348,.F.);
#1320=ORIENTED_EDGE('',*,*,#2427,.F.);
#1321=ORIENTED_EDGE('',*,*,#2412,.F.);
#1322=ORIENTED_EDGE('',*,*,#2428,.F.);
#1323=ORIENTED_EDGE('',*,*,#2350,.F.);
#1324=ORIENTED_EDGE('',*,*,#2430,.F.);
#1325=ORIENTED_EDGE('',*,*,#2396,.F.);
#1326=ORIENTED_EDGE('',*,*,#2431,.F.);
#1327=ORIENTED_EDGE('',*,*,#2361,.F.);
#1328=ORIENTED_EDGE('',*,*,#2433,.F.);
#1329=ORIENTED_EDGE('',*,*,#2398,.F.);
#1330=ORIENTED_EDGE('',*,*,#2434,.F.);
#1331=ORIENTED_EDGE('',*,*,#2363,.F.);
#1332=ORIENTED_EDGE('',*,*,#2432,.F.);
#1333=ORIENTED_EDGE('',*,*,#2389,.F.);
#1334=ORIENTED_EDGE('',*,*,#2435,.F.);
#1335=ORIENTED_EDGE('',*,*,#2436,.T.);
#1336=ORIENTED_EDGE('',*,*,#2437,.T.);
#1337=ORIENTED_EDGE('',*,*,#2388,.T.);
#1338=ORIENTED_EDGE('',*,*,#2438,.F.);
#1339=ORIENTED_EDGE('',*,*,#2439,.F.);
#1340=ORIENTED_EDGE('',*,*,#2435,.T.);
#1341=ORIENTED_EDGE('',*,*,#2394,.T.);
#1342=ORIENTED_EDGE('',*,*,#2440,.F.);
#1343=ORIENTED_EDGE('',*,*,#2441,.F.);
#1344=ORIENTED_EDGE('',*,*,#2438,.T.);
#1345=ORIENTED_EDGE('',*,*,#2393,.T.);
#1346=ORIENTED_EDGE('',*,*,#2442,.F.);
#1347=ORIENTED_EDGE('',*,*,#2443,.F.);
#1348=ORIENTED_EDGE('',*,*,#2440,.T.);
#1349=ORIENTED_EDGE('',*,*,#2392,.F.);
#1350=ORIENTED_EDGE('',*,*,#2444,.F.);
#1351=ORIENTED_EDGE('',*,*,#2445,.T.);
#1352=ORIENTED_EDGE('',*,*,#2442,.T.);
#1353=ORIENTED_EDGE('',*,*,#2391,.F.);
#1354=ORIENTED_EDGE('',*,*,#2446,.F.);
#1355=ORIENTED_EDGE('',*,*,#2447,.T.);
#1356=ORIENTED_EDGE('',*,*,#2444,.T.);
#1357=ORIENTED_EDGE('',*,*,#2390,.F.);
#1358=ORIENTED_EDGE('',*,*,#2437,.F.);
#1359=ORIENTED_EDGE('',*,*,#2448,.T.);
#1360=ORIENTED_EDGE('',*,*,#2446,.T.);
#1361=ORIENTED_EDGE('',*,*,#2436,.F.);
#1362=ORIENTED_EDGE('',*,*,#2439,.T.);
#1363=ORIENTED_EDGE('',*,*,#2441,.T.);
#1364=ORIENTED_EDGE('',*,*,#2443,.T.);
#1365=ORIENTED_EDGE('',*,*,#2445,.F.);
#1366=ORIENTED_EDGE('',*,*,#2447,.F.);
#1367=ORIENTED_EDGE('',*,*,#2448,.F.);
#1368=ORIENTED_EDGE('',*,*,#2378,.T.);
#1369=ORIENTED_EDGE('',*,*,#2449,.F.);
#1370=ORIENTED_EDGE('',*,*,#2376,.F.);
#1371=ORIENTED_EDGE('',*,*,#2328,.F.);
#1372=ORIENTED_EDGE('',*,*,#2340,.T.);
#1373=ORIENTED_EDGE('',*,*,#2377,.F.);
#1374=ORIENTED_EDGE('',*,*,#2449,.T.);
#1375=ORIENTED_EDGE('',*,*,#2386,.T.);
#1376=ORIENTED_EDGE('',*,*,#2450,.F.);
#1377=ORIENTED_EDGE('',*,*,#2330,.T.);
#1378=ORIENTED_EDGE('',*,*,#2375,.F.);
#1379=ORIENTED_EDGE('',*,*,#2451,.F.);
#1380=ORIENTED_EDGE('',*,*,#2338,.T.);
#1381=ORIENTED_EDGE('',*,*,#2452,.T.);
#1382=ORIENTED_EDGE('',*,*,#2451,.T.);
#1383=ORIENTED_EDGE('',*,*,#2374,.T.);
#1384=ORIENTED_EDGE('',*,*,#2453,.T.);
#1385=ORIENTED_EDGE('',*,*,#2454,.T.);
#1386=ORIENTED_EDGE('',*,*,#2337,.T.);
#1387=ORIENTED_EDGE('',*,*,#2455,.T.);
#1388=ORIENTED_EDGE('',*,*,#2323,.F.);
#1389=ORIENTED_EDGE('',*,*,#2450,.T.);
#1390=ORIENTED_EDGE('',*,*,#2452,.F.);
#1391=ORIENTED_EDGE('',*,*,#2324,.F.);
#1392=ORIENTED_EDGE('',*,*,#2455,.F.);
#1393=ORIENTED_EDGE('',*,*,#2336,.F.);
#1394=ORIENTED_EDGE('',*,*,#2364,.F.);
#1395=ORIENTED_EDGE('',*,*,#2456,.T.);
#1396=ORIENTED_EDGE('',*,*,#2343,.T.);
#1397=ORIENTED_EDGE('',*,*,#2457,.F.);
#1398=ORIENTED_EDGE('',*,*,#2332,.F.);
#1399=ORIENTED_EDGE('',*,*,#2457,.T.);
#1400=ORIENTED_EDGE('',*,*,#2346,.T.);
#1401=ORIENTED_EDGE('',*,*,#2458,.F.);
#1402=ORIENTED_EDGE('',*,*,#2333,.F.);
#1403=ORIENTED_EDGE('',*,*,#2334,.T.);
#1404=ORIENTED_EDGE('',*,*,#2458,.T.);
#1405=ORIENTED_EDGE('',*,*,#2345,.F.);
#1406=ORIENTED_EDGE('',*,*,#2459,.F.);
#1407=ORIENTED_EDGE('',*,*,#2331,.T.);
#1408=ORIENTED_EDGE('',*,*,#2459,.T.);
#1409=ORIENTED_EDGE('',*,*,#2344,.F.);
#1410=ORIENTED_EDGE('',*,*,#2456,.F.);
#1411=ORIENTED_EDGE('',*,*,#2373,.T.);
#1412=ORIENTED_EDGE('',*,*,#2454,.F.);
#1413=ORIENTED_EDGE('',*,*,#2453,.F.);
#1414=ORIENTED_EDGE('',*,*,#2372,.T.);
#1415=ORIENTED_EDGE('',*,*,#2460,.F.);
#1416=ORIENTED_EDGE('',*,*,#2461,.T.);
#1417=ORIENTED_EDGE('',*,*,#2462,.T.);
#1418=ORIENTED_EDGE('',*,*,#2463,.F.);
#1419=ORIENTED_EDGE('',*,*,#2464,.T.);
#1420=ORIENTED_EDGE('',*,*,#2465,.T.);
#1421=ORIENTED_EDGE('',*,*,#2466,.F.);
#1422=ORIENTED_EDGE('',*,*,#2467,.F.);
#1423=ORIENTED_EDGE('',*,*,#2468,.T.);
#1424=ORIENTED_EDGE('',*,*,#2469,.T.);
#1425=ORIENTED_EDGE('',*,*,#2470,.F.);
#1426=ORIENTED_EDGE('',*,*,#2471,.F.);
#1427=ORIENTED_EDGE('',*,*,#2472,.T.);
#1428=ORIENTED_EDGE('',*,*,#2473,.F.);
#1429=ORIENTED_EDGE('',*,*,#2474,.F.);
#1430=ORIENTED_EDGE('',*,*,#2475,.T.);
#1431=ORIENTED_EDGE('',*,*,#2476,.F.);
#1432=ORIENTED_EDGE('',*,*,#2477,.T.);
#1433=ORIENTED_EDGE('',*,*,#2478,.T.);
#1434=ORIENTED_EDGE('',*,*,#2479,.F.);
#1435=ORIENTED_EDGE('',*,*,#2480,.T.);
#1436=ORIENTED_EDGE('',*,*,#2481,.T.);
#1437=ORIENTED_EDGE('',*,*,#2482,.F.);
#1438=ORIENTED_EDGE('',*,*,#2483,.F.);
#1439=ORIENTED_EDGE('',*,*,#2484,.F.);
#1440=ORIENTED_EDGE('',*,*,#2485,.F.);
#1441=ORIENTED_EDGE('',*,*,#2486,.F.);
#1442=ORIENTED_EDGE('',*,*,#2487,.F.);
#1443=ORIENTED_EDGE('',*,*,#2488,.T.);
#1444=ORIENTED_EDGE('',*,*,#2489,.T.);
#1445=ORIENTED_EDGE('',*,*,#2490,.F.);
#1446=ORIENTED_EDGE('',*,*,#2491,.T.);
#1447=ORIENTED_EDGE('',*,*,#2492,.F.);
#1448=ORIENTED_EDGE('',*,*,#2493,.F.);
#1449=ORIENTED_EDGE('',*,*,#2494,.F.);
#1450=ORIENTED_EDGE('',*,*,#2495,.F.);
#1451=ORIENTED_EDGE('',*,*,#2496,.F.);
#1452=ORIENTED_EDGE('',*,*,#2497,.T.);
#1453=ORIENTED_EDGE('',*,*,#2498,.F.);
#1454=ORIENTED_EDGE('',*,*,#2499,.T.);
#1455=ORIENTED_EDGE('',*,*,#2500,.F.);
#1456=ORIENTED_EDGE('',*,*,#2466,.T.);
#1457=ORIENTED_EDGE('',*,*,#2501,.F.);
#1458=ORIENTED_EDGE('',*,*,#2502,.F.);
#1459=ORIENTED_EDGE('',*,*,#2503,.F.);
#1460=ORIENTED_EDGE('',*,*,#2504,.F.);
#1461=ORIENTED_EDGE('',*,*,#2505,.T.);
#1462=ORIENTED_EDGE('',*,*,#2506,.T.);
#1463=ORIENTED_EDGE('',*,*,#2507,.T.);
#1464=ORIENTED_EDGE('',*,*,#2472,.F.);
#1465=ORIENTED_EDGE('',*,*,#2508,.F.);
#1466=ORIENTED_EDGE('',*,*,#2509,.T.);
#1467=ORIENTED_EDGE('',*,*,#2510,.T.);
#1468=ORIENTED_EDGE('',*,*,#2511,.T.);
#1469=ORIENTED_EDGE('',*,*,#2476,.T.);
#1470=ORIENTED_EDGE('',*,*,#2512,.F.);
#1471=ORIENTED_EDGE('',*,*,#2513,.F.);
#1472=ORIENTED_EDGE('',*,*,#2462,.F.);
#1473=ORIENTED_EDGE('',*,*,#2514,.F.);
#1474=ORIENTED_EDGE('',*,*,#2515,.T.);
#1475=ORIENTED_EDGE('',*,*,#2516,.T.);
#1476=ORIENTED_EDGE('',*,*,#2474,.T.);
#1477=ORIENTED_EDGE('',*,*,#2517,.F.);
#1478=ORIENTED_EDGE('',*,*,#2518,.F.);
#1479=ORIENTED_EDGE('',*,*,#2519,.F.);
#1480=ORIENTED_EDGE('',*,*,#2520,.T.);
#1481=ORIENTED_EDGE('',*,*,#2521,.T.);
#1482=ORIENTED_EDGE('',*,*,#2522,.T.);
#1483=ORIENTED_EDGE('',*,*,#2523,.T.);
#1484=ORIENTED_EDGE('',*,*,#2464,.F.);
#1485=ORIENTED_EDGE('',*,*,#2524,.T.);
#1486=ORIENTED_EDGE('',*,*,#2525,.T.);
#1487=ORIENTED_EDGE('',*,*,#2526,.T.);
#1488=ORIENTED_EDGE('',*,*,#2527,.T.);
#1489=ORIENTED_EDGE('',*,*,#2528,.F.);
#1490=ORIENTED_EDGE('',*,*,#2529,.F.);
#1491=ORIENTED_EDGE('',*,*,#2530,.F.);
#1492=ORIENTED_EDGE('',*,*,#2531,.F.);
#1493=ORIENTED_EDGE('',*,*,#2532,.F.);
#1494=ORIENTED_EDGE('',*,*,#2533,.F.);
#1495=ORIENTED_EDGE('',*,*,#2534,.F.);
#1496=ORIENTED_EDGE('',*,*,#2535,.F.);
#1497=ORIENTED_EDGE('',*,*,#2536,.T.);
#1498=ORIENTED_EDGE('',*,*,#2537,.F.);
#1499=ORIENTED_EDGE('',*,*,#2538,.T.);
#1500=ORIENTED_EDGE('',*,*,#2539,.F.);
#1501=ORIENTED_EDGE('',*,*,#2540,.F.);
#1502=ORIENTED_EDGE('',*,*,#2541,.F.);
#1503=ORIENTED_EDGE('',*,*,#2542,.F.);
#1504=ORIENTED_EDGE('',*,*,#2543,.F.);
#1505=ORIENTED_EDGE('',*,*,#2544,.F.);
#1506=ORIENTED_EDGE('',*,*,#2545,.T.);
#1507=ORIENTED_EDGE('',*,*,#2546,.T.);
#1508=ORIENTED_EDGE('',*,*,#2547,.F.);
#1509=ORIENTED_EDGE('',*,*,#2548,.T.);
#1510=ORIENTED_EDGE('',*,*,#2549,.F.);
#1511=ORIENTED_EDGE('',*,*,#2524,.F.);
#1512=ORIENTED_EDGE('',*,*,#2545,.F.);
#1513=ORIENTED_EDGE('',*,*,#2505,.F.);
#1514=ORIENTED_EDGE('',*,*,#2550,.F.);
#1515=ORIENTED_EDGE('',*,*,#2519,.T.);
#1516=ORIENTED_EDGE('',*,*,#2551,.T.);
#1517=ORIENTED_EDGE('',*,*,#2506,.F.);
#1518=ORIENTED_EDGE('',*,*,#2551,.F.);
#1519=ORIENTED_EDGE('',*,*,#2518,.T.);
#1520=ORIENTED_EDGE('',*,*,#2552,.T.);
#1521=ORIENTED_EDGE('',*,*,#2507,.F.);
#1522=ORIENTED_EDGE('',*,*,#2552,.F.);
#1523=ORIENTED_EDGE('',*,*,#2517,.T.);
#1524=ORIENTED_EDGE('',*,*,#2473,.T.);
#1525=ORIENTED_EDGE('',*,*,#2501,.T.);
#1526=ORIENTED_EDGE('',*,*,#2465,.F.);
#1527=ORIENTED_EDGE('',*,*,#2523,.F.);
#1528=ORIENTED_EDGE('',*,*,#2553,.T.);
#1529=ORIENTED_EDGE('',*,*,#2502,.T.);
#1530=ORIENTED_EDGE('',*,*,#2553,.F.);
#1531=ORIENTED_EDGE('',*,*,#2522,.F.);
#1532=ORIENTED_EDGE('',*,*,#2554,.T.);
#1533=ORIENTED_EDGE('',*,*,#2503,.T.);
#1534=ORIENTED_EDGE('',*,*,#2554,.F.);
#1535=ORIENTED_EDGE('',*,*,#2521,.F.);
#1536=ORIENTED_EDGE('',*,*,#2555,.T.);
#1537=ORIENTED_EDGE('',*,*,#2504,.T.);
#1538=ORIENTED_EDGE('',*,*,#2555,.F.);
#1539=ORIENTED_EDGE('',*,*,#2520,.F.);
#1540=ORIENTED_EDGE('',*,*,#2550,.T.);
#1541=ORIENTED_EDGE('',*,*,#2488,.F.);
#1542=ORIENTED_EDGE('',*,*,#2544,.T.);
#1543=ORIENTED_EDGE('',*,*,#2542,.T.);
#1544=ORIENTED_EDGE('',*,*,#2556,.F.);
#1545=ORIENTED_EDGE('',*,*,#2489,.F.);
#1546=ORIENTED_EDGE('',*,*,#2557,.F.);
#1547=ORIENTED_EDGE('',*,*,#2491,.F.);
#1548=ORIENTED_EDGE('',*,*,#2558,.F.);
#1549=ORIENTED_EDGE('',*,*,#2540,.T.);
#1550=ORIENTED_EDGE('',*,*,#2559,.F.);
#1551=ORIENTED_EDGE('',*,*,#2538,.F.);
#1552=ORIENTED_EDGE('',*,*,#2560,.F.);
#1553=ORIENTED_EDGE('',*,*,#2493,.T.);
#1554=ORIENTED_EDGE('',*,*,#2561,.F.);
#1555=ORIENTED_EDGE('',*,*,#2495,.T.);
#1556=ORIENTED_EDGE('',*,*,#2562,.F.);
#1557=ORIENTED_EDGE('',*,*,#2536,.F.);
#1558=ORIENTED_EDGE('',*,*,#2563,.F.);
#1559=ORIENTED_EDGE('',*,*,#2548,.F.);
#1560=ORIENTED_EDGE('',*,*,#2564,.F.);
#1561=ORIENTED_EDGE('',*,*,#2484,.T.);
#1562=ORIENTED_EDGE('',*,*,#2565,.F.);
#1563=ORIENTED_EDGE('',*,*,#2486,.T.);
#1564=ORIENTED_EDGE('',*,*,#2566,.F.);
#1565=ORIENTED_EDGE('',*,*,#2546,.F.);
#1566=ORIENTED_EDGE('',*,*,#2567,.F.);
#1567=ORIENTED_EDGE('',*,*,#2499,.F.);
#1568=ORIENTED_EDGE('',*,*,#2568,.F.);
#1569=ORIENTED_EDGE('',*,*,#2532,.T.);
#1570=ORIENTED_EDGE('',*,*,#2569,.F.);
#1571=ORIENTED_EDGE('',*,*,#2534,.T.);
#1572=ORIENTED_EDGE('',*,*,#2570,.F.);
#1573=ORIENTED_EDGE('',*,*,#2497,.F.);
#1574=ORIENTED_EDGE('',*,*,#2571,.F.);
#1575=ORIENTED_EDGE('',*,*,#2539,.T.);
#1576=ORIENTED_EDGE('',*,*,#2561,.T.);
#1577=ORIENTED_EDGE('',*,*,#2496,.T.);
#1578=ORIENTED_EDGE('',*,*,#2563,.T.);
#1579=ORIENTED_EDGE('',*,*,#2537,.T.);
#1580=ORIENTED_EDGE('',*,*,#2562,.T.);
#1581=ORIENTED_EDGE('',*,*,#2494,.T.);
#1582=ORIENTED_EDGE('',*,*,#2560,.T.);
#1583=ORIENTED_EDGE('',*,*,#2543,.T.);
#1584=ORIENTED_EDGE('',*,*,#2557,.T.);
#1585=ORIENTED_EDGE('',*,*,#2492,.T.);
#1586=ORIENTED_EDGE('',*,*,#2559,.T.);
#1587=ORIENTED_EDGE('',*,*,#2541,.T.);
#1588=ORIENTED_EDGE('',*,*,#2558,.T.);
#1589=ORIENTED_EDGE('',*,*,#2490,.T.);
#1590=ORIENTED_EDGE('',*,*,#2556,.T.);
#1591=ORIENTED_EDGE('',*,*,#2549,.T.);
#1592=ORIENTED_EDGE('',*,*,#2565,.T.);
#1593=ORIENTED_EDGE('',*,*,#2487,.T.);
#1594=ORIENTED_EDGE('',*,*,#2567,.T.);
#1595=ORIENTED_EDGE('',*,*,#2547,.T.);
#1596=ORIENTED_EDGE('',*,*,#2566,.T.);
#1597=ORIENTED_EDGE('',*,*,#2485,.T.);
#1598=ORIENTED_EDGE('',*,*,#2564,.T.);
#1599=ORIENTED_EDGE('',*,*,#2535,.T.);
#1600=ORIENTED_EDGE('',*,*,#2571,.T.);
#1601=ORIENTED_EDGE('',*,*,#2500,.T.);
#1602=ORIENTED_EDGE('',*,*,#2569,.T.);
#1603=ORIENTED_EDGE('',*,*,#2533,.T.);
#1604=ORIENTED_EDGE('',*,*,#2568,.T.);
#1605=ORIENTED_EDGE('',*,*,#2498,.T.);
#1606=ORIENTED_EDGE('',*,*,#2570,.T.);
#1607=ORIENTED_EDGE('',*,*,#2531,.T.);
#1608=ORIENTED_EDGE('',*,*,#2572,.F.);
#1609=ORIENTED_EDGE('',*,*,#2573,.F.);
#1610=ORIENTED_EDGE('',*,*,#2574,.T.);
#1611=ORIENTED_EDGE('',*,*,#2525,.F.);
#1612=ORIENTED_EDGE('',*,*,#2574,.F.);
#1613=ORIENTED_EDGE('',*,*,#2575,.T.);
#1614=ORIENTED_EDGE('',*,*,#2576,.T.);
#1615=ORIENTED_EDGE('',*,*,#2526,.F.);
#1616=ORIENTED_EDGE('',*,*,#2576,.F.);
#1617=ORIENTED_EDGE('',*,*,#2577,.T.);
#1618=ORIENTED_EDGE('',*,*,#2578,.T.);
#1619=ORIENTED_EDGE('',*,*,#2527,.F.);
#1620=ORIENTED_EDGE('',*,*,#2578,.F.);
#1621=ORIENTED_EDGE('',*,*,#2579,.T.);
#1622=ORIENTED_EDGE('',*,*,#2580,.T.);
#1623=ORIENTED_EDGE('',*,*,#2528,.T.);
#1624=ORIENTED_EDGE('',*,*,#2580,.F.);
#1625=ORIENTED_EDGE('',*,*,#2581,.F.);
#1626=ORIENTED_EDGE('',*,*,#2582,.T.);
#1627=ORIENTED_EDGE('',*,*,#2529,.T.);
#1628=ORIENTED_EDGE('',*,*,#2582,.F.);
#1629=ORIENTED_EDGE('',*,*,#2583,.F.);
#1630=ORIENTED_EDGE('',*,*,#2584,.T.);
#1631=ORIENTED_EDGE('',*,*,#2530,.T.);
#1632=ORIENTED_EDGE('',*,*,#2584,.F.);
#1633=ORIENTED_EDGE('',*,*,#2585,.F.);
#1634=ORIENTED_EDGE('',*,*,#2572,.T.);
#1635=ORIENTED_EDGE('',*,*,#2573,.T.);
#1636=ORIENTED_EDGE('',*,*,#2585,.T.);
#1637=ORIENTED_EDGE('',*,*,#2583,.T.);
#1638=ORIENTED_EDGE('',*,*,#2581,.T.);
#1639=ORIENTED_EDGE('',*,*,#2579,.F.);
#1640=ORIENTED_EDGE('',*,*,#2577,.F.);
#1641=ORIENTED_EDGE('',*,*,#2575,.F.);
#1642=ORIENTED_EDGE('',*,*,#2515,.F.);
#1643=ORIENTED_EDGE('',*,*,#2463,.T.);
#1644=ORIENTED_EDGE('',*,*,#2513,.T.);
#1645=ORIENTED_EDGE('',*,*,#2586,.T.);
#1646=ORIENTED_EDGE('',*,*,#2475,.F.);
#1647=ORIENTED_EDGE('',*,*,#2516,.F.);
#1648=ORIENTED_EDGE('',*,*,#2586,.F.);
#1649=ORIENTED_EDGE('',*,*,#2512,.T.);
#1650=ORIENTED_EDGE('',*,*,#2587,.T.);
#1651=ORIENTED_EDGE('',*,*,#2588,.T.);
#1652=ORIENTED_EDGE('',*,*,#2514,.T.);
#1653=ORIENTED_EDGE('',*,*,#2461,.F.);
#1654=ORIENTED_EDGE('',*,*,#2477,.F.);
#1655=ORIENTED_EDGE('',*,*,#2511,.F.);
#1656=ORIENTED_EDGE('',*,*,#2588,.F.);
#1657=ORIENTED_EDGE('',*,*,#2589,.F.);
#1658=ORIENTED_EDGE('',*,*,#2590,.F.);
#1659=ORIENTED_EDGE('',*,*,#2591,.F.);
#1660=ORIENTED_EDGE('',*,*,#2478,.F.);
#1661=ORIENTED_EDGE('',*,*,#2589,.T.);
#1662=ORIENTED_EDGE('',*,*,#2587,.F.);
#1663=ORIENTED_EDGE('',*,*,#2460,.T.);
#1664=ORIENTED_EDGE('',*,*,#2592,.F.);
#1665=ORIENTED_EDGE('',*,*,#2467,.T.);
#1666=ORIENTED_EDGE('',*,*,#2508,.T.);
#1667=ORIENTED_EDGE('',*,*,#2479,.T.);
#1668=ORIENTED_EDGE('',*,*,#2592,.T.);
#1669=ORIENTED_EDGE('',*,*,#2593,.F.);
#1670=ORIENTED_EDGE('',*,*,#2471,.T.);
#1671=ORIENTED_EDGE('',*,*,#2594,.T.);
#1672=ORIENTED_EDGE('',*,*,#2480,.F.);
#1673=ORIENTED_EDGE('',*,*,#2594,.F.);
#1674=ORIENTED_EDGE('',*,*,#2470,.T.);
#1675=ORIENTED_EDGE('',*,*,#2595,.T.);
#1676=ORIENTED_EDGE('',*,*,#2481,.F.);
#1677=ORIENTED_EDGE('',*,*,#2469,.F.);
#1678=ORIENTED_EDGE('',*,*,#2596,.T.);
#1679=ORIENTED_EDGE('',*,*,#2482,.T.);
#1680=ORIENTED_EDGE('',*,*,#2595,.F.);
#1681=ORIENTED_EDGE('',*,*,#2468,.F.);
#1682=ORIENTED_EDGE('',*,*,#2593,.T.);
#1683=ORIENTED_EDGE('',*,*,#2483,.T.);
#1684=ORIENTED_EDGE('',*,*,#2596,.F.);
#1685=ORIENTED_EDGE('',*,*,#2510,.F.);
#1686=ORIENTED_EDGE('',*,*,#2591,.T.);
#1687=ORIENTED_EDGE('',*,*,#2590,.T.);
#1688=ORIENTED_EDGE('',*,*,#2509,.F.);
#1689=ORIENTED_EDGE('',*,*,#2597,.F.);
#1690=ORIENTED_EDGE('',*,*,#2598,.T.);
#1691=ORIENTED_EDGE('',*,*,#2599,.T.);
#1692=ORIENTED_EDGE('',*,*,#2600,.F.);
#1693=ORIENTED_EDGE('',*,*,#2601,.T.);
#1694=ORIENTED_EDGE('',*,*,#2602,.T.);
#1695=ORIENTED_EDGE('',*,*,#2603,.F.);
#1696=ORIENTED_EDGE('',*,*,#2604,.F.);
#1697=ORIENTED_EDGE('',*,*,#2605,.T.);
#1698=ORIENTED_EDGE('',*,*,#2606,.T.);
#1699=ORIENTED_EDGE('',*,*,#2607,.F.);
#1700=ORIENTED_EDGE('',*,*,#2608,.F.);
#1701=ORIENTED_EDGE('',*,*,#2609,.T.);
#1702=ORIENTED_EDGE('',*,*,#2610,.F.);
#1703=ORIENTED_EDGE('',*,*,#2611,.F.);
#1704=ORIENTED_EDGE('',*,*,#2612,.T.);
#1705=ORIENTED_EDGE('',*,*,#2613,.F.);
#1706=ORIENTED_EDGE('',*,*,#2614,.T.);
#1707=ORIENTED_EDGE('',*,*,#2615,.T.);
#1708=ORIENTED_EDGE('',*,*,#2616,.F.);
#1709=ORIENTED_EDGE('',*,*,#2617,.T.);
#1710=ORIENTED_EDGE('',*,*,#2618,.T.);
#1711=ORIENTED_EDGE('',*,*,#2619,.F.);
#1712=ORIENTED_EDGE('',*,*,#2620,.F.);
#1713=ORIENTED_EDGE('',*,*,#2621,.F.);
#1714=ORIENTED_EDGE('',*,*,#2622,.F.);
#1715=ORIENTED_EDGE('',*,*,#2623,.F.);
#1716=ORIENTED_EDGE('',*,*,#2624,.F.);
#1717=ORIENTED_EDGE('',*,*,#2625,.T.);
#1718=ORIENTED_EDGE('',*,*,#2626,.T.);
#1719=ORIENTED_EDGE('',*,*,#2627,.F.);
#1720=ORIENTED_EDGE('',*,*,#2628,.T.);
#1721=ORIENTED_EDGE('',*,*,#2629,.F.);
#1722=ORIENTED_EDGE('',*,*,#2630,.F.);
#1723=ORIENTED_EDGE('',*,*,#2631,.F.);
#1724=ORIENTED_EDGE('',*,*,#2632,.F.);
#1725=ORIENTED_EDGE('',*,*,#2633,.F.);
#1726=ORIENTED_EDGE('',*,*,#2634,.T.);
#1727=ORIENTED_EDGE('',*,*,#2635,.F.);
#1728=ORIENTED_EDGE('',*,*,#2636,.T.);
#1729=ORIENTED_EDGE('',*,*,#2637,.F.);
#1730=ORIENTED_EDGE('',*,*,#2603,.T.);
#1731=ORIENTED_EDGE('',*,*,#2638,.F.);
#1732=ORIENTED_EDGE('',*,*,#2639,.F.);
#1733=ORIENTED_EDGE('',*,*,#2640,.F.);
#1734=ORIENTED_EDGE('',*,*,#2641,.F.);
#1735=ORIENTED_EDGE('',*,*,#2642,.T.);
#1736=ORIENTED_EDGE('',*,*,#2643,.T.);
#1737=ORIENTED_EDGE('',*,*,#2644,.T.);
#1738=ORIENTED_EDGE('',*,*,#2609,.F.);
#1739=ORIENTED_EDGE('',*,*,#2645,.F.);
#1740=ORIENTED_EDGE('',*,*,#2646,.T.);
#1741=ORIENTED_EDGE('',*,*,#2647,.T.);
#1742=ORIENTED_EDGE('',*,*,#2648,.T.);
#1743=ORIENTED_EDGE('',*,*,#2613,.T.);
#1744=ORIENTED_EDGE('',*,*,#2649,.F.);
#1745=ORIENTED_EDGE('',*,*,#2650,.F.);
#1746=ORIENTED_EDGE('',*,*,#2599,.F.);
#1747=ORIENTED_EDGE('',*,*,#2651,.F.);
#1748=ORIENTED_EDGE('',*,*,#2652,.T.);
#1749=ORIENTED_EDGE('',*,*,#2653,.T.);
#1750=ORIENTED_EDGE('',*,*,#2611,.T.);
#1751=ORIENTED_EDGE('',*,*,#2654,.F.);
#1752=ORIENTED_EDGE('',*,*,#2655,.F.);
#1753=ORIENTED_EDGE('',*,*,#2656,.F.);
#1754=ORIENTED_EDGE('',*,*,#2657,.T.);
#1755=ORIENTED_EDGE('',*,*,#2658,.T.);
#1756=ORIENTED_EDGE('',*,*,#2659,.T.);
#1757=ORIENTED_EDGE('',*,*,#2660,.T.);
#1758=ORIENTED_EDGE('',*,*,#2601,.F.);
#1759=ORIENTED_EDGE('',*,*,#2661,.T.);
#1760=ORIENTED_EDGE('',*,*,#2662,.T.);
#1761=ORIENTED_EDGE('',*,*,#2663,.T.);
#1762=ORIENTED_EDGE('',*,*,#2664,.T.);
#1763=ORIENTED_EDGE('',*,*,#2665,.F.);
#1764=ORIENTED_EDGE('',*,*,#2666,.F.);
#1765=ORIENTED_EDGE('',*,*,#2667,.F.);
#1766=ORIENTED_EDGE('',*,*,#2668,.F.);
#1767=ORIENTED_EDGE('',*,*,#2669,.F.);
#1768=ORIENTED_EDGE('',*,*,#2670,.F.);
#1769=ORIENTED_EDGE('',*,*,#2671,.F.);
#1770=ORIENTED_EDGE('',*,*,#2672,.F.);
#1771=ORIENTED_EDGE('',*,*,#2673,.T.);
#1772=ORIENTED_EDGE('',*,*,#2674,.F.);
#1773=ORIENTED_EDGE('',*,*,#2675,.T.);
#1774=ORIENTED_EDGE('',*,*,#2676,.F.);
#1775=ORIENTED_EDGE('',*,*,#2677,.F.);
#1776=ORIENTED_EDGE('',*,*,#2678,.F.);
#1777=ORIENTED_EDGE('',*,*,#2679,.F.);
#1778=ORIENTED_EDGE('',*,*,#2680,.F.);
#1779=ORIENTED_EDGE('',*,*,#2681,.F.);
#1780=ORIENTED_EDGE('',*,*,#2682,.T.);
#1781=ORIENTED_EDGE('',*,*,#2683,.T.);
#1782=ORIENTED_EDGE('',*,*,#2684,.F.);
#1783=ORIENTED_EDGE('',*,*,#2685,.T.);
#1784=ORIENTED_EDGE('',*,*,#2686,.F.);
#1785=ORIENTED_EDGE('',*,*,#2661,.F.);
#1786=ORIENTED_EDGE('',*,*,#2682,.F.);
#1787=ORIENTED_EDGE('',*,*,#2642,.F.);
#1788=ORIENTED_EDGE('',*,*,#2687,.F.);
#1789=ORIENTED_EDGE('',*,*,#2656,.T.);
#1790=ORIENTED_EDGE('',*,*,#2688,.T.);
#1791=ORIENTED_EDGE('',*,*,#2643,.F.);
#1792=ORIENTED_EDGE('',*,*,#2688,.F.);
#1793=ORIENTED_EDGE('',*,*,#2655,.T.);
#1794=ORIENTED_EDGE('',*,*,#2689,.T.);
#1795=ORIENTED_EDGE('',*,*,#2644,.F.);
#1796=ORIENTED_EDGE('',*,*,#2689,.F.);
#1797=ORIENTED_EDGE('',*,*,#2654,.T.);
#1798=ORIENTED_EDGE('',*,*,#2610,.T.);
#1799=ORIENTED_EDGE('',*,*,#2638,.T.);
#1800=ORIENTED_EDGE('',*,*,#2602,.F.);
#1801=ORIENTED_EDGE('',*,*,#2660,.F.);
#1802=ORIENTED_EDGE('',*,*,#2690,.T.);
#1803=ORIENTED_EDGE('',*,*,#2639,.T.);
#1804=ORIENTED_EDGE('',*,*,#2690,.F.);
#1805=ORIENTED_EDGE('',*,*,#2659,.F.);
#1806=ORIENTED_EDGE('',*,*,#2691,.T.);
#1807=ORIENTED_EDGE('',*,*,#2640,.T.);
#1808=ORIENTED_EDGE('',*,*,#2691,.F.);
#1809=ORIENTED_EDGE('',*,*,#2658,.F.);
#1810=ORIENTED_EDGE('',*,*,#2692,.T.);
#1811=ORIENTED_EDGE('',*,*,#2641,.T.);
#1812=ORIENTED_EDGE('',*,*,#2692,.F.);
#1813=ORIENTED_EDGE('',*,*,#2657,.F.);
#1814=ORIENTED_EDGE('',*,*,#2687,.T.);
#1815=ORIENTED_EDGE('',*,*,#2625,.F.);
#1816=ORIENTED_EDGE('',*,*,#2681,.T.);
#1817=ORIENTED_EDGE('',*,*,#2679,.T.);
#1818=ORIENTED_EDGE('',*,*,#2693,.F.);
#1819=ORIENTED_EDGE('',*,*,#2626,.F.);
#1820=ORIENTED_EDGE('',*,*,#2694,.F.);
#1821=ORIENTED_EDGE('',*,*,#2628,.F.);
#1822=ORIENTED_EDGE('',*,*,#2695,.F.);
#1823=ORIENTED_EDGE('',*,*,#2677,.T.);
#1824=ORIENTED_EDGE('',*,*,#2696,.F.);
#1825=ORIENTED_EDGE('',*,*,#2675,.F.);
#1826=ORIENTED_EDGE('',*,*,#2697,.F.);
#1827=ORIENTED_EDGE('',*,*,#2630,.T.);
#1828=ORIENTED_EDGE('',*,*,#2698,.F.);
#1829=ORIENTED_EDGE('',*,*,#2632,.T.);
#1830=ORIENTED_EDGE('',*,*,#2699,.F.);
#1831=ORIENTED_EDGE('',*,*,#2673,.F.);
#1832=ORIENTED_EDGE('',*,*,#2700,.F.);
#1833=ORIENTED_EDGE('',*,*,#2685,.F.);
#1834=ORIENTED_EDGE('',*,*,#2701,.F.);
#1835=ORIENTED_EDGE('',*,*,#2621,.T.);
#1836=ORIENTED_EDGE('',*,*,#2702,.F.);
#1837=ORIENTED_EDGE('',*,*,#2623,.T.);
#1838=ORIENTED_EDGE('',*,*,#2703,.F.);
#1839=ORIENTED_EDGE('',*,*,#2683,.F.);
#1840=ORIENTED_EDGE('',*,*,#2704,.F.);
#1841=ORIENTED_EDGE('',*,*,#2636,.F.);
#1842=ORIENTED_EDGE('',*,*,#2705,.F.);
#1843=ORIENTED_EDGE('',*,*,#2669,.T.);
#1844=ORIENTED_EDGE('',*,*,#2706,.F.);
#1845=ORIENTED_EDGE('',*,*,#2671,.T.);
#1846=ORIENTED_EDGE('',*,*,#2707,.F.);
#1847=ORIENTED_EDGE('',*,*,#2634,.F.);
#1848=ORIENTED_EDGE('',*,*,#2708,.F.);
#1849=ORIENTED_EDGE('',*,*,#2676,.T.);
#1850=ORIENTED_EDGE('',*,*,#2698,.T.);
#1851=ORIENTED_EDGE('',*,*,#2633,.T.);
#1852=ORIENTED_EDGE('',*,*,#2700,.T.);
#1853=ORIENTED_EDGE('',*,*,#2674,.T.);
#1854=ORIENTED_EDGE('',*,*,#2699,.T.);
#1855=ORIENTED_EDGE('',*,*,#2631,.T.);
#1856=ORIENTED_EDGE('',*,*,#2697,.T.);
#1857=ORIENTED_EDGE('',*,*,#2680,.T.);
#1858=ORIENTED_EDGE('',*,*,#2694,.T.);
#1859=ORIENTED_EDGE('',*,*,#2629,.T.);
#1860=ORIENTED_EDGE('',*,*,#2696,.T.);
#1861=ORIENTED_EDGE('',*,*,#2678,.T.);
#1862=ORIENTED_EDGE('',*,*,#2695,.T.);
#1863=ORIENTED_EDGE('',*,*,#2627,.T.);
#1864=ORIENTED_EDGE('',*,*,#2693,.T.);
#1865=ORIENTED_EDGE('',*,*,#2686,.T.);
#1866=ORIENTED_EDGE('',*,*,#2702,.T.);
#1867=ORIENTED_EDGE('',*,*,#2624,.T.);
#1868=ORIENTED_EDGE('',*,*,#2704,.T.);
#1869=ORIENTED_EDGE('',*,*,#2684,.T.);
#1870=ORIENTED_EDGE('',*,*,#2703,.T.);
#1871=ORIENTED_EDGE('',*,*,#2622,.T.);
#1872=ORIENTED_EDGE('',*,*,#2701,.T.);
#1873=ORIENTED_EDGE('',*,*,#2672,.T.);
#1874=ORIENTED_EDGE('',*,*,#2708,.T.);
#1875=ORIENTED_EDGE('',*,*,#2637,.T.);
#1876=ORIENTED_EDGE('',*,*,#2706,.T.);
#1877=ORIENTED_EDGE('',*,*,#2670,.T.);
#1878=ORIENTED_EDGE('',*,*,#2705,.T.);
#1879=ORIENTED_EDGE('',*,*,#2635,.T.);
#1880=ORIENTED_EDGE('',*,*,#2707,.T.);
#1881=ORIENTED_EDGE('',*,*,#2668,.T.);
#1882=ORIENTED_EDGE('',*,*,#2709,.F.);
#1883=ORIENTED_EDGE('',*,*,#2710,.F.);
#1884=ORIENTED_EDGE('',*,*,#2711,.T.);
#1885=ORIENTED_EDGE('',*,*,#2662,.F.);
#1886=ORIENTED_EDGE('',*,*,#2711,.F.);
#1887=ORIENTED_EDGE('',*,*,#2712,.T.);
#1888=ORIENTED_EDGE('',*,*,#2713,.T.);
#1889=ORIENTED_EDGE('',*,*,#2663,.F.);
#1890=ORIENTED_EDGE('',*,*,#2713,.F.);
#1891=ORIENTED_EDGE('',*,*,#2714,.T.);
#1892=ORIENTED_EDGE('',*,*,#2715,.T.);
#1893=ORIENTED_EDGE('',*,*,#2664,.F.);
#1894=ORIENTED_EDGE('',*,*,#2715,.F.);
#1895=ORIENTED_EDGE('',*,*,#2716,.T.);
#1896=ORIENTED_EDGE('',*,*,#2717,.T.);
#1897=ORIENTED_EDGE('',*,*,#2665,.T.);
#1898=ORIENTED_EDGE('',*,*,#2717,.F.);
#1899=ORIENTED_EDGE('',*,*,#2718,.F.);
#1900=ORIENTED_EDGE('',*,*,#2719,.T.);
#1901=ORIENTED_EDGE('',*,*,#2666,.T.);
#1902=ORIENTED_EDGE('',*,*,#2719,.F.);
#1903=ORIENTED_EDGE('',*,*,#2720,.F.);
#1904=ORIENTED_EDGE('',*,*,#2721,.T.);
#1905=ORIENTED_EDGE('',*,*,#2667,.T.);
#1906=ORIENTED_EDGE('',*,*,#2721,.F.);
#1907=ORIENTED_EDGE('',*,*,#2722,.F.);
#1908=ORIENTED_EDGE('',*,*,#2709,.T.);
#1909=ORIENTED_EDGE('',*,*,#2710,.T.);
#1910=ORIENTED_EDGE('',*,*,#2722,.T.);
#1911=ORIENTED_EDGE('',*,*,#2720,.T.);
#1912=ORIENTED_EDGE('',*,*,#2718,.T.);
#1913=ORIENTED_EDGE('',*,*,#2716,.F.);
#1914=ORIENTED_EDGE('',*,*,#2714,.F.);
#1915=ORIENTED_EDGE('',*,*,#2712,.F.);
#1916=ORIENTED_EDGE('',*,*,#2652,.F.);
#1917=ORIENTED_EDGE('',*,*,#2600,.T.);
#1918=ORIENTED_EDGE('',*,*,#2650,.T.);
#1919=ORIENTED_EDGE('',*,*,#2723,.T.);
#1920=ORIENTED_EDGE('',*,*,#2612,.F.);
#1921=ORIENTED_EDGE('',*,*,#2653,.F.);
#1922=ORIENTED_EDGE('',*,*,#2723,.F.);
#1923=ORIENTED_EDGE('',*,*,#2649,.T.);
#1924=ORIENTED_EDGE('',*,*,#2724,.T.);
#1925=ORIENTED_EDGE('',*,*,#2725,.T.);
#1926=ORIENTED_EDGE('',*,*,#2651,.T.);
#1927=ORIENTED_EDGE('',*,*,#2598,.F.);
#1928=ORIENTED_EDGE('',*,*,#2614,.F.);
#1929=ORIENTED_EDGE('',*,*,#2648,.F.);
#1930=ORIENTED_EDGE('',*,*,#2725,.F.);
#1931=ORIENTED_EDGE('',*,*,#2726,.F.);
#1932=ORIENTED_EDGE('',*,*,#2727,.F.);
#1933=ORIENTED_EDGE('',*,*,#2728,.F.);
#1934=ORIENTED_EDGE('',*,*,#2615,.F.);
#1935=ORIENTED_EDGE('',*,*,#2726,.T.);
#1936=ORIENTED_EDGE('',*,*,#2724,.F.);
#1937=ORIENTED_EDGE('',*,*,#2597,.T.);
#1938=ORIENTED_EDGE('',*,*,#2729,.F.);
#1939=ORIENTED_EDGE('',*,*,#2604,.T.);
#1940=ORIENTED_EDGE('',*,*,#2645,.T.);
#1941=ORIENTED_EDGE('',*,*,#2616,.T.);
#1942=ORIENTED_EDGE('',*,*,#2729,.T.);
#1943=ORIENTED_EDGE('',*,*,#2730,.F.);
#1944=ORIENTED_EDGE('',*,*,#2608,.T.);
#1945=ORIENTED_EDGE('',*,*,#2731,.T.);
#1946=ORIENTED_EDGE('',*,*,#2617,.F.);
#1947=ORIENTED_EDGE('',*,*,#2731,.F.);
#1948=ORIENTED_EDGE('',*,*,#2607,.T.);
#1949=ORIENTED_EDGE('',*,*,#2732,.T.);
#1950=ORIENTED_EDGE('',*,*,#2618,.F.);
#1951=ORIENTED_EDGE('',*,*,#2606,.F.);
#1952=ORIENTED_EDGE('',*,*,#2733,.T.);
#1953=ORIENTED_EDGE('',*,*,#2619,.T.);
#1954=ORIENTED_EDGE('',*,*,#2732,.F.);
#1955=ORIENTED_EDGE('',*,*,#2605,.F.);
#1956=ORIENTED_EDGE('',*,*,#2730,.T.);
#1957=ORIENTED_EDGE('',*,*,#2620,.T.);
#1958=ORIENTED_EDGE('',*,*,#2733,.F.);
#1959=ORIENTED_EDGE('',*,*,#2647,.F.);
#1960=ORIENTED_EDGE('',*,*,#2728,.T.);
#1961=ORIENTED_EDGE('',*,*,#2727,.T.);
#1962=ORIENTED_EDGE('',*,*,#2646,.F.);
#1963=ORIENTED_EDGE('',*,*,#2734,.T.);
#1964=ORIENTED_EDGE('',*,*,#2735,.T.);
#1965=ORIENTED_EDGE('',*,*,#2736,.T.);
#1966=ORIENTED_EDGE('',*,*,#2737,.F.);
#1967=ORIENTED_EDGE('',*,*,#2738,.F.);
#1968=ORIENTED_EDGE('',*,*,#2739,.T.);
#1969=ORIENTED_EDGE('',*,*,#2740,.F.);
#1970=ORIENTED_EDGE('',*,*,#2741,.F.);
#1971=ORIENTED_EDGE('',*,*,#2742,.F.);
#1972=ORIENTED_EDGE('',*,*,#2743,.T.);
#1973=ORIENTED_EDGE('',*,*,#2744,.T.);
#1974=ORIENTED_EDGE('',*,*,#2745,.F.);
#1975=ORIENTED_EDGE('',*,*,#2746,.F.);
#1976=ORIENTED_EDGE('',*,*,#2747,.T.);
#1977=ORIENTED_EDGE('',*,*,#2748,.F.);
#1978=ORIENTED_EDGE('',*,*,#2749,.F.);
#1979=ORIENTED_EDGE('',*,*,#2750,.T.);
#1980=ORIENTED_EDGE('',*,*,#2751,.F.);
#1981=ORIENTED_EDGE('',*,*,#2752,.T.);
#1982=ORIENTED_EDGE('',*,*,#2753,.T.);
#1983=ORIENTED_EDGE('',*,*,#2754,.F.);
#1984=ORIENTED_EDGE('',*,*,#2755,.T.);
#1985=ORIENTED_EDGE('',*,*,#2756,.T.);
#1986=ORIENTED_EDGE('',*,*,#2757,.F.);
#1987=ORIENTED_EDGE('',*,*,#2758,.T.);
#1988=ORIENTED_EDGE('',*,*,#2759,.T.);
#1989=ORIENTED_EDGE('',*,*,#2760,.T.);
#1990=ORIENTED_EDGE('',*,*,#2761,.T.);
#1991=ORIENTED_EDGE('',*,*,#2762,.F.);
#1992=ORIENTED_EDGE('',*,*,#2763,.F.);
#1993=ORIENTED_EDGE('',*,*,#2764,.T.);
#1994=ORIENTED_EDGE('',*,*,#2765,.F.);
#1995=ORIENTED_EDGE('',*,*,#2766,.T.);
#1996=ORIENTED_EDGE('',*,*,#2767,.T.);
#1997=ORIENTED_EDGE('',*,*,#2768,.T.);
#1998=ORIENTED_EDGE('',*,*,#2769,.T.);
#1999=ORIENTED_EDGE('',*,*,#2770,.T.);
#2000=ORIENTED_EDGE('',*,*,#2771,.F.);
#2001=ORIENTED_EDGE('',*,*,#2772,.T.);
#2002=ORIENTED_EDGE('',*,*,#2773,.F.);
#2003=ORIENTED_EDGE('',*,*,#2774,.T.);
#2004=ORIENTED_EDGE('',*,*,#2736,.F.);
#2005=ORIENTED_EDGE('',*,*,#2775,.T.);
#2006=ORIENTED_EDGE('',*,*,#2746,.T.);
#2007=ORIENTED_EDGE('',*,*,#2776,.F.);
#2008=ORIENTED_EDGE('',*,*,#2777,.F.);
#2009=ORIENTED_EDGE('',*,*,#2778,.F.);
#2010=ORIENTED_EDGE('',*,*,#2779,.T.);
#2011=ORIENTED_EDGE('',*,*,#2780,.T.);
#2012=ORIENTED_EDGE('',*,*,#2781,.T.);
#2013=ORIENTED_EDGE('',*,*,#2782,.T.);
#2014=ORIENTED_EDGE('',*,*,#2783,.F.);
#2015=ORIENTED_EDGE('',*,*,#2784,.F.);
#2016=ORIENTED_EDGE('',*,*,#2785,.F.);
#2017=ORIENTED_EDGE('',*,*,#2786,.T.);
#2018=ORIENTED_EDGE('',*,*,#2740,.T.);
#2019=ORIENTED_EDGE('',*,*,#2787,.T.);
#2020=ORIENTED_EDGE('',*,*,#2788,.T.);
#2021=ORIENTED_EDGE('',*,*,#2750,.F.);
#2022=ORIENTED_EDGE('',*,*,#2789,.F.);
#2023=ORIENTED_EDGE('',*,*,#2738,.T.);
#2024=ORIENTED_EDGE('',*,*,#2790,.F.);
#2025=ORIENTED_EDGE('',*,*,#2791,.F.);
#2026=ORIENTED_EDGE('',*,*,#2792,.F.);
#2027=ORIENTED_EDGE('',*,*,#2793,.F.);
#2028=ORIENTED_EDGE('',*,*,#2794,.T.);
#2029=ORIENTED_EDGE('',*,*,#2795,.T.);
#2030=ORIENTED_EDGE('',*,*,#2796,.T.);
#2031=ORIENTED_EDGE('',*,*,#2752,.F.);
#2032=ORIENTED_EDGE('',*,*,#2797,.F.);
#2033=ORIENTED_EDGE('',*,*,#2798,.F.);
#2034=ORIENTED_EDGE('',*,*,#2799,.F.);
#2035=ORIENTED_EDGE('',*,*,#2800,.T.);
#2036=ORIENTED_EDGE('',*,*,#2801,.T.);
#2037=ORIENTED_EDGE('',*,*,#2802,.T.);
#2038=ORIENTED_EDGE('',*,*,#2803,.T.);
#2039=ORIENTED_EDGE('',*,*,#2804,.F.);
#2040=ORIENTED_EDGE('',*,*,#2805,.F.);
#2041=ORIENTED_EDGE('',*,*,#2806,.T.);
#2042=ORIENTED_EDGE('',*,*,#2807,.T.);
#2043=ORIENTED_EDGE('',*,*,#2808,.T.);
#2044=ORIENTED_EDGE('',*,*,#2809,.T.);
#2045=ORIENTED_EDGE('',*,*,#2810,.F.);
#2046=ORIENTED_EDGE('',*,*,#2811,.T.);
#2047=ORIENTED_EDGE('',*,*,#2812,.F.);
#2048=ORIENTED_EDGE('',*,*,#2813,.T.);
#2049=ORIENTED_EDGE('',*,*,#2814,.T.);
#2050=ORIENTED_EDGE('',*,*,#2815,.T.);
#2051=ORIENTED_EDGE('',*,*,#2816,.T.);
#2052=ORIENTED_EDGE('',*,*,#2817,.T.);
#2053=ORIENTED_EDGE('',*,*,#2818,.T.);
#2054=ORIENTED_EDGE('',*,*,#2819,.F.);
#2055=ORIENTED_EDGE('',*,*,#2820,.F.);
#2056=ORIENTED_EDGE('',*,*,#2821,.T.);
#2057=ORIENTED_EDGE('',*,*,#2822,.F.);
#2058=ORIENTED_EDGE('',*,*,#2823,.T.);
#2059=ORIENTED_EDGE('',*,*,#2798,.T.);
#2060=ORIENTED_EDGE('',*,*,#2819,.T.);
#2061=ORIENTED_EDGE('',*,*,#2778,.T.);
#2062=ORIENTED_EDGE('',*,*,#2824,.F.);
#2063=ORIENTED_EDGE('',*,*,#2794,.F.);
#2064=ORIENTED_EDGE('',*,*,#2825,.T.);
#2065=ORIENTED_EDGE('',*,*,#2777,.T.);
#2066=ORIENTED_EDGE('',*,*,#2826,.F.);
#2067=ORIENTED_EDGE('',*,*,#2795,.F.);
#2068=ORIENTED_EDGE('',*,*,#2824,.T.);
#2069=ORIENTED_EDGE('',*,*,#2776,.T.);
#2070=ORIENTED_EDGE('',*,*,#2753,.F.);
#2071=ORIENTED_EDGE('',*,*,#2796,.F.);
#2072=ORIENTED_EDGE('',*,*,#2826,.T.);
#2073=ORIENTED_EDGE('',*,*,#2782,.F.);
#2074=ORIENTED_EDGE('',*,*,#2827,.F.);
#2075=ORIENTED_EDGE('',*,*,#2790,.T.);
#2076=ORIENTED_EDGE('',*,*,#2737,.T.);
#2077=ORIENTED_EDGE('',*,*,#2781,.F.);
#2078=ORIENTED_EDGE('',*,*,#2828,.F.);
#2079=ORIENTED_EDGE('',*,*,#2791,.T.);
#2080=ORIENTED_EDGE('',*,*,#2827,.T.);
#2081=ORIENTED_EDGE('',*,*,#2780,.F.);
#2082=ORIENTED_EDGE('',*,*,#2829,.F.);
#2083=ORIENTED_EDGE('',*,*,#2792,.T.);
#2084=ORIENTED_EDGE('',*,*,#2828,.T.);
#2085=ORIENTED_EDGE('',*,*,#2779,.F.);
#2086=ORIENTED_EDGE('',*,*,#2825,.F.);
#2087=ORIENTED_EDGE('',*,*,#2793,.T.);
#2088=ORIENTED_EDGE('',*,*,#2829,.T.);
#2089=ORIENTED_EDGE('',*,*,#2762,.T.);
#2090=ORIENTED_EDGE('',*,*,#2818,.F.);
#2091=ORIENTED_EDGE('',*,*,#2816,.F.);
#2092=ORIENTED_EDGE('',*,*,#2830,.T.);
#2093=ORIENTED_EDGE('',*,*,#2763,.T.);
#2094=ORIENTED_EDGE('',*,*,#2831,.T.);
#2095=ORIENTED_EDGE('',*,*,#2765,.T.);
#2096=ORIENTED_EDGE('',*,*,#2832,.T.);
#2097=ORIENTED_EDGE('',*,*,#2814,.F.);
#2098=ORIENTED_EDGE('',*,*,#2833,.T.);
#2099=ORIENTED_EDGE('',*,*,#2812,.T.);
#2100=ORIENTED_EDGE('',*,*,#2834,.T.);
#2101=ORIENTED_EDGE('',*,*,#2767,.F.);
#2102=ORIENTED_EDGE('',*,*,#2835,.T.);
#2103=ORIENTED_EDGE('',*,*,#2769,.F.);
#2104=ORIENTED_EDGE('',*,*,#2836,.T.);
#2105=ORIENTED_EDGE('',*,*,#2810,.T.);
#2106=ORIENTED_EDGE('',*,*,#2837,.T.);
#2107=ORIENTED_EDGE('',*,*,#2822,.T.);
#2108=ORIENTED_EDGE('',*,*,#2838,.T.);
#2109=ORIENTED_EDGE('',*,*,#2758,.F.);
#2110=ORIENTED_EDGE('',*,*,#2839,.T.);
#2111=ORIENTED_EDGE('',*,*,#2760,.F.);
#2112=ORIENTED_EDGE('',*,*,#2840,.T.);
#2113=ORIENTED_EDGE('',*,*,#2820,.T.);
#2114=ORIENTED_EDGE('',*,*,#2841,.T.);
#2115=ORIENTED_EDGE('',*,*,#2773,.T.);
#2116=ORIENTED_EDGE('',*,*,#2842,.T.);
#2117=ORIENTED_EDGE('',*,*,#2806,.F.);
#2118=ORIENTED_EDGE('',*,*,#2843,.T.);
#2119=ORIENTED_EDGE('',*,*,#2808,.F.);
#2120=ORIENTED_EDGE('',*,*,#2844,.T.);
#2121=ORIENTED_EDGE('',*,*,#2771,.T.);
#2122=ORIENTED_EDGE('',*,*,#2845,.T.);
#2123=ORIENTED_EDGE('',*,*,#2811,.F.);
#2124=ORIENTED_EDGE('',*,*,#2836,.F.);
#2125=ORIENTED_EDGE('',*,*,#2768,.F.);
#2126=ORIENTED_EDGE('',*,*,#2834,.F.);
#2127=ORIENTED_EDGE('',*,*,#2813,.F.);
#2128=ORIENTED_EDGE('',*,*,#2835,.F.);
#2129=ORIENTED_EDGE('',*,*,#2770,.F.);
#2130=ORIENTED_EDGE('',*,*,#2837,.F.);
#2131=ORIENTED_EDGE('',*,*,#2815,.F.);
#2132=ORIENTED_EDGE('',*,*,#2832,.F.);
#2133=ORIENTED_EDGE('',*,*,#2764,.F.);
#2134=ORIENTED_EDGE('',*,*,#2830,.F.);
#2135=ORIENTED_EDGE('',*,*,#2817,.F.);
#2136=ORIENTED_EDGE('',*,*,#2831,.F.);
#2137=ORIENTED_EDGE('',*,*,#2766,.F.);
#2138=ORIENTED_EDGE('',*,*,#2833,.F.);
#2139=ORIENTED_EDGE('',*,*,#2821,.F.);
#2140=ORIENTED_EDGE('',*,*,#2840,.F.);
#2141=ORIENTED_EDGE('',*,*,#2759,.F.);
#2142=ORIENTED_EDGE('',*,*,#2838,.F.);
#2143=ORIENTED_EDGE('',*,*,#2823,.F.);
#2144=ORIENTED_EDGE('',*,*,#2839,.F.);
#2145=ORIENTED_EDGE('',*,*,#2761,.F.);
#2146=ORIENTED_EDGE('',*,*,#2841,.F.);
#2147=ORIENTED_EDGE('',*,*,#2807,.F.);
#2148=ORIENTED_EDGE('',*,*,#2842,.F.);
#2149=ORIENTED_EDGE('',*,*,#2772,.F.);
#2150=ORIENTED_EDGE('',*,*,#2844,.F.);
#2151=ORIENTED_EDGE('',*,*,#2809,.F.);
#2152=ORIENTED_EDGE('',*,*,#2845,.F.);
#2153=ORIENTED_EDGE('',*,*,#2774,.F.);
#2154=ORIENTED_EDGE('',*,*,#2843,.F.);
#2155=ORIENTED_EDGE('',*,*,#2800,.F.);
#2156=ORIENTED_EDGE('',*,*,#2846,.F.);
#2157=ORIENTED_EDGE('',*,*,#2847,.T.);
#2158=ORIENTED_EDGE('',*,*,#2848,.T.);
#2159=ORIENTED_EDGE('',*,*,#2799,.T.);
#2160=ORIENTED_EDGE('',*,*,#2849,.F.);
#2161=ORIENTED_EDGE('',*,*,#2850,.F.);
#2162=ORIENTED_EDGE('',*,*,#2846,.T.);
#2163=ORIENTED_EDGE('',*,*,#2805,.T.);
#2164=ORIENTED_EDGE('',*,*,#2851,.F.);
#2165=ORIENTED_EDGE('',*,*,#2852,.F.);
#2166=ORIENTED_EDGE('',*,*,#2849,.T.);
#2167=ORIENTED_EDGE('',*,*,#2804,.T.);
#2168=ORIENTED_EDGE('',*,*,#2853,.F.);
#2169=ORIENTED_EDGE('',*,*,#2854,.F.);
#2170=ORIENTED_EDGE('',*,*,#2851,.T.);
#2171=ORIENTED_EDGE('',*,*,#2803,.F.);
#2172=ORIENTED_EDGE('',*,*,#2855,.F.);
#2173=ORIENTED_EDGE('',*,*,#2856,.T.);
#2174=ORIENTED_EDGE('',*,*,#2853,.T.);
#2175=ORIENTED_EDGE('',*,*,#2802,.F.);
#2176=ORIENTED_EDGE('',*,*,#2857,.F.);
#2177=ORIENTED_EDGE('',*,*,#2858,.T.);
#2178=ORIENTED_EDGE('',*,*,#2855,.T.);
#2179=ORIENTED_EDGE('',*,*,#2801,.F.);
#2180=ORIENTED_EDGE('',*,*,#2848,.F.);
#2181=ORIENTED_EDGE('',*,*,#2859,.T.);
#2182=ORIENTED_EDGE('',*,*,#2857,.T.);
#2183=ORIENTED_EDGE('',*,*,#2847,.F.);
#2184=ORIENTED_EDGE('',*,*,#2850,.T.);
#2185=ORIENTED_EDGE('',*,*,#2852,.T.);
#2186=ORIENTED_EDGE('',*,*,#2854,.T.);
#2187=ORIENTED_EDGE('',*,*,#2856,.F.);
#2188=ORIENTED_EDGE('',*,*,#2858,.F.);
#2189=ORIENTED_EDGE('',*,*,#2859,.F.);
#2190=ORIENTED_EDGE('',*,*,#2789,.T.);
#2191=ORIENTED_EDGE('',*,*,#2860,.F.);
#2192=ORIENTED_EDGE('',*,*,#2787,.F.);
#2193=ORIENTED_EDGE('',*,*,#2739,.F.);
#2194=ORIENTED_EDGE('',*,*,#2751,.T.);
#2195=ORIENTED_EDGE('',*,*,#2788,.F.);
#2196=ORIENTED_EDGE('',*,*,#2860,.T.);
#2197=ORIENTED_EDGE('',*,*,#2797,.T.);
#2198=ORIENTED_EDGE('',*,*,#2861,.F.);
#2199=ORIENTED_EDGE('',*,*,#2741,.T.);
#2200=ORIENTED_EDGE('',*,*,#2786,.F.);
#2201=ORIENTED_EDGE('',*,*,#2862,.F.);
#2202=ORIENTED_EDGE('',*,*,#2749,.T.);
#2203=ORIENTED_EDGE('',*,*,#2863,.T.);
#2204=ORIENTED_EDGE('',*,*,#2862,.T.);
#2205=ORIENTED_EDGE('',*,*,#2785,.T.);
#2206=ORIENTED_EDGE('',*,*,#2864,.T.);
#2207=ORIENTED_EDGE('',*,*,#2865,.T.);
#2208=ORIENTED_EDGE('',*,*,#2748,.T.);
#2209=ORIENTED_EDGE('',*,*,#2866,.T.);
#2210=ORIENTED_EDGE('',*,*,#2734,.F.);
#2211=ORIENTED_EDGE('',*,*,#2861,.T.);
#2212=ORIENTED_EDGE('',*,*,#2863,.F.);
#2213=ORIENTED_EDGE('',*,*,#2735,.F.);
#2214=ORIENTED_EDGE('',*,*,#2866,.F.);
#2215=ORIENTED_EDGE('',*,*,#2747,.F.);
#2216=ORIENTED_EDGE('',*,*,#2775,.F.);
#2217=ORIENTED_EDGE('',*,*,#2867,.T.);
#2218=ORIENTED_EDGE('',*,*,#2754,.T.);
#2219=ORIENTED_EDGE('',*,*,#2868,.F.);
#2220=ORIENTED_EDGE('',*,*,#2743,.F.);
#2221=ORIENTED_EDGE('',*,*,#2868,.T.);
#2222=ORIENTED_EDGE('',*,*,#2757,.T.);
#2223=ORIENTED_EDGE('',*,*,#2869,.F.);
#2224=ORIENTED_EDGE('',*,*,#2744,.F.);
#2225=ORIENTED_EDGE('',*,*,#2745,.T.);
#2226=ORIENTED_EDGE('',*,*,#2869,.T.);
#2227=ORIENTED_EDGE('',*,*,#2756,.F.);
#2228=ORIENTED_EDGE('',*,*,#2870,.F.);
#2229=ORIENTED_EDGE('',*,*,#2742,.T.);
#2230=ORIENTED_EDGE('',*,*,#2870,.T.);
#2231=ORIENTED_EDGE('',*,*,#2755,.F.);
#2232=ORIENTED_EDGE('',*,*,#2867,.F.);
#2233=ORIENTED_EDGE('',*,*,#2784,.T.);
#2234=ORIENTED_EDGE('',*,*,#2865,.F.);
#2235=ORIENTED_EDGE('',*,*,#2864,.F.);
#2236=ORIENTED_EDGE('',*,*,#2783,.T.);
#2237=EDGE_CURVE('',#2871,#2871,#3313,.F.);
#2238=EDGE_CURVE('',#2872,#2872,#3314,.T.);
#2239=EDGE_CURVE('',#2873,#2873,#3315,.T.);
#2240=EDGE_CURVE('',#2874,#2875,#153,.T.);
#2241=EDGE_CURVE('',#2876,#2874,#154,.T.);
#2242=EDGE_CURVE('',#2876,#2877,#155,.T.);
#2243=EDGE_CURVE('',#2877,#2878,#156,.T.);
#2244=EDGE_CURVE('',#2879,#2878,#157,.T.);
#2245=EDGE_CURVE('',#2880,#2879,#158,.T.);
#2246=EDGE_CURVE('',#2880,#2881,#159,.T.);
#2247=EDGE_CURVE('',#2881,#2882,#160,.T.);
#2248=EDGE_CURVE('',#2882,#2883,#161,.T.);
#2249=EDGE_CURVE('',#2883,#2884,#162,.T.);
#2250=EDGE_CURVE('',#2885,#2884,#163,.T.);
#2251=EDGE_CURVE('',#2885,#2886,#164,.T.);
#2252=EDGE_CURVE('',#2887,#2886,#165,.T.);
#2253=EDGE_CURVE('',#2887,#2888,#166,.T.);
#2254=EDGE_CURVE('',#2888,#2889,#167,.T.);
#2255=EDGE_CURVE('',#2890,#2889,#168,.T.);
#2256=EDGE_CURVE('',#2891,#2890,#169,.T.);
#2257=EDGE_CURVE('',#2892,#2891,#170,.T.);
#2258=EDGE_CURVE('',#2892,#2893,#171,.T.);
#2259=EDGE_CURVE('',#2875,#2893,#172,.T.);
#2260=EDGE_CURVE('',#2894,#2894,#3316,.T.);
#2261=EDGE_CURVE('',#2895,#2895,#3317,.T.);
#2262=EDGE_CURVE('',#2896,#2896,#3318,.T.);
#2263=EDGE_CURVE('',#2897,#2897,#3319,.T.);
#2264=EDGE_CURVE('',#2898,#2898,#3320,.T.);
#2265=EDGE_CURVE('',#2899,#2899,#3321,.T.);
#2266=EDGE_CURVE('',#2900,#2900,#3322,.T.);
#2267=EDGE_CURVE('',#2901,#2901,#3323,.T.);
#2268=EDGE_CURVE('',#2902,#2902,#3324,.T.);
#2269=EDGE_CURVE('',#2903,#2903,#3325,.T.);
#2270=EDGE_CURVE('',#2904,#2904,#3326,.T.);
#2271=EDGE_CURVE('',#2905,#2905,#3327,.T.);
#2272=EDGE_CURVE('',#2906,#2906,#3328,.T.);
#2273=EDGE_CURVE('',#2907,#2908,#173,.T.);
#2274=EDGE_CURVE('',#2908,#2909,#174,.T.);
#2275=EDGE_CURVE('',#2910,#2909,#175,.T.);
#2276=EDGE_CURVE('',#2910,#2911,#176,.T.);
#2277=EDGE_CURVE('',#2911,#2912,#177,.T.);
#2278=EDGE_CURVE('',#2912,#2913,#178,.T.);
#2279=EDGE_CURVE('',#2914,#2913,#179,.T.);
#2280=EDGE_CURVE('',#2915,#2914,#180,.T.);
#2281=EDGE_CURVE('',#2915,#2916,#181,.T.);
#2282=EDGE_CURVE('',#2917,#2916,#182,.T.);
#2283=EDGE_CURVE('',#2917,#2918,#183,.T.);
#2284=EDGE_CURVE('',#2919,#2918,#184,.T.);
#2285=EDGE_CURVE('',#2920,#2919,#185,.T.);
#2286=EDGE_CURVE('',#2921,#2920,#186,.T.);
#2287=EDGE_CURVE('',#2922,#2921,#187,.T.);
#2288=EDGE_CURVE('',#2922,#2923,#188,.T.);
#2289=EDGE_CURVE('',#2923,#2924,#189,.T.);
#2290=EDGE_CURVE('',#2925,#2924,#190,.T.);
#2291=EDGE_CURVE('',#2926,#2925,#191,.T.);
#2292=EDGE_CURVE('',#2926,#2907,#192,.T.);
#2293=EDGE_CURVE('',#2927,#2927,#3329,.T.);
#2294=EDGE_CURVE('',#2928,#2928,#3330,.T.);
#2295=EDGE_CURVE('',#2929,#2929,#3331,.T.);
#2296=EDGE_CURVE('',#2930,#2930,#3332,.T.);
#2297=EDGE_CURVE('',#2931,#2931,#3333,.T.);
#2298=EDGE_CURVE('',#2932,#2932,#3334,.T.);
#2299=EDGE_CURVE('',#2933,#2933,#3335,.T.);
#2300=EDGE_CURVE('',#2934,#2934,#3336,.T.);
#2301=EDGE_CURVE('',#2935,#2935,#3337,.F.);
#2302=EDGE_CURVE('',#2936,#2936,#3338,.F.);
#2303=EDGE_CURVE('',#2874,#2907,#193,.T.);
#2304=EDGE_CURVE('',#2875,#2908,#194,.T.);
#2305=EDGE_CURVE('',#2876,#2926,#195,.T.);
#2306=EDGE_CURVE('',#2877,#2925,#196,.T.);
#2307=EDGE_CURVE('',#2878,#2924,#197,.T.);
#2308=EDGE_CURVE('',#2879,#2923,#198,.T.);
#2309=EDGE_CURVE('',#2880,#2922,#199,.T.);
#2310=EDGE_CURVE('',#2881,#2921,#200,.T.);
#2311=EDGE_CURVE('',#2882,#2920,#201,.T.);
#2312=EDGE_CURVE('',#2883,#2919,#202,.T.);
#2313=EDGE_CURVE('',#2884,#2918,#203,.T.);
#2314=EDGE_CURVE('',#2885,#2917,#204,.T.);
#2315=EDGE_CURVE('',#2886,#2916,#205,.T.);
#2316=EDGE_CURVE('',#2887,#2915,#206,.T.);
#2317=EDGE_CURVE('',#2888,#2914,#207,.T.);
#2318=EDGE_CURVE('',#2889,#2913,#208,.T.);
#2319=EDGE_CURVE('',#2890,#2912,#209,.T.);
#2320=EDGE_CURVE('',#2891,#2911,#210,.T.);
#2321=EDGE_CURVE('',#2892,#2910,#211,.T.);
#2322=EDGE_CURVE('',#2893,#2909,#212,.T.);
#2323=EDGE_CURVE('',#2937,#2938,#14,.T.);
#2324=EDGE_CURVE('',#2938,#2939,#3339,.F.);
#2325=EDGE_CURVE('',#2939,#2940,#213,.T.);
#2326=EDGE_CURVE('',#2941,#2940,#214,.T.);
#2327=EDGE_CURVE('',#2942,#2941,#215,.T.);
#2328=EDGE_CURVE('',#2942,#2943,#216,.T.);
#2329=EDGE_CURVE('',#2944,#2943,#217,.T.);
#2330=EDGE_CURVE('',#2937,#2944,#218,.T.);
#2331=EDGE_CURVE('',#2945,#2946,#3340,.F.);
#2332=EDGE_CURVE('',#2945,#2947,#219,.T.);
#2333=EDGE_CURVE('',#2947,#2948,#3341,.T.);
#2334=EDGE_CURVE('',#2946,#2948,#220,.T.);
#2335=EDGE_CURVE('',#2949,#2950,#221,.T.);
#2336=EDGE_CURVE('',#2949,#2951,#3342,.T.);
#2337=EDGE_CURVE('',#2952,#2951,#15,.T.);
#2338=EDGE_CURVE('',#2953,#2952,#222,.T.);
#2339=EDGE_CURVE('',#2953,#2954,#223,.T.);
#2340=EDGE_CURVE('',#2955,#2954,#224,.T.);
#2341=EDGE_CURVE('',#2955,#2956,#225,.T.);
#2342=EDGE_CURVE('',#2956,#2950,#226,.T.);
#2343=EDGE_CURVE('',#2957,#2958,#227,.T.);
#2344=EDGE_CURVE('',#2957,#2959,#3343,.T.);
#2345=EDGE_CURVE('',#2959,#2960,#228,.T.);
#2346=EDGE_CURVE('',#2958,#2960,#3344,.T.);
#2347=EDGE_CURVE('',#2961,#2962,#3345,.T.);
#2348=EDGE_CURVE('',#2962,#2963,#3346,.F.);
#2349=EDGE_CURVE('',#2963,#2964,#3347,.T.);
#2350=EDGE_CURVE('',#2964,#2961,#3348,.F.);
#2351=EDGE_CURVE('',#2965,#2965,#3349,.T.);
#2352=EDGE_CURVE('',#2966,#2967,#3350,.T.);
#2353=EDGE_CURVE('',#2966,#2968,#3351,.F.);
#2354=EDGE_CURVE('',#2969,#2968,#3352,.T.);
#2355=EDGE_CURVE('',#2969,#2967,#3353,.F.);
#2356=EDGE_CURVE('',#2970,#2971,#3354,.T.);
#2357=EDGE_CURVE('',#2971,#2972,#3355,.F.);
#2358=EDGE_CURVE('',#2972,#2973,#3356,.T.);
#2359=EDGE_CURVE('',#2973,#2970,#3357,.F.);
#2360=EDGE_CURVE('',#2974,#2975,#3358,.T.);
#2361=EDGE_CURVE('',#2974,#2976,#3359,.F.);
#2362=EDGE_CURVE('',#2977,#2976,#3360,.T.);
#2363=EDGE_CURVE('',#2977,#2975,#3361,.F.);
#2364=EDGE_CURVE('',#2939,#2949,#229,.T.);
#2365=EDGE_CURVE('',#2978,#2950,#230,.T.);
#2366=EDGE_CURVE('',#2979,#2978,#231,.T.);
#2367=EDGE_CURVE('',#2980,#2979,#232,.T.);
#2368=EDGE_CURVE('',#2980,#2981,#233,.T.);
#2369=EDGE_CURVE('',#2981,#2982,#234,.T.);
#2370=EDGE_CURVE('',#2982,#2983,#235,.T.);
#2371=EDGE_CURVE('',#2983,#2940,#236,.T.);
#2372=EDGE_CURVE('',#2984,#2984,#3362,.T.);
#2373=EDGE_CURVE('',#2985,#2985,#3363,.T.);
#2374=EDGE_CURVE('',#2986,#2953,#237,.T.);
#2375=EDGE_CURVE('',#2986,#2944,#238,.T.);
#2376=EDGE_CURVE('',#2943,#2987,#239,.T.);
#2377=EDGE_CURVE('',#2987,#2954,#240,.T.);
#2378=EDGE_CURVE('',#2942,#2988,#241,.T.);
#2379=EDGE_CURVE('',#2989,#2941,#242,.T.);
#2380=EDGE_CURVE('',#2990,#2989,#243,.T.);
#2381=EDGE_CURVE('',#2991,#2990,#244,.T.);
#2382=EDGE_CURVE('',#2992,#2991,#245,.T.);
#2383=EDGE_CURVE('',#2992,#2993,#246,.T.);
#2384=EDGE_CURVE('',#2993,#2994,#247,.T.);
#2385=EDGE_CURVE('',#2994,#2956,#248,.T.);
#2386=EDGE_CURVE('',#2988,#2955,#249,.T.);
#2387=EDGE_CURVE('',#2995,#2995,#3364,.T.);
#2388=EDGE_CURVE('',#2996,#2997,#250,.T.);
#2389=EDGE_CURVE('',#2996,#2998,#251,.T.);
#2390=EDGE_CURVE('',#2998,#2999,#252,.T.);
#2391=EDGE_CURVE('',#2999,#3000,#253,.T.);
#2392=EDGE_CURVE('',#3000,#3001,#254,.T.);
#2393=EDGE_CURVE('',#3002,#3001,#255,.T.);
#2394=EDGE_CURVE('',#2997,#3002,#256,.T.);
#2395=EDGE_CURVE('',#3003,#3004,#3365,.T.);
#2396=EDGE_CURVE('',#3004,#3005,#3366,.F.);
#2397=EDGE_CURVE('',#3005,#3006,#3367,.T.);
#2398=EDGE_CURVE('',#3006,#3003,#3368,.F.);
#2399=EDGE_CURVE('',#3007,#3008,#3369,.F.);
#2400=EDGE_CURVE('',#3007,#3009,#3370,.F.);
#2401=EDGE_CURVE('',#3010,#3009,#3371,.F.);
#2402=EDGE_CURVE('',#3010,#3008,#3372,.F.);
#2403=EDGE_CURVE('',#3011,#3012,#3373,.T.);
#2404=EDGE_CURVE('',#3012,#3013,#3374,.F.);
#2405=EDGE_CURVE('',#3013,#3014,#3375,.T.);
#2406=EDGE_CURVE('',#3014,#3011,#3376,.F.);
#2407=EDGE_CURVE('',#3015,#3015,#3377,.T.);
#2408=EDGE_CURVE('',#3016,#3016,#3378,.T.);
#2409=EDGE_CURVE('',#3017,#3018,#3379,.F.);
#2410=EDGE_CURVE('',#3017,#3019,#3380,.F.);
#2411=EDGE_CURVE('',#3020,#3019,#3381,.F.);
#2412=EDGE_CURVE('',#3020,#3018,#3382,.F.);
#2413=EDGE_CURVE('',#2993,#2979,#257,.T.);
#2414=EDGE_CURVE('',#2992,#2980,#258,.T.);
#2415=EDGE_CURVE('',#2994,#2978,#259,.T.);
#2416=EDGE_CURVE('',#2989,#2983,#260,.T.);
#2417=EDGE_CURVE('',#2990,#2982,#261,.T.);
#2418=EDGE_CURVE('',#2991,#2981,#262,.T.);
#2419=EDGE_CURVE('',#3013,#2966,#263,.T.);
#2420=EDGE_CURVE('',#2967,#3014,#264,.F.);
#2421=EDGE_CURVE('',#2968,#3012,#265,.F.);
#2422=EDGE_CURVE('',#3011,#2969,#266,.T.);
#2423=EDGE_CURVE('',#3009,#2971,#267,.T.);
#2424=EDGE_CURVE('',#2970,#3010,#268,.F.);
#2425=EDGE_CURVE('',#2972,#3007,#269,.F.);
#2426=EDGE_CURVE('',#3008,#2973,#270,.T.);
#2427=EDGE_CURVE('',#3019,#2962,#271,.T.);
#2428=EDGE_CURVE('',#2961,#3020,#272,.F.);
#2429=EDGE_CURVE('',#2963,#3017,#273,.F.);
#2430=EDGE_CURVE('',#3018,#2964,#274,.T.);
#2431=EDGE_CURVE('',#2976,#3004,#275,.F.);
#2432=EDGE_CURVE('',#3003,#2977,#276,.T.);
#2433=EDGE_CURVE('',#3005,#2974,#277,.T.);
#2434=EDGE_CURVE('',#2975,#3006,#278,.F.);
#2435=EDGE_CURVE('',#3021,#2996,#279,.T.);
#2436=EDGE_CURVE('',#3021,#3022,#280,.T.);
#2437=EDGE_CURVE('',#3022,#2998,#281,.T.);
#2438=EDGE_CURVE('',#3023,#2997,#282,.T.);
#2439=EDGE_CURVE('',#3021,#3023,#283,.T.);
#2440=EDGE_CURVE('',#3024,#3002,#284,.T.);
#2441=EDGE_CURVE('',#3023,#3024,#285,.T.);
#2442=EDGE_CURVE('',#3025,#3001,#286,.T.);
#2443=EDGE_CURVE('',#3024,#3025,#287,.T.);
#2444=EDGE_CURVE('',#3026,#3000,#288,.T.);
#2445=EDGE_CURVE('',#3026,#3025,#289,.T.);
#2446=EDGE_CURVE('',#3027,#2999,#290,.T.);
#2447=EDGE_CURVE('',#3027,#3026,#291,.T.);
#2448=EDGE_CURVE('',#3022,#3027,#292,.T.);
#2449=EDGE_CURVE('',#2987,#2988,#293,.T.);
#2450=EDGE_CURVE('',#2937,#3028,#16,.T.);
#2451=EDGE_CURVE('',#3028,#2986,#294,.T.);
#2452=EDGE_CURVE('',#2952,#3028,#17,.T.);
#2453=EDGE_CURVE('',#3029,#3029,#18,.T.);
#2454=EDGE_CURVE('',#3030,#3030,#19,.T.);
#2455=EDGE_CURVE('',#2951,#2938,#295,.F.);
#2456=EDGE_CURVE('',#2945,#2957,#296,.T.);
#2457=EDGE_CURVE('',#2947,#2958,#297,.T.);
#2458=EDGE_CURVE('',#2948,#2960,#298,.T.);
#2459=EDGE_CURVE('',#2946,#2959,#299,.T.);
#2460=EDGE_CURVE('',#3031,#3032,#20,.T.);
#2461=EDGE_CURVE('',#3031,#3033,#300,.T.);
#2462=EDGE_CURVE('',#3033,#3034,#301,.T.);
#2463=EDGE_CURVE('',#3035,#3034,#302,.T.);
#2464=EDGE_CURVE('',#3035,#3036,#303,.T.);
#2465=EDGE_CURVE('',#3036,#3037,#304,.T.);
#2466=EDGE_CURVE('',#3038,#3037,#305,.T.);
#2467=EDGE_CURVE('',#3032,#3038,#3383,.F.);
#2468=EDGE_CURVE('',#3039,#3040,#3384,.F.);
#2469=EDGE_CURVE('',#3040,#3041,#306,.T.);
#2470=EDGE_CURVE('',#3042,#3041,#3385,.T.);
#2471=EDGE_CURVE('',#3039,#3042,#307,.T.);
#2472=EDGE_CURVE('',#3043,#3044,#308,.T.);
#2473=EDGE_CURVE('',#3045,#3044,#309,.T.);
#2474=EDGE_CURVE('',#3046,#3045,#310,.T.);
#2475=EDGE_CURVE('',#3046,#3047,#311,.T.);
#2476=EDGE_CURVE('',#3048,#3047,#312,.T.);
#2477=EDGE_CURVE('',#3048,#3049,#313,.T.);
#2478=EDGE_CURVE('',#3049,#3050,#21,.T.);
#2479=EDGE_CURVE('',#3043,#3050,#3386,.T.);
#2480=EDGE_CURVE('',#3051,#3052,#314,.T.);
#2481=EDGE_CURVE('',#3052,#3053,#3387,.T.);
#2482=EDGE_CURVE('',#3054,#3053,#315,.T.);
#2483=EDGE_CURVE('',#3051,#3054,#3388,.T.);
#2484=EDGE_CURVE('',#3055,#3056,#3389,.T.);
#2485=EDGE_CURVE('',#3057,#3055,#3390,.F.);
#2486=EDGE_CURVE('',#3058,#3057,#3391,.T.);
#2487=EDGE_CURVE('',#3056,#3058,#3392,.F.);
#2488=EDGE_CURVE('',#3059,#3059,#3393,.T.);
#2489=EDGE_CURVE('',#3060,#3061,#3394,.T.);
#2490=EDGE_CURVE('',#3062,#3061,#3395,.F.);
#2491=EDGE_CURVE('',#3062,#3063,#3396,.T.);
#2492=EDGE_CURVE('',#3060,#3063,#3397,.F.);
#2493=EDGE_CURVE('',#3064,#3065,#3398,.T.);
#2494=EDGE_CURVE('',#3066,#3064,#3399,.F.);
#2495=EDGE_CURVE('',#3067,#3066,#3400,.T.);
#2496=EDGE_CURVE('',#3065,#3067,#3401,.F.);
#2497=EDGE_CURVE('',#3068,#3069,#3402,.T.);
#2498=EDGE_CURVE('',#3070,#3069,#3403,.F.);
#2499=EDGE_CURVE('',#3070,#3071,#3404,.T.);
#2500=EDGE_CURVE('',#3068,#3071,#3405,.F.);
#2501=EDGE_CURVE('',#3072,#3037,#316,.T.);
#2502=EDGE_CURVE('',#3073,#3072,#317,.T.);
#2503=EDGE_CURVE('',#3074,#3073,#318,.T.);
#2504=EDGE_CURVE('',#3075,#3074,#319,.T.);
#2505=EDGE_CURVE('',#3075,#3076,#320,.T.);
#2506=EDGE_CURVE('',#3076,#3077,#321,.T.);
#2507=EDGE_CURVE('',#3077,#3044,#322,.T.);
#2508=EDGE_CURVE('',#3038,#3043,#323,.T.);
#2509=EDGE_CURVE('',#3078,#3078,#3406,.T.);
#2510=EDGE_CURVE('',#3079,#3079,#3407,.T.);
#2511=EDGE_CURVE('',#3080,#3048,#324,.T.);
#2512=EDGE_CURVE('',#3081,#3047,#325,.T.);
#2513=EDGE_CURVE('',#3034,#3081,#326,.T.);
#2514=EDGE_CURVE('',#3080,#3033,#327,.T.);
#2515=EDGE_CURVE('',#3035,#3082,#328,.T.);
#2516=EDGE_CURVE('',#3082,#3046,#329,.T.);
#2517=EDGE_CURVE('',#3083,#3045,#330,.T.);
#2518=EDGE_CURVE('',#3084,#3083,#331,.T.);
#2519=EDGE_CURVE('',#3085,#3084,#332,.T.);
#2520=EDGE_CURVE('',#3085,#3086,#333,.T.);
#2521=EDGE_CURVE('',#3086,#3087,#334,.T.);
#2522=EDGE_CURVE('',#3087,#3088,#335,.T.);
#2523=EDGE_CURVE('',#3088,#3036,#336,.T.);
#2524=EDGE_CURVE('',#3089,#3089,#3408,.T.);
#2525=EDGE_CURVE('',#3090,#3091,#337,.T.);
#2526=EDGE_CURVE('',#3091,#3092,#338,.T.);
#2527=EDGE_CURVE('',#3092,#3093,#339,.T.);
#2528=EDGE_CURVE('',#3094,#3093,#340,.T.);
#2529=EDGE_CURVE('',#3095,#3094,#341,.T.);
#2530=EDGE_CURVE('',#3096,#3095,#342,.T.);
#2531=EDGE_CURVE('',#3090,#3096,#343,.T.);
#2532=EDGE_CURVE('',#3097,#3098,#3409,.T.);
#2533=EDGE_CURVE('',#3099,#3097,#3410,.F.);
#2534=EDGE_CURVE('',#3100,#3099,#3411,.T.);
#2535=EDGE_CURVE('',#3098,#3100,#3412,.F.);
#2536=EDGE_CURVE('',#3101,#3102,#3413,.F.);
#2537=EDGE_CURVE('',#3103,#3102,#3414,.F.);
#2538=EDGE_CURVE('',#3103,#3104,#3415,.F.);
#2539=EDGE_CURVE('',#3101,#3104,#3416,.F.);
#2540=EDGE_CURVE('',#3105,#3106,#3417,.T.);
#2541=EDGE_CURVE('',#3107,#3105,#3418,.F.);
#2542=EDGE_CURVE('',#3108,#3107,#3419,.T.);
#2543=EDGE_CURVE('',#3106,#3108,#3420,.F.);
#2544=EDGE_CURVE('',#3109,#3109,#3421,.T.);
#2545=EDGE_CURVE('',#3110,#3110,#3422,.T.);
#2546=EDGE_CURVE('',#3111,#3112,#3423,.F.);
#2547=EDGE_CURVE('',#3113,#3112,#3424,.F.);
#2548=EDGE_CURVE('',#3113,#3114,#3425,.F.);
#2549=EDGE_CURVE('',#3111,#3114,#3426,.F.);
#2550=EDGE_CURVE('',#3085,#3075,#344,.T.);
#2551=EDGE_CURVE('',#3084,#3076,#345,.T.);
#2552=EDGE_CURVE('',#3083,#3077,#346,.T.);
#2553=EDGE_CURVE('',#3088,#3072,#347,.T.);
#2554=EDGE_CURVE('',#3087,#3073,#348,.T.);
#2555=EDGE_CURVE('',#3086,#3074,#349,.T.);
#2556=EDGE_CURVE('',#3061,#3107,#350,.F.);
#2557=EDGE_CURVE('',#3108,#3060,#351,.T.);
#2558=EDGE_CURVE('',#3105,#3062,#352,.T.);
#2559=EDGE_CURVE('',#3063,#3106,#353,.F.);
#2560=EDGE_CURVE('',#3064,#3103,#354,.F.);
#2561=EDGE_CURVE('',#3104,#3065,#355,.T.);
#2562=EDGE_CURVE('',#3102,#3066,#356,.T.);
#2563=EDGE_CURVE('',#3067,#3101,#357,.F.);
#2564=EDGE_CURVE('',#3055,#3113,#358,.F.);
#2565=EDGE_CURVE('',#3114,#3056,#359,.T.);
#2566=EDGE_CURVE('',#3112,#3057,#360,.T.);
#2567=EDGE_CURVE('',#3058,#3111,#361,.F.);
#2568=EDGE_CURVE('',#3097,#3070,#362,.T.);
#2569=EDGE_CURVE('',#3071,#3098,#363,.F.);
#2570=EDGE_CURVE('',#3069,#3099,#364,.F.);
#2571=EDGE_CURVE('',#3100,#3068,#365,.T.);
#2572=EDGE_CURVE('',#3115,#3096,#366,.T.);
#2573=EDGE_CURVE('',#3116,#3115,#367,.T.);
#2574=EDGE_CURVE('',#3116,#3090,#368,.T.);
#2575=EDGE_CURVE('',#3116,#3117,#369,.T.);
#2576=EDGE_CURVE('',#3117,#3091,#370,.T.);
#2577=EDGE_CURVE('',#3117,#3118,#371,.T.);
#2578=EDGE_CURVE('',#3118,#3092,#372,.T.);
#2579=EDGE_CURVE('',#3118,#3119,#373,.T.);
#2580=EDGE_CURVE('',#3119,#3093,#374,.T.);
#2581=EDGE_CURVE('',#3120,#3119,#375,.T.);
#2582=EDGE_CURVE('',#3120,#3094,#376,.T.);
#2583=EDGE_CURVE('',#3121,#3120,#377,.T.);
#2584=EDGE_CURVE('',#3121,#3095,#378,.T.);
#2585=EDGE_CURVE('',#3115,#3121,#379,.T.);
#2586=EDGE_CURVE('',#3081,#3082,#380,.T.);
#2587=EDGE_CURVE('',#3031,#3122,#22,.T.);
#2588=EDGE_CURVE('',#3122,#3080,#381,.T.);
#2589=EDGE_CURVE('',#3049,#3122,#23,.T.);
#2590=EDGE_CURVE('',#3123,#3123,#24,.T.);
#2591=EDGE_CURVE('',#3124,#3124,#25,.T.);
#2592=EDGE_CURVE('',#3050,#3032,#382,.F.);
#2593=EDGE_CURVE('',#3039,#3051,#383,.T.);
#2594=EDGE_CURVE('',#3042,#3052,#384,.T.);
#2595=EDGE_CURVE('',#3041,#3053,#385,.T.);
#2596=EDGE_CURVE('',#3040,#3054,#386,.T.);
#2597=EDGE_CURVE('',#3125,#3126,#26,.T.);
#2598=EDGE_CURVE('',#3125,#3127,#387,.T.);
#2599=EDGE_CURVE('',#3127,#3128,#388,.T.);
#2600=EDGE_CURVE('',#3129,#3128,#389,.T.);
#2601=EDGE_CURVE('',#3129,#3130,#390,.T.);
#2602=EDGE_CURVE('',#3130,#3131,#391,.T.);
#2603=EDGE_CURVE('',#3132,#3131,#392,.T.);
#2604=EDGE_CURVE('',#3126,#3132,#3427,.F.);
#2605=EDGE_CURVE('',#3133,#3134,#3428,.F.);
#2606=EDGE_CURVE('',#3134,#3135,#393,.T.);
#2607=EDGE_CURVE('',#3136,#3135,#3429,.T.);
#2608=EDGE_CURVE('',#3133,#3136,#394,.T.);
#2609=EDGE_CURVE('',#3137,#3138,#395,.T.);
#2610=EDGE_CURVE('',#3139,#3138,#396,.T.);
#2611=EDGE_CURVE('',#3140,#3139,#397,.T.);
#2612=EDGE_CURVE('',#3140,#3141,#398,.T.);
#2613=EDGE_CURVE('',#3142,#3141,#399,.T.);
#2614=EDGE_CURVE('',#3142,#3143,#400,.T.);
#2615=EDGE_CURVE('',#3143,#3144,#27,.T.);
#2616=EDGE_CURVE('',#3137,#3144,#3430,.T.);
#2617=EDGE_CURVE('',#3145,#3146,#401,.T.);
#2618=EDGE_CURVE('',#3146,#3147,#3431,.T.);
#2619=EDGE_CURVE('',#3148,#3147,#402,.T.);
#2620=EDGE_CURVE('',#3145,#3148,#3432,.T.);
#2621=EDGE_CURVE('',#3149,#3150,#3433,.T.);
#2622=EDGE_CURVE('',#3151,#3149,#3434,.F.);
#2623=EDGE_CURVE('',#3152,#3151,#3435,.T.);
#2624=EDGE_CURVE('',#3150,#3152,#3436,.F.);
#2625=EDGE_CURVE('',#3153,#3153,#3437,.T.);
#2626=EDGE_CURVE('',#3154,#3155,#3438,.T.);
#2627=EDGE_CURVE('',#3156,#3155,#3439,.F.);
#2628=EDGE_CURVE('',#3156,#3157,#3440,.T.);
#2629=EDGE_CURVE('',#3154,#3157,#3441,.F.);
#2630=EDGE_CURVE('',#3158,#3159,#3442,.T.);
#2631=EDGE_CURVE('',#3160,#3158,#3443,.F.);
#2632=EDGE_CURVE('',#3161,#3160,#3444,.T.);
#2633=EDGE_CURVE('',#3159,#3161,#3445,.F.);
#2634=EDGE_CURVE('',#3162,#3163,#3446,.T.);
#2635=EDGE_CURVE('',#3164,#3163,#3447,.F.);
#2636=EDGE_CURVE('',#3164,#3165,#3448,.T.);
#2637=EDGE_CURVE('',#3162,#3165,#3449,.F.);
#2638=EDGE_CURVE('',#3166,#3131,#403,.T.);
#2639=EDGE_CURVE('',#3167,#3166,#404,.T.);
#2640=EDGE_CURVE('',#3168,#3167,#405,.T.);
#2641=EDGE_CURVE('',#3169,#3168,#406,.T.);
#2642=EDGE_CURVE('',#3169,#3170,#407,.T.);
#2643=EDGE_CURVE('',#3170,#3171,#408,.T.);
#2644=EDGE_CURVE('',#3171,#3138,#409,.T.);
#2645=EDGE_CURVE('',#3132,#3137,#410,.T.);
#2646=EDGE_CURVE('',#3172,#3172,#3450,.T.);
#2647=EDGE_CURVE('',#3173,#3173,#3451,.T.);
#2648=EDGE_CURVE('',#3174,#3142,#411,.T.);
#2649=EDGE_CURVE('',#3175,#3141,#412,.T.);
#2650=EDGE_CURVE('',#3128,#3175,#413,.T.);
#2651=EDGE_CURVE('',#3174,#3127,#414,.T.);
#2652=EDGE_CURVE('',#3129,#3176,#415,.T.);
#2653=EDGE_CURVE('',#3176,#3140,#416,.T.);
#2654=EDGE_CURVE('',#3177,#3139,#417,.T.);
#2655=EDGE_CURVE('',#3178,#3177,#418,.T.);
#2656=EDGE_CURVE('',#3179,#3178,#419,.T.);
#2657=EDGE_CURVE('',#3179,#3180,#420,.T.);
#2658=EDGE_CURVE('',#3180,#3181,#421,.T.);
#2659=EDGE_CURVE('',#3181,#3182,#422,.T.);
#2660=EDGE_CURVE('',#3182,#3130,#423,.T.);
#2661=EDGE_CURVE('',#3183,#3183,#3452,.T.);
#2662=EDGE_CURVE('',#3184,#3185,#424,.T.);
#2663=EDGE_CURVE('',#3185,#3186,#425,.T.);
#2664=EDGE_CURVE('',#3186,#3187,#426,.T.);
#2665=EDGE_CURVE('',#3188,#3187,#427,.T.);
#2666=EDGE_CURVE('',#3189,#3188,#428,.T.);
#2667=EDGE_CURVE('',#3190,#3189,#429,.T.);
#2668=EDGE_CURVE('',#3184,#3190,#430,.T.);
#2669=EDGE_CURVE('',#3191,#3192,#3453,.T.);
#2670=EDGE_CURVE('',#3193,#3191,#3454,.F.);
#2671=EDGE_CURVE('',#3194,#3193,#3455,.T.);
#2672=EDGE_CURVE('',#3192,#3194,#3456,.F.);
#2673=EDGE_CURVE('',#3195,#3196,#3457,.F.);
#2674=EDGE_CURVE('',#3197,#3196,#3458,.F.);
#2675=EDGE_CURVE('',#3197,#3198,#3459,.F.);
#2676=EDGE_CURVE('',#3195,#3198,#3460,.F.);
#2677=EDGE_CURVE('',#3199,#3200,#3461,.T.);
#2678=EDGE_CURVE('',#3201,#3199,#3462,.F.);
#2679=EDGE_CURVE('',#3202,#3201,#3463,.T.);
#2680=EDGE_CURVE('',#3200,#3202,#3464,.F.);
#2681=EDGE_CURVE('',#3203,#3203,#3465,.T.);
#2682=EDGE_CURVE('',#3204,#3204,#3466,.T.);
#2683=EDGE_CURVE('',#3205,#3206,#3467,.F.);
#2684=EDGE_CURVE('',#3207,#3206,#3468,.F.);
#2685=EDGE_CURVE('',#3207,#3208,#3469,.F.);
#2686=EDGE_CURVE('',#3205,#3208,#3470,.F.);
#2687=EDGE_CURVE('',#3179,#3169,#431,.T.);
#2688=EDGE_CURVE('',#3178,#3170,#432,.T.);
#2689=EDGE_CURVE('',#3177,#3171,#433,.T.);
#2690=EDGE_CURVE('',#3182,#3166,#434,.T.);
#2691=EDGE_CURVE('',#3181,#3167,#435,.T.);
#2692=EDGE_CURVE('',#3180,#3168,#436,.T.);
#2693=EDGE_CURVE('',#3155,#3201,#437,.F.);
#2694=EDGE_CURVE('',#3202,#3154,#438,.T.);
#2695=EDGE_CURVE('',#3199,#3156,#439,.T.);
#2696=EDGE_CURVE('',#3157,#3200,#440,.F.);
#2697=EDGE_CURVE('',#3158,#3197,#441,.F.);
#2698=EDGE_CURVE('',#3198,#3159,#442,.T.);
#2699=EDGE_CURVE('',#3196,#3160,#443,.T.);
#2700=EDGE_CURVE('',#3161,#3195,#444,.F.);
#2701=EDGE_CURVE('',#3149,#3207,#445,.F.);
#2702=EDGE_CURVE('',#3208,#3150,#446,.T.);
#2703=EDGE_CURVE('',#3206,#3151,#447,.T.);
#2704=EDGE_CURVE('',#3152,#3205,#448,.F.);
#2705=EDGE_CURVE('',#3191,#3164,#449,.T.);
#2706=EDGE_CURVE('',#3165,#3192,#450,.F.);
#2707=EDGE_CURVE('',#3163,#3193,#451,.F.);
#2708=EDGE_CURVE('',#3194,#3162,#452,.T.);
#2709=EDGE_CURVE('',#3209,#3190,#453,.T.);
#2710=EDGE_CURVE('',#3210,#3209,#454,.T.);
#2711=EDGE_CURVE('',#3210,#3184,#455,.T.);
#2712=EDGE_CURVE('',#3210,#3211,#456,.T.);
#2713=EDGE_CURVE('',#3211,#3185,#457,.T.);
#2714=EDGE_CURVE('',#3211,#3212,#458,.T.);
#2715=EDGE_CURVE('',#3212,#3186,#459,.T.);
#2716=EDGE_CURVE('',#3212,#3213,#460,.T.);
#2717=EDGE_CURVE('',#3213,#3187,#461,.T.);
#2718=EDGE_CURVE('',#3214,#3213,#462,.T.);
#2719=EDGE_CURVE('',#3214,#3188,#463,.T.);
#2720=EDGE_CURVE('',#3215,#3214,#464,.T.);
#2721=EDGE_CURVE('',#3215,#3189,#465,.T.);
#2722=EDGE_CURVE('',#3209,#3215,#466,.T.);
#2723=EDGE_CURVE('',#3175,#3176,#467,.T.);
#2724=EDGE_CURVE('',#3125,#3216,#28,.T.);
#2725=EDGE_CURVE('',#3216,#3174,#468,.T.);
#2726=EDGE_CURVE('',#3143,#3216,#29,.T.);
#2727=EDGE_CURVE('',#3217,#3217,#30,.T.);
#2728=EDGE_CURVE('',#3218,#3218,#31,.T.);
#2729=EDGE_CURVE('',#3144,#3126,#469,.F.);
#2730=EDGE_CURVE('',#3133,#3145,#470,.T.);
#2731=EDGE_CURVE('',#3136,#3146,#471,.T.);
#2732=EDGE_CURVE('',#3135,#3147,#472,.T.);
#2733=EDGE_CURVE('',#3134,#3148,#473,.T.);
#2734=EDGE_CURVE('',#3219,#3220,#32,.T.);
#2735=EDGE_CURVE('',#3220,#3221,#3471,.F.);
#2736=EDGE_CURVE('',#3221,#3222,#474,.T.);
#2737=EDGE_CURVE('',#3223,#3222,#475,.T.);
#2738=EDGE_CURVE('',#3224,#3223,#476,.T.);
#2739=EDGE_CURVE('',#3224,#3225,#477,.T.);
#2740=EDGE_CURVE('',#3226,#3225,#478,.T.);
#2741=EDGE_CURVE('',#3219,#3226,#479,.T.);
#2742=EDGE_CURVE('',#3227,#3228,#3472,.F.);
#2743=EDGE_CURVE('',#3227,#3229,#480,.T.);
#2744=EDGE_CURVE('',#3229,#3230,#3473,.T.);
#2745=EDGE_CURVE('',#3228,#3230,#481,.T.);
#2746=EDGE_CURVE('',#3231,#3232,#482,.T.);
#2747=EDGE_CURVE('',#3231,#3233,#3474,.T.);
#2748=EDGE_CURVE('',#3234,#3233,#33,.T.);
#2749=EDGE_CURVE('',#3235,#3234,#483,.T.);
#2750=EDGE_CURVE('',#3235,#3236,#484,.T.);
#2751=EDGE_CURVE('',#3237,#3236,#485,.T.);
#2752=EDGE_CURVE('',#3237,#3238,#486,.T.);
#2753=EDGE_CURVE('',#3238,#3232,#487,.T.);
#2754=EDGE_CURVE('',#3239,#3240,#488,.T.);
#2755=EDGE_CURVE('',#3239,#3241,#3475,.T.);
#2756=EDGE_CURVE('',#3241,#3242,#489,.T.);
#2757=EDGE_CURVE('',#3240,#3242,#3476,.T.);
#2758=EDGE_CURVE('',#3243,#3244,#3477,.T.);
#2759=EDGE_CURVE('',#3244,#3245,#3478,.F.);
#2760=EDGE_CURVE('',#3245,#3246,#3479,.T.);
#2761=EDGE_CURVE('',#3246,#3243,#3480,.F.);
#2762=EDGE_CURVE('',#3247,#3247,#3481,.T.);
#2763=EDGE_CURVE('',#3248,#3249,#3482,.T.);
#2764=EDGE_CURVE('',#3248,#3250,#3483,.F.);
#2765=EDGE_CURVE('',#3251,#3250,#3484,.T.);
#2766=EDGE_CURVE('',#3251,#3249,#3485,.F.);
#2767=EDGE_CURVE('',#3252,#3253,#3486,.T.);
#2768=EDGE_CURVE('',#3253,#3254,#3487,.F.);
#2769=EDGE_CURVE('',#3254,#3255,#3488,.T.);
#2770=EDGE_CURVE('',#3255,#3252,#3489,.F.);
#2771=EDGE_CURVE('',#3256,#3257,#3490,.T.);
#2772=EDGE_CURVE('',#3256,#3258,#3491,.F.);
#2773=EDGE_CURVE('',#3259,#3258,#3492,.T.);
#2774=EDGE_CURVE('',#3259,#3257,#3493,.F.);
#2775=EDGE_CURVE('',#3221,#3231,#490,.T.);
#2776=EDGE_CURVE('',#3260,#3232,#491,.T.);
#2777=EDGE_CURVE('',#3261,#3260,#492,.T.);
#2778=EDGE_CURVE('',#3262,#3261,#493,.T.);
#2779=EDGE_CURVE('',#3262,#3263,#494,.T.);
#2780=EDGE_CURVE('',#3263,#3264,#495,.T.);
#2781=EDGE_CURVE('',#3264,#3265,#496,.T.);
#2782=EDGE_CURVE('',#3265,#3222,#497,.T.);
#2783=EDGE_CURVE('',#3266,#3266,#3494,.T.);
#2784=EDGE_CURVE('',#3267,#3267,#3495,.T.);
#2785=EDGE_CURVE('',#3268,#3235,#498,.T.);
#2786=EDGE_CURVE('',#3268,#3226,#499,.T.);
#2787=EDGE_CURVE('',#3225,#3269,#500,.T.);
#2788=EDGE_CURVE('',#3269,#3236,#501,.T.);
#2789=EDGE_CURVE('',#3224,#3270,#502,.T.);
#2790=EDGE_CURVE('',#3271,#3223,#503,.T.);
#2791=EDGE_CURVE('',#3272,#3271,#504,.T.);
#2792=EDGE_CURVE('',#3273,#3272,#505,.T.);
#2793=EDGE_CURVE('',#3274,#3273,#506,.T.);
#2794=EDGE_CURVE('',#3274,#3275,#507,.T.);
#2795=EDGE_CURVE('',#3275,#3276,#508,.T.);
#2796=EDGE_CURVE('',#3276,#3238,#509,.T.);
#2797=EDGE_CURVE('',#3270,#3237,#510,.T.);
#2798=EDGE_CURVE('',#3277,#3277,#3496,.T.);
#2799=EDGE_CURVE('',#3278,#3279,#511,.T.);
#2800=EDGE_CURVE('',#3278,#3280,#512,.T.);
#2801=EDGE_CURVE('',#3280,#3281,#513,.T.);
#2802=EDGE_CURVE('',#3281,#3282,#514,.T.);
#2803=EDGE_CURVE('',#3282,#3283,#515,.T.);
#2804=EDGE_CURVE('',#3284,#3283,#516,.T.);
#2805=EDGE_CURVE('',#3279,#3284,#517,.T.);
#2806=EDGE_CURVE('',#3285,#3286,#3497,.T.);
#2807=EDGE_CURVE('',#3286,#3287,#3498,.F.);
#2808=EDGE_CURVE('',#3287,#3288,#3499,.T.);
#2809=EDGE_CURVE('',#3288,#3285,#3500,.F.);
#2810=EDGE_CURVE('',#3289,#3290,#3501,.F.);
#2811=EDGE_CURVE('',#3289,#3291,#3502,.F.);
#2812=EDGE_CURVE('',#3292,#3291,#3503,.F.);
#2813=EDGE_CURVE('',#3292,#3290,#3504,.F.);
#2814=EDGE_CURVE('',#3293,#3294,#3505,.T.);
#2815=EDGE_CURVE('',#3294,#3295,#3506,.F.);
#2816=EDGE_CURVE('',#3295,#3296,#3507,.T.);
#2817=EDGE_CURVE('',#3296,#3293,#3508,.F.);
#2818=EDGE_CURVE('',#3297,#3297,#3509,.T.);
#2819=EDGE_CURVE('',#3298,#3298,#3510,.T.);
#2820=EDGE_CURVE('',#3299,#3300,#3511,.F.);
#2821=EDGE_CURVE('',#3299,#3301,#3512,.F.);
#2822=EDGE_CURVE('',#3302,#3301,#3513,.F.);
#2823=EDGE_CURVE('',#3302,#3300,#3514,.F.);
#2824=EDGE_CURVE('',#3275,#3261,#518,.T.);
#2825=EDGE_CURVE('',#3274,#3262,#519,.T.);
#2826=EDGE_CURVE('',#3276,#3260,#520,.T.);
#2827=EDGE_CURVE('',#3271,#3265,#521,.T.);
#2828=EDGE_CURVE('',#3272,#3264,#522,.T.);
#2829=EDGE_CURVE('',#3273,#3263,#523,.T.);
#2830=EDGE_CURVE('',#3295,#3248,#524,.T.);
#2831=EDGE_CURVE('',#3249,#3296,#525,.F.);
#2832=EDGE_CURVE('',#3250,#3294,#526,.F.);
#2833=EDGE_CURVE('',#3293,#3251,#527,.T.);
#2834=EDGE_CURVE('',#3291,#3253,#528,.T.);
#2835=EDGE_CURVE('',#3252,#3292,#529,.F.);
#2836=EDGE_CURVE('',#3254,#3289,#530,.F.);
#2837=EDGE_CURVE('',#3290,#3255,#531,.T.);
#2838=EDGE_CURVE('',#3301,#3244,#532,.T.);
#2839=EDGE_CURVE('',#3243,#3302,#533,.F.);
#2840=EDGE_CURVE('',#3245,#3299,#534,.F.);
#2841=EDGE_CURVE('',#3300,#3246,#535,.T.);
#2842=EDGE_CURVE('',#3258,#3286,#536,.F.);
#2843=EDGE_CURVE('',#3285,#3259,#537,.T.);
#2844=EDGE_CURVE('',#3287,#3256,#538,.T.);
#2845=EDGE_CURVE('',#3257,#3288,#539,.F.);
#2846=EDGE_CURVE('',#3303,#3278,#540,.T.);
#2847=EDGE_CURVE('',#3303,#3304,#541,.T.);
#2848=EDGE_CURVE('',#3304,#3280,#542,.T.);
#2849=EDGE_CURVE('',#3305,#3279,#543,.T.);
#2850=EDGE_CURVE('',#3303,#3305,#544,.T.);
#2851=EDGE_CURVE('',#3306,#3284,#545,.T.);
#2852=EDGE_CURVE('',#3305,#3306,#546,.T.);
#2853=EDGE_CURVE('',#3307,#3283,#547,.T.);
#2854=EDGE_CURVE('',#3306,#3307,#548,.T.);
#2855=EDGE_CURVE('',#3308,#3282,#549,.T.);
#2856=EDGE_CURVE('',#3308,#3307,#550,.T.);
#2857=EDGE_CURVE('',#3309,#3281,#551,.T.);
#2858=EDGE_CURVE('',#3309,#3308,#552,.T.);
#2859=EDGE_CURVE('',#3304,#3309,#553,.T.);
#2860=EDGE_CURVE('',#3269,#3270,#554,.T.);
#2861=EDGE_CURVE('',#3219,#3310,#34,.T.);
#2862=EDGE_CURVE('',#3310,#3268,#555,.T.);
#2863=EDGE_CURVE('',#3234,#3310,#35,.T.);
#2864=EDGE_CURVE('',#3311,#3311,#36,.T.);
#2865=EDGE_CURVE('',#3312,#3312,#37,.T.);
#2866=EDGE_CURVE('',#3233,#3220,#556,.F.);
#2867=EDGE_CURVE('',#3227,#3239,#557,.T.);
#2868=EDGE_CURVE('',#3229,#3240,#558,.T.);
#2869=EDGE_CURVE('',#3230,#3242,#559,.T.);
#2870=EDGE_CURVE('',#3228,#3241,#560,.T.);
#2871=VERTEX_POINT('',#6412);
#2872=VERTEX_POINT('',#6414);
#2873=VERTEX_POINT('',#6416);
#2874=VERTEX_POINT('',#6418);
#2875=VERTEX_POINT('',#6419);
#2876=VERTEX_POINT('',#6421);
#2877=VERTEX_POINT('',#6423);
#2878=VERTEX_POINT('',#6425);
#2879=VERTEX_POINT('',#6427);
#2880=VERTEX_POINT('',#6429);
#2881=VERTEX_POINT('',#6431);
#2882=VERTEX_POINT('',#6433);
#2883=VERTEX_POINT('',#6435);
#2884=VERTEX_POINT('',#6437);
#2885=VERTEX_POINT('',#6439);
#2886=VERTEX_POINT('',#6441);
#2887=VERTEX_POINT('',#6443);
#2888=VERTEX_POINT('',#6445);
#2889=VERTEX_POINT('',#6447);
#2890=VERTEX_POINT('',#6449);
#2891=VERTEX_POINT('',#6451);
#2892=VERTEX_POINT('',#6453);
#2893=VERTEX_POINT('',#6455);
#2894=VERTEX_POINT('',#6458);
#2895=VERTEX_POINT('',#6460);
#2896=VERTEX_POINT('',#6462);
#2897=VERTEX_POINT('',#6464);
#2898=VERTEX_POINT('',#6466);
#2899=VERTEX_POINT('',#6468);
#2900=VERTEX_POINT('',#6470);
#2901=VERTEX_POINT('',#6472);
#2902=VERTEX_POINT('',#6474);
#2903=VERTEX_POINT('',#6476);
#2904=VERTEX_POINT('',#6479);
#2905=VERTEX_POINT('',#6481);
#2906=VERTEX_POINT('',#6483);
#2907=VERTEX_POINT('',#6485);
#2908=VERTEX_POINT('',#6486);
#2909=VERTEX_POINT('',#6488);
#2910=VERTEX_POINT('',#6490);
#2911=VERTEX_POINT('',#6492);
#2912=VERTEX_POINT('',#6494);
#2913=VERTEX_POINT('',#6496);
#2914=VERTEX_POINT('',#6498);
#2915=VERTEX_POINT('',#6500);
#2916=VERTEX_POINT('',#6502);
#2917=VERTEX_POINT('',#6504);
#2918=VERTEX_POINT('',#6506);
#2919=VERTEX_POINT('',#6508);
#2920=VERTEX_POINT('',#6510);
#2921=VERTEX_POINT('',#6512);
#2922=VERTEX_POINT('',#6514);
#2923=VERTEX_POINT('',#6516);
#2924=VERTEX_POINT('',#6518);
#2925=VERTEX_POINT('',#6520);
#2926=VERTEX_POINT('',#6522);
#2927=VERTEX_POINT('',#6525);
#2928=VERTEX_POINT('',#6527);
#2929=VERTEX_POINT('',#6529);
#2930=VERTEX_POINT('',#6531);
#2931=VERTEX_POINT('',#6533);
#2932=VERTEX_POINT('',#6535);
#2933=VERTEX_POINT('',#6537);
#2934=VERTEX_POINT('',#6539);
#2935=VERTEX_POINT('',#6541);
#2936=VERTEX_POINT('',#6543);
#2937=VERTEX_POINT('',#6603);
#2938=VERTEX_POINT('',#6604);
#2939=VERTEX_POINT('',#6606);
#2940=VERTEX_POINT('',#6608);
#2941=VERTEX_POINT('',#6610);
#2942=VERTEX_POINT('',#6612);
#2943=VERTEX_POINT('',#6614);
#2944=VERTEX_POINT('',#6616);
#2945=VERTEX_POINT('',#6619);
#2946=VERTEX_POINT('',#6620);
#2947=VERTEX_POINT('',#6622);
#2948=VERTEX_POINT('',#6624);
#2949=VERTEX_POINT('',#6628);
#2950=VERTEX_POINT('',#6629);
#2951=VERTEX_POINT('',#6631);
#2952=VERTEX_POINT('',#6636);
#2953=VERTEX_POINT('',#6638);
#2954=VERTEX_POINT('',#6640);
#2955=VERTEX_POINT('',#6642);
#2956=VERTEX_POINT('',#6644);
#2957=VERTEX_POINT('',#6647);
#2958=VERTEX_POINT('',#6648);
#2959=VERTEX_POINT('',#6650);
#2960=VERTEX_POINT('',#6652);
#2961=VERTEX_POINT('',#6656);
#2962=VERTEX_POINT('',#6657);
#2963=VERTEX_POINT('',#6659);
#2964=VERTEX_POINT('',#6661);
#2965=VERTEX_POINT('',#6664);
#2966=VERTEX_POINT('',#6666);
#2967=VERTEX_POINT('',#6667);
#2968=VERTEX_POINT('',#6669);
#2969=VERTEX_POINT('',#6671);
#2970=VERTEX_POINT('',#6674);
#2971=VERTEX_POINT('',#6675);
#2972=VERTEX_POINT('',#6677);
#2973=VERTEX_POINT('',#6679);
#2974=VERTEX_POINT('',#6682);
#2975=VERTEX_POINT('',#6683);
#2976=VERTEX_POINT('',#6685);
#2977=VERTEX_POINT('',#6687);
#2978=VERTEX_POINT('',#6691);
#2979=VERTEX_POINT('',#6693);
#2980=VERTEX_POINT('',#6695);
#2981=VERTEX_POINT('',#6697);
#2982=VERTEX_POINT('',#6699);
#2983=VERTEX_POINT('',#6701);
#2984=VERTEX_POINT('',#6705);
#2985=VERTEX_POINT('',#6707);
#2986=VERTEX_POINT('',#6709);
#2987=VERTEX_POINT('',#6712);
#2988=VERTEX_POINT('',#6716);
#2989=VERTEX_POINT('',#6718);
#2990=VERTEX_POINT('',#6720);
#2991=VERTEX_POINT('',#6722);
#2992=VERTEX_POINT('',#6724);
#2993=VERTEX_POINT('',#6726);
#2994=VERTEX_POINT('',#6728);
#2995=VERTEX_POINT('',#6732);
#2996=VERTEX_POINT('',#6734);
#2997=VERTEX_POINT('',#6735);
#2998=VERTEX_POINT('',#6737);
#2999=VERTEX_POINT('',#6739);
#3000=VERTEX_POINT('',#6741);
#3001=VERTEX_POINT('',#6743);
#3002=VERTEX_POINT('',#6745);
#3003=VERTEX_POINT('',#6749);
#3004=VERTEX_POINT('',#6750);
#3005=VERTEX_POINT('',#6752);
#3006=VERTEX_POINT('',#6754);
#3007=VERTEX_POINT('',#6757);
#3008=VERTEX_POINT('',#6758);
#3009=VERTEX_POINT('',#6760);
#3010=VERTEX_POINT('',#6762);
#3011=VERTEX_POINT('',#6765);
#3012=VERTEX_POINT('',#6766);
#3013=VERTEX_POINT('',#6768);
#3014=VERTEX_POINT('',#6770);
#3015=VERTEX_POINT('',#6773);
#3016=VERTEX_POINT('',#6775);
#3017=VERTEX_POINT('',#6777);
#3018=VERTEX_POINT('',#6778);
#3019=VERTEX_POINT('',#6780);
#3020=VERTEX_POINT('',#6782);
#3021=VERTEX_POINT('',#6833);
#3022=VERTEX_POINT('',#6835);
#3023=VERTEX_POINT('',#6839);
#3024=VERTEX_POINT('',#6843);
#3025=VERTEX_POINT('',#6847);
#3026=VERTEX_POINT('',#6851);
#3027=VERTEX_POINT('',#6855);
#3028=VERTEX_POINT('',#6868);
#3029=VERTEX_POINT('',#6894);
#3030=VERTEX_POINT('',#6906);
#3031=VERTEX_POINT('',#6925);
#3032=VERTEX_POINT('',#6926);
#3033=VERTEX_POINT('',#6928);
#3034=VERTEX_POINT('',#6930);
#3035=VERTEX_POINT('',#6932);
#3036=VERTEX_POINT('',#6934);
#3037=VERTEX_POINT('',#6936);
#3038=VERTEX_POINT('',#6938);
#3039=VERTEX_POINT('',#6941);
#3040=VERTEX_POINT('',#6942);
#3041=VERTEX_POINT('',#6944);
#3042=VERTEX_POINT('',#6946);
#3043=VERTEX_POINT('',#6950);
#3044=VERTEX_POINT('',#6951);
#3045=VERTEX_POINT('',#6953);
#3046=VERTEX_POINT('',#6955);
#3047=VERTEX_POINT('',#6957);
#3048=VERTEX_POINT('',#6959);
#3049=VERTEX_POINT('',#6961);
#3050=VERTEX_POINT('',#6966);
#3051=VERTEX_POINT('',#6969);
#3052=VERTEX_POINT('',#6970);
#3053=VERTEX_POINT('',#6972);
#3054=VERTEX_POINT('',#6974);
#3055=VERTEX_POINT('',#6978);
#3056=VERTEX_POINT('',#6979);
#3057=VERTEX_POINT('',#6981);
#3058=VERTEX_POINT('',#6983);
#3059=VERTEX_POINT('',#6986);
#3060=VERTEX_POINT('',#6988);
#3061=VERTEX_POINT('',#6989);
#3062=VERTEX_POINT('',#6991);
#3063=VERTEX_POINT('',#6993);
#3064=VERTEX_POINT('',#6996);
#3065=VERTEX_POINT('',#6997);
#3066=VERTEX_POINT('',#6999);
#3067=VERTEX_POINT('',#7001);
#3068=VERTEX_POINT('',#7004);
#3069=VERTEX_POINT('',#7005);
#3070=VERTEX_POINT('',#7007);
#3071=VERTEX_POINT('',#7009);
#3072=VERTEX_POINT('',#7012);
#3073=VERTEX_POINT('',#7014);
#3074=VERTEX_POINT('',#7016);
#3075=VERTEX_POINT('',#7018);
#3076=VERTEX_POINT('',#7020);
#3077=VERTEX_POINT('',#7022);
#3078=VERTEX_POINT('',#7027);
#3079=VERTEX_POINT('',#7029);
#3080=VERTEX_POINT('',#7031);
#3081=VERTEX_POINT('',#7033);
#3082=VERTEX_POINT('',#7038);
#3083=VERTEX_POINT('',#7041);
#3084=VERTEX_POINT('',#7043);
#3085=VERTEX_POINT('',#7045);
#3086=VERTEX_POINT('',#7047);
#3087=VERTEX_POINT('',#7049);
#3088=VERTEX_POINT('',#7051);
#3089=VERTEX_POINT('',#7054);
#3090=VERTEX_POINT('',#7056);
#3091=VERTEX_POINT('',#7057);
#3092=VERTEX_POINT('',#7059);
#3093=VERTEX_POINT('',#7061);
#3094=VERTEX_POINT('',#7063);
#3095=VERTEX_POINT('',#7065);
#3096=VERTEX_POINT('',#7067);
#3097=VERTEX_POINT('',#7071);
#3098=VERTEX_POINT('',#7072);
#3099=VERTEX_POINT('',#7074);
#3100=VERTEX_POINT('',#7076);
#3101=VERTEX_POINT('',#7079);
#3102=VERTEX_POINT('',#7080);
#3103=VERTEX_POINT('',#7082);
#3104=VERTEX_POINT('',#7084);
#3105=VERTEX_POINT('',#7087);
#3106=VERTEX_POINT('',#7088);
#3107=VERTEX_POINT('',#7090);
#3108=VERTEX_POINT('',#7092);
#3109=VERTEX_POINT('',#7095);
#3110=VERTEX_POINT('',#7097);
#3111=VERTEX_POINT('',#7099);
#3112=VERTEX_POINT('',#7100);
#3113=VERTEX_POINT('',#7102);
#3114=VERTEX_POINT('',#7104);
#3115=VERTEX_POINT('',#7155);
#3116=VERTEX_POINT('',#7157);
#3117=VERTEX_POINT('',#7161);
#3118=VERTEX_POINT('',#7165);
#3119=VERTEX_POINT('',#7169);
#3120=VERTEX_POINT('',#7173);
#3121=VERTEX_POINT('',#7177);
#3122=VERTEX_POINT('',#7190);
#3123=VERTEX_POINT('',#7216);
#3124=VERTEX_POINT('',#7228);
#3125=VERTEX_POINT('',#7247);
#3126=VERTEX_POINT('',#7248);
#3127=VERTEX_POINT('',#7250);
#3128=VERTEX_POINT('',#7252);
#3129=VERTEX_POINT('',#7254);
#3130=VERTEX_POINT('',#7256);
#3131=VERTEX_POINT('',#7258);
#3132=VERTEX_POINT('',#7260);
#3133=VERTEX_POINT('',#7263);
#3134=VERTEX_POINT('',#7264);
#3135=VERTEX_POINT('',#7266);
#3136=VERTEX_POINT('',#7268);
#3137=VERTEX_POINT('',#7272);
#3138=VERTEX_POINT('',#7273);
#3139=VERTEX_POINT('',#7275);
#3140=VERTEX_POINT('',#7277);
#3141=VERTEX_POINT('',#7279);
#3142=VERTEX_POINT('',#7281);
#3143=VERTEX_POINT('',#7283);
#3144=VERTEX_POINT('',#7288);
#3145=VERTEX_POINT('',#7291);
#3146=VERTEX_POINT('',#7292);
#3147=VERTEX_POINT('',#7294);
#3148=VERTEX_POINT('',#7296);
#3149=VERTEX_POINT('',#7300);
#3150=VERTEX_POINT('',#7301);
#3151=VERTEX_POINT('',#7303);
#3152=VERTEX_POINT('',#7305);
#3153=VERTEX_POINT('',#7308);
#3154=VERTEX_POINT('',#7310);
#3155=VERTEX_POINT('',#7311);
#3156=VERTEX_POINT('',#7313);
#3157=VERTEX_POINT('',#7315);
#3158=VERTEX_POINT('',#7318);
#3159=VERTEX_POINT('',#7319);
#3160=VERTEX_POINT('',#7321);
#3161=VERTEX_POINT('',#7323);
#3162=VERTEX_POINT('',#7326);
#3163=VERTEX_POINT('',#7327);
#3164=VERTEX_POINT('',#7329);
#3165=VERTEX_POINT('',#7331);
#3166=VERTEX_POINT('',#7334);
#3167=VERTEX_POINT('',#7336);
#3168=VERTEX_POINT('',#7338);
#3169=VERTEX_POINT('',#7340);
#3170=VERTEX_POINT('',#7342);
#3171=VERTEX_POINT('',#7344);
#3172=VERTEX_POINT('',#7349);
#3173=VERTEX_POINT('',#7351);
#3174=VERTEX_POINT('',#7353);
#3175=VERTEX_POINT('',#7355);
#3176=VERTEX_POINT('',#7360);
#3177=VERTEX_POINT('',#7363);
#3178=VERTEX_POINT('',#7365);
#3179=VERTEX_POINT('',#7367);
#3180=VERTEX_POINT('',#7369);
#3181=VERTEX_POINT('',#7371);
#3182=VERTEX_POINT('',#7373);
#3183=VERTEX_POINT('',#7376);
#3184=VERTEX_POINT('',#7378);
#3185=VERTEX_POINT('',#7379);
#3186=VERTEX_POINT('',#7381);
#3187=VERTEX_POINT('',#7383);
#3188=VERTEX_POINT('',#7385);
#3189=VERTEX_POINT('',#7387);
#3190=VERTEX_POINT('',#7389);
#3191=VERTEX_POINT('',#7393);
#3192=VERTEX_POINT('',#7394);
#3193=VERTEX_POINT('',#7396);
#3194=VERTEX_POINT('',#7398);
#3195=VERTEX_POINT('',#7401);
#3196=VERTEX_POINT('',#7402);
#3197=VERTEX_POINT('',#7404);
#3198=VERTEX_POINT('',#7406);
#3199=VERTEX_POINT('',#7409);
#3200=VERTEX_POINT('',#7410);
#3201=VERTEX_POINT('',#7412);
#3202=VERTEX_POINT('',#7414);
#3203=VERTEX_POINT('',#7417);
#3204=VERTEX_POINT('',#7419);
#3205=VERTEX_POINT('',#7421);
#3206=VERTEX_POINT('',#7422);
#3207=VERTEX_POINT('',#7424);
#3208=VERTEX_POINT('',#7426);
#3209=VERTEX_POINT('',#7477);
#3210=VERTEX_POINT('',#7479);
#3211=VERTEX_POINT('',#7483);
#3212=VERTEX_POINT('',#7487);
#3213=VERTEX_POINT('',#7491);
#3214=VERTEX_POINT('',#7495);
#3215=VERTEX_POINT('',#7499);
#3216=VERTEX_POINT('',#7512);
#3217=VERTEX_POINT('',#7538);
#3218=VERTEX_POINT('',#7550);
#3219=VERTEX_POINT('',#7569);
#3220=VERTEX_POINT('',#7570);
#3221=VERTEX_POINT('',#7572);
#3222=VERTEX_POINT('',#7574);
#3223=VERTEX_POINT('',#7576);
#3224=VERTEX_POINT('',#7578);
#3225=VERTEX_POINT('',#7580);
#3226=VERTEX_POINT('',#7582);
#3227=VERTEX_POINT('',#7585);
#3228=VERTEX_POINT('',#7586);
#3229=VERTEX_POINT('',#7588);
#3230=VERTEX_POINT('',#7590);
#3231=VERTEX_POINT('',#7594);
#3232=VERTEX_POINT('',#7595);
#3233=VERTEX_POINT('',#7597);
#3234=VERTEX_POINT('',#7602);
#3235=VERTEX_POINT('',#7604);
#3236=VERTEX_POINT('',#7606);
#3237=VERTEX_POINT('',#7608);
#3238=VERTEX_POINT('',#7610);
#3239=VERTEX_POINT('',#7613);
#3240=VERTEX_POINT('',#7614);
#3241=VERTEX_POINT('',#7616);
#3242=VERTEX_POINT('',#7618);
#3243=VERTEX_POINT('',#7622);
#3244=VERTEX_POINT('',#7623);
#3245=VERTEX_POINT('',#7625);
#3246=VERTEX_POINT('',#7627);
#3247=VERTEX_POINT('',#7630);
#3248=VERTEX_POINT('',#7632);
#3249=VERTEX_POINT('',#7633);
#3250=VERTEX_POINT('',#7635);
#3251=VERTEX_POINT('',#7637);
#3252=VERTEX_POINT('',#7640);
#3253=VERTEX_POINT('',#7641);
#3254=VERTEX_POINT('',#7643);
#3255=VERTEX_POINT('',#7645);
#3256=VERTEX_POINT('',#7648);
#3257=VERTEX_POINT('',#7649);
#3258=VERTEX_POINT('',#7651);
#3259=VERTEX_POINT('',#7653);
#3260=VERTEX_POINT('',#7657);
#3261=VERTEX_POINT('',#7659);
#3262=VERTEX_POINT('',#7661);
#3263=VERTEX_POINT('',#7663);
#3264=VERTEX_POINT('',#7665);
#3265=VERTEX_POINT('',#7667);
#3266=VERTEX_POINT('',#7671);
#3267=VERTEX_POINT('',#7673);
#3268=VERTEX_POINT('',#7675);
#3269=VERTEX_POINT('',#7678);
#3270=VERTEX_POINT('',#7682);
#3271=VERTEX_POINT('',#7684);
#3272=VERTEX_POINT('',#7686);
#3273=VERTEX_POINT('',#7688);
#3274=VERTEX_POINT('',#7690);
#3275=VERTEX_POINT('',#7692);
#3276=VERTEX_POINT('',#7694);
#3277=VERTEX_POINT('',#7698);
#3278=VERTEX_POINT('',#7700);
#3279=VERTEX_POINT('',#7701);
#3280=VERTEX_POINT('',#7703);
#3281=VERTEX_POINT('',#7705);
#3282=VERTEX_POINT('',#7707);
#3283=VERTEX_POINT('',#7709);
#3284=VERTEX_POINT('',#7711);
#3285=VERTEX_POINT('',#7715);
#3286=VERTEX_POINT('',#7716);
#3287=VERTEX_POINT('',#7718);
#3288=VERTEX_POINT('',#7720);
#3289=VERTEX_POINT('',#7723);
#3290=VERTEX_POINT('',#7724);
#3291=VERTEX_POINT('',#7726);
#3292=VERTEX_POINT('',#7728);
#3293=VERTEX_POINT('',#7731);
#3294=VERTEX_POINT('',#7732);
#3295=VERTEX_POINT('',#7734);
#3296=VERTEX_POINT('',#7736);
#3297=VERTEX_POINT('',#7739);
#3298=VERTEX_POINT('',#7741);
#3299=VERTEX_POINT('',#7743);
#3300=VERTEX_POINT('',#7744);
#3301=VERTEX_POINT('',#7746);
#3302=VERTEX_POINT('',#7748);
#3303=VERTEX_POINT('',#7799);
#3304=VERTEX_POINT('',#7801);
#3305=VERTEX_POINT('',#7805);
#3306=VERTEX_POINT('',#7809);
#3307=VERTEX_POINT('',#7813);
#3308=VERTEX_POINT('',#7817);
#3309=VERTEX_POINT('',#7821);
#3310=VERTEX_POINT('',#7834);
#3311=VERTEX_POINT('',#7860);
#3312=VERTEX_POINT('',#7872);
#3313=CIRCLE('',#4677,5.33974596215561);
#3314=CIRCLE('',#4678,2.15);
#3315=CIRCLE('',#4679,2.15);
#3316=CIRCLE('',#4680,2.15);
#3317=CIRCLE('',#4681,2.15);
#3318=CIRCLE('',#4682,2.15);
#3319=CIRCLE('',#4683,2.15);
#3320=CIRCLE('',#4684,2.15);
#3321=CIRCLE('',#4685,2.14999999999997);
#3322=CIRCLE('',#4686,2.15);
#3323=CIRCLE('',#4687,2.15);
#3324=CIRCLE('',#4688,2.15);
#3325=CIRCLE('',#4689,2.15);
#3326=CIRCLE('',#4691,14.);
#3327=CIRCLE('',#4692,2.15);
#3328=CIRCLE('',#4693,2.15);
#3329=CIRCLE('',#4694,2.15);
#3330=CIRCLE('',#4695,2.15);
#3331=CIRCLE('',#4696,2.15);
#3332=CIRCLE('',#4697,2.15);
#3333=CIRCLE('',#4698,2.15);
#3334=CIRCLE('',#4699,2.14999999999997);
#3335=CIRCLE('',#4700,2.15);
#3336=CIRCLE('',#4701,2.15);
#3337=CIRCLE('',#4702,2.15);
#3338=CIRCLE('',#4703,2.15);
#3339=CIRCLE('',#4739,390.514671124226);
#3340=CIRCLE('',#4740,2.5);
#3341=CIRCLE('',#4741,2.5);
#3342=CIRCLE('',#4743,390.514671124226);
#3343=CIRCLE('',#4744,2.5);
#3344=CIRCLE('',#4745,2.5);
#3345=CIRCLE('',#4747,1.6);
#3346=CIRCLE('',#4748,18.);
#3347=CIRCLE('',#4749,1.6);
#3348=CIRCLE('',#4750,18.);
#3349=CIRCLE('',#4751,4.);
#3350=CIRCLE('',#4752,1.6);
#3351=CIRCLE('',#4753,18.);
#3352=CIRCLE('',#4754,1.6);
#3353=CIRCLE('',#4755,18.);
#3354=CIRCLE('',#4756,1.6);
#3355=CIRCLE('',#4757,18.);
#3356=CIRCLE('',#4758,1.6);
#3357=CIRCLE('',#4759,18.);
#3358=CIRCLE('',#4760,1.6);
#3359=CIRCLE('',#4761,18.);
#3360=CIRCLE('',#4762,1.6);
#3361=CIRCLE('',#4763,18.);
#3362=CIRCLE('',#4765,2.15);
#3363=CIRCLE('',#4766,2.15);
#3364=CIRCLE('',#4768,16.);
#3365=CIRCLE('',#4770,1.6);
#3366=CIRCLE('',#4771,18.);
#3367=CIRCLE('',#4772,1.6);
#3368=CIRCLE('',#4773,18.);
#3369=CIRCLE('',#4774,1.6);
#3370=CIRCLE('',#4775,18.);
#3371=CIRCLE('',#4776,1.6);
#3372=CIRCLE('',#4777,18.);
#3373=CIRCLE('',#4778,1.6);
#3374=CIRCLE('',#4779,18.);
#3375=CIRCLE('',#4780,1.6);
#3376=CIRCLE('',#4781,18.);
#3377=CIRCLE('',#4782,4.);
#3378=CIRCLE('',#4783,16.);
#3379=CIRCLE('',#4784,1.6);
#3380=CIRCLE('',#4785,18.);
#3381=CIRCLE('',#4786,1.6);
#3382=CIRCLE('',#4787,18.);
#3383=CIRCLE('',#4834,390.514671124226);
#3384=CIRCLE('',#4835,2.5);
#3385=CIRCLE('',#4836,2.5);
#3386=CIRCLE('',#4838,390.514671124226);
#3387=CIRCLE('',#4839,2.5);
#3388=CIRCLE('',#4840,2.5);
#3389=CIRCLE('',#4842,1.6);
#3390=CIRCLE('',#4843,18.);
#3391=CIRCLE('',#4844,1.6);
#3392=CIRCLE('',#4845,18.);
#3393=CIRCLE('',#4846,4.);
#3394=CIRCLE('',#4847,1.6);
#3395=CIRCLE('',#4848,18.);
#3396=CIRCLE('',#4849,1.6);
#3397=CIRCLE('',#4850,18.);
#3398=CIRCLE('',#4851,1.6);
#3399=CIRCLE('',#4852,18.);
#3400=CIRCLE('',#4853,1.6);
#3401=CIRCLE('',#4854,18.);
#3402=CIRCLE('',#4855,1.6);
#3403=CIRCLE('',#4856,18.);
#3404=CIRCLE('',#4857,1.6);
#3405=CIRCLE('',#4858,18.);
#3406=CIRCLE('',#4860,2.15);
#3407=CIRCLE('',#4861,2.15);
#3408=CIRCLE('',#4863,16.);
#3409=CIRCLE('',#4865,1.6);
#3410=CIRCLE('',#4866,18.);
#3411=CIRCLE('',#4867,1.6);
#3412=CIRCLE('',#4868,18.);
#3413=CIRCLE('',#4869,1.6);
#3414=CIRCLE('',#4870,18.);
#3415=CIRCLE('',#4871,1.6);
#3416=CIRCLE('',#4872,18.);
#3417=CIRCLE('',#4873,1.6);
#3418=CIRCLE('',#4874,18.);
#3419=CIRCLE('',#4875,1.6);
#3420=CIRCLE('',#4876,18.);
#3421=CIRCLE('',#4877,4.);
#3422=CIRCLE('',#4878,16.);
#3423=CIRCLE('',#4879,1.6);
#3424=CIRCLE('',#4880,18.);
#3425=CIRCLE('',#4881,1.6);
#3426=CIRCLE('',#4882,18.);
#3427=CIRCLE('',#4929,390.514671124226);
#3428=CIRCLE('',#4930,2.5);
#3429=CIRCLE('',#4931,2.5);
#3430=CIRCLE('',#4933,390.514671124226);
#3431=CIRCLE('',#4934,2.5);
#3432=CIRCLE('',#4935,2.5);
#3433=CIRCLE('',#4937,1.6);
#3434=CIRCLE('',#4938,18.);
#3435=CIRCLE('',#4939,1.6);
#3436=CIRCLE('',#4940,18.);
#3437=CIRCLE('',#4941,4.);
#3438=CIRCLE('',#4942,1.6);
#3439=CIRCLE('',#4943,18.);
#3440=CIRCLE('',#4944,1.6);
#3441=CIRCLE('',#4945,18.);
#3442=CIRCLE('',#4946,1.6);
#3443=CIRCLE('',#4947,18.);
#3444=CIRCLE('',#4948,1.6);
#3445=CIRCLE('',#4949,18.);
#3446=CIRCLE('',#4950,1.6);
#3447=CIRCLE('',#4951,18.);
#3448=CIRCLE('',#4952,1.6);
#3449=CIRCLE('',#4953,18.);
#3450=CIRCLE('',#4955,2.15);
#3451=CIRCLE('',#4956,2.15);
#3452=CIRCLE('',#4958,16.);
#3453=CIRCLE('',#4960,1.6);
#3454=CIRCLE('',#4961,18.);
#3455=CIRCLE('',#4962,1.6);
#3456=CIRCLE('',#4963,18.);
#3457=CIRCLE('',#4964,1.6);
#3458=CIRCLE('',#4965,18.);
#3459=CIRCLE('',#4966,1.6);
#3460=CIRCLE('',#4967,18.);
#3461=CIRCLE('',#4968,1.6);
#3462=CIRCLE('',#4969,18.);
#3463=CIRCLE('',#4970,1.6);
#3464=CIRCLE('',#4971,18.);
#3465=CIRCLE('',#4972,4.);
#3466=CIRCLE('',#4973,16.);
#3467=CIRCLE('',#4974,1.6);
#3468=CIRCLE('',#4975,18.);
#3469=CIRCLE('',#4976,1.6);
#3470=CIRCLE('',#4977,18.);
#3471=CIRCLE('',#5024,390.514671124226);
#3472=CIRCLE('',#5025,2.5);
#3473=CIRCLE('',#5026,2.5);
#3474=CIRCLE('',#5028,390.514671124226);
#3475=CIRCLE('',#5029,2.5);
#3476=CIRCLE('',#5030,2.5);
#3477=CIRCLE('',#5032,1.6);
#3478=CIRCLE('',#5033,18.);
#3479=CIRCLE('',#5034,1.6);
#3480=CIRCLE('',#5035,18.);
#3481=CIRCLE('',#5036,4.);
#3482=CIRCLE('',#5037,1.6);
#3483=CIRCLE('',#5038,18.);
#3484=CIRCLE('',#5039,1.6);
#3485=CIRCLE('',#5040,18.);
#3486=CIRCLE('',#5041,1.6);
#3487=CIRCLE('',#5042,18.);
#3488=CIRCLE('',#5043,1.6);
#3489=CIRCLE('',#5044,18.);
#3490=CIRCLE('',#5045,1.6);
#3491=CIRCLE('',#5046,18.);
#3492=CIRCLE('',#5047,1.6);
#3493=CIRCLE('',#5048,18.);
#3494=CIRCLE('',#5050,2.15);
#3495=CIRCLE('',#5051,2.15);
#3496=CIRCLE('',#5053,16.);
#3497=CIRCLE('',#5055,1.6);
#3498=CIRCLE('',#5056,18.);
#3499=CIRCLE('',#5057,1.6);
#3500=CIRCLE('',#5058,18.);
#3501=CIRCLE('',#5059,1.6);
#3502=CIRCLE('',#5060,18.);
#3503=CIRCLE('',#5061,1.6);
#3504=CIRCLE('',#5062,18.);
#3505=CIRCLE('',#5063,1.6);
#3506=CIRCLE('',#5064,18.);
#3507=CIRCLE('',#5065,1.6);
#3508=CIRCLE('',#5066,18.);
#3509=CIRCLE('',#5067,4.);
#3510=CIRCLE('',#5068,16.);
#3511=CIRCLE('',#5069,1.6);
#3512=CIRCLE('',#5070,18.);
#3513=CIRCLE('',#5071,1.6);
#3514=CIRCLE('',#5072,18.);
#3515=EDGE_LOOP('',(#969));
#3516=EDGE_LOOP('',(#970));
#3517=EDGE_LOOP('',(#971));
#3518=EDGE_LOOP('',(#972,#973,#974,#975,#976,#977,#978,#979,#980,#981,#982,#983,#984,#985,#986,#987,#988,#989,#990,#991));
#3519=EDGE_LOOP('',(#992));
#3520=EDGE_LOOP('',(#993));
#3521=EDGE_LOOP('',(#994));
#3522=EDGE_LOOP('',(#995));
#3523=EDGE_LOOP('',(#996));
#3524=EDGE_LOOP('',(#997));
#3525=EDGE_LOOP('',(#998));
#3526=EDGE_LOOP('',(#999));
#3527=EDGE_LOOP('',(#1000));
#3528=EDGE_LOOP('',(#1001));
#3529=EDGE_LOOP('',(#1002));
#3530=EDGE_LOOP('',(#1003));
#3531=EDGE_LOOP('',(#1004));
#3532=EDGE_LOOP('',(#1005,#1006,#1007,#1008,#1009,#1010,#1011,#1012,#1013,#1014,#1015,#1016,#1017,#1018,#1019,#1020,#1021,#1022,#1023,#1024));
#3533=EDGE_LOOP('',(#1025));
#3534=EDGE_LOOP('',(#1026));
#3535=EDGE_LOOP('',(#1027));
#3536=EDGE_LOOP('',(#1028));
#3537=EDGE_LOOP('',(#1029));
#3538=EDGE_LOOP('',(#1030));
#3539=EDGE_LOOP('',(#1031));
#3540=EDGE_LOOP('',(#1032));
#3541=EDGE_LOOP('',(#1033));
#3542=EDGE_LOOP('',(#1034));
#3543=EDGE_LOOP('',(#1035,#1036,#1037,#1038));
#3544=EDGE_LOOP('',(#1039,#1040,#1041,#1042));
#3545=EDGE_LOOP('',(#1043,#1044,#1045,#1046));
#3546=EDGE_LOOP('',(#1047,#1048,#1049,#1050));
#3547=EDGE_LOOP('',(#1051,#1052,#1053,#1054));
#3548=EDGE_LOOP('',(#1055,#1056,#1057,#1058));
#3549=EDGE_LOOP('',(#1059,#1060,#1061,#1062));
#3550=EDGE_LOOP('',(#1063,#1064,#1065,#1066));
#3551=EDGE_LOOP('',(#1067,#1068,#1069,#1070));
#3552=EDGE_LOOP('',(#1071,#1072,#1073,#1074));
#3553=EDGE_LOOP('',(#1075,#1076,#1077,#1078));
#3554=EDGE_LOOP('',(#1079,#1080,#1081,#1082));
#3555=EDGE_LOOP('',(#1083,#1084,#1085,#1086));
#3556=EDGE_LOOP('',(#1087,#1088,#1089,#1090));
#3557=EDGE_LOOP('',(#1091,#1092,#1093,#1094));
#3558=EDGE_LOOP('',(#1095,#1096,#1097,#1098));
#3559=EDGE_LOOP('',(#1099,#1100,#1101,#1102));
#3560=EDGE_LOOP('',(#1103,#1104,#1105,#1106));
#3561=EDGE_LOOP('',(#1107,#1108,#1109,#1110));
#3562=EDGE_LOOP('',(#1111));
#3563=EDGE_LOOP('',(#1112));
#3564=EDGE_LOOP('',(#1113));
#3565=EDGE_LOOP('',(#1114));
#3566=EDGE_LOOP('',(#1115));
#3567=EDGE_LOOP('',(#1116));
#3568=EDGE_LOOP('',(#1117));
#3569=EDGE_LOOP('',(#1118));
#3570=EDGE_LOOP('',(#1119));
#3571=EDGE_LOOP('',(#1120));
#3572=EDGE_LOOP('',(#1121));
#3573=EDGE_LOOP('',(#1122));
#3574=EDGE_LOOP('',(#1123));
#3575=EDGE_LOOP('',(#1124));
#3576=EDGE_LOOP('',(#1125,#1126,#1127,#1128));
#3577=EDGE_LOOP('',(#1129));
#3578=EDGE_LOOP('',(#1130));
#3579=EDGE_LOOP('',(#1131));
#3580=EDGE_LOOP('',(#1132));
#3581=EDGE_LOOP('',(#1133));
#3582=EDGE_LOOP('',(#1134));
#3583=EDGE_LOOP('',(#1135));
#3584=EDGE_LOOP('',(#1136));
#3585=EDGE_LOOP('',(#1137));
#3586=EDGE_LOOP('',(#1138));
#3587=EDGE_LOOP('',(#1139));
#3588=EDGE_LOOP('',(#1140));
#3589=EDGE_LOOP('',(#1141,#1142,#1143,#1144,#1145,#1146,#1147,#1148));
#3590=EDGE_LOOP('',(#1149,#1150,#1151,#1152));
#3591=EDGE_LOOP('',(#1153,#1154,#1155,#1156,#1157,#1158,#1159,#1160));
#3592=EDGE_LOOP('',(#1161,#1162,#1163,#1164));
#3593=EDGE_LOOP('',(#1165,#1166,#1167,#1168));
#3594=EDGE_LOOP('',(#1169));
#3595=EDGE_LOOP('',(#1170,#1171,#1172,#1173));
#3596=EDGE_LOOP('',(#1174,#1175,#1176,#1177));
#3597=EDGE_LOOP('',(#1178,#1179,#1180,#1181));
#3598=EDGE_LOOP('',(#1182,#1183,#1184,#1185,#1186,#1187,#1188,#1189,#1190,#1191));
#3599=EDGE_LOOP('',(#1192));
#3600=EDGE_LOOP('',(#1193));
#3601=EDGE_LOOP('',(#1194,#1195,#1196,#1197,#1198,#1199));
#3602=EDGE_LOOP('',(#1200,#1201,#1202,#1203,#1204,#1205,#1206,#1207,#1208,#1209,#1210));
#3603=EDGE_LOOP('',(#1211));
#3604=EDGE_LOOP('',(#1212,#1213,#1214,#1215,#1216,#1217,#1218));
#3605=EDGE_LOOP('',(#1219,#1220,#1221,#1222));
#3606=EDGE_LOOP('',(#1223,#1224,#1225,#1226));
#3607=EDGE_LOOP('',(#1227,#1228,#1229,#1230));
#3608=EDGE_LOOP('',(#1231));
#3609=EDGE_LOOP('',(#1232));
#3610=EDGE_LOOP('',(#1233,#1234,#1235,#1236));
#3611=EDGE_LOOP('',(#1237));
#3612=EDGE_LOOP('',(#1238));
#3613=EDGE_LOOP('',(#1239,#1240,#1241,#1242));
#3614=EDGE_LOOP('',(#1243,#1244,#1245,#1246));
#3615=EDGE_LOOP('',(#1247,#1248,#1249,#1250));
#3616=EDGE_LOOP('',(#1251,#1252,#1253,#1254));
#3617=EDGE_LOOP('',(#1255,#1256,#1257,#1258));
#3618=EDGE_LOOP('',(#1259,#1260,#1261,#1262));
#3619=EDGE_LOOP('',(#1263,#1264,#1265,#1266));
#3620=EDGE_LOOP('',(#1267));
#3621=EDGE_LOOP('',(#1268));
#3622=EDGE_LOOP('',(#1269,#1270,#1271,#1272));
#3623=EDGE_LOOP('',(#1273,#1274,#1275,#1276));
#3624=EDGE_LOOP('',(#1277,#1278,#1279,#1280));
#3625=EDGE_LOOP('',(#1281,#1282,#1283,#1284));
#3626=EDGE_LOOP('',(#1285,#1286,#1287,#1288));
#3627=EDGE_LOOP('',(#1289,#1290,#1291,#1292));
#3628=EDGE_LOOP('',(#1293,#1294,#1295,#1296));
#3629=EDGE_LOOP('',(#1297,#1298,#1299,#1300));
#3630=EDGE_LOOP('',(#1301,#1302,#1303,#1304));
#3631=EDGE_LOOP('',(#1305,#1306,#1307,#1308));
#3632=EDGE_LOOP('',(#1309,#1310,#1311,#1312));
#3633=EDGE_LOOP('',(#1313,#1314,#1315,#1316));
#3634=EDGE_LOOP('',(#1317,#1318,#1319,#1320));
#3635=EDGE_LOOP('',(#1321,#1322,#1323,#1324));
#3636=EDGE_LOOP('',(#1325,#1326,#1327,#1328));
#3637=EDGE_LOOP('',(#1329,#1330,#1331,#1332));
#3638=EDGE_LOOP('',(#1333,#1334,#1335,#1336));
#3639=EDGE_LOOP('',(#1337,#1338,#1339,#1340));
#3640=EDGE_LOOP('',(#1341,#1342,#1343,#1344));
#3641=EDGE_LOOP('',(#1345,#1346,#1347,#1348));
#3642=EDGE_LOOP('',(#1349,#1350,#1351,#1352));
#3643=EDGE_LOOP('',(#1353,#1354,#1355,#1356));
#3644=EDGE_LOOP('',(#1357,#1358,#1359,#1360));
#3645=EDGE_LOOP('',(#1361,#1362,#1363,#1364,#1365,#1366,#1367));
#3646=EDGE_LOOP('',(#1368,#1369,#1370,#1371));
#3647=EDGE_LOOP('',(#1372,#1373,#1374,#1375));
#3648=EDGE_LOOP('',(#1376,#1377,#1378,#1379));
#3649=EDGE_LOOP('',(#1380,#1381,#1382,#1383));
#3650=EDGE_LOOP('',(#1384));
#3651=EDGE_LOOP('',(#1385));
#3652=EDGE_LOOP('',(#1386,#1387,#1388,#1389,#1390));
#3653=EDGE_LOOP('',(#1391,#1392,#1393,#1394));
#3654=EDGE_LOOP('',(#1395,#1396,#1397,#1398));
#3655=EDGE_LOOP('',(#1399,#1400,#1401,#1402));
#3656=EDGE_LOOP('',(#1403,#1404,#1405,#1406));
#3657=EDGE_LOOP('',(#1407,#1408,#1409,#1410));
#3658=EDGE_LOOP('',(#1411));
#3659=EDGE_LOOP('',(#1412));
#3660=EDGE_LOOP('',(#1413));
#3661=EDGE_LOOP('',(#1414));
#3662=EDGE_LOOP('',(#1415,#1416,#1417,#1418,#1419,#1420,#1421,#1422));
#3663=EDGE_LOOP('',(#1423,#1424,#1425,#1426));
#3664=EDGE_LOOP('',(#1427,#1428,#1429,#1430,#1431,#1432,#1433,#1434));
#3665=EDGE_LOOP('',(#1435,#1436,#1437,#1438));
#3666=EDGE_LOOP('',(#1439,#1440,#1441,#1442));
#3667=EDGE_LOOP('',(#1443));
#3668=EDGE_LOOP('',(#1444,#1445,#1446,#1447));
#3669=EDGE_LOOP('',(#1448,#1449,#1450,#1451));
#3670=EDGE_LOOP('',(#1452,#1453,#1454,#1455));
#3671=EDGE_LOOP('',(#1456,#1457,#1458,#1459,#1460,#1461,#1462,#1463,#1464,#1465));
#3672=EDGE_LOOP('',(#1466));
#3673=EDGE_LOOP('',(#1467));
#3674=EDGE_LOOP('',(#1468,#1469,#1470,#1471,#1472,#1473));
#3675=EDGE_LOOP('',(#1474,#1475,#1476,#1477,#1478,#1479,#1480,#1481,#1482,#1483,#1484));
#3676=EDGE_LOOP('',(#1485));
#3677=EDGE_LOOP('',(#1486,#1487,#1488,#1489,#1490,#1491,#1492));
#3678=EDGE_LOOP('',(#1493,#1494,#1495,#1496));
#3679=EDGE_LOOP('',(#1497,#1498,#1499,#1500));
#3680=EDGE_LOOP('',(#1501,#1502,#1503,#1504));
#3681=EDGE_LOOP('',(#1505));
#3682=EDGE_LOOP('',(#1506));
#3683=EDGE_LOOP('',(#1507,#1508,#1509,#1510));
#3684=EDGE_LOOP('',(#1511));
#3685=EDGE_LOOP('',(#1512));
#3686=EDGE_LOOP('',(#1513,#1514,#1515,#1516));
#3687=EDGE_LOOP('',(#1517,#1518,#1519,#1520));
#3688=EDGE_LOOP('',(#1521,#1522,#1523,#1524));
#3689=EDGE_LOOP('',(#1525,#1526,#1527,#1528));
#3690=EDGE_LOOP('',(#1529,#1530,#1531,#1532));
#3691=EDGE_LOOP('',(#1533,#1534,#1535,#1536));
#3692=EDGE_LOOP('',(#1537,#1538,#1539,#1540));
#3693=EDGE_LOOP('',(#1541));
#3694=EDGE_LOOP('',(#1542));
#3695=EDGE_LOOP('',(#1543,#1544,#1545,#1546));
#3696=EDGE_LOOP('',(#1547,#1548,#1549,#1550));
#3697=EDGE_LOOP('',(#1551,#1552,#1553,#1554));
#3698=EDGE_LOOP('',(#1555,#1556,#1557,#1558));
#3699=EDGE_LOOP('',(#1559,#1560,#1561,#1562));
#3700=EDGE_LOOP('',(#1563,#1564,#1565,#1566));
#3701=EDGE_LOOP('',(#1567,#1568,#1569,#1570));
#3702=EDGE_LOOP('',(#1571,#1572,#1573,#1574));
#3703=EDGE_LOOP('',(#1575,#1576,#1577,#1578));
#3704=EDGE_LOOP('',(#1579,#1580,#1581,#1582));
#3705=EDGE_LOOP('',(#1583,#1584,#1585,#1586));
#3706=EDGE_LOOP('',(#1587,#1588,#1589,#1590));
#3707=EDGE_LOOP('',(#1591,#1592,#1593,#1594));
#3708=EDGE_LOOP('',(#1595,#1596,#1597,#1598));
#3709=EDGE_LOOP('',(#1599,#1600,#1601,#1602));
#3710=EDGE_LOOP('',(#1603,#1604,#1605,#1606));
#3711=EDGE_LOOP('',(#1607,#1608,#1609,#1610));
#3712=EDGE_LOOP('',(#1611,#1612,#1613,#1614));
#3713=EDGE_LOOP('',(#1615,#1616,#1617,#1618));
#3714=EDGE_LOOP('',(#1619,#1620,#1621,#1622));
#3715=EDGE_LOOP('',(#1623,#1624,#1625,#1626));
#3716=EDGE_LOOP('',(#1627,#1628,#1629,#1630));
#3717=EDGE_LOOP('',(#1631,#1632,#1633,#1634));
#3718=EDGE_LOOP('',(#1635,#1636,#1637,#1638,#1639,#1640,#1641));
#3719=EDGE_LOOP('',(#1642,#1643,#1644,#1645));
#3720=EDGE_LOOP('',(#1646,#1647,#1648,#1649));
#3721=EDGE_LOOP('',(#1650,#1651,#1652,#1653));
#3722=EDGE_LOOP('',(#1654,#1655,#1656,#1657));
#3723=EDGE_LOOP('',(#1658));
#3724=EDGE_LOOP('',(#1659));
#3725=EDGE_LOOP('',(#1660,#1661,#1662,#1663,#1664));
#3726=EDGE_LOOP('',(#1665,#1666,#1667,#1668));
#3727=EDGE_LOOP('',(#1669,#1670,#1671,#1672));
#3728=EDGE_LOOP('',(#1673,#1674,#1675,#1676));
#3729=EDGE_LOOP('',(#1677,#1678,#1679,#1680));
#3730=EDGE_LOOP('',(#1681,#1682,#1683,#1684));
#3731=EDGE_LOOP('',(#1685));
#3732=EDGE_LOOP('',(#1686));
#3733=EDGE_LOOP('',(#1687));
#3734=EDGE_LOOP('',(#1688));
#3735=EDGE_LOOP('',(#1689,#1690,#1691,#1692,#1693,#1694,#1695,#1696));
#3736=EDGE_LOOP('',(#1697,#1698,#1699,#1700));
#3737=EDGE_LOOP('',(#1701,#1702,#1703,#1704,#1705,#1706,#1707,#1708));
#3738=EDGE_LOOP('',(#1709,#1710,#1711,#1712));
#3739=EDGE_LOOP('',(#1713,#1714,#1715,#1716));
#3740=EDGE_LOOP('',(#1717));
#3741=EDGE_LOOP('',(#1718,#1719,#1720,#1721));
#3742=EDGE_LOOP('',(#1722,#1723,#1724,#1725));
#3743=EDGE_LOOP('',(#1726,#1727,#1728,#1729));
#3744=EDGE_LOOP('',(#1730,#1731,#1732,#1733,#1734,#1735,#1736,#1737,#1738,#1739));
#3745=EDGE_LOOP('',(#1740));
#3746=EDGE_LOOP('',(#1741));
#3747=EDGE_LOOP('',(#1742,#1743,#1744,#1745,#1746,#1747));
#3748=EDGE_LOOP('',(#1748,#1749,#1750,#1751,#1752,#1753,#1754,#1755,#1756,#1757,#1758));
#3749=EDGE_LOOP('',(#1759));
#3750=EDGE_LOOP('',(#1760,#1761,#1762,#1763,#1764,#1765,#1766));
#3751=EDGE_LOOP('',(#1767,#1768,#1769,#1770));
#3752=EDGE_LOOP('',(#1771,#1772,#1773,#1774));
#3753=EDGE_LOOP('',(#1775,#1776,#1777,#1778));
#3754=EDGE_LOOP('',(#1779));
#3755=EDGE_LOOP('',(#1780));
#3756=EDGE_LOOP('',(#1781,#1782,#1783,#1784));
#3757=EDGE_LOOP('',(#1785));
#3758=EDGE_LOOP('',(#1786));
#3759=EDGE_LOOP('',(#1787,#1788,#1789,#1790));
#3760=EDGE_LOOP('',(#1791,#1792,#1793,#1794));
#3761=EDGE_LOOP('',(#1795,#1796,#1797,#1798));
#3762=EDGE_LOOP('',(#1799,#1800,#1801,#1802));
#3763=EDGE_LOOP('',(#1803,#1804,#1805,#1806));
#3764=EDGE_LOOP('',(#1807,#1808,#1809,#1810));
#3765=EDGE_LOOP('',(#1811,#1812,#1813,#1814));
#3766=EDGE_LOOP('',(#1815));
#3767=EDGE_LOOP('',(#1816));
#3768=EDGE_LOOP('',(#1817,#1818,#1819,#1820));
#3769=EDGE_LOOP('',(#1821,#1822,#1823,#1824));
#3770=EDGE_LOOP('',(#1825,#1826,#1827,#1828));
#3771=EDGE_LOOP('',(#1829,#1830,#1831,#1832));
#3772=EDGE_LOOP('',(#1833,#1834,#1835,#1836));
#3773=EDGE_LOOP('',(#1837,#1838,#1839,#1840));
#3774=EDGE_LOOP('',(#1841,#1842,#1843,#1844));
#3775=EDGE_LOOP('',(#1845,#1846,#1847,#1848));
#3776=EDGE_LOOP('',(#1849,#1850,#1851,#1852));
#3777=EDGE_LOOP('',(#1853,#1854,#1855,#1856));
#3778=EDGE_LOOP('',(#1857,#1858,#1859,#1860));
#3779=EDGE_LOOP('',(#1861,#1862,#1863,#1864));
#3780=EDGE_LOOP('',(#1865,#1866,#1867,#1868));
#3781=EDGE_LOOP('',(#1869,#1870,#1871,#1872));
#3782=EDGE_LOOP('',(#1873,#1874,#1875,#1876));
#3783=EDGE_LOOP('',(#1877,#1878,#1879,#1880));
#3784=EDGE_LOOP('',(#1881,#1882,#1883,#1884));
#3785=EDGE_LOOP('',(#1885,#1886,#1887,#1888));
#3786=EDGE_LOOP('',(#1889,#1890,#1891,#1892));
#3787=EDGE_LOOP('',(#1893,#1894,#1895,#1896));
#3788=EDGE_LOOP('',(#1897,#1898,#1899,#1900));
#3789=EDGE_LOOP('',(#1901,#1902,#1903,#1904));
#3790=EDGE_LOOP('',(#1905,#1906,#1907,#1908));
#3791=EDGE_LOOP('',(#1909,#1910,#1911,#1912,#1913,#1914,#1915));
#3792=EDGE_LOOP('',(#1916,#1917,#1918,#1919));
#3793=EDGE_LOOP('',(#1920,#1921,#1922,#1923));
#3794=EDGE_LOOP('',(#1924,#1925,#1926,#1927));
#3795=EDGE_LOOP('',(#1928,#1929,#1930,#1931));
#3796=EDGE_LOOP('',(#1932));
#3797=EDGE_LOOP('',(#1933));
#3798=EDGE_LOOP('',(#1934,#1935,#1936,#1937,#1938));
#3799=EDGE_LOOP('',(#1939,#1940,#1941,#1942));
#3800=EDGE_LOOP('',(#1943,#1944,#1945,#1946));
#3801=EDGE_LOOP('',(#1947,#1948,#1949,#1950));
#3802=EDGE_LOOP('',(#1951,#1952,#1953,#1954));
#3803=EDGE_LOOP('',(#1955,#1956,#1957,#1958));
#3804=EDGE_LOOP('',(#1959));
#3805=EDGE_LOOP('',(#1960));
#3806=EDGE_LOOP('',(#1961));
#3807=EDGE_LOOP('',(#1962));
#3808=EDGE_LOOP('',(#1963,#1964,#1965,#1966,#1967,#1968,#1969,#1970));
#3809=EDGE_LOOP('',(#1971,#1972,#1973,#1974));
#3810=EDGE_LOOP('',(#1975,#1976,#1977,#1978,#1979,#1980,#1981,#1982));
#3811=EDGE_LOOP('',(#1983,#1984,#1985,#1986));
#3812=EDGE_LOOP('',(#1987,#1988,#1989,#1990));
#3813=EDGE_LOOP('',(#1991));
#3814=EDGE_LOOP('',(#1992,#1993,#1994,#1995));
#3815=EDGE_LOOP('',(#1996,#1997,#1998,#1999));
#3816=EDGE_LOOP('',(#2000,#2001,#2002,#2003));
#3817=EDGE_LOOP('',(#2004,#2005,#2006,#2007,#2008,#2009,#2010,#2011,#2012,#2013));
#3818=EDGE_LOOP('',(#2014));
#3819=EDGE_LOOP('',(#2015));
#3820=EDGE_LOOP('',(#2016,#2017,#2018,#2019,#2020,#2021));
#3821=EDGE_LOOP('',(#2022,#2023,#2024,#2025,#2026,#2027,#2028,#2029,#2030,#2031,#2032));
#3822=EDGE_LOOP('',(#2033));
#3823=EDGE_LOOP('',(#2034,#2035,#2036,#2037,#2038,#2039,#2040));
#3824=EDGE_LOOP('',(#2041,#2042,#2043,#2044));
#3825=EDGE_LOOP('',(#2045,#2046,#2047,#2048));
#3826=EDGE_LOOP('',(#2049,#2050,#2051,#2052));
#3827=EDGE_LOOP('',(#2053));
#3828=EDGE_LOOP('',(#2054));
#3829=EDGE_LOOP('',(#2055,#2056,#2057,#2058));
#3830=EDGE_LOOP('',(#2059));
#3831=EDGE_LOOP('',(#2060));
#3832=EDGE_LOOP('',(#2061,#2062,#2063,#2064));
#3833=EDGE_LOOP('',(#2065,#2066,#2067,#2068));
#3834=EDGE_LOOP('',(#2069,#2070,#2071,#2072));
#3835=EDGE_LOOP('',(#2073,#2074,#2075,#2076));
#3836=EDGE_LOOP('',(#2077,#2078,#2079,#2080));
#3837=EDGE_LOOP('',(#2081,#2082,#2083,#2084));
#3838=EDGE_LOOP('',(#2085,#2086,#2087,#2088));
#3839=EDGE_LOOP('',(#2089));
#3840=EDGE_LOOP('',(#2090));
#3841=EDGE_LOOP('',(#2091,#2092,#2093,#2094));
#3842=EDGE_LOOP('',(#2095,#2096,#2097,#2098));
#3843=EDGE_LOOP('',(#2099,#2100,#2101,#2102));
#3844=EDGE_LOOP('',(#2103,#2104,#2105,#2106));
#3845=EDGE_LOOP('',(#2107,#2108,#2109,#2110));
#3846=EDGE_LOOP('',(#2111,#2112,#2113,#2114));
#3847=EDGE_LOOP('',(#2115,#2116,#2117,#2118));
#3848=EDGE_LOOP('',(#2119,#2120,#2121,#2122));
#3849=EDGE_LOOP('',(#2123,#2124,#2125,#2126));
#3850=EDGE_LOOP('',(#2127,#2128,#2129,#2130));
#3851=EDGE_LOOP('',(#2131,#2132,#2133,#2134));
#3852=EDGE_LOOP('',(#2135,#2136,#2137,#2138));
#3853=EDGE_LOOP('',(#2139,#2140,#2141,#2142));
#3854=EDGE_LOOP('',(#2143,#2144,#2145,#2146));
#3855=EDGE_LOOP('',(#2147,#2148,#2149,#2150));
#3856=EDGE_LOOP('',(#2151,#2152,#2153,#2154));
#3857=EDGE_LOOP('',(#2155,#2156,#2157,#2158));
#3858=EDGE_LOOP('',(#2159,#2160,#2161,#2162));
#3859=EDGE_LOOP('',(#2163,#2164,#2165,#2166));
#3860=EDGE_LOOP('',(#2167,#2168,#2169,#2170));
#3861=EDGE_LOOP('',(#2171,#2172,#2173,#2174));
#3862=EDGE_LOOP('',(#2175,#2176,#2177,#2178));
#3863=EDGE_LOOP('',(#2179,#2180,#2181,#2182));
#3864=EDGE_LOOP('',(#2183,#2184,#2185,#2186,#2187,#2188,#2189));
#3865=EDGE_LOOP('',(#2190,#2191,#2192,#2193));
#3866=EDGE_LOOP('',(#2194,#2195,#2196,#2197));
#3867=EDGE_LOOP('',(#2198,#2199,#2200,#2201));
#3868=EDGE_LOOP('',(#2202,#2203,#2204,#2205));
#3869=EDGE_LOOP('',(#2206));
#3870=EDGE_LOOP('',(#2207));
#3871=EDGE_LOOP('',(#2208,#2209,#2210,#2211,#2212));
#3872=EDGE_LOOP('',(#2213,#2214,#2215,#2216));
#3873=EDGE_LOOP('',(#2217,#2218,#2219,#2220));
#3874=EDGE_LOOP('',(#2221,#2222,#2223,#2224));
#3875=EDGE_LOOP('',(#2225,#2226,#2227,#2228));
#3876=EDGE_LOOP('',(#2229,#2230,#2231,#2232));
#3877=EDGE_LOOP('',(#2233));
#3878=EDGE_LOOP('',(#2234));
#3879=EDGE_LOOP('',(#2235));
#3880=EDGE_LOOP('',(#2236));
#3881=FACE_BOUND('',#3515,.T.);
#3882=FACE_BOUND('',#3516,.T.);
#3883=FACE_BOUND('',#3517,.T.);
#3884=FACE_BOUND('',#3518,.T.);
#3885=FACE_BOUND('',#3519,.T.);
#3886=FACE_BOUND('',#3520,.T.);
#3887=FACE_BOUND('',#3521,.T.);
#3888=FACE_BOUND('',#3522,.T.);
#3889=FACE_BOUND('',#3523,.T.);
#3890=FACE_BOUND('',#3524,.T.);
#3891=FACE_BOUND('',#3525,.T.);
#3892=FACE_BOUND('',#3526,.T.);
#3893=FACE_BOUND('',#3527,.T.);
#3894=FACE_BOUND('',#3528,.T.);
#3895=FACE_BOUND('',#3529,.T.);
#3896=FACE_BOUND('',#3530,.T.);
#3897=FACE_BOUND('',#3531,.T.);
#3898=FACE_BOUND('',#3532,.T.);
#3899=FACE_BOUND('',#3533,.T.);
#3900=FACE_BOUND('',#3534,.T.);
#3901=FACE_BOUND('',#3535,.T.);
#3902=FACE_BOUND('',#3536,.T.);
#3903=FACE_BOUND('',#3537,.T.);
#3904=FACE_BOUND('',#3538,.T.);
#3905=FACE_BOUND('',#3539,.T.);
#3906=FACE_BOUND('',#3540,.T.);
#3907=FACE_BOUND('',#3541,.T.);
#3908=FACE_BOUND('',#3542,.T.);
#3909=FACE_BOUND('',#3543,.T.);
#3910=FACE_BOUND('',#3544,.T.);
#3911=FACE_BOUND('',#3545,.T.);
#3912=FACE_BOUND('',#3546,.T.);
#3913=FACE_BOUND('',#3547,.T.);
#3914=FACE_BOUND('',#3548,.T.);
#3915=FACE_BOUND('',#3549,.T.);
#3916=FACE_BOUND('',#3550,.T.);
#3917=FACE_BOUND('',#3551,.T.);
#3918=FACE_BOUND('',#3552,.T.);
#3919=FACE_BOUND('',#3553,.T.);
#3920=FACE_BOUND('',#3554,.T.);
#3921=FACE_BOUND('',#3555,.T.);
#3922=FACE_BOUND('',#3556,.T.);
#3923=FACE_BOUND('',#3557,.T.);
#3924=FACE_BOUND('',#3558,.T.);
#3925=FACE_BOUND('',#3559,.T.);
#3926=FACE_BOUND('',#3560,.T.);
#3927=FACE_BOUND('',#3561,.T.);
#3928=FACE_BOUND('',#3562,.T.);
#3929=FACE_BOUND('',#3563,.T.);
#3930=FACE_BOUND('',#3564,.T.);
#3931=FACE_BOUND('',#3565,.T.);
#3932=FACE_BOUND('',#3566,.T.);
#3933=FACE_BOUND('',#3567,.T.);
#3934=FACE_BOUND('',#3568,.T.);
#3935=FACE_BOUND('',#3569,.T.);
#3936=FACE_BOUND('',#3570,.T.);
#3937=FACE_BOUND('',#3571,.T.);
#3938=FACE_BOUND('',#3572,.T.);
#3939=FACE_BOUND('',#3573,.T.);
#3940=FACE_BOUND('',#3574,.T.);
#3941=FACE_BOUND('',#3575,.T.);
#3942=FACE_BOUND('',#3576,.T.);
#3943=FACE_BOUND('',#3577,.T.);
#3944=FACE_BOUND('',#3578,.T.);
#3945=FACE_BOUND('',#3579,.T.);
#3946=FACE_BOUND('',#3580,.T.);
#3947=FACE_BOUND('',#3581,.T.);
#3948=FACE_BOUND('',#3582,.T.);
#3949=FACE_BOUND('',#3583,.T.);
#3950=FACE_BOUND('',#3584,.T.);
#3951=FACE_BOUND('',#3585,.T.);
#3952=FACE_BOUND('',#3586,.T.);
#3953=FACE_BOUND('',#3587,.T.);
#3954=FACE_BOUND('',#3588,.T.);
#3955=FACE_BOUND('',#3589,.T.);
#3956=FACE_BOUND('',#3590,.T.);
#3957=FACE_BOUND('',#3591,.T.);
#3958=FACE_BOUND('',#3592,.T.);
#3959=FACE_BOUND('',#3593,.T.);
#3960=FACE_BOUND('',#3594,.T.);
#3961=FACE_BOUND('',#3595,.T.);
#3962=FACE_BOUND('',#3596,.T.);
#3963=FACE_BOUND('',#3597,.T.);
#3964=FACE_BOUND('',#3598,.T.);
#3965=FACE_BOUND('',#3599,.T.);
#3966=FACE_BOUND('',#3600,.T.);
#3967=FACE_BOUND('',#3601,.T.);
#3968=FACE_BOUND('',#3602,.T.);
#3969=FACE_BOUND('',#3603,.T.);
#3970=FACE_BOUND('',#3604,.T.);
#3971=FACE_BOUND('',#3605,.T.);
#3972=FACE_BOUND('',#3606,.T.);
#3973=FACE_BOUND('',#3607,.T.);
#3974=FACE_BOUND('',#3608,.T.);
#3975=FACE_BOUND('',#3609,.T.);
#3976=FACE_BOUND('',#3610,.T.);
#3977=FACE_BOUND('',#3611,.T.);
#3978=FACE_BOUND('',#3612,.T.);
#3979=FACE_BOUND('',#3613,.T.);
#3980=FACE_BOUND('',#3614,.T.);
#3981=FACE_BOUND('',#3615,.T.);
#3982=FACE_BOUND('',#3616,.T.);
#3983=FACE_BOUND('',#3617,.T.);
#3984=FACE_BOUND('',#3618,.T.);
#3985=FACE_BOUND('',#3619,.T.);
#3986=FACE_BOUND('',#3620,.T.);
#3987=FACE_BOUND('',#3621,.T.);
#3988=FACE_BOUND('',#3622,.T.);
#3989=FACE_BOUND('',#3623,.T.);
#3990=FACE_BOUND('',#3624,.T.);
#3991=FACE_BOUND('',#3625,.T.);
#3992=FACE_BOUND('',#3626,.T.);
#3993=FACE_BOUND('',#3627,.T.);
#3994=FACE_BOUND('',#3628,.T.);
#3995=FACE_BOUND('',#3629,.T.);
#3996=FACE_BOUND('',#3630,.T.);
#3997=FACE_BOUND('',#3631,.T.);
#3998=FACE_BOUND('',#3632,.T.);
#3999=FACE_BOUND('',#3633,.T.);
#4000=FACE_BOUND('',#3634,.T.);
#4001=FACE_BOUND('',#3635,.T.);
#4002=FACE_BOUND('',#3636,.T.);
#4003=FACE_BOUND('',#3637,.T.);
#4004=FACE_BOUND('',#3638,.T.);
#4005=FACE_BOUND('',#3639,.T.);
#4006=FACE_BOUND('',#3640,.T.);
#4007=FACE_BOUND('',#3641,.T.);
#4008=FACE_BOUND('',#3642,.T.);
#4009=FACE_BOUND('',#3643,.T.);
#4010=FACE_BOUND('',#3644,.T.);
#4011=FACE_BOUND('',#3645,.T.);
#4012=FACE_BOUND('',#3646,.T.);
#4013=FACE_BOUND('',#3647,.T.);
#4014=FACE_BOUND('',#3648,.T.);
#4015=FACE_BOUND('',#3649,.T.);
#4016=FACE_BOUND('',#3650,.T.);
#4017=FACE_BOUND('',#3651,.T.);
#4018=FACE_BOUND('',#3652,.T.);
#4019=FACE_BOUND('',#3653,.T.);
#4020=FACE_BOUND('',#3654,.T.);
#4021=FACE_BOUND('',#3655,.T.);
#4022=FACE_BOUND('',#3656,.T.);
#4023=FACE_BOUND('',#3657,.T.);
#4024=FACE_BOUND('',#3658,.T.);
#4025=FACE_BOUND('',#3659,.T.);
#4026=FACE_BOUND('',#3660,.T.);
#4027=FACE_BOUND('',#3661,.T.);
#4028=FACE_BOUND('',#3662,.T.);
#4029=FACE_BOUND('',#3663,.T.);
#4030=FACE_BOUND('',#3664,.T.);
#4031=FACE_BOUND('',#3665,.T.);
#4032=FACE_BOUND('',#3666,.T.);
#4033=FACE_BOUND('',#3667,.T.);
#4034=FACE_BOUND('',#3668,.T.);
#4035=FACE_BOUND('',#3669,.T.);
#4036=FACE_BOUND('',#3670,.T.);
#4037=FACE_BOUND('',#3671,.T.);
#4038=FACE_BOUND('',#3672,.T.);
#4039=FACE_BOUND('',#3673,.T.);
#4040=FACE_BOUND('',#3674,.T.);
#4041=FACE_BOUND('',#3675,.T.);
#4042=FACE_BOUND('',#3676,.T.);
#4043=FACE_BOUND('',#3677,.T.);
#4044=FACE_BOUND('',#3678,.T.);
#4045=FACE_BOUND('',#3679,.T.);
#4046=FACE_BOUND('',#3680,.T.);
#4047=FACE_BOUND('',#3681,.T.);
#4048=FACE_BOUND('',#3682,.T.);
#4049=FACE_BOUND('',#3683,.T.);
#4050=FACE_BOUND('',#3684,.T.);
#4051=FACE_BOUND('',#3685,.T.);
#4052=FACE_BOUND('',#3686,.T.);
#4053=FACE_BOUND('',#3687,.T.);
#4054=FACE_BOUND('',#3688,.T.);
#4055=FACE_BOUND('',#3689,.T.);
#4056=FACE_BOUND('',#3690,.T.);
#4057=FACE_BOUND('',#3691,.T.);
#4058=FACE_BOUND('',#3692,.T.);
#4059=FACE_BOUND('',#3693,.T.);
#4060=FACE_BOUND('',#3694,.T.);
#4061=FACE_BOUND('',#3695,.T.);
#4062=FACE_BOUND('',#3696,.T.);
#4063=FACE_BOUND('',#3697,.T.);
#4064=FACE_BOUND('',#3698,.T.);
#4065=FACE_BOUND('',#3699,.T.);
#4066=FACE_BOUND('',#3700,.T.);
#4067=FACE_BOUND('',#3701,.T.);
#4068=FACE_BOUND('',#3702,.T.);
#4069=FACE_BOUND('',#3703,.T.);
#4070=FACE_BOUND('',#3704,.T.);
#4071=FACE_BOUND('',#3705,.T.);
#4072=FACE_BOUND('',#3706,.T.);
#4073=FACE_BOUND('',#3707,.T.);
#4074=FACE_BOUND('',#3708,.T.);
#4075=FACE_BOUND('',#3709,.T.);
#4076=FACE_BOUND('',#3710,.T.);
#4077=FACE_BOUND('',#3711,.T.);
#4078=FACE_BOUND('',#3712,.T.);
#4079=FACE_BOUND('',#3713,.T.);
#4080=FACE_BOUND('',#3714,.T.);
#4081=FACE_BOUND('',#3715,.T.);
#4082=FACE_BOUND('',#3716,.T.);
#4083=FACE_BOUND('',#3717,.T.);
#4084=FACE_BOUND('',#3718,.T.);
#4085=FACE_BOUND('',#3719,.T.);
#4086=FACE_BOUND('',#3720,.T.);
#4087=FACE_BOUND('',#3721,.T.);
#4088=FACE_BOUND('',#3722,.T.);
#4089=FACE_BOUND('',#3723,.T.);
#4090=FACE_BOUND('',#3724,.T.);
#4091=FACE_BOUND('',#3725,.T.);
#4092=FACE_BOUND('',#3726,.T.);
#4093=FACE_BOUND('',#3727,.T.);
#4094=FACE_BOUND('',#3728,.T.);
#4095=FACE_BOUND('',#3729,.T.);
#4096=FACE_BOUND('',#3730,.T.);
#4097=FACE_BOUND('',#3731,.T.);
#4098=FACE_BOUND('',#3732,.T.);
#4099=FACE_BOUND('',#3733,.T.);
#4100=FACE_BOUND('',#3734,.T.);
#4101=FACE_BOUND('',#3735,.T.);
#4102=FACE_BOUND('',#3736,.T.);
#4103=FACE_BOUND('',#3737,.T.);
#4104=FACE_BOUND('',#3738,.T.);
#4105=FACE_BOUND('',#3739,.T.);
#4106=FACE_BOUND('',#3740,.T.);
#4107=FACE_BOUND('',#3741,.T.);
#4108=FACE_BOUND('',#3742,.T.);
#4109=FACE_BOUND('',#3743,.T.);
#4110=FACE_BOUND('',#3744,.T.);
#4111=FACE_BOUND('',#3745,.T.);
#4112=FACE_BOUND('',#3746,.T.);
#4113=FACE_BOUND('',#3747,.T.);
#4114=FACE_BOUND('',#3748,.T.);
#4115=FACE_BOUND('',#3749,.T.);
#4116=FACE_BOUND('',#3750,.T.);
#4117=FACE_BOUND('',#3751,.T.);
#4118=FACE_BOUND('',#3752,.T.);
#4119=FACE_BOUND('',#3753,.T.);
#4120=FACE_BOUND('',#3754,.T.);
#4121=FACE_BOUND('',#3755,.T.);
#4122=FACE_BOUND('',#3756,.T.);
#4123=FACE_BOUND('',#3757,.T.);
#4124=FACE_BOUND('',#3758,.T.);
#4125=FACE_BOUND('',#3759,.T.);
#4126=FACE_BOUND('',#3760,.T.);
#4127=FACE_BOUND('',#3761,.T.);
#4128=FACE_BOUND('',#3762,.T.);
#4129=FACE_BOUND('',#3763,.T.);
#4130=FACE_BOUND('',#3764,.T.);
#4131=FACE_BOUND('',#3765,.T.);
#4132=FACE_BOUND('',#3766,.T.);
#4133=FACE_BOUND('',#3767,.T.);
#4134=FACE_BOUND('',#3768,.T.);
#4135=FACE_BOUND('',#3769,.T.);
#4136=FACE_BOUND('',#3770,.T.);
#4137=FACE_BOUND('',#3771,.T.);
#4138=FACE_BOUND('',#3772,.T.);
#4139=FACE_BOUND('',#3773,.T.);
#4140=FACE_BOUND('',#3774,.T.);
#4141=FACE_BOUND('',#3775,.T.);
#4142=FACE_BOUND('',#3776,.T.);
#4143=FACE_BOUND('',#3777,.T.);
#4144=FACE_BOUND('',#3778,.T.);
#4145=FACE_BOUND('',#3779,.T.);
#4146=FACE_BOUND('',#3780,.T.);
#4147=FACE_BOUND('',#3781,.T.);
#4148=FACE_BOUND('',#3782,.T.);
#4149=FACE_BOUND('',#3783,.T.);
#4150=FACE_BOUND('',#3784,.T.);
#4151=FACE_BOUND('',#3785,.T.);
#4152=FACE_BOUND('',#3786,.T.);
#4153=FACE_BOUND('',#3787,.T.);
#4154=FACE_BOUND('',#3788,.T.);
#4155=FACE_BOUND('',#3789,.T.);
#4156=FACE_BOUND('',#3790,.T.);
#4157=FACE_BOUND('',#3791,.T.);
#4158=FACE_BOUND('',#3792,.T.);
#4159=FACE_BOUND('',#3793,.T.);
#4160=FACE_BOUND('',#3794,.T.);
#4161=FACE_BOUND('',#3795,.T.);
#4162=FACE_BOUND('',#3796,.T.);
#4163=FACE_BOUND('',#3797,.T.);
#4164=FACE_BOUND('',#3798,.T.);
#4165=FACE_BOUND('',#3799,.T.);
#4166=FACE_BOUND('',#3800,.T.);
#4167=FACE_BOUND('',#3801,.T.);
#4168=FACE_BOUND('',#3802,.T.);
#4169=FACE_BOUND('',#3803,.T.);
#4170=FACE_BOUND('',#3804,.T.);
#4171=FACE_BOUND('',#3805,.T.);
#4172=FACE_BOUND('',#3806,.T.);
#4173=FACE_BOUND('',#3807,.T.);
#4174=FACE_BOUND('',#3808,.T.);
#4175=FACE_BOUND('',#3809,.T.);
#4176=FACE_BOUND('',#3810,.T.);
#4177=FACE_BOUND('',#3811,.T.);
#4178=FACE_BOUND('',#3812,.T.);
#4179=FACE_BOUND('',#3813,.T.);
#4180=FACE_BOUND('',#3814,.T.);
#4181=FACE_BOUND('',#3815,.T.);
#4182=FACE_BOUND('',#3816,.T.);
#4183=FACE_BOUND('',#3817,.T.);
#4184=FACE_BOUND('',#3818,.T.);
#4185=FACE_BOUND('',#3819,.T.);
#4186=FACE_BOUND('',#3820,.T.);
#4187=FACE_BOUND('',#3821,.T.);
#4188=FACE_BOUND('',#3822,.T.);
#4189=FACE_BOUND('',#3823,.T.);
#4190=FACE_BOUND('',#3824,.T.);
#4191=FACE_BOUND('',#3825,.T.);
#4192=FACE_BOUND('',#3826,.T.);
#4193=FACE_BOUND('',#3827,.T.);
#4194=FACE_BOUND('',#3828,.T.);
#4195=FACE_BOUND('',#3829,.T.);
#4196=FACE_BOUND('',#3830,.T.);
#4197=FACE_BOUND('',#3831,.T.);
#4198=FACE_BOUND('',#3832,.T.);
#4199=FACE_BOUND('',#3833,.T.);
#4200=FACE_BOUND('',#3834,.T.);
#4201=FACE_BOUND('',#3835,.T.);
#4202=FACE_BOUND('',#3836,.T.);
#4203=FACE_BOUND('',#3837,.T.);
#4204=FACE_BOUND('',#3838,.T.);
#4205=FACE_BOUND('',#3839,.T.);
#4206=FACE_BOUND('',#3840,.T.);
#4207=FACE_BOUND('',#3841,.T.);
#4208=FACE_BOUND('',#3842,.T.);
#4209=FACE_BOUND('',#3843,.T.);
#4210=FACE_BOUND('',#3844,.T.);
#4211=FACE_BOUND('',#3845,.T.);
#4212=FACE_BOUND('',#3846,.T.);
#4213=FACE_BOUND('',#3847,.T.);
#4214=FACE_BOUND('',#3848,.T.);
#4215=FACE_BOUND('',#3849,.T.);
#4216=FACE_BOUND('',#3850,.T.);
#4217=FACE_BOUND('',#3851,.T.);
#4218=FACE_BOUND('',#3852,.T.);
#4219=FACE_BOUND('',#3853,.T.);
#4220=FACE_BOUND('',#3854,.T.);
#4221=FACE_BOUND('',#3855,.T.);
#4222=FACE_BOUND('',#3856,.T.);
#4223=FACE_BOUND('',#3857,.T.);
#4224=FACE_BOUND('',#3858,.T.);
#4225=FACE_BOUND('',#3859,.T.);
#4226=FACE_BOUND('',#3860,.T.);
#4227=FACE_BOUND('',#3861,.T.);
#4228=FACE_BOUND('',#3862,.T.);
#4229=FACE_BOUND('',#3863,.T.);
#4230=FACE_BOUND('',#3864,.T.);
#4231=FACE_BOUND('',#3865,.T.);
#4232=FACE_BOUND('',#3866,.T.);
#4233=FACE_BOUND('',#3867,.T.);
#4234=FACE_BOUND('',#3868,.T.);
#4235=FACE_BOUND('',#3869,.T.);
#4236=FACE_BOUND('',#3870,.T.);
#4237=FACE_BOUND('',#3871,.T.);
#4238=FACE_BOUND('',#3872,.T.);
#4239=FACE_BOUND('',#3873,.T.);
#4240=FACE_BOUND('',#3874,.T.);
#4241=FACE_BOUND('',#3875,.T.);
#4242=FACE_BOUND('',#3876,.T.);
#4243=FACE_BOUND('',#3877,.T.);
#4244=FACE_BOUND('',#3878,.T.);
#4245=FACE_BOUND('',#3879,.T.);
#4246=FACE_BOUND('',#3880,.T.);
#4247=PLANE('',#4676);
#4248=PLANE('',#4690);
#4249=PLANE('',#4704);
#4250=PLANE('',#4705);
#4251=PLANE('',#4706);
#4252=PLANE('',#4707);
#4253=PLANE('',#4708);
#4254=PLANE('',#4709);
#4255=PLANE('',#4710);
#4256=PLANE('',#4711);
#4257=PLANE('',#4712);
#4258=PLANE('',#4713);
#4259=PLANE('',#4714);
#4260=PLANE('',#4715);
#4261=PLANE('',#4716);
#4262=PLANE('',#4717);
#4263=PLANE('',#4718);
#4264=PLANE('',#4719);
#4265=PLANE('',#4720);
#4266=PLANE('',#4721);
#4267=PLANE('',#4722);
#4268=PLANE('',#4730);
#4269=PLANE('',#4738);
#4270=PLANE('',#4742);
#4271=PLANE('',#4746);
#4272=PLANE('',#4764);
#4273=PLANE('',#4767);
#4274=PLANE('',#4769);
#4275=PLANE('',#4789);
#4276=PLANE('',#4790);
#4277=PLANE('',#4791);
#4278=PLANE('',#4792);
#4279=PLANE('',#4793);
#4280=PLANE('',#4794);
#4281=PLANE('',#4795);
#4282=PLANE('',#4813);
#4283=PLANE('',#4814);
#4284=PLANE('',#4815);
#4285=PLANE('',#4816);
#4286=PLANE('',#4817);
#4287=PLANE('',#4818);
#4288=PLANE('',#4819);
#4289=PLANE('',#4820);
#4290=PLANE('',#4821);
#4291=PLANE('',#4822);
#4292=PLANE('',#4823);
#4293=PLANE('',#4824);
#4294=PLANE('',#4826);
#4295=PLANE('',#4828);
#4296=PLANE('',#4833);
#4297=PLANE('',#4837);
#4298=PLANE('',#4841);
#4299=PLANE('',#4859);
#4300=PLANE('',#4862);
#4301=PLANE('',#4864);
#4302=PLANE('',#4884);
#4303=PLANE('',#4885);
#4304=PLANE('',#4886);
#4305=PLANE('',#4887);
#4306=PLANE('',#4888);
#4307=PLANE('',#4889);
#4308=PLANE('',#4890);
#4309=PLANE('',#4908);
#4310=PLANE('',#4909);
#4311=PLANE('',#4910);
#4312=PLANE('',#4911);
#4313=PLANE('',#4912);
#4314=PLANE('',#4913);
#4315=PLANE('',#4914);
#4316=PLANE('',#4915);
#4317=PLANE('',#4916);
#4318=PLANE('',#4917);
#4319=PLANE('',#4918);
#4320=PLANE('',#4919);
#4321=PLANE('',#4921);
#4322=PLANE('',#4923);
#4323=PLANE('',#4928);
#4324=PLANE('',#4932);
#4325=PLANE('',#4936);
#4326=PLANE('',#4954);
#4327=PLANE('',#4957);
#4328=PLANE('',#4959);
#4329=PLANE('',#4979);
#4330=PLANE('',#4980);
#4331=PLANE('',#4981);
#4332=PLANE('',#4982);
#4333=PLANE('',#4983);
#4334=PLANE('',#4984);
#4335=PLANE('',#4985);
#4336=PLANE('',#5003);
#4337=PLANE('',#5004);
#4338=PLANE('',#5005);
#4339=PLANE('',#5006);
#4340=PLANE('',#5007);
#4341=PLANE('',#5008);
#4342=PLANE('',#5009);
#4343=PLANE('',#5010);
#4344=PLANE('',#5011);
#4345=PLANE('',#5012);
#4346=PLANE('',#5013);
#4347=PLANE('',#5014);
#4348=PLANE('',#5016);
#4349=PLANE('',#5018);
#4350=PLANE('',#5023);
#4351=PLANE('',#5027);
#4352=PLANE('',#5031);
#4353=PLANE('',#5049);
#4354=PLANE('',#5052);
#4355=PLANE('',#5054);
#4356=PLANE('',#5074);
#4357=PLANE('',#5075);
#4358=PLANE('',#5076);
#4359=PLANE('',#5077);
#4360=PLANE('',#5078);
#4361=PLANE('',#5079);
#4362=PLANE('',#5080);
#4363=PLANE('',#5098);
#4364=PLANE('',#5099);
#4365=PLANE('',#5100);
#4366=PLANE('',#5101);
#4367=PLANE('',#5102);
#4368=PLANE('',#5103);
#4369=PLANE('',#5104);
#4370=PLANE('',#5105);
#4371=PLANE('',#5106);
#4372=PLANE('',#5107);
#4373=PLANE('',#5108);
#4374=PLANE('',#5109);
#4375=PLANE('',#5111);
#4376=PLANE('',#5113);
#4377=ADVANCED_FACE('',(#3881,#3882,#3883,#3884,#3885,#3886,#3887,#3888,#3889,#3890,#3891,#3892,#3893,#3894),#4247,.T.);
#4378=ADVANCED_FACE('',(#3895,#3896,#3897,#3898,#3899,#3900,#3901,#3902,#3903,#3904,#3905,#3906,#3907,#3908),#4248,.F.);
#4379=ADVANCED_FACE('',(#3909),#4249,.T.);
#4380=ADVANCED_FACE('',(#3910),#4250,.T.);
#4381=ADVANCED_FACE('',(#3911),#4251,.F.);
#4382=ADVANCED_FACE('',(#3912),#4252,.F.);
#4383=ADVANCED_FACE('',(#3913),#4253,.T.);
#4384=ADVANCED_FACE('',(#3914),#4254,.T.);
#4385=ADVANCED_FACE('',(#3915),#4255,.F.);
#4386=ADVANCED_FACE('',(#3916),#4256,.F.);
#4387=ADVANCED_FACE('',(#3917),#4257,.F.);
#4388=ADVANCED_FACE('',(#3918),#4258,.F.);
#4389=ADVANCED_FACE('',(#3919),#4259,.T.);
#4390=ADVANCED_FACE('',(#3920),#4260,.F.);
#4391=ADVANCED_FACE('',(#3921),#4261,.T.);
#4392=ADVANCED_FACE('',(#3922),#4262,.F.);
#4393=ADVANCED_FACE('',(#3923),#4263,.F.);
#4394=ADVANCED_FACE('',(#3924),#4264,.T.);
#4395=ADVANCED_FACE('',(#3925),#4265,.T.);
#4396=ADVANCED_FACE('',(#3926),#4266,.T.);
#4397=ADVANCED_FACE('',(#3927),#4267,.F.);
#4398=ADVANCED_FACE('',(#3928,#3929),#49,.F.);
#4399=ADVANCED_FACE('',(#3930,#3931),#50,.F.);
#4400=ADVANCED_FACE('',(#3932,#3933),#51,.F.);
#4401=ADVANCED_FACE('',(#3934,#3935),#52,.F.);
#4402=ADVANCED_FACE('',(#3936,#3937),#53,.F.);
#4403=ADVANCED_FACE('',(#3938,#3939),#54,.F.);
#4404=ADVANCED_FACE('',(#3940,#3941),#55,.F.);
#4405=ADVANCED_FACE('',(#3942),#4268,.T.);
#4406=ADVANCED_FACE('',(#3943,#3944),#56,.F.);
#4407=ADVANCED_FACE('',(#3945,#3946),#57,.F.);
#4408=ADVANCED_FACE('',(#3947,#3948),#58,.F.);
#4409=ADVANCED_FACE('',(#3949,#3950),#59,.F.);
#4410=ADVANCED_FACE('',(#3951,#3952),#60,.F.);
#4411=ADVANCED_FACE('',(#3953,#3954),#48,.T.);
#4412=ADVANCED_FACE('',(#3955,#3956),#4269,.F.);
#4413=ADVANCED_FACE('',(#3957,#3958),#4270,.T.);
#4414=ADVANCED_FACE('',(#3959,#3960,#3961,#3962,#3963,#3964),#4271,.F.);
#4415=ADVANCED_FACE('',(#3965,#3966,#3967),#4272,.T.);
#4416=ADVANCED_FACE('',(#3968,#3969,#3970),#4273,.T.);
#4417=ADVANCED_FACE('',(#3971,#3972,#3973,#3974,#3975,#3976),#4274,.F.);
#4418=ADVANCED_FACE('',(#3977,#3978),#61,.F.);
#4419=ADVANCED_FACE('',(#3979),#4275,.F.);
#4420=ADVANCED_FACE('',(#3980),#4276,.F.);
#4421=ADVANCED_FACE('',(#3981),#4277,.F.);
#4422=ADVANCED_FACE('',(#3982),#4278,.T.);
#4423=ADVANCED_FACE('',(#3983),#4279,.T.);
#4424=ADVANCED_FACE('',(#3984),#4280,.T.);
#4425=ADVANCED_FACE('',(#3985),#4281,.T.);
#4426=ADVANCED_FACE('',(#3986,#3987),#62,.F.);
#4427=ADVANCED_FACE('',(#3988),#63,.F.);
#4428=ADVANCED_FACE('',(#3989),#64,.F.);
#4429=ADVANCED_FACE('',(#3990),#65,.F.);
#4430=ADVANCED_FACE('',(#3991),#66,.F.);
#4431=ADVANCED_FACE('',(#3992),#67,.F.);
#4432=ADVANCED_FACE('',(#3993),#68,.F.);
#4433=ADVANCED_FACE('',(#3994),#69,.F.);
#4434=ADVANCED_FACE('',(#3995),#70,.F.);
#4435=ADVANCED_FACE('',(#3996),#71,.T.);
#4436=ADVANCED_FACE('',(#3997),#72,.T.);
#4437=ADVANCED_FACE('',(#3998),#73,.T.);
#4438=ADVANCED_FACE('',(#3999),#74,.T.);
#4439=ADVANCED_FACE('',(#4000),#75,.T.);
#4440=ADVANCED_FACE('',(#4001),#76,.T.);
#4441=ADVANCED_FACE('',(#4002),#77,.T.);
#4442=ADVANCED_FACE('',(#4003),#78,.T.);
#4443=ADVANCED_FACE('',(#4004),#4282,.T.);
#4444=ADVANCED_FACE('',(#4005),#4283,.F.);
#4445=ADVANCED_FACE('',(#4006),#4284,.F.);
#4446=ADVANCED_FACE('',(#4007),#4285,.F.);
#4447=ADVANCED_FACE('',(#4008),#4286,.T.);
#4448=ADVANCED_FACE('',(#4009),#4287,.T.);
#4449=ADVANCED_FACE('',(#4010),#4288,.T.);
#4450=ADVANCED_FACE('',(#4011),#4289,.T.);
#4451=ADVANCED_FACE('',(#4012),#4290,.F.);
#4452=ADVANCED_FACE('',(#4013),#4291,.F.);
#4453=ADVANCED_FACE('',(#4014),#4292,.T.);
#4454=ADVANCED_FACE('',(#4015),#4293,.F.);
#4455=ADVANCED_FACE('',(#4016,#4017,#4018),#10,.F.);
#4456=ADVANCED_FACE('',(#4019),#79,.T.);
#4457=ADVANCED_FACE('',(#4020),#4294,.F.);
#4458=ADVANCED_FACE('',(#4021),#80,.F.);
#4459=ADVANCED_FACE('',(#4022),#4295,.T.);
#4460=ADVANCED_FACE('',(#4023),#81,.F.);
#4461=ADVANCED_FACE('',(#4024,#4025),#82,.F.);
#4462=ADVANCED_FACE('',(#4026,#4027),#83,.F.);
#4463=ADVANCED_FACE('',(#4028,#4029),#4296,.F.);
#4464=ADVANCED_FACE('',(#4030,#4031),#4297,.T.);
#4465=ADVANCED_FACE('',(#4032,#4033,#4034,#4035,#4036,#4037),#4298,.F.);
#4466=ADVANCED_FACE('',(#4038,#4039,#4040),#4299,.T.);
#4467=ADVANCED_FACE('',(#4041,#4042,#4043),#4300,.T.);
#4468=ADVANCED_FACE('',(#4044,#4045,#4046,#4047,#4048,#4049),#4301,.F.);
#4469=ADVANCED_FACE('',(#4050,#4051),#84,.F.);
#4470=ADVANCED_FACE('',(#4052),#4302,.F.);
#4471=ADVANCED_FACE('',(#4053),#4303,.F.);
#4472=ADVANCED_FACE('',(#4054),#4304,.F.);
#4473=ADVANCED_FACE('',(#4055),#4305,.T.);
#4474=ADVANCED_FACE('',(#4056),#4306,.T.);
#4475=ADVANCED_FACE('',(#4057),#4307,.T.);
#4476=ADVANCED_FACE('',(#4058),#4308,.T.);
#4477=ADVANCED_FACE('',(#4059,#4060),#85,.F.);
#4478=ADVANCED_FACE('',(#4061),#86,.F.);
#4479=ADVANCED_FACE('',(#4062),#87,.F.);
#4480=ADVANCED_FACE('',(#4063),#88,.F.);
#4481=ADVANCED_FACE('',(#4064),#89,.F.);
#4482=ADVANCED_FACE('',(#4065),#90,.F.);
#4483=ADVANCED_FACE('',(#4066),#91,.F.);
#4484=ADVANCED_FACE('',(#4067),#92,.F.);
#4485=ADVANCED_FACE('',(#4068),#93,.F.);
#4486=ADVANCED_FACE('',(#4069),#94,.T.);
#4487=ADVANCED_FACE('',(#4070),#95,.T.);
#4488=ADVANCED_FACE('',(#4071),#96,.T.);
#4489=ADVANCED_FACE('',(#4072),#97,.T.);
#4490=ADVANCED_FACE('',(#4073),#98,.T.);
#4491=ADVANCED_FACE('',(#4074),#99,.T.);
#4492=ADVANCED_FACE('',(#4075),#100,.T.);
#4493=ADVANCED_FACE('',(#4076),#101,.T.);
#4494=ADVANCED_FACE('',(#4077),#4309,.T.);
#4495=ADVANCED_FACE('',(#4078),#4310,.F.);
#4496=ADVANCED_FACE('',(#4079),#4311,.F.);
#4497=ADVANCED_FACE('',(#4080),#4312,.F.);
#4498=ADVANCED_FACE('',(#4081),#4313,.T.);
#4499=ADVANCED_FACE('',(#4082),#4314,.T.);
#4500=ADVANCED_FACE('',(#4083),#4315,.T.);
#4501=ADVANCED_FACE('',(#4084),#4316,.T.);
#4502=ADVANCED_FACE('',(#4085),#4317,.F.);
#4503=ADVANCED_FACE('',(#4086),#4318,.F.);
#4504=ADVANCED_FACE('',(#4087),#4319,.T.);
#4505=ADVANCED_FACE('',(#4088),#4320,.F.);
#4506=ADVANCED_FACE('',(#4089,#4090,#4091),#11,.T.);
#4507=ADVANCED_FACE('',(#4092),#102,.T.);
#4508=ADVANCED_FACE('',(#4093),#4321,.F.);
#4509=ADVANCED_FACE('',(#4094),#103,.F.);
#4510=ADVANCED_FACE('',(#4095),#4322,.T.);
#4511=ADVANCED_FACE('',(#4096),#104,.F.);
#4512=ADVANCED_FACE('',(#4097,#4098),#105,.F.);
#4513=ADVANCED_FACE('',(#4099,#4100),#106,.F.);
#4514=ADVANCED_FACE('',(#4101,#4102),#4323,.F.);
#4515=ADVANCED_FACE('',(#4103,#4104),#4324,.T.);
#4516=ADVANCED_FACE('',(#4105,#4106,#4107,#4108,#4109,#4110),#4325,.F.);
#4517=ADVANCED_FACE('',(#4111,#4112,#4113),#4326,.T.);
#4518=ADVANCED_FACE('',(#4114,#4115,#4116),#4327,.T.);
#4519=ADVANCED_FACE('',(#4117,#4118,#4119,#4120,#4121,#4122),#4328,.F.);
#4520=ADVANCED_FACE('',(#4123,#4124),#107,.F.);
#4521=ADVANCED_FACE('',(#4125),#4329,.F.);
#4522=ADVANCED_FACE('',(#4126),#4330,.F.);
#4523=ADVANCED_FACE('',(#4127),#4331,.F.);
#4524=ADVANCED_FACE('',(#4128),#4332,.T.);
#4525=ADVANCED_FACE('',(#4129),#4333,.T.);
#4526=ADVANCED_FACE('',(#4130),#4334,.T.);
#4527=ADVANCED_FACE('',(#4131),#4335,.T.);
#4528=ADVANCED_FACE('',(#4132,#4133),#108,.F.);
#4529=ADVANCED_FACE('',(#4134),#109,.F.);
#4530=ADVANCED_FACE('',(#4135),#110,.F.);
#4531=ADVANCED_FACE('',(#4136),#111,.F.);
#4532=ADVANCED_FACE('',(#4137),#112,.F.);
#4533=ADVANCED_FACE('',(#4138),#113,.F.);
#4534=ADVANCED_FACE('',(#4139),#114,.F.);
#4535=ADVANCED_FACE('',(#4140),#115,.F.);
#4536=ADVANCED_FACE('',(#4141),#116,.F.);
#4537=ADVANCED_FACE('',(#4142),#117,.T.);
#4538=ADVANCED_FACE('',(#4143),#118,.T.);
#4539=ADVANCED_FACE('',(#4144),#119,.T.);
#4540=ADVANCED_FACE('',(#4145),#120,.T.);
#4541=ADVANCED_FACE('',(#4146),#121,.T.);
#4542=ADVANCED_FACE('',(#4147),#122,.T.);
#4543=ADVANCED_FACE('',(#4148),#123,.T.);
#4544=ADVANCED_FACE('',(#4149),#124,.T.);
#4545=ADVANCED_FACE('',(#4150),#4336,.T.);
#4546=ADVANCED_FACE('',(#4151),#4337,.F.);
#4547=ADVANCED_FACE('',(#4152),#4338,.F.);
#4548=ADVANCED_FACE('',(#4153),#4339,.F.);
#4549=ADVANCED_FACE('',(#4154),#4340,.T.);
#4550=ADVANCED_FACE('',(#4155),#4341,.T.);
#4551=ADVANCED_FACE('',(#4156),#4342,.T.);
#4552=ADVANCED_FACE('',(#4157),#4343,.T.);
#4553=ADVANCED_FACE('',(#4158),#4344,.F.);
#4554=ADVANCED_FACE('',(#4159),#4345,.F.);
#4555=ADVANCED_FACE('',(#4160),#4346,.T.);
#4556=ADVANCED_FACE('',(#4161),#4347,.F.);
#4557=ADVANCED_FACE('',(#4162,#4163,#4164),#12,.T.);
#4558=ADVANCED_FACE('',(#4165),#125,.T.);
#4559=ADVANCED_FACE('',(#4166),#4348,.F.);
#4560=ADVANCED_FACE('',(#4167),#126,.F.);
#4561=ADVANCED_FACE('',(#4168),#4349,.T.);
#4562=ADVANCED_FACE('',(#4169),#127,.F.);
#4563=ADVANCED_FACE('',(#4170,#4171),#128,.F.);
#4564=ADVANCED_FACE('',(#4172,#4173),#129,.F.);
#4565=ADVANCED_FACE('',(#4174,#4175),#4350,.F.);
#4566=ADVANCED_FACE('',(#4176,#4177),#4351,.T.);
#4567=ADVANCED_FACE('',(#4178,#4179,#4180,#4181,#4182,#4183),#4352,.F.);
#4568=ADVANCED_FACE('',(#4184,#4185,#4186),#4353,.T.);
#4569=ADVANCED_FACE('',(#4187,#4188,#4189),#4354,.T.);
#4570=ADVANCED_FACE('',(#4190,#4191,#4192,#4193,#4194,#4195),#4355,.F.);
#4571=ADVANCED_FACE('',(#4196,#4197),#130,.F.);
#4572=ADVANCED_FACE('',(#4198),#4356,.F.);
#4573=ADVANCED_FACE('',(#4199),#4357,.F.);
#4574=ADVANCED_FACE('',(#4200),#4358,.F.);
#4575=ADVANCED_FACE('',(#4201),#4359,.T.);
#4576=ADVANCED_FACE('',(#4202),#4360,.T.);
#4577=ADVANCED_FACE('',(#4203),#4361,.T.);
#4578=ADVANCED_FACE('',(#4204),#4362,.T.);
#4579=ADVANCED_FACE('',(#4205,#4206),#131,.F.);
#4580=ADVANCED_FACE('',(#4207),#132,.F.);
#4581=ADVANCED_FACE('',(#4208),#133,.F.);
#4582=ADVANCED_FACE('',(#4209),#134,.F.);
#4583=ADVANCED_FACE('',(#4210),#135,.F.);
#4584=ADVANCED_FACE('',(#4211),#136,.F.);
#4585=ADVANCED_FACE('',(#4212),#137,.F.);
#4586=ADVANCED_FACE('',(#4213),#138,.F.);
#4587=ADVANCED_FACE('',(#4214),#139,.F.);
#4588=ADVANCED_FACE('',(#4215),#140,.T.);
#4589=ADVANCED_FACE('',(#4216),#141,.T.);
#4590=ADVANCED_FACE('',(#4217),#142,.T.);
#4591=ADVANCED_FACE('',(#4218),#143,.T.);
#4592=ADVANCED_FACE('',(#4219),#144,.T.);
#4593=ADVANCED_FACE('',(#4220),#145,.T.);
#4594=ADVANCED_FACE('',(#4221),#146,.T.);
#4595=ADVANCED_FACE('',(#4222),#147,.T.);
#4596=ADVANCED_FACE('',(#4223),#4363,.T.);
#4597=ADVANCED_FACE('',(#4224),#4364,.F.);
#4598=ADVANCED_FACE('',(#4225),#4365,.F.);
#4599=ADVANCED_FACE('',(#4226),#4366,.F.);
#4600=ADVANCED_FACE('',(#4227),#4367,.T.);
#4601=ADVANCED_FACE('',(#4228),#4368,.T.);
#4602=ADVANCED_FACE('',(#4229),#4369,.T.);
#4603=ADVANCED_FACE('',(#4230),#4370,.T.);
#4604=ADVANCED_FACE('',(#4231),#4371,.F.);
#4605=ADVANCED_FACE('',(#4232),#4372,.F.);
#4606=ADVANCED_FACE('',(#4233),#4373,.T.);
#4607=ADVANCED_FACE('',(#4234),#4374,.F.);
#4608=ADVANCED_FACE('',(#4235,#4236,#4237),#13,.F.);
#4609=ADVANCED_FACE('',(#4238),#148,.T.);
#4610=ADVANCED_FACE('',(#4239),#4375,.F.);
#4611=ADVANCED_FACE('',(#4240),#149,.F.);
#4612=ADVANCED_FACE('',(#4241),#4376,.T.);
#4613=ADVANCED_FACE('',(#4242),#150,.F.);
#4614=ADVANCED_FACE('',(#4243,#4244),#151,.F.);
#4615=ADVANCED_FACE('',(#4245,#4246),#152,.F.);
#4616=CLOSED_SHELL('',(#4377,#4378,#4379,#4380,#4381,#4382,#4383,#4384,#4385,#4386,#4387,#4388,#4389,#4390,#4391,#4392,#4393,#4394,#4395,#4396,#4397,#4398,#4399,#4400,#4401,#4402,#4403,#4404,#4405,#4406,#4407,#4408,#4409,#4410,#4411));
#4617=CLOSED_SHELL('',(#4412,#4413,#4414,#4415,#4416,#4417,#4418,#4419,#4420,#4421,#4422,#4423,#4424,#4425,#4426,#4427,#4428,#4429,#4430,#4431,#4432,#4433,#4434,#4435,#4436,#4437,#4438,#4439,#4440,#4441,#4442,#4443,#4444,#4445,#4446,#4447,#4448,#4449,#4450,#4451,#4452,#4453,#4454,#4455,#4456,#4457,#4458,#4459,#4460,#4461,#4462));
#4618=CLOSED_SHELL('',(#4463,#4464,#4465,#4466,#4467,#4468,#4469,#4470,#4471,#4472,#4473,#4474,#4475,#4476,#4477,#4478,#4479,#4480,#4481,#4482,#4483,#4484,#4485,#4486,#4487,#4488,#4489,#4490,#4491,#4492,#4493,#4494,#4495,#4496,#4497,#4498,#4499,#4500,#4501,#4502,#4503,#4504,#4505,#4506,#4507,#4508,#4509,#4510,#4511,#4512,#4513));
#4619=CLOSED_SHELL('',(#4514,#4515,#4516,#4517,#4518,#4519,#4520,#4521,#4522,#4523,#4524,#4525,#4526,#4527,#4528,#4529,#4530,#4531,#4532,#4533,#4534,#4535,#4536,#4537,#4538,#4539,#4540,#4541,#4542,#4543,#4544,#4545,#4546,#4547,#4548,#4549,#4550,#4551,#4552,#4553,#4554,#4555,#4556,#4557,#4558,#4559,#4560,#4561,#4562,#4563,#4564));
#4620=CLOSED_SHELL('',(#4565,#4566,#4567,#4568,#4569,#4570,#4571,#4572,#4573,#4574,#4575,#4576,#4577,#4578,#4579,#4580,#4581,#4582,#4583,#4584,#4585,#4586,#4587,#4588,#4589,#4590,#4591,#4592,#4593,#4594,#4595,#4596,#4597,#4598,#4599,#4600,#4601,#4602,#4603,#4604,#4605,#4606,#4607,#4608,#4609,#4610,#4611,#4612,#4613,#4614,#4615));
#4621=STYLED_ITEM('',(#4626),#4660);
#4622=STYLED_ITEM('',(#4627),#4661);
#4623=STYLED_ITEM('',(#4628),#4662);
#4624=STYLED_ITEM('',(#4629),#4663);
#4625=STYLED_ITEM('',(#4630),#4664);
#4626=PRESENTATION_STYLE_ASSIGNMENT((#4631));
#4627=PRESENTATION_STYLE_ASSIGNMENT((#4632));
#4628=PRESENTATION_STYLE_ASSIGNMENT((#4633));
#4629=PRESENTATION_STYLE_ASSIGNMENT((#4634));
#4630=PRESENTATION_STYLE_ASSIGNMENT((#4635));
#4631=SURFACE_STYLE_USAGE(.BOTH.,#4636);
#4632=SURFACE_STYLE_USAGE(.BOTH.,#4637);
#4633=SURFACE_STYLE_USAGE(.BOTH.,#4638);
#4634=SURFACE_STYLE_USAGE(.BOTH.,#4639);
#4635=SURFACE_STYLE_USAGE(.BOTH.,#4640);
#4636=SURFACE_SIDE_STYLE('',(#4641));
#4637=SURFACE_SIDE_STYLE('',(#4642));
#4638=SURFACE_SIDE_STYLE('',(#4643));
#4639=SURFACE_SIDE_STYLE('',(#4644));
#4640=SURFACE_SIDE_STYLE('',(#4645));
#4641=SURFACE_STYLE_FILL_AREA(#4646);
#4642=SURFACE_STYLE_FILL_AREA(#4647);
#4643=SURFACE_STYLE_FILL_AREA(#4648);
#4644=SURFACE_STYLE_FILL_AREA(#4649);
#4645=SURFACE_STYLE_FILL_AREA(#4650);
#4646=FILL_AREA_STYLE('',(#4651));
#4647=FILL_AREA_STYLE('',(#4652));
#4648=FILL_AREA_STYLE('',(#4653));
#4649=FILL_AREA_STYLE('',(#4654));
#4650=FILL_AREA_STYLE('',(#4655));
#4651=FILL_AREA_STYLE_COLOUR('',#4656);
#4652=FILL_AREA_STYLE_COLOUR('',#4657);
#4653=FILL_AREA_STYLE_COLOUR('',#4658);
#4654=FILL_AREA_STYLE_COLOUR('',#4658);
#4655=FILL_AREA_STYLE_COLOUR('',#4659);
#4656=COLOUR_RGB('',0.901960784313726,0.901960784313726,0.901960784313726);
#4657=COLOUR_RGB('',0.713725490196078,0.76078431372549,0.8);
#4658=COLOUR_RGB('',0.349019607843138,0.376470588235294,0.4);
#4659=COLOUR_RGB('',0.623529411764706,0.666666666666667,0.701960784313725);
#4660=MANIFOLD_SOLID_BREP('BASE',#4616);
#4661=MANIFOLD_SOLID_BREP('ARM CC2',#4617);
#4662=MANIFOLD_SOLID_BREP('ARM C1',#4618);
#4663=MANIFOLD_SOLID_BREP('ARM C2',#4619);
#4664=MANIFOLD_SOLID_BREP('ARM CC1',#4620);
#4665=SHAPE_DEFINITION_REPRESENTATION(#7915,#4670);
#4666=SHAPE_DEFINITION_REPRESENTATION(#7916,#4671);
#4667=SHAPE_DEFINITION_REPRESENTATION(#7917,#4672);
#4668=SHAPE_DEFINITION_REPRESENTATION(#7918,#4673);
#4669=SHAPE_DEFINITION_REPRESENTATION(#7919,#4674);
#4670=SHAPE_REPRESENTATION('BASE',(#4675),#7890);
#4671=SHAPE_REPRESENTATION('ARM CC2',(#4737),#7891);
#4672=SHAPE_REPRESENTATION('ARM C1',(#4832),#7892);
#4673=SHAPE_REPRESENTATION('ARM C2',(#4927),#7893);
#4674=SHAPE_REPRESENTATION('ARM CC1',(#5022),#7894);
#4675=AXIS2_PLACEMENT_3D('',#6409,#5117,#5118);
#4676=AXIS2_PLACEMENT_3D('',#6410,#5119,#5120);
#4677=AXIS2_PLACEMENT_3D('',#6411,#5121,#5122);
#4678=AXIS2_PLACEMENT_3D('',#6413,#5123,#5124);
#4679=AXIS2_PLACEMENT_3D('',#6415,#5125,#5126);
#4680=AXIS2_PLACEMENT_3D('',#6457,#5147,#5148);
#4681=AXIS2_PLACEMENT_3D('',#6459,#5149,#5150);
#4682=AXIS2_PLACEMENT_3D('',#6461,#5151,#5152);
#4683=AXIS2_PLACEMENT_3D('',#6463,#5153,#5154);
#4684=AXIS2_PLACEMENT_3D('',#6465,#5155,#5156);
#4685=AXIS2_PLACEMENT_3D('',#6467,#5157,#5158);
#4686=AXIS2_PLACEMENT_3D('',#6469,#5159,#5160);
#4687=AXIS2_PLACEMENT_3D('',#6471,#5161,#5162);
#4688=AXIS2_PLACEMENT_3D('',#6473,#5163,#5164);
#4689=AXIS2_PLACEMENT_3D('',#6475,#5165,#5166);
#4690=AXIS2_PLACEMENT_3D('',#6477,#5167,#5168);
#4691=AXIS2_PLACEMENT_3D('',#6478,#5169,#5170);
#4692=AXIS2_PLACEMENT_3D('',#6480,#5171,#5172);
#4693=AXIS2_PLACEMENT_3D('',#6482,#5173,#5174);
#4694=AXIS2_PLACEMENT_3D('',#6524,#5195,#5196);
#4695=AXIS2_PLACEMENT_3D('',#6526,#5197,#5198);
#4696=AXIS2_PLACEMENT_3D('',#6528,#5199,#5200);
#4697=AXIS2_PLACEMENT_3D('',#6530,#5201,#5202);
#4698=AXIS2_PLACEMENT_3D('',#6532,#5203,#5204);
#4699=AXIS2_PLACEMENT_3D('',#6534,#5205,#5206);
#4700=AXIS2_PLACEMENT_3D('',#6536,#5207,#5208);
#4701=AXIS2_PLACEMENT_3D('',#6538,#5209,#5210);
#4702=AXIS2_PLACEMENT_3D('',#6540,#5211,#5212);
#4703=AXIS2_PLACEMENT_3D('',#6542,#5213,#5214);
#4704=AXIS2_PLACEMENT_3D('',#6544,#5215,#5216);
#4705=AXIS2_PLACEMENT_3D('',#6547,#5219,#5220);
#4706=AXIS2_PLACEMENT_3D('',#6549,#5222,#5223);
#4707=AXIS2_PLACEMENT_3D('',#6551,#5225,#5226);
#4708=AXIS2_PLACEMENT_3D('',#6553,#5228,#5229);
#4709=AXIS2_PLACEMENT_3D('',#6555,#5231,#5232);
#4710=AXIS2_PLACEMENT_3D('',#6557,#5234,#5235);
#4711=AXIS2_PLACEMENT_3D('',#6559,#5237,#5238);
#4712=AXIS2_PLACEMENT_3D('',#6561,#5240,#5241);
#4713=AXIS2_PLACEMENT_3D('',#6563,#5243,#5244);
#4714=AXIS2_PLACEMENT_3D('',#6565,#5246,#5247);
#4715=AXIS2_PLACEMENT_3D('',#6567,#5249,#5250);
#4716=AXIS2_PLACEMENT_3D('',#6569,#5252,#5253);
#4717=AXIS2_PLACEMENT_3D('',#6571,#5255,#5256);
#4718=AXIS2_PLACEMENT_3D('',#6573,#5258,#5259);
#4719=AXIS2_PLACEMENT_3D('',#6575,#5261,#5262);
#4720=AXIS2_PLACEMENT_3D('',#6577,#5264,#5265);
#4721=AXIS2_PLACEMENT_3D('',#6579,#5267,#5268);
#4722=AXIS2_PLACEMENT_3D('',#6581,#5270,#5271);
#4723=AXIS2_PLACEMENT_3D('',#6583,#5273,#5274);
#4724=AXIS2_PLACEMENT_3D('',#6584,#5275,#5276);
#4725=AXIS2_PLACEMENT_3D('',#6585,#5277,#5278);
#4726=AXIS2_PLACEMENT_3D('',#6586,#5279,#5280);
#4727=AXIS2_PLACEMENT_3D('',#6587,#5281,#5282);
#4728=AXIS2_PLACEMENT_3D('',#6588,#5283,#5284);
#4729=AXIS2_PLACEMENT_3D('',#6589,#5285,#5286);
#4730=AXIS2_PLACEMENT_3D('',#6590,#5287,#5288);
#4731=AXIS2_PLACEMENT_3D('',#6591,#5289,#5290);
#4732=AXIS2_PLACEMENT_3D('',#6592,#5291,#5292);
#4733=AXIS2_PLACEMENT_3D('',#6593,#5293,#5294);
#4734=AXIS2_PLACEMENT_3D('',#6594,#5295,#5296);
#4735=AXIS2_PLACEMENT_3D('',#6595,#5297,#5298);
#4736=AXIS2_PLACEMENT_3D('',#6596,#5299,#5300);
#4737=AXIS2_PLACEMENT_3D('',#6597,#5301,#5302);
#4738=AXIS2_PLACEMENT_3D('',#6598,#5303,#5304);
#4739=AXIS2_PLACEMENT_3D('',#6605,#5305,#5306);
#4740=AXIS2_PLACEMENT_3D('',#6618,#5313,#5314);
#4741=AXIS2_PLACEMENT_3D('',#6623,#5316,#5317);
#4742=AXIS2_PLACEMENT_3D('',#6626,#5319,#5320);
#4743=AXIS2_PLACEMENT_3D('',#6630,#5322,#5323);
#4744=AXIS2_PLACEMENT_3D('',#6649,#5330,#5331);
#4745=AXIS2_PLACEMENT_3D('',#6653,#5333,#5334);
#4746=AXIS2_PLACEMENT_3D('',#6654,#5335,#5336);
#4747=AXIS2_PLACEMENT_3D('',#6655,#5337,#5338);
#4748=AXIS2_PLACEMENT_3D('',#6658,#5339,#5340);
#4749=AXIS2_PLACEMENT_3D('',#6660,#5341,#5342);
#4750=AXIS2_PLACEMENT_3D('',#6662,#5343,#5344);
#4751=AXIS2_PLACEMENT_3D('',#6663,#5345,#5346);
#4752=AXIS2_PLACEMENT_3D('',#6665,#5347,#5348);
#4753=AXIS2_PLACEMENT_3D('',#6668,#5349,#5350);
#4754=AXIS2_PLACEMENT_3D('',#6670,#5351,#5352);
#4755=AXIS2_PLACEMENT_3D('',#6672,#5353,#5354);
#4756=AXIS2_PLACEMENT_3D('',#6673,#5355,#5356);
#4757=AXIS2_PLACEMENT_3D('',#6676,#5357,#5358);
#4758=AXIS2_PLACEMENT_3D('',#6678,#5359,#5360);
#4759=AXIS2_PLACEMENT_3D('',#6680,#5361,#5362);
#4760=AXIS2_PLACEMENT_3D('',#6681,#5363,#5364);
#4761=AXIS2_PLACEMENT_3D('',#6684,#5365,#5366);
#4762=AXIS2_PLACEMENT_3D('',#6686,#5367,#5368);
#4763=AXIS2_PLACEMENT_3D('',#6688,#5369,#5370);
#4764=AXIS2_PLACEMENT_3D('',#6703,#5379,#5380);
#4765=AXIS2_PLACEMENT_3D('',#6704,#5381,#5382);
#4766=AXIS2_PLACEMENT_3D('',#6706,#5383,#5384);
#4767=AXIS2_PLACEMENT_3D('',#6714,#5389,#5390);
#4768=AXIS2_PLACEMENT_3D('',#6731,#5400,#5401);
#4769=AXIS2_PLACEMENT_3D('',#6747,#5409,#5410);
#4770=AXIS2_PLACEMENT_3D('',#6748,#5411,#5412);
#4771=AXIS2_PLACEMENT_3D('',#6751,#5413,#5414);
#4772=AXIS2_PLACEMENT_3D('',#6753,#5415,#5416);
#4773=AXIS2_PLACEMENT_3D('',#6755,#5417,#5418);
#4774=AXIS2_PLACEMENT_3D('',#6756,#5419,#5420);
#4775=AXIS2_PLACEMENT_3D('',#6759,#5421,#5422);
#4776=AXIS2_PLACEMENT_3D('',#6761,#5423,#5424);
#4777=AXIS2_PLACEMENT_3D('',#6763,#5425,#5426);
#4778=AXIS2_PLACEMENT_3D('',#6764,#5427,#5428);
#4779=AXIS2_PLACEMENT_3D('',#6767,#5429,#5430);
#4780=AXIS2_PLACEMENT_3D('',#6769,#5431,#5432);
#4781=AXIS2_PLACEMENT_3D('',#6771,#5433,#5434);
#4782=AXIS2_PLACEMENT_3D('',#6772,#5435,#5436);
#4783=AXIS2_PLACEMENT_3D('',#6774,#5437,#5438);
#4784=AXIS2_PLACEMENT_3D('',#6776,#5439,#5440);
#4785=AXIS2_PLACEMENT_3D('',#6779,#5441,#5442);
#4786=AXIS2_PLACEMENT_3D('',#6781,#5443,#5444);
#4787=AXIS2_PLACEMENT_3D('',#6783,#5445,#5446);
#4788=AXIS2_PLACEMENT_3D('',#6784,#5447,#5448);
#4789=AXIS2_PLACEMENT_3D('',#6785,#5449,#5450);
#4790=AXIS2_PLACEMENT_3D('',#6788,#5453,#5454);
#4791=AXIS2_PLACEMENT_3D('',#6790,#5456,#5457);
#4792=AXIS2_PLACEMENT_3D('',#6791,#5458,#5459);
#4793=AXIS2_PLACEMENT_3D('',#6793,#5461,#5462);
#4794=AXIS2_PLACEMENT_3D('',#6795,#5464,#5465);
#4795=AXIS2_PLACEMENT_3D('',#6797,#5467,#5468);
#4796=AXIS2_PLACEMENT_3D('',#6798,#5469,#5470);
#4797=AXIS2_PLACEMENT_3D('',#6799,#5471,#5472);
#4798=AXIS2_PLACEMENT_3D('',#6802,#5475,#5476);
#4799=AXIS2_PLACEMENT_3D('',#6805,#5479,#5480);
#4800=AXIS2_PLACEMENT_3D('',#6808,#5483,#5484);
#4801=AXIS2_PLACEMENT_3D('',#6811,#5487,#5488);
#4802=AXIS2_PLACEMENT_3D('',#6814,#5491,#5492);
#4803=AXIS2_PLACEMENT_3D('',#6817,#5495,#5496);
#4804=AXIS2_PLACEMENT_3D('',#6820,#5499,#5500);
#4805=AXIS2_PLACEMENT_3D('',#6823,#5503,#5504);
#4806=AXIS2_PLACEMENT_3D('',#6824,#5505,#5506);
#4807=AXIS2_PLACEMENT_3D('',#6825,#5507,#5508);
#4808=AXIS2_PLACEMENT_3D('',#6826,#5509,#5510);
#4809=AXIS2_PLACEMENT_3D('',#6827,#5511,#5512);
#4810=AXIS2_PLACEMENT_3D('',#6828,#5513,#5514);
#4811=AXIS2_PLACEMENT_3D('',#6829,#5515,#5516);
#4812=AXIS2_PLACEMENT_3D('',#6830,#5517,#5518);
#4813=AXIS2_PLACEMENT_3D('',#6831,#5519,#5520);
#4814=AXIS2_PLACEMENT_3D('',#6837,#5524,#5525);
#4815=AXIS2_PLACEMENT_3D('',#6841,#5528,#5529);
#4816=AXIS2_PLACEMENT_3D('',#6845,#5532,#5533);
#4817=AXIS2_PLACEMENT_3D('',#6849,#5536,#5537);
#4818=AXIS2_PLACEMENT_3D('',#6853,#5540,#5541);
#4819=AXIS2_PLACEMENT_3D('',#6857,#5544,#5545);
#4820=AXIS2_PLACEMENT_3D('',#6859,#5547,#5548);
#4821=AXIS2_PLACEMENT_3D('',#6860,#5549,#5550);
#4822=AXIS2_PLACEMENT_3D('',#6862,#5552,#5553);
#4823=AXIS2_PLACEMENT_3D('',#6863,#5554,#5555);
#4824=AXIS2_PLACEMENT_3D('',#6870,#5557,#5558);
#4825=AXIS2_PLACEMENT_3D('',#6908,#5560,#5561);
#4826=AXIS2_PLACEMENT_3D('',#6909,#5562,#5563);
#4827=AXIS2_PLACEMENT_3D('',#6912,#5566,#5567);
#4828=AXIS2_PLACEMENT_3D('',#6914,#5569,#5570);
#4829=AXIS2_PLACEMENT_3D('',#6916,#5572,#5573);
#4830=AXIS2_PLACEMENT_3D('',#6917,#5574,#5575);
#4831=AXIS2_PLACEMENT_3D('',#6918,#5576,#5577);
#4832=AXIS2_PLACEMENT_3D('',#6919,#5578,#5579);
#4833=AXIS2_PLACEMENT_3D('',#6920,#5580,#5581);
#4834=AXIS2_PLACEMENT_3D('',#6939,#5588,#5589);
#4835=AXIS2_PLACEMENT_3D('',#6940,#5590,#5591);
#4836=AXIS2_PLACEMENT_3D('',#6945,#5593,#5594);
#4837=AXIS2_PLACEMENT_3D('',#6948,#5596,#5597);
#4838=AXIS2_PLACEMENT_3D('',#6967,#5604,#5605);
#4839=AXIS2_PLACEMENT_3D('',#6971,#5607,#5608);
#4840=AXIS2_PLACEMENT_3D('',#6975,#5610,#5611);
#4841=AXIS2_PLACEMENT_3D('',#6976,#5612,#5613);
#4842=AXIS2_PLACEMENT_3D('',#6977,#5614,#5615);
#4843=AXIS2_PLACEMENT_3D('',#6980,#5616,#5617);
#4844=AXIS2_PLACEMENT_3D('',#6982,#5618,#5619);
#4845=AXIS2_PLACEMENT_3D('',#6984,#5620,#5621);
#4846=AXIS2_PLACEMENT_3D('',#6985,#5622,#5623);
#4847=AXIS2_PLACEMENT_3D('',#6987,#5624,#5625);
#4848=AXIS2_PLACEMENT_3D('',#6990,#5626,#5627);
#4849=AXIS2_PLACEMENT_3D('',#6992,#5628,#5629);
#4850=AXIS2_PLACEMENT_3D('',#6994,#5630,#5631);
#4851=AXIS2_PLACEMENT_3D('',#6995,#5632,#5633);
#4852=AXIS2_PLACEMENT_3D('',#6998,#5634,#5635);
#4853=AXIS2_PLACEMENT_3D('',#7000,#5636,#5637);
#4854=AXIS2_PLACEMENT_3D('',#7002,#5638,#5639);
#4855=AXIS2_PLACEMENT_3D('',#7003,#5640,#5641);
#4856=AXIS2_PLACEMENT_3D('',#7006,#5642,#5643);
#4857=AXIS2_PLACEMENT_3D('',#7008,#5644,#5645);
#4858=AXIS2_PLACEMENT_3D('',#7010,#5646,#5647);
#4859=AXIS2_PLACEMENT_3D('',#7025,#5656,#5657);
#4860=AXIS2_PLACEMENT_3D('',#7026,#5658,#5659);
#4861=AXIS2_PLACEMENT_3D('',#7028,#5660,#5661);
#4862=AXIS2_PLACEMENT_3D('',#7036,#5666,#5667);
#4863=AXIS2_PLACEMENT_3D('',#7053,#5677,#5678);
#4864=AXIS2_PLACEMENT_3D('',#7069,#5686,#5687);
#4865=AXIS2_PLACEMENT_3D('',#7070,#5688,#5689);
#4866=AXIS2_PLACEMENT_3D('',#7073,#5690,#5691);
#4867=AXIS2_PLACEMENT_3D('',#7075,#5692,#5693);
#4868=AXIS2_PLACEMENT_3D('',#7077,#5694,#5695);
#4869=AXIS2_PLACEMENT_3D('',#7078,#5696,#5697);
#4870=AXIS2_PLACEMENT_3D('',#7081,#5698,#5699);
#4871=AXIS2_PLACEMENT_3D('',#7083,#5700,#5701);
#4872=AXIS2_PLACEMENT_3D('',#7085,#5702,#5703);
#4873=AXIS2_PLACEMENT_3D('',#7086,#5704,#5705);
#4874=AXIS2_PLACEMENT_3D('',#7089,#5706,#5707);
#4875=AXIS2_PLACEMENT_3D('',#7091,#5708,#5709);
#4876=AXIS2_PLACEMENT_3D('',#7093,#5710,#5711);
#4877=AXIS2_PLACEMENT_3D('',#7094,#5712,#5713);
#4878=AXIS2_PLACEMENT_3D('',#7096,#5714,#5715);
#4879=AXIS2_PLACEMENT_3D('',#7098,#5716,#5717);
#4880=AXIS2_PLACEMENT_3D('',#7101,#5718,#5719);
#4881=AXIS2_PLACEMENT_3D('',#7103,#5720,#5721);
#4882=AXIS2_PLACEMENT_3D('',#7105,#5722,#5723);
#4883=AXIS2_PLACEMENT_3D('',#7106,#5724,#5725);
#4884=AXIS2_PLACEMENT_3D('',#7107,#5726,#5727);
#4885=AXIS2_PLACEMENT_3D('',#7110,#5730,#5731);
#4886=AXIS2_PLACEMENT_3D('',#7112,#5733,#5734);
#4887=AXIS2_PLACEMENT_3D('',#7113,#5735,#5736);
#4888=AXIS2_PLACEMENT_3D('',#7115,#5738,#5739);
#4889=AXIS2_PLACEMENT_3D('',#7117,#5741,#5742);
#4890=AXIS2_PLACEMENT_3D('',#7119,#5744,#5745);
#4891=AXIS2_PLACEMENT_3D('',#7120,#5746,#5747);
#4892=AXIS2_PLACEMENT_3D('',#7121,#5748,#5749);
#4893=AXIS2_PLACEMENT_3D('',#7124,#5752,#5753);
#4894=AXIS2_PLACEMENT_3D('',#7127,#5756,#5757);
#4895=AXIS2_PLACEMENT_3D('',#7130,#5760,#5761);
#4896=AXIS2_PLACEMENT_3D('',#7133,#5764,#5765);
#4897=AXIS2_PLACEMENT_3D('',#7136,#5768,#5769);
#4898=AXIS2_PLACEMENT_3D('',#7139,#5772,#5773);
#4899=AXIS2_PLACEMENT_3D('',#7142,#5776,#5777);
#4900=AXIS2_PLACEMENT_3D('',#7145,#5780,#5781);
#4901=AXIS2_PLACEMENT_3D('',#7146,#5782,#5783);
#4902=AXIS2_PLACEMENT_3D('',#7147,#5784,#5785);
#4903=AXIS2_PLACEMENT_3D('',#7148,#5786,#5787);
#4904=AXIS2_PLACEMENT_3D('',#7149,#5788,#5789);
#4905=AXIS2_PLACEMENT_3D('',#7150,#5790,#5791);
#4906=AXIS2_PLACEMENT_3D('',#7151,#5792,#5793);
#4907=AXIS2_PLACEMENT_3D('',#7152,#5794,#5795);
#4908=AXIS2_PLACEMENT_3D('',#7153,#5796,#5797);
#4909=AXIS2_PLACEMENT_3D('',#7159,#5801,#5802);
#4910=AXIS2_PLACEMENT_3D('',#7163,#5805,#5806);
#4911=AXIS2_PLACEMENT_3D('',#7167,#5809,#5810);
#4912=AXIS2_PLACEMENT_3D('',#7171,#5813,#5814);
#4913=AXIS2_PLACEMENT_3D('',#7175,#5817,#5818);
#4914=AXIS2_PLACEMENT_3D('',#7179,#5821,#5822);
#4915=AXIS2_PLACEMENT_3D('',#7181,#5824,#5825);
#4916=AXIS2_PLACEMENT_3D('',#7182,#5826,#5827);
#4917=AXIS2_PLACEMENT_3D('',#7184,#5829,#5830);
#4918=AXIS2_PLACEMENT_3D('',#7185,#5831,#5832);
#4919=AXIS2_PLACEMENT_3D('',#7192,#5834,#5835);
#4920=AXIS2_PLACEMENT_3D('',#7230,#5837,#5838);
#4921=AXIS2_PLACEMENT_3D('',#7231,#5839,#5840);
#4922=AXIS2_PLACEMENT_3D('',#7234,#5843,#5844);
#4923=AXIS2_PLACEMENT_3D('',#7236,#5846,#5847);
#4924=AXIS2_PLACEMENT_3D('',#7238,#5849,#5850);
#4925=AXIS2_PLACEMENT_3D('',#7239,#5851,#5852);
#4926=AXIS2_PLACEMENT_3D('',#7240,#5853,#5854);
#4927=AXIS2_PLACEMENT_3D('',#7241,#5855,#5856);
#4928=AXIS2_PLACEMENT_3D('',#7242,#5857,#5858);
#4929=AXIS2_PLACEMENT_3D('',#7261,#5865,#5866);
#4930=AXIS2_PLACEMENT_3D('',#7262,#5867,#5868);
#4931=AXIS2_PLACEMENT_3D('',#7267,#5870,#5871);
#4932=AXIS2_PLACEMENT_3D('',#7270,#5873,#5874);
#4933=AXIS2_PLACEMENT_3D('',#7289,#5881,#5882);
#4934=AXIS2_PLACEMENT_3D('',#7293,#5884,#5885);
#4935=AXIS2_PLACEMENT_3D('',#7297,#5887,#5888);
#4936=AXIS2_PLACEMENT_3D('',#7298,#5889,#5890);
#4937=AXIS2_PLACEMENT_3D('',#7299,#5891,#5892);
#4938=AXIS2_PLACEMENT_3D('',#7302,#5893,#5894);
#4939=AXIS2_PLACEMENT_3D('',#7304,#5895,#5896);
#4940=AXIS2_PLACEMENT_3D('',#7306,#5897,#5898);
#4941=AXIS2_PLACEMENT_3D('',#7307,#5899,#5900);
#4942=AXIS2_PLACEMENT_3D('',#7309,#5901,#5902);
#4943=AXIS2_PLACEMENT_3D('',#7312,#5903,#5904);
#4944=AXIS2_PLACEMENT_3D('',#7314,#5905,#5906);
#4945=AXIS2_PLACEMENT_3D('',#7316,#5907,#5908);
#4946=AXIS2_PLACEMENT_3D('',#7317,#5909,#5910);
#4947=AXIS2_PLACEMENT_3D('',#7320,#5911,#5912);
#4948=AXIS2_PLACEMENT_3D('',#7322,#5913,#5914);
#4949=AXIS2_PLACEMENT_3D('',#7324,#5915,#5916);
#4950=AXIS2_PLACEMENT_3D('',#7325,#5917,#5918);
#4951=AXIS2_PLACEMENT_3D('',#7328,#5919,#5920);
#4952=AXIS2_PLACEMENT_3D('',#7330,#5921,#5922);
#4953=AXIS2_PLACEMENT_3D('',#7332,#5923,#5924);
#4954=AXIS2_PLACEMENT_3D('',#7347,#5933,#5934);
#4955=AXIS2_PLACEMENT_3D('',#7348,#5935,#5936);
#4956=AXIS2_PLACEMENT_3D('',#7350,#5937,#5938);
#4957=AXIS2_PLACEMENT_3D('',#7358,#5943,#5944);
#4958=AXIS2_PLACEMENT_3D('',#7375,#5954,#5955);
#4959=AXIS2_PLACEMENT_3D('',#7391,#5963,#5964);
#4960=AXIS2_PLACEMENT_3D('',#7392,#5965,#5966);
#4961=AXIS2_PLACEMENT_3D('',#7395,#5967,#5968);
#4962=AXIS2_PLACEMENT_3D('',#7397,#5969,#5970);
#4963=AXIS2_PLACEMENT_3D('',#7399,#5971,#5972);
#4964=AXIS2_PLACEMENT_3D('',#7400,#5973,#5974);
#4965=AXIS2_PLACEMENT_3D('',#7403,#5975,#5976);
#4966=AXIS2_PLACEMENT_3D('',#7405,#5977,#5978);
#4967=AXIS2_PLACEMENT_3D('',#7407,#5979,#5980);
#4968=AXIS2_PLACEMENT_3D('',#7408,#5981,#5982);
#4969=AXIS2_PLACEMENT_3D('',#7411,#5983,#5984);
#4970=AXIS2_PLACEMENT_3D('',#7413,#5985,#5986);
#4971=AXIS2_PLACEMENT_3D('',#7415,#5987,#5988);
#4972=AXIS2_PLACEMENT_3D('',#7416,#5989,#5990);
#4973=AXIS2_PLACEMENT_3D('',#7418,#5991,#5992);
#4974=AXIS2_PLACEMENT_3D('',#7420,#5993,#5994);
#4975=AXIS2_PLACEMENT_3D('',#7423,#5995,#5996);
#4976=AXIS2_PLACEMENT_3D('',#7425,#5997,#5998);
#4977=AXIS2_PLACEMENT_3D('',#7427,#5999,#6000);
#4978=AXIS2_PLACEMENT_3D('',#7428,#6001,#6002);
#4979=AXIS2_PLACEMENT_3D('',#7429,#6003,#6004);
#4980=AXIS2_PLACEMENT_3D('',#7432,#6007,#6008);
#4981=AXIS2_PLACEMENT_3D('',#7434,#6010,#6011);
#4982=AXIS2_PLACEMENT_3D('',#7435,#6012,#6013);
#4983=AXIS2_PLACEMENT_3D('',#7437,#6015,#6016);
#4984=AXIS2_PLACEMENT_3D('',#7439,#6018,#6019);
#4985=AXIS2_PLACEMENT_3D('',#7441,#6021,#6022);
#4986=AXIS2_PLACEMENT_3D('',#7442,#6023,#6024);
#4987=AXIS2_PLACEMENT_3D('',#7443,#6025,#6026);
#4988=AXIS2_PLACEMENT_3D('',#7446,#6029,#6030);
#4989=AXIS2_PLACEMENT_3D('',#7449,#6033,#6034);
#4990=AXIS2_PLACEMENT_3D('',#7452,#6037,#6038);
#4991=AXIS2_PLACEMENT_3D('',#7455,#6041,#6042);
#4992=AXIS2_PLACEMENT_3D('',#7458,#6045,#6046);
#4993=AXIS2_PLACEMENT_3D('',#7461,#6049,#6050);
#4994=AXIS2_PLACEMENT_3D('',#7464,#6053,#6054);
#4995=AXIS2_PLACEMENT_3D('',#7467,#6057,#6058);
#4996=AXIS2_PLACEMENT_3D('',#7468,#6059,#6060);
#4997=AXIS2_PLACEMENT_3D('',#7469,#6061,#6062);
#4998=AXIS2_PLACEMENT_3D('',#7470,#6063,#6064);
#4999=AXIS2_PLACEMENT_3D('',#7471,#6065,#6066);
#5000=AXIS2_PLACEMENT_3D('',#7472,#6067,#6068);
#5001=AXIS2_PLACEMENT_3D('',#7473,#6069,#6070);
#5002=AXIS2_PLACEMENT_3D('',#7474,#6071,#6072);
#5003=AXIS2_PLACEMENT_3D('',#7475,#6073,#6074);
#5004=AXIS2_PLACEMENT_3D('',#7481,#6078,#6079);
#5005=AXIS2_PLACEMENT_3D('',#7485,#6082,#6083);
#5006=AXIS2_PLACEMENT_3D('',#7489,#6086,#6087);
#5007=AXIS2_PLACEMENT_3D('',#7493,#6090,#6091);
#5008=AXIS2_PLACEMENT_3D('',#7497,#6094,#6095);
#5009=AXIS2_PLACEMENT_3D('',#7501,#6098,#6099);
#5010=AXIS2_PLACEMENT_3D('',#7503,#6101,#6102);
#5011=AXIS2_PLACEMENT_3D('',#7504,#6103,#6104);
#5012=AXIS2_PLACEMENT_3D('',#7506,#6106,#6107);
#5013=AXIS2_PLACEMENT_3D('',#7507,#6108,#6109);
#5014=AXIS2_PLACEMENT_3D('',#7514,#6111,#6112);
#5015=AXIS2_PLACEMENT_3D('',#7552,#6114,#6115);
#5016=AXIS2_PLACEMENT_3D('',#7553,#6116,#6117);
#5017=AXIS2_PLACEMENT_3D('',#7556,#6120,#6121);
#5018=AXIS2_PLACEMENT_3D('',#7558,#6123,#6124);
#5019=AXIS2_PLACEMENT_3D('',#7560,#6126,#6127);
#5020=AXIS2_PLACEMENT_3D('',#7561,#6128,#6129);
#5021=AXIS2_PLACEMENT_3D('',#7562,#6130,#6131);
#5022=AXIS2_PLACEMENT_3D('',#7563,#6132,#6133);
#5023=AXIS2_PLACEMENT_3D('',#7564,#6134,#6135);
#5024=AXIS2_PLACEMENT_3D('',#7571,#6136,#6137);
#5025=AXIS2_PLACEMENT_3D('',#7584,#6144,#6145);
#5026=AXIS2_PLACEMENT_3D('',#7589,#6147,#6148);
#5027=AXIS2_PLACEMENT_3D('',#7592,#6150,#6151);
#5028=AXIS2_PLACEMENT_3D('',#7596,#6153,#6154);
#5029=AXIS2_PLACEMENT_3D('',#7615,#6161,#6162);
#5030=AXIS2_PLACEMENT_3D('',#7619,#6164,#6165);
#5031=AXIS2_PLACEMENT_3D('',#7620,#6166,#6167);
#5032=AXIS2_PLACEMENT_3D('',#7621,#6168,#6169);
#5033=AXIS2_PLACEMENT_3D('',#7624,#6170,#6171);
#5034=AXIS2_PLACEMENT_3D('',#7626,#6172,#6173);
#5035=AXIS2_PLACEMENT_3D('',#7628,#6174,#6175);
#5036=AXIS2_PLACEMENT_3D('',#7629,#6176,#6177);
#5037=AXIS2_PLACEMENT_3D('',#7631,#6178,#6179);
#5038=AXIS2_PLACEMENT_3D('',#7634,#6180,#6181);
#5039=AXIS2_PLACEMENT_3D('',#7636,#6182,#6183);
#5040=AXIS2_PLACEMENT_3D('',#7638,#6184,#6185);
#5041=AXIS2_PLACEMENT_3D('',#7639,#6186,#6187);
#5042=AXIS2_PLACEMENT_3D('',#7642,#6188,#6189);
#5043=AXIS2_PLACEMENT_3D('',#7644,#6190,#6191);
#5044=AXIS2_PLACEMENT_3D('',#7646,#6192,#6193);
#5045=AXIS2_PLACEMENT_3D('',#7647,#6194,#6195);
#5046=AXIS2_PLACEMENT_3D('',#7650,#6196,#6197);
#5047=AXIS2_PLACEMENT_3D('',#7652,#6198,#6199);
#5048=AXIS2_PLACEMENT_3D('',#7654,#6200,#6201);
#5049=AXIS2_PLACEMENT_3D('',#7669,#6210,#6211);
#5050=AXIS2_PLACEMENT_3D('',#7670,#6212,#6213);
#5051=AXIS2_PLACEMENT_3D('',#7672,#6214,#6215);
#5052=AXIS2_PLACEMENT_3D('',#7680,#6220,#6221);
#5053=AXIS2_PLACEMENT_3D('',#7697,#6231,#6232);
#5054=AXIS2_PLACEMENT_3D('',#7713,#6240,#6241);
#5055=AXIS2_PLACEMENT_3D('',#7714,#6242,#6243);
#5056=AXIS2_PLACEMENT_3D('',#7717,#6244,#6245);
#5057=AXIS2_PLACEMENT_3D('',#7719,#6246,#6247);
#5058=AXIS2_PLACEMENT_3D('',#7721,#6248,#6249);
#5059=AXIS2_PLACEMENT_3D('',#7722,#6250,#6251);
#5060=AXIS2_PLACEMENT_3D('',#7725,#6252,#6253);
#5061=AXIS2_PLACEMENT_3D('',#7727,#6254,#6255);
#5062=AXIS2_PLACEMENT_3D('',#7729,#6256,#6257);
#5063=AXIS2_PLACEMENT_3D('',#7730,#6258,#6259);
#5064=AXIS2_PLACEMENT_3D('',#7733,#6260,#6261);
#5065=AXIS2_PLACEMENT_3D('',#7735,#6262,#6263);
#5066=AXIS2_PLACEMENT_3D('',#7737,#6264,#6265);
#5067=AXIS2_PLACEMENT_3D('',#7738,#6266,#6267);
#5068=AXIS2_PLACEMENT_3D('',#7740,#6268,#6269);
#5069=AXIS2_PLACEMENT_3D('',#7742,#6270,#6271);
#5070=AXIS2_PLACEMENT_3D('',#7745,#6272,#6273);
#5071=AXIS2_PLACEMENT_3D('',#7747,#6274,#6275);
#5072=AXIS2_PLACEMENT_3D('',#7749,#6276,#6277);
#5073=AXIS2_PLACEMENT_3D('',#7750,#6278,#6279);
#5074=AXIS2_PLACEMENT_3D('',#7751,#6280,#6281);
#5075=AXIS2_PLACEMENT_3D('',#7754,#6284,#6285);
#5076=AXIS2_PLACEMENT_3D('',#7756,#6287,#6288);
#5077=AXIS2_PLACEMENT_3D('',#7757,#6289,#6290);
#5078=AXIS2_PLACEMENT_3D('',#7759,#6292,#6293);
#5079=AXIS2_PLACEMENT_3D('',#7761,#6295,#6296);
#5080=AXIS2_PLACEMENT_3D('',#7763,#6298,#6299);
#5081=AXIS2_PLACEMENT_3D('',#7764,#6300,#6301);
#5082=AXIS2_PLACEMENT_3D('',#7765,#6302,#6303);
#5083=AXIS2_PLACEMENT_3D('',#7768,#6306,#6307);
#5084=AXIS2_PLACEMENT_3D('',#7771,#6310,#6311);
#5085=AXIS2_PLACEMENT_3D('',#7774,#6314,#6315);
#5086=AXIS2_PLACEMENT_3D('',#7777,#6318,#6319);
#5087=AXIS2_PLACEMENT_3D('',#7780,#6322,#6323);
#5088=AXIS2_PLACEMENT_3D('',#7783,#6326,#6327);
#5089=AXIS2_PLACEMENT_3D('',#7786,#6330,#6331);
#5090=AXIS2_PLACEMENT_3D('',#7789,#6334,#6335);
#5091=AXIS2_PLACEMENT_3D('',#7790,#6336,#6337);
#5092=AXIS2_PLACEMENT_3D('',#7791,#6338,#6339);
#5093=AXIS2_PLACEMENT_3D('',#7792,#6340,#6341);
#5094=AXIS2_PLACEMENT_3D('',#7793,#6342,#6343);
#5095=AXIS2_PLACEMENT_3D('',#7794,#6344,#6345);
#5096=AXIS2_PLACEMENT_3D('',#7795,#6346,#6347);
#5097=AXIS2_PLACEMENT_3D('',#7796,#6348,#6349);
#5098=AXIS2_PLACEMENT_3D('',#7797,#6350,#6351);
#5099=AXIS2_PLACEMENT_3D('',#7803,#6355,#6356);
#5100=AXIS2_PLACEMENT_3D('',#7807,#6359,#6360);
#5101=AXIS2_PLACEMENT_3D('',#7811,#6363,#6364);
#5102=AXIS2_PLACEMENT_3D('',#7815,#6367,#6368);
#5103=AXIS2_PLACEMENT_3D('',#7819,#6371,#6372);
#5104=AXIS2_PLACEMENT_3D('',#7823,#6375,#6376);
#5105=AXIS2_PLACEMENT_3D('',#7825,#6378,#6379);
#5106=AXIS2_PLACEMENT_3D('',#7826,#6380,#6381);
#5107=AXIS2_PLACEMENT_3D('',#7828,#6383,#6384);
#5108=AXIS2_PLACEMENT_3D('',#7829,#6385,#6386);
#5109=AXIS2_PLACEMENT_3D('',#7836,#6388,#6389);
#5110=AXIS2_PLACEMENT_3D('',#7874,#6391,#6392);
#5111=AXIS2_PLACEMENT_3D('',#7875,#6393,#6394);
#5112=AXIS2_PLACEMENT_3D('',#7878,#6397,#6398);
#5113=AXIS2_PLACEMENT_3D('',#7880,#6400,#6401);
#5114=AXIS2_PLACEMENT_3D('',#7882,#6403,#6404);
#5115=AXIS2_PLACEMENT_3D('',#7883,#6405,#6406);
#5116=AXIS2_PLACEMENT_3D('',#7884,#6407,#6408);
#5117=DIRECTION('',(0.,0.,1.));
#5118=DIRECTION('',(1.,0.,0.));
#5119=DIRECTION('',(0.,0.,1.));
#5120=DIRECTION('',(1.,0.,0.));
#5121=DIRECTION('',(0.,0.,1.));
#5122=DIRECTION('',(1.,0.,0.));
#5123=DIRECTION('',(0.,0.,-1.));
#5124=DIRECTION('',(1.,0.,0.));
#5125=DIRECTION('',(0.,0.,1.));
#5126=DIRECTION('',(1.,0.,0.));
#5127=DIRECTION('',(-0.342020143325668,0.939692620785909,0.));
#5128=DIRECTION('',(1.,0.,0.));
#5129=DIRECTION('',(0.,-1.,0.));
#5130=DIRECTION('',(-0.939692620785908,0.342020143325669,0.));
#5131=DIRECTION('',(4.05172332295156E-16,1.,0.));
#5132=DIRECTION('',(-0.939692620785909,-0.342020143325668,0.));
#5133=DIRECTION('',(0.,-1.,0.));
#5134=DIRECTION('',(1.,0.,0.));
#5135=DIRECTION('',(-0.342020143325668,-0.939692620785909,0.));
#5136=DIRECTION('',(1.,0.,0.));
#5137=DIRECTION('',(0.342020143325668,-0.939692620785909,0.));
#5138=DIRECTION('',(1.,0.,0.));
#5139=DIRECTION('',(0.,-1.,0.));
#5140=DIRECTION('',(0.939692620785909,-0.342020143325668,0.));
#5141=DIRECTION('',(-4.05172332295156E-16,1.,0.));
#5142=DIRECTION('',(0.939692620785908,0.342020143325669,0.));
#5143=DIRECTION('',(0.,-1.,0.));
#5144=DIRECTION('',(1.,0.,0.));
#5145=DIRECTION('',(0.342020143325668,0.939692620785909,0.));
#5146=DIRECTION('',(1.,0.,0.));
#5147=DIRECTION('',(0.,0.,-1.));
#5148=DIRECTION('',(1.,0.,0.));
#5149=DIRECTION('',(0.,0.,-1.));
#5150=DIRECTION('',(1.,0.,0.));
#5151=DIRECTION('',(0.,0.,-1.));
#5152=DIRECTION('',(1.,0.,0.));
#5153=DIRECTION('',(0.,0.,-1.));
#5154=DIRECTION('',(1.,0.,0.));
#5155=DIRECTION('',(0.,0.,1.));
#5156=DIRECTION('',(1.,0.,0.));
#5157=DIRECTION('',(0.,0.,1.));
#5158=DIRECTION('',(1.,0.,0.));
#5159=DIRECTION('',(0.,0.,1.));
#5160=DIRECTION('',(1.,0.,0.));
#5161=DIRECTION('',(0.,0.,1.));
#5162=DIRECTION('',(1.,0.,0.));
#5163=DIRECTION('',(0.,0.,1.));
#5164=DIRECTION('',(1.,0.,0.));
#5165=DIRECTION('',(0.,0.,-1.));
#5166=DIRECTION('',(1.,0.,0.));
#5167=DIRECTION('',(0.,0.,1.));
#5168=DIRECTION('',(1.,0.,0.));
#5169=DIRECTION('',(0.,0.,1.));
#5170=DIRECTION('',(1.,0.,0.));
#5171=DIRECTION('',(0.,0.,1.));
#5172=DIRECTION('',(1.,0.,0.));
#5173=DIRECTION('',(0.,0.,1.));
#5174=DIRECTION('',(1.,0.,0.));
#5175=DIRECTION('',(-0.342020143325668,0.939692620785909,0.));
#5176=DIRECTION('',(1.,0.,0.));
#5177=DIRECTION('',(0.342020143325668,0.939692620785909,0.));
#5178=DIRECTION('',(1.,0.,0.));
#5179=DIRECTION('',(0.,-1.,0.));
#5180=DIRECTION('',(0.939692620785908,0.342020143325669,0.));
#5181=DIRECTION('',(-4.05172332295156E-16,1.,0.));
#5182=DIRECTION('',(0.939692620785909,-0.342020143325668,0.));
#5183=DIRECTION('',(0.,-1.,0.));
#5184=DIRECTION('',(1.,0.,0.));
#5185=DIRECTION('',(0.342020143325668,-0.939692620785909,0.));
#5186=DIRECTION('',(1.,0.,0.));
#5187=DIRECTION('',(-0.342020143325668,-0.939692620785909,0.));
#5188=DIRECTION('',(1.,0.,0.));
#5189=DIRECTION('',(0.,-1.,0.));
#5190=DIRECTION('',(-0.939692620785909,-0.342020143325668,0.));
#5191=DIRECTION('',(4.05172332295156E-16,1.,0.));
#5192=DIRECTION('',(-0.939692620785908,0.342020143325669,0.));
#5193=DIRECTION('',(0.,-1.,0.));
#5194=DIRECTION('',(1.,0.,0.));
#5195=DIRECTION('',(0.,0.,-1.));
#5196=DIRECTION('',(1.,0.,0.));
#5197=DIRECTION('',(0.,0.,-1.));
#5198=DIRECTION('',(1.,0.,0.));
#5199=DIRECTION('',(0.,0.,-1.));
#5200=DIRECTION('',(1.,0.,0.));
#5201=DIRECTION('',(0.,0.,-1.));
#5202=DIRECTION('',(1.,0.,0.));
#5203=DIRECTION('',(0.,0.,1.));
#5204=DIRECTION('',(1.,0.,0.));
#5205=DIRECTION('',(0.,0.,1.));
#5206=DIRECTION('',(1.,0.,0.));
#5207=DIRECTION('',(0.,0.,1.));
#5208=DIRECTION('',(1.,0.,0.));
#5209=DIRECTION('',(0.,0.,1.));
#5210=DIRECTION('',(1.,0.,0.));
#5211=DIRECTION('',(0.,0.,1.));
#5212=DIRECTION('',(1.,0.,0.));
#5213=DIRECTION('',(0.,0.,1.));
#5214=DIRECTION('',(1.,0.,0.));
#5215=DIRECTION('',(-0.939692620785909,-0.342020143325668,0.));
#5216=DIRECTION('',(0.342020143325668,-0.939692620785909,0.));
#5217=DIRECTION('',(0.,0.,-1.));
#5218=DIRECTION('',(0.,0.,-1.));
#5219=DIRECTION('',(0.,1.,0.));
#5220=DIRECTION('',(0.,0.,1.));
#5221=DIRECTION('',(0.,0.,-1.));
#5222=DIRECTION('',(1.,0.,0.));
#5223=DIRECTION('',(0.,0.,-1.));
#5224=DIRECTION('',(0.,0.,-1.));
#5225=DIRECTION('',(-0.342020143325669,-0.939692620785908,0.));
#5226=DIRECTION('',(0.939692620785908,-0.342020143325669,0.));
#5227=DIRECTION('',(0.,0.,-1.));
#5228=DIRECTION('',(-1.,4.05172332295156E-16,0.));
#5229=DIRECTION('',(-4.05172332295156E-16,-1.,0.));
#5230=DIRECTION('',(0.,0.,-1.));
#5231=DIRECTION('',(0.342020143325668,-0.939692620785909,0.));
#5232=DIRECTION('',(0.939692620785909,0.342020143325668,0.));
#5233=DIRECTION('',(0.,0.,-1.));
#5234=DIRECTION('',(1.,0.,0.));
#5235=DIRECTION('',(0.,0.,-1.));
#5236=DIRECTION('',(0.,0.,-1.));
#5237=DIRECTION('',(0.,1.,0.));
#5238=DIRECTION('',(0.,0.,1.));
#5239=DIRECTION('',(0.,0.,-1.));
#5240=DIRECTION('',(0.939692620785909,-0.342020143325668,0.));
#5241=DIRECTION('',(0.342020143325668,0.939692620785909,0.));
#5242=DIRECTION('',(0.,0.,-1.));
#5243=DIRECTION('',(0.,1.,0.));
#5244=DIRECTION('',(0.,0.,1.));
#5245=DIRECTION('',(0.,0.,-1.));
#5246=DIRECTION('',(0.939692620785909,0.342020143325668,0.));
#5247=DIRECTION('',(-0.342020143325668,0.939692620785909,0.));
#5248=DIRECTION('',(0.,0.,-1.));
#5249=DIRECTION('',(0.,1.,0.));
#5250=DIRECTION('',(0.,0.,1.));
#5251=DIRECTION('',(0.,0.,-1.));
#5252=DIRECTION('',(1.,0.,0.));
#5253=DIRECTION('',(0.,0.,-1.));
#5254=DIRECTION('',(0.,0.,-1.));
#5255=DIRECTION('',(0.342020143325668,0.939692620785909,0.));
#5256=DIRECTION('',(-0.939692620785909,0.342020143325668,0.));
#5257=DIRECTION('',(0.,0.,-1.));
#5258=DIRECTION('',(-1.,-4.05172332295156E-16,0.));
#5259=DIRECTION('',(4.05172332295156E-16,-1.,0.));
#5260=DIRECTION('',(0.,0.,-1.));
#5261=DIRECTION('',(-0.342020143325669,0.939692620785908,0.));
#5262=DIRECTION('',(-0.939692620785908,-0.342020143325669,0.));
#5263=DIRECTION('',(0.,0.,-1.));
#5264=DIRECTION('',(1.,0.,0.));
#5265=DIRECTION('',(0.,0.,-1.));
#5266=DIRECTION('',(0.,0.,-1.));
#5267=DIRECTION('',(0.,1.,0.));
#5268=DIRECTION('',(0.,0.,1.));
#5269=DIRECTION('',(0.,0.,-1.));
#5270=DIRECTION('',(-0.939692620785909,0.342020143325668,0.));
#5271=DIRECTION('',(-0.342020143325668,-0.939692620785909,0.));
#5272=DIRECTION('',(0.,0.,-1.));
#5273=DIRECTION('',(0.,0.,-1.));
#5274=DIRECTION('',(-1.,0.,0.));
#5275=DIRECTION('',(0.,0.,-1.));
#5276=DIRECTION('',(-1.,0.,0.));
#5277=DIRECTION('',(0.,0.,-1.));
#5278=DIRECTION('',(-1.,0.,0.));
#5279=DIRECTION('',(0.,0.,-1.));
#5280=DIRECTION('',(-1.,0.,0.));
#5281=DIRECTION('',(0.,0.,-1.));
#5282=DIRECTION('',(-1.,0.,0.));
#5283=DIRECTION('',(0.,0.,-1.));
#5284=DIRECTION('',(-1.,0.,0.));
#5285=DIRECTION('',(0.,0.,-1.));
#5286=DIRECTION('',(-1.,0.,0.));
#5287=DIRECTION('',(0.,1.,0.));
#5288=DIRECTION('',(0.,0.,1.));
#5289=DIRECTION('',(0.,0.,-1.));
#5290=DIRECTION('',(-1.,0.,0.));
#5291=DIRECTION('',(0.,0.,1.));
#5292=DIRECTION('',(1.,0.,0.));
#5293=DIRECTION('',(0.,0.,1.));
#5294=DIRECTION('',(1.,0.,0.));
#5295=DIRECTION('',(0.,0.,1.));
#5296=DIRECTION('',(1.,0.,0.));
#5297=DIRECTION('',(0.,0.,1.));
#5298=DIRECTION('',(1.,0.,0.));
#5299=DIRECTION('',(0.,0.,1.));
#5300=DIRECTION('',(1.,0.,0.));
#5301=DIRECTION('',(0.,0.,1.));
#5302=DIRECTION('',(1.,0.,0.));
#5303=DIRECTION('',(0.707106781186548,0.707106781186548,0.));
#5304=DIRECTION('',(-0.707106781186548,0.707106781186548,0.));
#5305=DIRECTION('',(0.707106781186548,0.707106781186548,0.));
#5306=DIRECTION('',(-0.707106781186548,0.707106781186548,0.));
#5307=DIRECTION('',(0.707106781186548,-0.707106781186548,0.));
#5308=DIRECTION('',(0.,0.,-1.));
#5309=DIRECTION('',(0.707106781186548,-0.707106781186548,0.));
#5310=DIRECTION('',(0.,0.,-1.));
#5311=DIRECTION('',(0.707106781186548,-0.707106781186548,0.));
#5312=DIRECTION('',(0.,0.,1.));
#5313=DIRECTION('',(0.707106781186548,0.707106781186548,0.));
#5314=DIRECTION('',(-0.707106781186548,0.707106781186548,0.));
#5315=DIRECTION('',(-0.707106781186548,0.707106781186548,0.));
#5316=DIRECTION('',(0.707106781186548,0.707106781186548,0.));
#5317=DIRECTION('',(-0.707106781186548,0.707106781186548,0.));
#5318=DIRECTION('',(-0.707106781186548,0.707106781186548,0.));
#5319=DIRECTION('',(0.707106781186548,0.707106781186548,0.));
#5320=DIRECTION('',(-0.707106781186548,0.707106781186548,0.));
#5321=DIRECTION('',(0.707106781186548,-0.707106781186548,0.));
#5322=DIRECTION('',(0.707106781186548,0.707106781186548,0.));
#5323=DIRECTION('',(-0.707106781186548,0.707106781186548,0.));
#5324=DIRECTION('',(0.,0.,-1.));
#5325=DIRECTION('',(0.707106781186548,-0.707106781186548,0.));
#5326=DIRECTION('',(0.,0.,-1.));
#5327=DIRECTION('',(0.707106781186548,-0.707106781186548,0.));
#5328=DIRECTION('',(0.,0.,-1.));
#5329=DIRECTION('',(-0.707106781186548,0.707106781186548,0.));
#5330=DIRECTION('',(-0.707106781186548,-0.707106781186548,0.));
#5331=DIRECTION('',(-0.707106781186548,0.707106781186548,0.));
#5332=DIRECTION('',(-0.707106781186548,0.707106781186548,0.));
#5333=DIRECTION('',(0.707106781186548,0.707106781186548,0.));
#5334=DIRECTION('',(-0.707106781186548,0.707106781186548,0.));
#5335=DIRECTION('',(0.,0.,1.));
#5336=DIRECTION('',(-1.,0.,0.));
#5337=DIRECTION('',(0.,0.,1.));
#5338=DIRECTION('',(1.,0.,0.));
#5339=DIRECTION('',(0.,0.,1.));
#5340=DIRECTION('',(-1.,0.,0.));
#5341=DIRECTION('',(0.,0.,1.));
#5342=DIRECTION('',(1.,0.,0.));
#5343=DIRECTION('',(0.,0.,1.));
#5344=DIRECTION('',(-1.,0.,0.));
#5345=DIRECTION('',(0.,0.,-1.));
#5346=DIRECTION('',(1.,0.,0.));
#5347=DIRECTION('',(0.,0.,-1.));
#5348=DIRECTION('',(1.,0.,0.));
#5349=DIRECTION('',(0.,0.,1.));
#5350=DIRECTION('',(-1.,0.,0.));
#5351=DIRECTION('',(0.,0.,-1.));
#5352=DIRECTION('',(1.,0.,0.));
#5353=DIRECTION('',(0.,0.,1.));
#5354=DIRECTION('',(-1.,0.,0.));
#5355=DIRECTION('',(0.,0.,1.));
#5356=DIRECTION('',(1.,0.,0.));
#5357=DIRECTION('',(0.,0.,1.));
#5358=DIRECTION('',(-1.,0.,0.));
#5359=DIRECTION('',(0.,0.,1.));
#5360=DIRECTION('',(1.,0.,0.));
#5361=DIRECTION('',(0.,0.,1.));
#5362=DIRECTION('',(-1.,0.,0.));
#5363=DIRECTION('',(0.,0.,-1.));
#5364=DIRECTION('',(1.,0.,0.));
#5365=DIRECTION('',(0.,0.,1.));
#5366=DIRECTION('',(-1.,0.,0.));
#5367=DIRECTION('',(0.,0.,-1.));
#5368=DIRECTION('',(1.,0.,0.));
#5369=DIRECTION('',(0.,0.,1.));
#5370=DIRECTION('',(-1.,0.,0.));
#5371=DIRECTION('',(0.707106781186548,0.707106781186548,0.));
#5372=DIRECTION('',(-0.998953181886568,-0.045744293619,0.));
#5373=DIRECTION('',(-0.847443336156902,0.530885855908085,0.));
#5374=DIRECTION('',(0.,1.,0.));
#5375=DIRECTION('',(-0.707106781186548,-0.707106781186548,0.));
#5376=DIRECTION('',(-1.,0.,0.));
#5377=DIRECTION('',(-0.530885855908085,0.847443336156902,0.));
#5378=DIRECTION('',(0.045744293619,0.998953181886568,0.));
#5379=DIRECTION('',(0.,0.,1.));
#5380=DIRECTION('',(-1.,0.,0.));
#5381=DIRECTION('',(0.,0.,1.));
#5382=DIRECTION('',(-1.,0.,0.));
#5383=DIRECTION('',(0.,0.,1.));
#5384=DIRECTION('',(-1.,0.,0.));
#5385=DIRECTION('',(0.,1.,0.));
#5386=DIRECTION('',(-1.,-1.96291199544759E-16,0.));
#5387=DIRECTION('',(1.,4.16333634234434E-16,0.));
#5388=DIRECTION('',(0.,1.,0.));
#5389=DIRECTION('',(0.,0.,1.));
#5390=DIRECTION('',(-1.,0.,0.));
#5391=DIRECTION('',(1.,4.16333634234434E-16,0.));
#5392=DIRECTION('',(0.045744293619,0.998953181886568,0.));
#5393=DIRECTION('',(-0.530885855908085,0.847443336156902,0.));
#5394=DIRECTION('',(-1.,0.,0.));
#5395=DIRECTION('',(-0.707106781186548,-0.707106781186548,0.));
#5396=DIRECTION('',(0.,1.,0.));
#5397=DIRECTION('',(-0.847443336156902,0.530885855908085,0.));
#5398=DIRECTION('',(-0.998953181886568,-0.045744293619,0.));
#5399=DIRECTION('',(0.,1.,0.));
#5400=DIRECTION('',(0.,0.,1.));
#5401=DIRECTION('',(-1.,0.,0.));
#5402=DIRECTION('',(-0.707106781186548,0.707106781186548,0.));
#5403=DIRECTION('',(-0.707106781186546,-0.707106781186549,0.));
#5404=DIRECTION('',(-0.707106781186548,0.707106781186548,0.));
#5405=DIRECTION('',(-0.352937531011693,0.935646888095809,0.));
#5406=DIRECTION('',(0.201755748586913,0.97943586717668,0.));
#5407=DIRECTION('',(-0.97943586717668,-0.201755748586913,0.));
#5408=DIRECTION('',(-0.935646888095809,0.352937531011693,0.));
#5409=DIRECTION('',(0.,0.,-1.));
#5410=DIRECTION('',(-1.,0.,0.));
#5411=DIRECTION('',(0.,0.,-1.));
#5412=DIRECTION('',(1.,0.,0.));
#5413=DIRECTION('',(0.,0.,-1.));
#5414=DIRECTION('',(1.,0.,0.));
#5415=DIRECTION('',(0.,0.,-1.));
#5416=DIRECTION('',(1.,0.,0.));
#5417=DIRECTION('',(0.,0.,-1.));
#5418=DIRECTION('',(1.,0.,0.));
#5419=DIRECTION('',(0.,0.,-1.));
#5420=DIRECTION('',(1.,0.,0.));
#5421=DIRECTION('',(0.,0.,-1.));
#5422=DIRECTION('',(1.,0.,0.));
#5423=DIRECTION('',(0.,0.,-1.));
#5424=DIRECTION('',(1.,0.,0.));
#5425=DIRECTION('',(0.,0.,-1.));
#5426=DIRECTION('',(1.,0.,0.));
#5427=DIRECTION('',(0.,0.,-1.));
#5428=DIRECTION('',(1.,0.,0.));
#5429=DIRECTION('',(0.,0.,-1.));
#5430=DIRECTION('',(1.,0.,0.));
#5431=DIRECTION('',(0.,0.,-1.));
#5432=DIRECTION('',(1.,0.,0.));
#5433=DIRECTION('',(0.,0.,-1.));
#5434=DIRECTION('',(1.,0.,0.));
#5435=DIRECTION('',(0.,0.,-1.));
#5436=DIRECTION('',(1.,0.,0.));
#5437=DIRECTION('',(0.,0.,-1.));
#5438=DIRECTION('',(1.,0.,0.));
#5439=DIRECTION('',(0.,0.,-1.));
#5440=DIRECTION('',(1.,0.,0.));
#5441=DIRECTION('',(0.,0.,-1.));
#5442=DIRECTION('',(1.,0.,0.));
#5443=DIRECTION('',(0.,0.,-1.));
#5444=DIRECTION('',(1.,0.,0.));
#5445=DIRECTION('',(0.,0.,-1.));
#5446=DIRECTION('',(1.,0.,0.));
#5447=DIRECTION('',(0.,0.,-1.));
#5448=DIRECTION('',(1.,0.,0.));
#5449=DIRECTION('',(-1.,0.,0.));
#5450=DIRECTION('',(0.,0.,-1.));
#5451=DIRECTION('',(0.,0.,-1.));
#5452=DIRECTION('',(0.,0.,-1.));
#5453=DIRECTION('',(-0.530885855908085,-0.847443336156902,0.));
#5454=DIRECTION('',(0.847443336156902,-0.530885855908085,0.));
#5455=DIRECTION('',(0.,0.,-1.));
#5456=DIRECTION('',(0.045744293619,-0.998953181886568,0.));
#5457=DIRECTION('',(0.998953181886568,0.045744293619,0.));
#5458=DIRECTION('',(-0.998953181886568,0.045744293619,0.));
#5459=DIRECTION('',(-0.045744293619,-0.998953181886568,0.));
#5460=DIRECTION('',(0.,0.,-1.));
#5461=DIRECTION('',(-0.847443336156902,-0.530885855908085,0.));
#5462=DIRECTION('',(0.530885855908085,-0.847443336156902,0.));
#5463=DIRECTION('',(0.,0.,-1.));
#5464=DIRECTION('',(0.,-1.,0.));
#5465=DIRECTION('',(0.,0.,1.));
#5466=DIRECTION('',(0.,0.,-1.));
#5467=DIRECTION('',(0.707106781186548,-0.707106781186548,0.));
#5468=DIRECTION('',(0.707106781186548,0.707106781186548,0.));
#5469=DIRECTION('',(0.,0.,-1.));
#5470=DIRECTION('',(1.,0.,0.));
#5471=DIRECTION('',(0.,0.,-1.));
#5472=DIRECTION('',(1.,0.,0.));
#5473=DIRECTION('',(0.,0.,-1.));
#5474=DIRECTION('',(0.,0.,-1.));
#5475=DIRECTION('',(0.,0.,-1.));
#5476=DIRECTION('',(1.,0.,0.));
#5477=DIRECTION('',(0.,0.,-1.));
#5478=DIRECTION('',(0.,0.,-1.));
#5479=DIRECTION('',(0.,0.,-1.));
#5480=DIRECTION('',(1.,0.,0.));
#5481=DIRECTION('',(0.,0.,-1.));
#5482=DIRECTION('',(0.,0.,-1.));
#5483=DIRECTION('',(0.,0.,-1.));
#5484=DIRECTION('',(1.,0.,0.));
#5485=DIRECTION('',(0.,0.,-1.));
#5486=DIRECTION('',(0.,0.,-1.));
#5487=DIRECTION('',(0.,0.,-1.));
#5488=DIRECTION('',(1.,0.,0.));
#5489=DIRECTION('',(0.,0.,-1.));
#5490=DIRECTION('',(0.,0.,-1.));
#5491=DIRECTION('',(0.,0.,-1.));
#5492=DIRECTION('',(1.,0.,0.));
#5493=DIRECTION('',(0.,0.,-1.));
#5494=DIRECTION('',(0.,0.,-1.));
#5495=DIRECTION('',(0.,0.,-1.));
#5496=DIRECTION('',(1.,0.,0.));
#5497=DIRECTION('',(0.,0.,-1.));
#5498=DIRECTION('',(0.,0.,-1.));
#5499=DIRECTION('',(0.,0.,-1.));
#5500=DIRECTION('',(1.,0.,0.));
#5501=DIRECTION('',(0.,0.,-1.));
#5502=DIRECTION('',(0.,0.,-1.));
#5503=DIRECTION('',(0.,0.,-1.));
#5504=DIRECTION('',(1.,0.,0.));
#5505=DIRECTION('',(0.,0.,-1.));
#5506=DIRECTION('',(1.,0.,0.));
#5507=DIRECTION('',(0.,0.,-1.));
#5508=DIRECTION('',(1.,0.,0.));
#5509=DIRECTION('',(0.,0.,-1.));
#5510=DIRECTION('',(1.,0.,0.));
#5511=DIRECTION('',(0.,0.,-1.));
#5512=DIRECTION('',(1.,0.,0.));
#5513=DIRECTION('',(0.,0.,-1.));
#5514=DIRECTION('',(1.,0.,0.));
#5515=DIRECTION('',(0.,0.,-1.));
#5516=DIRECTION('',(1.,0.,0.));
#5517=DIRECTION('',(0.,0.,-1.));
#5518=DIRECTION('',(1.,0.,0.));
#5519=DIRECTION('',(-0.707106781186549,0.707106781186546,0.));
#5520=DIRECTION('',(-0.707106781186546,-0.707106781186549,0.));
#5521=DIRECTION('',(0.,0.,1.));
#5522=DIRECTION('',(-0.707106781186546,-0.707106781186549,0.));
#5523=DIRECTION('',(0.,0.,1.));
#5524=DIRECTION('',(0.707106781186548,0.707106781186548,0.));
#5525=DIRECTION('',(-0.707106781186548,0.707106781186548,0.));
#5526=DIRECTION('',(0.,0.,1.));
#5527=DIRECTION('',(-0.707106781186548,0.707106781186548,0.));
#5528=DIRECTION('',(0.352937531011693,0.935646888095808,0.));
#5529=DIRECTION('',(-0.935646888095809,0.352937531011693,0.));
#5530=DIRECTION('',(0.,0.,1.));
#5531=DIRECTION('',(-0.935646888095809,0.352937531011693,0.));
#5532=DIRECTION('',(-0.201755748586913,0.97943586717668,0.));
#5533=DIRECTION('',(-0.97943586717668,-0.201755748586913,0.));
#5534=DIRECTION('',(0.,0.,1.));
#5535=DIRECTION('',(-0.97943586717668,-0.201755748586913,0.));
#5536=DIRECTION('',(0.97943586717668,-0.201755748586913,0.));
#5537=DIRECTION('',(0.201755748586913,0.97943586717668,0.));
#5538=DIRECTION('',(0.,0.,1.));
#5539=DIRECTION('',(0.201755748586913,0.97943586717668,0.));
#5540=DIRECTION('',(0.935646888095808,0.352937531011693,0.));
#5541=DIRECTION('',(-0.352937531011693,0.935646888095809,0.));
#5542=DIRECTION('',(0.,0.,1.));
#5543=DIRECTION('',(-0.352937531011693,0.935646888095809,0.));
#5544=DIRECTION('',(0.707106781186548,0.707106781186548,0.));
#5545=DIRECTION('',(-0.707106781186548,0.707106781186548,0.));
#5546=DIRECTION('',(-0.707106781186548,0.707106781186548,0.));
#5547=DIRECTION('',(0.,0.,1.));
#5548=DIRECTION('',(-1.,0.,0.));
#5549=DIRECTION('',(4.16333634234434E-16,-1.,0.));
#5550=DIRECTION('',(1.,4.16333634234434E-16,0.));
#5551=DIRECTION('',(0.,0.,1.));
#5552=DIRECTION('',(1.,0.,0.));
#5553=DIRECTION('',(0.,0.,1.));
#5554=DIRECTION('',(-1.96291199544759E-16,1.,0.));
#5555=DIRECTION('',(-1.,-1.96291199544759E-16,0.));
#5556=DIRECTION('',(0.,0.,1.));
#5557=DIRECTION('',(1.,0.,0.));
#5558=DIRECTION('',(0.,0.,1.));
#5559=DIRECTION('',(0.707106781186548,0.707106781186548,0.));
#5560=DIRECTION('',(0.707106781186548,0.707106781186548,0.));
#5561=DIRECTION('',(-0.707106781186548,0.707106781186548,0.));
#5562=DIRECTION('',(0.,0.,-1.));
#5563=DIRECTION('',(1.,0.,0.));
#5564=DIRECTION('',(0.707106781186548,0.707106781186548,0.));
#5565=DIRECTION('',(0.707106781186548,0.707106781186548,0.));
#5566=DIRECTION('',(0.707106781186548,0.707106781186548,0.));
#5567=DIRECTION('',(-0.707106781186548,0.707106781186548,0.));
#5568=DIRECTION('',(0.707106781186548,0.707106781186548,0.));
#5569=DIRECTION('',(0.,0.,-1.));
#5570=DIRECTION('',(1.,0.,0.));
#5571=DIRECTION('',(0.707106781186548,0.707106781186548,0.));
#5572=DIRECTION('',(0.707106781186548,0.707106781186548,0.));
#5573=DIRECTION('',(-0.707106781186548,0.707106781186548,0.));
#5574=DIRECTION('',(0.,0.,1.));
#5575=DIRECTION('',(-1.,0.,0.));
#5576=DIRECTION('',(0.,0.,1.));
#5577=DIRECTION('',(-1.,0.,0.));
#5578=DIRECTION('',(0.,0.,1.));
#5579=DIRECTION('',(1.,0.,0.));
#5580=DIRECTION('',(0.707106781186548,-0.707106781186548,0.));
#5581=DIRECTION('',(-0.707106781186548,-0.707106781186548,0.));
#5582=DIRECTION('',(0.,0.,1.));
#5583=DIRECTION('',(0.707106781186548,0.707106781186548,0.));
#5584=DIRECTION('',(0.,0.,-1.));
#5585=DIRECTION('',(0.707106781186548,0.707106781186548,0.));
#5586=DIRECTION('',(0.,0.,-1.));
#5587=DIRECTION('',(0.707106781186548,0.707106781186548,0.));
#5588=DIRECTION('',(-0.707106781186548,0.707106781186548,0.));
#5589=DIRECTION('',(-0.707106781186548,-0.707106781186548,0.));
#5590=DIRECTION('',(-0.707106781186548,0.707106781186548,0.));
#5591=DIRECTION('',(-0.707106781186548,-0.707106781186548,0.));
#5592=DIRECTION('',(-0.707106781186548,-0.707106781186548,0.));
#5593=DIRECTION('',(-0.707106781186548,0.707106781186548,0.));
#5594=DIRECTION('',(-0.707106781186548,-0.707106781186548,0.));
#5595=DIRECTION('',(-0.707106781186548,-0.707106781186548,0.));
#5596=DIRECTION('',(0.707106781186548,-0.707106781186548,0.));
#5597=DIRECTION('',(-0.707106781186548,-0.707106781186548,0.));
#5598=DIRECTION('',(0.707106781186548,0.707106781186548,0.));
#5599=DIRECTION('',(0.,0.,-1.));
#5600=DIRECTION('',(0.707106781186548,0.707106781186548,0.));
#5601=DIRECTION('',(0.,0.,-1.));
#5602=DIRECTION('',(0.707106781186548,0.707106781186548,0.));
#5603=DIRECTION('',(0.,0.,-1.));
#5604=DIRECTION('',(-0.707106781186548,0.707106781186548,0.));
#5605=DIRECTION('',(-0.707106781186548,-0.707106781186548,0.));
#5606=DIRECTION('',(-0.707106781186548,-0.707106781186548,0.));
#5607=DIRECTION('',(-0.707106781186548,0.707106781186548,0.));
#5608=DIRECTION('',(-0.707106781186548,-0.707106781186548,0.));
#5609=DIRECTION('',(-0.707106781186548,-0.707106781186548,0.));
#5610=DIRECTION('',(0.707106781186548,-0.707106781186548,0.));
#5611=DIRECTION('',(-0.707106781186548,-0.707106781186548,0.));
#5612=DIRECTION('',(0.,0.,1.));
#5613=DIRECTION('',(-1.,0.,0.));
#5614=DIRECTION('',(0.,0.,-1.));
#5615=DIRECTION('',(1.,0.,0.));
#5616=DIRECTION('',(0.,0.,-1.));
#5617=DIRECTION('',(-1.,0.,0.));
#5618=DIRECTION('',(0.,0.,-1.));
#5619=DIRECTION('',(1.,0.,0.));
#5620=DIRECTION('',(0.,0.,-1.));
#5621=DIRECTION('',(-1.,0.,0.));
#5622=DIRECTION('',(0.,0.,1.));
#5623=DIRECTION('',(1.,0.,0.));
#5624=DIRECTION('',(0.,0.,1.));
#5625=DIRECTION('',(1.,0.,0.));
#5626=DIRECTION('',(0.,0.,-1.));
#5627=DIRECTION('',(-1.,0.,0.));
#5628=DIRECTION('',(0.,0.,1.));
#5629=DIRECTION('',(1.,0.,0.));
#5630=DIRECTION('',(0.,0.,-1.));
#5631=DIRECTION('',(-1.,0.,0.));
#5632=DIRECTION('',(0.,0.,-1.));
#5633=DIRECTION('',(1.,0.,0.));
#5634=DIRECTION('',(0.,0.,-1.));
#5635=DIRECTION('',(-1.,0.,0.));
#5636=DIRECTION('',(0.,0.,-1.));
#5637=DIRECTION('',(1.,0.,0.));
#5638=DIRECTION('',(0.,0.,-1.));
#5639=DIRECTION('',(-1.,0.,0.));
#5640=DIRECTION('',(0.,0.,1.));
#5641=DIRECTION('',(1.,0.,0.));
#5642=DIRECTION('',(0.,0.,-1.));
#5643=DIRECTION('',(-1.,0.,0.));
#5644=DIRECTION('',(0.,0.,1.));
#5645=DIRECTION('',(1.,0.,0.));
#5646=DIRECTION('',(0.,0.,-1.));
#5647=DIRECTION('',(-1.,0.,0.));
#5648=DIRECTION('',(0.045744293619,-0.998953181886568,0.));
#5649=DIRECTION('',(-0.530885855908085,-0.847443336156902,0.));
#5650=DIRECTION('',(-1.,0.,0.));
#5651=DIRECTION('',(-0.707106781186548,0.707106781186548,0.));
#5652=DIRECTION('',(0.,-1.,0.));
#5653=DIRECTION('',(-0.847443336156902,-0.530885855908085,0.));
#5654=DIRECTION('',(-0.998953181886568,0.045744293619,0.));
#5655=DIRECTION('',(0.707106781186548,-0.707106781186548,0.));
#5656=DIRECTION('',(0.,0.,1.));
#5657=DIRECTION('',(-1.,0.,0.));
#5658=DIRECTION('',(0.,0.,-1.));
#5659=DIRECTION('',(-1.,0.,0.));
#5660=DIRECTION('',(0.,0.,-1.));
#5661=DIRECTION('',(-1.,0.,0.));
#5662=DIRECTION('',(0.,-1.,0.));
#5663=DIRECTION('',(0.,-1.,0.));
#5664=DIRECTION('',(1.,-4.16333634234434E-16,0.));
#5665=DIRECTION('',(-1.,1.96291199544759E-16,0.));
#5666=DIRECTION('',(0.,0.,1.));
#5667=DIRECTION('',(-1.,0.,0.));
#5668=DIRECTION('',(1.,-4.16333634234434E-16,0.));
#5669=DIRECTION('',(0.,-1.,0.));
#5670=DIRECTION('',(-0.998953181886568,0.045744293619,0.));
#5671=DIRECTION('',(-0.847443336156902,-0.530885855908085,0.));
#5672=DIRECTION('',(0.,-1.,0.));
#5673=DIRECTION('',(-0.707106781186548,0.707106781186548,0.));
#5674=DIRECTION('',(-1.,0.,0.));
#5675=DIRECTION('',(-0.530885855908085,-0.847443336156902,0.));
#5676=DIRECTION('',(0.045744293619,-0.998953181886568,0.));
#5677=DIRECTION('',(0.,0.,-1.));
#5678=DIRECTION('',(-1.,0.,0.));
#5679=DIRECTION('',(-0.707106781186548,-0.707106781186548,0.));
#5680=DIRECTION('',(-0.935646888095809,-0.352937531011693,0.));
#5681=DIRECTION('',(-0.97943586717668,0.201755748586913,0.));
#5682=DIRECTION('',(0.201755748586913,-0.97943586717668,0.));
#5683=DIRECTION('',(-0.352937531011693,-0.935646888095809,0.));
#5684=DIRECTION('',(-0.707106781186548,-0.707106781186548,0.));
#5685=DIRECTION('',(-0.707106781186546,0.707106781186549,0.));
#5686=DIRECTION('',(0.,0.,-1.));
#5687=DIRECTION('',(-1.,0.,0.));
#5688=DIRECTION('',(0.,0.,1.));
#5689=DIRECTION('',(1.,0.,0.));
#5690=DIRECTION('',(0.,0.,1.));
#5691=DIRECTION('',(1.,0.,0.));
#5692=DIRECTION('',(0.,0.,1.));
#5693=DIRECTION('',(1.,0.,0.));
#5694=DIRECTION('',(0.,0.,1.));
#5695=DIRECTION('',(1.,0.,0.));
#5696=DIRECTION('',(0.,0.,1.));
#5697=DIRECTION('',(1.,0.,0.));
#5698=DIRECTION('',(0.,0.,1.));
#5699=DIRECTION('',(1.,0.,0.));
#5700=DIRECTION('',(0.,0.,1.));
#5701=DIRECTION('',(1.,0.,0.));
#5702=DIRECTION('',(0.,0.,1.));
#5703=DIRECTION('',(1.,0.,0.));
#5704=DIRECTION('',(0.,0.,1.));
#5705=DIRECTION('',(1.,0.,0.));
#5706=DIRECTION('',(0.,0.,1.));
#5707=DIRECTION('',(1.,0.,0.));
#5708=DIRECTION('',(0.,0.,1.));
#5709=DIRECTION('',(1.,0.,0.));
#5710=DIRECTION('',(0.,0.,1.));
#5711=DIRECTION('',(1.,0.,0.));
#5712=DIRECTION('',(0.,0.,1.));
#5713=DIRECTION('',(1.,0.,0.));
#5714=DIRECTION('',(0.,0.,1.));
#5715=DIRECTION('',(1.,0.,0.));
#5716=DIRECTION('',(0.,0.,1.));
#5717=DIRECTION('',(1.,0.,0.));
#5718=DIRECTION('',(0.,0.,1.));
#5719=DIRECTION('',(1.,0.,0.));
#5720=DIRECTION('',(0.,0.,1.));
#5721=DIRECTION('',(1.,0.,0.));
#5722=DIRECTION('',(0.,0.,1.));
#5723=DIRECTION('',(1.,0.,0.));
#5724=DIRECTION('',(0.,0.,-1.));
#5725=DIRECTION('',(1.,0.,0.));
#5726=DIRECTION('',(-1.,0.,0.));
#5727=DIRECTION('',(0.,0.,-1.));
#5728=DIRECTION('',(0.,0.,-1.));
#5729=DIRECTION('',(0.,0.,-1.));
#5730=DIRECTION('',(-0.530885855908085,0.847443336156902,0.));
#5731=DIRECTION('',(0.847443336156902,0.530885855908085,0.));
#5732=DIRECTION('',(0.,0.,-1.));
#5733=DIRECTION('',(0.045744293619,0.998953181886568,0.));
#5734=DIRECTION('',(0.998953181886568,-0.045744293619,0.));
#5735=DIRECTION('',(-0.998953181886568,-0.045744293619,0.));
#5736=DIRECTION('',(-0.045744293619,0.998953181886568,0.));
#5737=DIRECTION('',(0.,0.,-1.));
#5738=DIRECTION('',(-0.847443336156902,0.530885855908085,0.));
#5739=DIRECTION('',(0.530885855908085,0.847443336156902,0.));
#5740=DIRECTION('',(0.,0.,-1.));
#5741=DIRECTION('',(0.,1.,0.));
#5742=DIRECTION('',(0.,0.,1.));
#5743=DIRECTION('',(0.,0.,-1.));
#5744=DIRECTION('',(0.707106781186548,0.707106781186548,0.));
#5745=DIRECTION('',(0.707106781186548,-0.707106781186548,0.));
#5746=DIRECTION('',(0.,0.,-1.));
#5747=DIRECTION('',(1.,0.,0.));
#5748=DIRECTION('',(0.,0.,-1.));
#5749=DIRECTION('',(1.,0.,0.));
#5750=DIRECTION('',(0.,0.,-1.));
#5751=DIRECTION('',(0.,0.,-1.));
#5752=DIRECTION('',(0.,0.,-1.));
#5753=DIRECTION('',(1.,0.,0.));
#5754=DIRECTION('',(0.,0.,-1.));
#5755=DIRECTION('',(0.,0.,-1.));
#5756=DIRECTION('',(0.,0.,-1.));
#5757=DIRECTION('',(1.,0.,0.));
#5758=DIRECTION('',(0.,0.,-1.));
#5759=DIRECTION('',(0.,0.,-1.));
#5760=DIRECTION('',(0.,0.,-1.));
#5761=DIRECTION('',(1.,0.,0.));
#5762=DIRECTION('',(0.,0.,-1.));
#5763=DIRECTION('',(0.,0.,-1.));
#5764=DIRECTION('',(0.,0.,-1.));
#5765=DIRECTION('',(1.,0.,0.));
#5766=DIRECTION('',(0.,0.,-1.));
#5767=DIRECTION('',(0.,0.,-1.));
#5768=DIRECTION('',(0.,0.,-1.));
#5769=DIRECTION('',(1.,0.,0.));
#5770=DIRECTION('',(0.,0.,-1.));
#5771=DIRECTION('',(0.,0.,-1.));
#5772=DIRECTION('',(0.,0.,-1.));
#5773=DIRECTION('',(1.,0.,0.));
#5774=DIRECTION('',(0.,0.,-1.));
#5775=DIRECTION('',(0.,0.,-1.));
#5776=DIRECTION('',(0.,0.,-1.));
#5777=DIRECTION('',(1.,0.,0.));
#5778=DIRECTION('',(0.,0.,-1.));
#5779=DIRECTION('',(0.,0.,-1.));
#5780=DIRECTION('',(0.,0.,-1.));
#5781=DIRECTION('',(1.,0.,0.));
#5782=DIRECTION('',(0.,0.,-1.));
#5783=DIRECTION('',(1.,0.,0.));
#5784=DIRECTION('',(0.,0.,-1.));
#5785=DIRECTION('',(1.,0.,0.));
#5786=DIRECTION('',(0.,0.,-1.));
#5787=DIRECTION('',(1.,0.,0.));
#5788=DIRECTION('',(0.,0.,-1.));
#5789=DIRECTION('',(1.,0.,0.));
#5790=DIRECTION('',(0.,0.,-1.));
#5791=DIRECTION('',(1.,0.,0.));
#5792=DIRECTION('',(0.,0.,-1.));
#5793=DIRECTION('',(1.,0.,0.));
#5794=DIRECTION('',(0.,0.,-1.));
#5795=DIRECTION('',(1.,0.,0.));
#5796=DIRECTION('',(-0.707106781186549,-0.707106781186546,0.));
#5797=DIRECTION('',(-0.707106781186546,0.707106781186549,0.));
#5798=DIRECTION('',(0.,0.,1.));
#5799=DIRECTION('',(-0.707106781186546,0.707106781186549,0.));
#5800=DIRECTION('',(0.,0.,1.));
#5801=DIRECTION('',(0.707106781186548,-0.707106781186548,0.));
#5802=DIRECTION('',(-0.707106781186548,-0.707106781186548,0.));
#5803=DIRECTION('',(-0.707106781186548,-0.707106781186548,0.));
#5804=DIRECTION('',(0.,0.,1.));
#5805=DIRECTION('',(0.352937531011693,-0.935646888095808,0.));
#5806=DIRECTION('',(-0.935646888095809,-0.352937531011693,0.));
#5807=DIRECTION('',(-0.935646888095809,-0.352937531011693,0.));
#5808=DIRECTION('',(0.,0.,1.));
#5809=DIRECTION('',(-0.201755748586913,-0.97943586717668,0.));
#5810=DIRECTION('',(-0.97943586717668,0.201755748586913,0.));
#5811=DIRECTION('',(-0.97943586717668,0.201755748586913,0.));
#5812=DIRECTION('',(0.,0.,1.));
#5813=DIRECTION('',(0.97943586717668,0.201755748586913,0.));
#5814=DIRECTION('',(0.201755748586913,-0.97943586717668,0.));
#5815=DIRECTION('',(0.201755748586913,-0.97943586717668,0.));
#5816=DIRECTION('',(0.,0.,1.));
#5817=DIRECTION('',(0.935646888095808,-0.352937531011693,0.));
#5818=DIRECTION('',(-0.352937531011693,-0.935646888095809,0.));
#5819=DIRECTION('',(-0.352937531011693,-0.935646888095809,0.));
#5820=DIRECTION('',(0.,0.,1.));
#5821=DIRECTION('',(0.707106781186548,-0.707106781186548,0.));
#5822=DIRECTION('',(-0.707106781186548,-0.707106781186548,0.));
#5823=DIRECTION('',(-0.707106781186548,-0.707106781186548,0.));
#5824=DIRECTION('',(0.,0.,1.));
#5825=DIRECTION('',(-1.,0.,0.));
#5826=DIRECTION('',(4.16333634234434E-16,1.,0.));
#5827=DIRECTION('',(1.,-4.16333634234434E-16,0.));
#5828=DIRECTION('',(0.,0.,1.));
#5829=DIRECTION('',(1.,0.,0.));
#5830=DIRECTION('',(0.,0.,1.));
#5831=DIRECTION('',(-1.96291199544759E-16,-1.,0.));
#5832=DIRECTION('',(-1.,1.96291199544759E-16,0.));
#5833=DIRECTION('',(0.,0.,1.));
#5834=DIRECTION('',(1.,0.,0.));
#5835=DIRECTION('',(0.,0.,1.));
#5836=DIRECTION('',(0.707106781186548,-0.707106781186548,0.));
#5837=DIRECTION('',(0.707106781186548,-0.707106781186548,0.));
#5838=DIRECTION('',(-0.707106781186548,-0.707106781186548,0.));
#5839=DIRECTION('',(0.,0.,-1.));
#5840=DIRECTION('',(1.,0.,0.));
#5841=DIRECTION('',(0.707106781186548,-0.707106781186548,0.));
#5842=DIRECTION('',(0.707106781186548,-0.707106781186548,0.));
#5843=DIRECTION('',(0.707106781186548,-0.707106781186548,0.));
#5844=DIRECTION('',(-0.707106781186548,-0.707106781186548,0.));
#5845=DIRECTION('',(0.707106781186548,-0.707106781186548,0.));
#5846=DIRECTION('',(0.,0.,-1.));
#5847=DIRECTION('',(1.,0.,0.));
#5848=DIRECTION('',(0.707106781186548,-0.707106781186548,0.));
#5849=DIRECTION('',(0.707106781186548,-0.707106781186548,0.));
#5850=DIRECTION('',(-0.707106781186548,-0.707106781186548,0.));
#5851=DIRECTION('',(0.,0.,1.));
#5852=DIRECTION('',(-1.,0.,0.));
#5853=DIRECTION('',(0.,0.,1.));
#5854=DIRECTION('',(-1.,0.,0.));
#5855=DIRECTION('',(0.,0.,1.));
#5856=DIRECTION('',(1.,0.,0.));
#5857=DIRECTION('',(-0.707106781186548,0.707106781186548,0.));
#5858=DIRECTION('',(0.707106781186548,0.707106781186548,0.));
#5859=DIRECTION('',(0.,0.,1.));
#5860=DIRECTION('',(-0.707106781186548,-0.707106781186548,0.));
#5861=DIRECTION('',(0.,0.,-1.));
#5862=DIRECTION('',(-0.707106781186548,-0.707106781186548,0.));
#5863=DIRECTION('',(0.,0.,-1.));
#5864=DIRECTION('',(-0.707106781186548,-0.707106781186548,0.));
#5865=DIRECTION('',(0.707106781186548,-0.707106781186548,0.));
#5866=DIRECTION('',(0.707106781186548,0.707106781186548,0.));
#5867=DIRECTION('',(0.707106781186548,-0.707106781186548,0.));
#5868=DIRECTION('',(0.707106781186548,0.707106781186548,0.));
#5869=DIRECTION('',(0.707106781186548,0.707106781186548,0.));
#5870=DIRECTION('',(0.707106781186548,-0.707106781186548,0.));
#5871=DIRECTION('',(0.707106781186548,0.707106781186548,0.));
#5872=DIRECTION('',(0.707106781186548,0.707106781186548,0.));
#5873=DIRECTION('',(-0.707106781186548,0.707106781186548,0.));
#5874=DIRECTION('',(0.707106781186548,0.707106781186548,0.));
#5875=DIRECTION('',(-0.707106781186548,-0.707106781186548,0.));
#5876=DIRECTION('',(0.,0.,-1.));
#5877=DIRECTION('',(-0.707106781186548,-0.707106781186548,0.));
#5878=DIRECTION('',(0.,0.,-1.));
#5879=DIRECTION('',(-0.707106781186548,-0.707106781186548,0.));
#5880=DIRECTION('',(0.,0.,-1.));
#5881=DIRECTION('',(0.707106781186548,-0.707106781186548,0.));
#5882=DIRECTION('',(0.707106781186548,0.707106781186548,0.));
#5883=DIRECTION('',(0.707106781186548,0.707106781186548,0.));
#5884=DIRECTION('',(0.707106781186548,-0.707106781186548,0.));
#5885=DIRECTION('',(0.707106781186548,0.707106781186548,0.));
#5886=DIRECTION('',(0.707106781186548,0.707106781186548,0.));
#5887=DIRECTION('',(-0.707106781186548,0.707106781186548,0.));
#5888=DIRECTION('',(0.707106781186548,0.707106781186548,0.));
#5889=DIRECTION('',(0.,0.,1.));
#5890=DIRECTION('',(1.,0.,0.));
#5891=DIRECTION('',(0.,0.,-1.));
#5892=DIRECTION('',(-1.,0.,0.));
#5893=DIRECTION('',(0.,0.,-1.));
#5894=DIRECTION('',(1.,0.,0.));
#5895=DIRECTION('',(0.,0.,-1.));
#5896=DIRECTION('',(-1.,0.,0.));
#5897=DIRECTION('',(0.,0.,-1.));
#5898=DIRECTION('',(1.,0.,0.));
#5899=DIRECTION('',(0.,0.,1.));
#5900=DIRECTION('',(-1.,0.,0.));
#5901=DIRECTION('',(0.,0.,1.));
#5902=DIRECTION('',(-1.,0.,0.));
#5903=DIRECTION('',(0.,0.,-1.));
#5904=DIRECTION('',(1.,0.,0.));
#5905=DIRECTION('',(0.,0.,1.));
#5906=DIRECTION('',(-1.,0.,0.));
#5907=DIRECTION('',(0.,0.,-1.));
#5908=DIRECTION('',(1.,0.,0.));
#5909=DIRECTION('',(0.,0.,-1.));
#5910=DIRECTION('',(-1.,0.,0.));
#5911=DIRECTION('',(0.,0.,-1.));
#5912=DIRECTION('',(1.,0.,0.));
#5913=DIRECTION('',(0.,0.,-1.));
#5914=DIRECTION('',(-1.,0.,0.));
#5915=DIRECTION('',(0.,0.,-1.));
#5916=DIRECTION('',(1.,0.,0.));
#5917=DIRECTION('',(0.,0.,1.));
#5918=DIRECTION('',(-1.,0.,0.));
#5919=DIRECTION('',(0.,0.,-1.));
#5920=DIRECTION('',(1.,0.,0.));
#5921=DIRECTION('',(0.,0.,1.));
#5922=DIRECTION('',(-1.,0.,0.));
#5923=DIRECTION('',(0.,0.,-1.));
#5924=DIRECTION('',(1.,0.,0.));
#5925=DIRECTION('',(-0.045744293619,0.998953181886568,0.));
#5926=DIRECTION('',(0.530885855908085,0.847443336156902,0.));
#5927=DIRECTION('',(1.,0.,0.));
#5928=DIRECTION('',(0.707106781186548,-0.707106781186548,0.));
#5929=DIRECTION('',(0.,1.,0.));
#5930=DIRECTION('',(0.847443336156902,0.530885855908085,0.));
#5931=DIRECTION('',(0.998953181886568,-0.045744293619,0.));
#5932=DIRECTION('',(-0.707106781186548,0.707106781186548,0.));
#5933=DIRECTION('',(0.,0.,1.));
#5934=DIRECTION('',(1.,0.,0.));
#5935=DIRECTION('',(0.,0.,-1.));
#5936=DIRECTION('',(1.,0.,0.));
#5937=DIRECTION('',(0.,0.,-1.));
#5938=DIRECTION('',(1.,0.,0.));
#5939=DIRECTION('',(0.,1.,0.));
#5940=DIRECTION('',(0.,1.,0.));
#5941=DIRECTION('',(-1.,4.16333634234434E-16,0.));
#5942=DIRECTION('',(1.,-1.96291199544759E-16,0.));
#5943=DIRECTION('',(0.,0.,1.));
#5944=DIRECTION('',(1.,0.,0.));
#5945=DIRECTION('',(-1.,4.16333634234434E-16,0.));
#5946=DIRECTION('',(0.,1.,0.));
#5947=DIRECTION('',(0.998953181886568,-0.045744293619,0.));
#5948=DIRECTION('',(0.847443336156902,0.530885855908085,0.));
#5949=DIRECTION('',(0.,1.,0.));
#5950=DIRECTION('',(0.707106781186548,-0.707106781186548,0.));
#5951=DIRECTION('',(1.,0.,0.));
#5952=DIRECTION('',(0.530885855908085,0.847443336156902,0.));
#5953=DIRECTION('',(-0.045744293619,0.998953181886568,0.));
#5954=DIRECTION('',(0.,0.,-1.));
#5955=DIRECTION('',(1.,0.,0.));
#5956=DIRECTION('',(0.707106781186548,0.707106781186548,0.));
#5957=DIRECTION('',(0.935646888095809,0.352937531011693,0.));
#5958=DIRECTION('',(0.97943586717668,-0.201755748586913,0.));
#5959=DIRECTION('',(-0.201755748586913,0.97943586717668,0.));
#5960=DIRECTION('',(0.352937531011693,0.935646888095809,0.));
#5961=DIRECTION('',(0.707106781186548,0.707106781186548,0.));
#5962=DIRECTION('',(0.707106781186546,-0.707106781186549,0.));
#5963=DIRECTION('',(0.,0.,-1.));
#5964=DIRECTION('',(1.,0.,0.));
#5965=DIRECTION('',(0.,0.,1.));
#5966=DIRECTION('',(-1.,0.,0.));
#5967=DIRECTION('',(0.,0.,1.));
#5968=DIRECTION('',(-1.,0.,0.));
#5969=DIRECTION('',(0.,0.,1.));
#5970=DIRECTION('',(-1.,0.,0.));
#5971=DIRECTION('',(0.,0.,1.));
#5972=DIRECTION('',(-1.,0.,0.));
#5973=DIRECTION('',(0.,0.,1.));
#5974=DIRECTION('',(-1.,0.,0.));
#5975=DIRECTION('',(0.,0.,1.));
#5976=DIRECTION('',(-1.,0.,0.));
#5977=DIRECTION('',(0.,0.,1.));
#5978=DIRECTION('',(-1.,0.,0.));
#5979=DIRECTION('',(0.,0.,1.));
#5980=DIRECTION('',(-1.,0.,0.));
#5981=DIRECTION('',(0.,0.,1.));
#5982=DIRECTION('',(-1.,0.,0.));
#5983=DIRECTION('',(0.,0.,1.));
#5984=DIRECTION('',(-1.,0.,0.));
#5985=DIRECTION('',(0.,0.,1.));
#5986=DIRECTION('',(-1.,0.,0.));
#5987=DIRECTION('',(0.,0.,1.));
#5988=DIRECTION('',(-1.,0.,0.));
#5989=DIRECTION('',(0.,0.,1.));
#5990=DIRECTION('',(-1.,0.,0.));
#5991=DIRECTION('',(0.,0.,1.));
#5992=DIRECTION('',(-1.,0.,0.));
#5993=DIRECTION('',(0.,0.,1.));
#5994=DIRECTION('',(-1.,0.,0.));
#5995=DIRECTION('',(0.,0.,1.));
#5996=DIRECTION('',(-1.,0.,0.));
#5997=DIRECTION('',(0.,0.,1.));
#5998=DIRECTION('',(-1.,0.,0.));
#5999=DIRECTION('',(0.,0.,1.));
#6000=DIRECTION('',(-1.,0.,0.));
#6001=DIRECTION('',(0.,0.,-1.));
#6002=DIRECTION('',(-1.,0.,0.));
#6003=DIRECTION('',(1.,0.,0.));
#6004=DIRECTION('',(0.,0.,-1.));
#6005=DIRECTION('',(0.,0.,-1.));
#6006=DIRECTION('',(0.,0.,-1.));
#6007=DIRECTION('',(0.530885855908085,-0.847443336156902,0.));
#6008=DIRECTION('',(-0.847443336156902,-0.530885855908085,0.));
#6009=DIRECTION('',(0.,0.,-1.));
#6010=DIRECTION('',(-0.045744293619,-0.998953181886568,0.));
#6011=DIRECTION('',(-0.998953181886568,0.045744293619,0.));
#6012=DIRECTION('',(0.998953181886568,0.045744293619,0.));
#6013=DIRECTION('',(0.045744293619,-0.998953181886568,0.));
#6014=DIRECTION('',(0.,0.,-1.));
#6015=DIRECTION('',(0.847443336156902,-0.530885855908085,0.));
#6016=DIRECTION('',(-0.530885855908085,-0.847443336156902,0.));
#6017=DIRECTION('',(0.,0.,-1.));
#6018=DIRECTION('',(0.,-1.,0.));
#6019=DIRECTION('',(0.,0.,1.));
#6020=DIRECTION('',(0.,0.,-1.));
#6021=DIRECTION('',(-0.707106781186548,-0.707106781186548,0.));
#6022=DIRECTION('',(-0.707106781186548,0.707106781186548,0.));
#6023=DIRECTION('',(0.,0.,-1.));
#6024=DIRECTION('',(-1.,0.,0.));
#6025=DIRECTION('',(0.,0.,-1.));
#6026=DIRECTION('',(-1.,0.,0.));
#6027=DIRECTION('',(0.,0.,-1.));
#6028=DIRECTION('',(0.,0.,-1.));
#6029=DIRECTION('',(0.,0.,-1.));
#6030=DIRECTION('',(-1.,0.,0.));
#6031=DIRECTION('',(0.,0.,-1.));
#6032=DIRECTION('',(0.,0.,-1.));
#6033=DIRECTION('',(0.,0.,-1.));
#6034=DIRECTION('',(-1.,0.,0.));
#6035=DIRECTION('',(0.,0.,-1.));
#6036=DIRECTION('',(0.,0.,-1.));
#6037=DIRECTION('',(0.,0.,-1.));
#6038=DIRECTION('',(-1.,0.,0.));
#6039=DIRECTION('',(0.,0.,-1.));
#6040=DIRECTION('',(0.,0.,-1.));
#6041=DIRECTION('',(0.,0.,-1.));
#6042=DIRECTION('',(-1.,0.,0.));
#6043=DIRECTION('',(0.,0.,-1.));
#6044=DIRECTION('',(0.,0.,-1.));
#6045=DIRECTION('',(0.,0.,-1.));
#6046=DIRECTION('',(-1.,0.,0.));
#6047=DIRECTION('',(0.,0.,-1.));
#6048=DIRECTION('',(0.,0.,-1.));
#6049=DIRECTION('',(0.,0.,-1.));
#6050=DIRECTION('',(-1.,0.,0.));
#6051=DIRECTION('',(0.,0.,-1.));
#6052=DIRECTION('',(0.,0.,-1.));
#6053=DIRECTION('',(0.,0.,-1.));
#6054=DIRECTION('',(-1.,0.,0.));
#6055=DIRECTION('',(0.,0.,-1.));
#6056=DIRECTION('',(0.,0.,-1.));
#6057=DIRECTION('',(0.,0.,-1.));
#6058=DIRECTION('',(-1.,0.,0.));
#6059=DIRECTION('',(0.,0.,-1.));
#6060=DIRECTION('',(-1.,0.,0.));
#6061=DIRECTION('',(0.,0.,-1.));
#6062=DIRECTION('',(-1.,0.,0.));
#6063=DIRECTION('',(0.,0.,-1.));
#6064=DIRECTION('',(-1.,0.,0.));
#6065=DIRECTION('',(0.,0.,-1.));
#6066=DIRECTION('',(-1.,0.,0.));
#6067=DIRECTION('',(0.,0.,-1.));
#6068=DIRECTION('',(-1.,0.,0.));
#6069=DIRECTION('',(0.,0.,-1.));
#6070=DIRECTION('',(-1.,0.,0.));
#6071=DIRECTION('',(0.,0.,-1.));
#6072=DIRECTION('',(-1.,0.,0.));
#6073=DIRECTION('',(0.707106781186549,0.707106781186546,0.));
#6074=DIRECTION('',(0.707106781186546,-0.707106781186549,0.));
#6075=DIRECTION('',(0.,0.,1.));
#6076=DIRECTION('',(0.707106781186546,-0.707106781186549,0.));
#6077=DIRECTION('',(0.,0.,1.));
#6078=DIRECTION('',(-0.707106781186548,0.707106781186548,0.));
#6079=DIRECTION('',(0.707106781186548,0.707106781186548,0.));
#6080=DIRECTION('',(0.707106781186548,0.707106781186548,0.));
#6081=DIRECTION('',(0.,0.,1.));
#6082=DIRECTION('',(-0.352937531011693,0.935646888095808,0.));
#6083=DIRECTION('',(0.935646888095809,0.352937531011693,0.));
#6084=DIRECTION('',(0.935646888095809,0.352937531011693,0.));
#6085=DIRECTION('',(0.,0.,1.));
#6086=DIRECTION('',(0.201755748586913,0.97943586717668,0.));
#6087=DIRECTION('',(0.97943586717668,-0.201755748586913,0.));
#6088=DIRECTION('',(0.97943586717668,-0.201755748586913,0.));
#6089=DIRECTION('',(0.,0.,1.));
#6090=DIRECTION('',(-0.97943586717668,-0.201755748586913,0.));
#6091=DIRECTION('',(-0.201755748586913,0.97943586717668,0.));
#6092=DIRECTION('',(-0.201755748586913,0.97943586717668,0.));
#6093=DIRECTION('',(0.,0.,1.));
#6094=DIRECTION('',(-0.935646888095808,0.352937531011693,0.));
#6095=DIRECTION('',(0.352937531011693,0.935646888095809,0.));
#6096=DIRECTION('',(0.352937531011693,0.935646888095809,0.));
#6097=DIRECTION('',(0.,0.,1.));
#6098=DIRECTION('',(-0.707106781186548,0.707106781186548,0.));
#6099=DIRECTION('',(0.707106781186548,0.707106781186548,0.));
#6100=DIRECTION('',(0.707106781186548,0.707106781186548,0.));
#6101=DIRECTION('',(0.,0.,1.));
#6102=DIRECTION('',(1.,0.,0.));
#6103=DIRECTION('',(-4.16333634234434E-16,-1.,0.));
#6104=DIRECTION('',(-1.,4.16333634234434E-16,0.));
#6105=DIRECTION('',(0.,0.,1.));
#6106=DIRECTION('',(-1.,0.,0.));
#6107=DIRECTION('',(0.,0.,1.));
#6108=DIRECTION('',(1.96291199544759E-16,1.,0.));
#6109=DIRECTION('',(1.,-1.96291199544759E-16,0.));
#6110=DIRECTION('',(0.,0.,1.));
#6111=DIRECTION('',(-1.,0.,0.));
#6112=DIRECTION('',(0.,0.,1.));
#6113=DIRECTION('',(-0.707106781186548,0.707106781186548,0.));
#6114=DIRECTION('',(-0.707106781186548,0.707106781186548,0.));
#6115=DIRECTION('',(0.707106781186548,0.707106781186548,0.));
#6116=DIRECTION('',(0.,0.,-1.));
#6117=DIRECTION('',(-1.,0.,0.));
#6118=DIRECTION('',(-0.707106781186548,0.707106781186548,0.));
#6119=DIRECTION('',(-0.707106781186548,0.707106781186548,0.));
#6120=DIRECTION('',(-0.707106781186548,0.707106781186548,0.));
#6121=DIRECTION('',(0.707106781186548,0.707106781186548,0.));
#6122=DIRECTION('',(-0.707106781186548,0.707106781186548,0.));
#6123=DIRECTION('',(0.,0.,-1.));
#6124=DIRECTION('',(-1.,0.,0.));
#6125=DIRECTION('',(-0.707106781186548,0.707106781186548,0.));
#6126=DIRECTION('',(-0.707106781186548,0.707106781186548,0.));
#6127=DIRECTION('',(0.707106781186548,0.707106781186548,0.));
#6128=DIRECTION('',(0.,0.,1.));
#6129=DIRECTION('',(1.,0.,0.));
#6130=DIRECTION('',(0.,0.,1.));
#6131=DIRECTION('',(1.,0.,0.));
#6132=DIRECTION('',(0.,0.,1.));
#6133=DIRECTION('',(1.,0.,0.));
#6134=DIRECTION('',(-0.707106781186548,-0.707106781186548,0.));
#6135=DIRECTION('',(0.707106781186548,-0.707106781186548,0.));
#6136=DIRECTION('',(-0.707106781186548,-0.707106781186548,0.));
#6137=DIRECTION('',(0.707106781186548,-0.707106781186548,0.));
#6138=DIRECTION('',(-0.707106781186548,0.707106781186548,0.));
#6139=DIRECTION('',(0.,0.,-1.));
#6140=DIRECTION('',(-0.707106781186548,0.707106781186548,0.));
#6141=DIRECTION('',(0.,0.,-1.));
#6142=DIRECTION('',(-0.707106781186548,0.707106781186548,0.));
#6143=DIRECTION('',(0.,0.,1.));
#6144=DIRECTION('',(-0.707106781186548,-0.707106781186548,0.));
#6145=DIRECTION('',(0.707106781186548,-0.707106781186548,0.));
#6146=DIRECTION('',(0.707106781186548,-0.707106781186548,0.));
#6147=DIRECTION('',(-0.707106781186548,-0.707106781186548,0.));
#6148=DIRECTION('',(0.707106781186548,-0.707106781186548,0.));
#6149=DIRECTION('',(0.707106781186548,-0.707106781186548,0.));
#6150=DIRECTION('',(-0.707106781186548,-0.707106781186548,0.));
#6151=DIRECTION('',(0.707106781186548,-0.707106781186548,0.));
#6152=DIRECTION('',(-0.707106781186548,0.707106781186548,0.));
#6153=DIRECTION('',(-0.707106781186548,-0.707106781186548,0.));
#6154=DIRECTION('',(0.707106781186548,-0.707106781186548,0.));
#6155=DIRECTION('',(0.,0.,-1.));
#6156=DIRECTION('',(-0.707106781186548,0.707106781186548,0.));
#6157=DIRECTION('',(0.,0.,-1.));
#6158=DIRECTION('',(-0.707106781186548,0.707106781186548,0.));
#6159=DIRECTION('',(0.,0.,-1.));
#6160=DIRECTION('',(0.707106781186548,-0.707106781186548,0.));
#6161=DIRECTION('',(0.707106781186548,0.707106781186548,0.));
#6162=DIRECTION('',(0.707106781186548,-0.707106781186548,0.));
#6163=DIRECTION('',(0.707106781186548,-0.707106781186548,0.));
#6164=DIRECTION('',(-0.707106781186548,-0.707106781186548,0.));
#6165=DIRECTION('',(0.707106781186548,-0.707106781186548,0.));
#6166=DIRECTION('',(0.,0.,1.));
#6167=DIRECTION('',(1.,0.,0.));
#6168=DIRECTION('',(0.,0.,1.));
#6169=DIRECTION('',(-1.,0.,0.));
#6170=DIRECTION('',(0.,0.,1.));
#6171=DIRECTION('',(1.,0.,0.));
#6172=DIRECTION('',(0.,0.,1.));
#6173=DIRECTION('',(-1.,0.,0.));
#6174=DIRECTION('',(0.,0.,1.));
#6175=DIRECTION('',(1.,0.,0.));
#6176=DIRECTION('',(0.,0.,-1.));
#6177=DIRECTION('',(-1.,0.,0.));
#6178=DIRECTION('',(0.,0.,-1.));
#6179=DIRECTION('',(-1.,0.,0.));
#6180=DIRECTION('',(0.,0.,1.));
#6181=DIRECTION('',(1.,0.,0.));
#6182=DIRECTION('',(0.,0.,-1.));
#6183=DIRECTION('',(-1.,0.,0.));
#6184=DIRECTION('',(0.,0.,1.));
#6185=DIRECTION('',(1.,0.,0.));
#6186=DIRECTION('',(0.,0.,1.));
#6187=DIRECTION('',(-1.,0.,0.));
#6188=DIRECTION('',(0.,0.,1.));
#6189=DIRECTION('',(1.,0.,0.));
#6190=DIRECTION('',(0.,0.,1.));
#6191=DIRECTION('',(-1.,0.,0.));
#6192=DIRECTION('',(0.,0.,1.));
#6193=DIRECTION('',(1.,0.,0.));
#6194=DIRECTION('',(0.,0.,-1.));
#6195=DIRECTION('',(-1.,0.,0.));
#6196=DIRECTION('',(0.,0.,1.));
#6197=DIRECTION('',(1.,0.,0.));
#6198=DIRECTION('',(0.,0.,-1.));
#6199=DIRECTION('',(-1.,0.,0.));
#6200=DIRECTION('',(0.,0.,1.));
#6201=DIRECTION('',(1.,0.,0.));
#6202=DIRECTION('',(-0.707106781186548,-0.707106781186548,0.));
#6203=DIRECTION('',(0.998953181886568,0.045744293619,0.));
#6204=DIRECTION('',(0.847443336156902,-0.530885855908085,0.));
#6205=DIRECTION('',(0.,-1.,0.));
#6206=DIRECTION('',(0.707106781186548,0.707106781186548,0.));
#6207=DIRECTION('',(1.,0.,0.));
#6208=DIRECTION('',(0.530885855908085,-0.847443336156902,0.));
#6209=DIRECTION('',(-0.045744293619,-0.998953181886568,0.));
#6210=DIRECTION('',(0.,0.,1.));
#6211=DIRECTION('',(1.,0.,0.));
#6212=DIRECTION('',(0.,0.,1.));
#6213=DIRECTION('',(1.,0.,0.));
#6214=DIRECTION('',(0.,0.,1.));
#6215=DIRECTION('',(1.,0.,0.));
#6216=DIRECTION('',(0.,-1.,0.));
#6217=DIRECTION('',(1.,1.96291199544759E-16,0.));
#6218=DIRECTION('',(-1.,-4.16333634234434E-16,0.));
#6219=DIRECTION('',(0.,-1.,0.));
#6220=DIRECTION('',(0.,0.,1.));
#6221=DIRECTION('',(1.,0.,0.));
#6222=DIRECTION('',(-1.,-4.16333634234434E-16,0.));
#6223=DIRECTION('',(-0.045744293619,-0.998953181886568,0.));
#6224=DIRECTION('',(0.530885855908085,-0.847443336156902,0.));
#6225=DIRECTION('',(1.,0.,0.));
#6226=DIRECTION('',(0.707106781186548,0.707106781186548,0.));
#6227=DIRECTION('',(0.,-1.,0.));
#6228=DIRECTION('',(0.847443336156902,-0.530885855908085,0.));
#6229=DIRECTION('',(0.998953181886568,0.045744293619,0.));
#6230=DIRECTION('',(0.,-1.,0.));
#6231=DIRECTION('',(0.,0.,1.));
#6232=DIRECTION('',(1.,0.,0.));
#6233=DIRECTION('',(0.707106781186548,-0.707106781186548,0.));
#6234=DIRECTION('',(0.707106781186546,0.707106781186549,0.));
#6235=DIRECTION('',(0.707106781186548,-0.707106781186548,0.));
#6236=DIRECTION('',(0.352937531011693,-0.935646888095809,0.));
#6237=DIRECTION('',(-0.201755748586913,-0.97943586717668,0.));
#6238=DIRECTION('',(0.97943586717668,0.201755748586913,0.));
#6239=DIRECTION('',(0.935646888095809,-0.352937531011693,0.));
#6240=DIRECTION('',(0.,0.,-1.));
#6241=DIRECTION('',(1.,0.,0.));
#6242=DIRECTION('',(0.,0.,-1.));
#6243=DIRECTION('',(-1.,0.,0.));
#6244=DIRECTION('',(0.,0.,-1.));
#6245=DIRECTION('',(-1.,0.,0.));
#6246=DIRECTION('',(0.,0.,-1.));
#6247=DIRECTION('',(-1.,0.,0.));
#6248=DIRECTION('',(0.,0.,-1.));
#6249=DIRECTION('',(-1.,0.,0.));
#6250=DIRECTION('',(0.,0.,-1.));
#6251=DIRECTION('',(-1.,0.,0.));
#6252=DIRECTION('',(0.,0.,-1.));
#6253=DIRECTION('',(-1.,0.,0.));
#6254=DIRECTION('',(0.,0.,-1.));
#6255=DIRECTION('',(-1.,0.,0.));
#6256=DIRECTION('',(0.,0.,-1.));
#6257=DIRECTION('',(-1.,0.,0.));
#6258=DIRECTION('',(0.,0.,-1.));
#6259=DIRECTION('',(-1.,0.,0.));
#6260=DIRECTION('',(0.,0.,-1.));
#6261=DIRECTION('',(-1.,0.,0.));
#6262=DIRECTION('',(0.,0.,-1.));
#6263=DIRECTION('',(-1.,0.,0.));
#6264=DIRECTION('',(0.,0.,-1.));
#6265=DIRECTION('',(-1.,0.,0.));
#6266=DIRECTION('',(0.,0.,-1.));
#6267=DIRECTION('',(-1.,0.,0.));
#6268=DIRECTION('',(0.,0.,-1.));
#6269=DIRECTION('',(-1.,0.,0.));
#6270=DIRECTION('',(0.,0.,-1.));
#6271=DIRECTION('',(-1.,0.,0.));
#6272=DIRECTION('',(0.,0.,-1.));
#6273=DIRECTION('',(-1.,0.,0.));
#6274=DIRECTION('',(0.,0.,-1.));
#6275=DIRECTION('',(-1.,0.,0.));
#6276=DIRECTION('',(0.,0.,-1.));
#6277=DIRECTION('',(-1.,0.,0.));
#6278=DIRECTION('',(0.,0.,-1.));
#6279=DIRECTION('',(-1.,0.,0.));
#6280=DIRECTION('',(1.,0.,0.));
#6281=DIRECTION('',(0.,0.,-1.));
#6282=DIRECTION('',(0.,0.,-1.));
#6283=DIRECTION('',(0.,0.,-1.));
#6284=DIRECTION('',(0.530885855908085,0.847443336156902,0.));
#6285=DIRECTION('',(-0.847443336156902,0.530885855908085,0.));
#6286=DIRECTION('',(0.,0.,-1.));
#6287=DIRECTION('',(-0.045744293619,0.998953181886568,0.));
#6288=DIRECTION('',(-0.998953181886568,-0.045744293619,0.));
#6289=DIRECTION('',(0.998953181886568,-0.045744293619,0.));
#6290=DIRECTION('',(0.045744293619,0.998953181886568,0.));
#6291=DIRECTION('',(0.,0.,-1.));
#6292=DIRECTION('',(0.847443336156902,0.530885855908085,0.));
#6293=DIRECTION('',(-0.530885855908085,0.847443336156902,0.));
#6294=DIRECTION('',(0.,0.,-1.));
#6295=DIRECTION('',(0.,1.,0.));
#6296=DIRECTION('',(0.,0.,1.));
#6297=DIRECTION('',(0.,0.,-1.));
#6298=DIRECTION('',(-0.707106781186548,0.707106781186548,0.));
#6299=DIRECTION('',(-0.707106781186548,-0.707106781186548,0.));
#6300=DIRECTION('',(0.,0.,-1.));
#6301=DIRECTION('',(-1.,0.,0.));
#6302=DIRECTION('',(0.,0.,-1.));
#6303=DIRECTION('',(-1.,0.,0.));
#6304=DIRECTION('',(0.,0.,-1.));
#6305=DIRECTION('',(0.,0.,-1.));
#6306=DIRECTION('',(0.,0.,-1.));
#6307=DIRECTION('',(-1.,0.,0.));
#6308=DIRECTION('',(0.,0.,-1.));
#6309=DIRECTION('',(0.,0.,-1.));
#6310=DIRECTION('',(0.,0.,-1.));
#6311=DIRECTION('',(-1.,0.,0.));
#6312=DIRECTION('',(0.,0.,-1.));
#6313=DIRECTION('',(0.,0.,-1.));
#6314=DIRECTION('',(0.,0.,-1.));
#6315=DIRECTION('',(-1.,0.,0.));
#6316=DIRECTION('',(0.,0.,-1.));
#6317=DIRECTION('',(0.,0.,-1.));
#6318=DIRECTION('',(0.,0.,-1.));
#6319=DIRECTION('',(-1.,0.,0.));
#6320=DIRECTION('',(0.,0.,-1.));
#6321=DIRECTION('',(0.,0.,-1.));
#6322=DIRECTION('',(0.,0.,-1.));
#6323=DIRECTION('',(-1.,0.,0.));
#6324=DIRECTION('',(0.,0.,-1.));
#6325=DIRECTION('',(0.,0.,-1.));
#6326=DIRECTION('',(0.,0.,-1.));
#6327=DIRECTION('',(-1.,0.,0.));
#6328=DIRECTION('',(0.,0.,-1.));
#6329=DIRECTION('',(0.,0.,-1.));
#6330=DIRECTION('',(0.,0.,-1.));
#6331=DIRECTION('',(-1.,0.,0.));
#6332=DIRECTION('',(0.,0.,-1.));
#6333=DIRECTION('',(0.,0.,-1.));
#6334=DIRECTION('',(0.,0.,-1.));
#6335=DIRECTION('',(-1.,0.,0.));
#6336=DIRECTION('',(0.,0.,-1.));
#6337=DIRECTION('',(-1.,0.,0.));
#6338=DIRECTION('',(0.,0.,-1.));
#6339=DIRECTION('',(-1.,0.,0.));
#6340=DIRECTION('',(0.,0.,-1.));
#6341=DIRECTION('',(-1.,0.,0.));
#6342=DIRECTION('',(0.,0.,-1.));
#6343=DIRECTION('',(-1.,0.,0.));
#6344=DIRECTION('',(0.,0.,-1.));
#6345=DIRECTION('',(-1.,0.,0.));
#6346=DIRECTION('',(0.,0.,-1.));
#6347=DIRECTION('',(-1.,0.,0.));
#6348=DIRECTION('',(0.,0.,-1.));
#6349=DIRECTION('',(-1.,0.,0.));
#6350=DIRECTION('',(0.707106781186549,-0.707106781186546,0.));
#6351=DIRECTION('',(0.707106781186546,0.707106781186549,0.));
#6352=DIRECTION('',(0.,0.,1.));
#6353=DIRECTION('',(0.707106781186546,0.707106781186549,0.));
#6354=DIRECTION('',(0.,0.,1.));
#6355=DIRECTION('',(-0.707106781186548,-0.707106781186548,0.));
#6356=DIRECTION('',(0.707106781186548,-0.707106781186548,0.));
#6357=DIRECTION('',(0.,0.,1.));
#6358=DIRECTION('',(0.707106781186548,-0.707106781186548,0.));
#6359=DIRECTION('',(-0.352937531011693,-0.935646888095808,0.));
#6360=DIRECTION('',(0.935646888095809,-0.352937531011693,0.));
#6361=DIRECTION('',(0.,0.,1.));
#6362=DIRECTION('',(0.935646888095809,-0.352937531011693,0.));
#6363=DIRECTION('',(0.201755748586913,-0.97943586717668,0.));
#6364=DIRECTION('',(0.97943586717668,0.201755748586913,0.));
#6365=DIRECTION('',(0.,0.,1.));
#6366=DIRECTION('',(0.97943586717668,0.201755748586913,0.));
#6367=DIRECTION('',(-0.97943586717668,0.201755748586913,0.));
#6368=DIRECTION('',(-0.201755748586913,-0.97943586717668,0.));
#6369=DIRECTION('',(0.,0.,1.));
#6370=DIRECTION('',(-0.201755748586913,-0.97943586717668,0.));
#6371=DIRECTION('',(-0.935646888095808,-0.352937531011693,0.));
#6372=DIRECTION('',(0.352937531011693,-0.935646888095809,0.));
#6373=DIRECTION('',(0.,0.,1.));
#6374=DIRECTION('',(0.352937531011693,-0.935646888095809,0.));
#6375=DIRECTION('',(-0.707106781186548,-0.707106781186548,0.));
#6376=DIRECTION('',(0.707106781186548,-0.707106781186548,0.));
#6377=DIRECTION('',(0.707106781186548,-0.707106781186548,0.));
#6378=DIRECTION('',(0.,0.,1.));
#6379=DIRECTION('',(1.,0.,0.));
#6380=DIRECTION('',(-4.16333634234434E-16,1.,0.));
#6381=DIRECTION('',(-1.,-4.16333634234434E-16,0.));
#6382=DIRECTION('',(0.,0.,1.));
#6383=DIRECTION('',(-1.,0.,0.));
#6384=DIRECTION('',(0.,0.,1.));
#6385=DIRECTION('',(1.96291199544759E-16,-1.,0.));
#6386=DIRECTION('',(1.,1.96291199544759E-16,0.));
#6387=DIRECTION('',(0.,0.,1.));
#6388=DIRECTION('',(-1.,0.,0.));
#6389=DIRECTION('',(0.,0.,1.));
#6390=DIRECTION('',(-0.707106781186548,-0.707106781186548,0.));
#6391=DIRECTION('',(-0.707106781186548,-0.707106781186548,0.));
#6392=DIRECTION('',(0.707106781186548,-0.707106781186548,0.));
#6393=DIRECTION('',(0.,0.,-1.));
#6394=DIRECTION('',(-1.,0.,0.));
#6395=DIRECTION('',(-0.707106781186548,-0.707106781186548,0.));
#6396=DIRECTION('',(-0.707106781186548,-0.707106781186548,0.));
#6397=DIRECTION('',(-0.707106781186548,-0.707106781186548,0.));
#6398=DIRECTION('',(0.707106781186548,-0.707106781186548,0.));
#6399=DIRECTION('',(-0.707106781186548,-0.707106781186548,0.));
#6400=DIRECTION('',(0.,0.,-1.));
#6401=DIRECTION('',(-1.,0.,0.));
#6402=DIRECTION('',(-0.707106781186548,-0.707106781186548,0.));
#6403=DIRECTION('',(-0.707106781186548,-0.707106781186548,0.));
#6404=DIRECTION('',(0.707106781186548,-0.707106781186548,0.));
#6405=DIRECTION('',(0.,0.,1.));
#6406=DIRECTION('',(1.,0.,0.));
#6407=DIRECTION('',(0.,0.,1.));
#6408=DIRECTION('',(1.,0.,0.));
#6409=CARTESIAN_POINT('',(0.,0.,0.));
#6410=CARTESIAN_POINT('',(0.,0.,15.));
#6411=CARTESIAN_POINT('',(0.,2.4492935982947E-16,15.));
#6412=CARTESIAN_POINT('',(5.33974596215561,2.4492935982947E-16,15.));
#6413=CARTESIAN_POINT('',(15.25,-15.25,15.));
#6414=CARTESIAN_POINT('',(17.4,-15.25,15.));
#6415=CARTESIAN_POINT('',(-15.25,-15.25,15.));
#6416=CARTESIAN_POINT('',(-13.1,-15.25,15.));
#6417=CARTESIAN_POINT('',(-15.7577035704489,28.7549951980881,15.));
#6418=CARTESIAN_POINT('',(-14.3896229971463,24.9962247149444,15.));
#6419=CARTESIAN_POINT('',(-17.1257841437516,32.5137656812317,15.));
#6420=CARTESIAN_POINT('',(-19.6929238560454,24.9962247149444,15.));
#6421=CARTESIAN_POINT('',(-24.9962247149444,24.9962247149444,15.));
#6422=CARTESIAN_POINT('',(-24.9962247149444,19.6929238560454,15.));
#6423=CARTESIAN_POINT('',(-24.9962247149444,14.3896229971463,15.));
#6424=CARTESIAN_POINT('',(-28.7549951980881,15.7577035704489,15.));
#6425=CARTESIAN_POINT('',(-32.5137656812317,17.1257841437516,15.));
#6426=CARTESIAN_POINT('',(-32.5137656812318,1.7347234759768E-14,15.));
#6427=CARTESIAN_POINT('',(-32.5137656812318,-17.1257841437516,15.));
#6428=CARTESIAN_POINT('',(-28.7549951980881,-15.7577035704489,15.));
#6429=CARTESIAN_POINT('',(-24.9962247149444,-14.3896229971462,15.));
#6430=CARTESIAN_POINT('',(-24.9962247149444,-19.6929238560454,15.));
#6431=CARTESIAN_POINT('',(-24.9962247149444,-24.9962247149444,15.));
#6432=CARTESIAN_POINT('',(-19.6929238560454,-24.9962247149444,15.));
#6433=CARTESIAN_POINT('',(-14.3896229971463,-24.9962247149444,15.));
#6434=CARTESIAN_POINT('',(-15.7577035704489,-28.7549951980881,15.));
#6435=CARTESIAN_POINT('',(-17.1257841437516,-32.5137656812317,15.));
#6436=CARTESIAN_POINT('',(0.,-32.5137656812317,15.));
#6437=CARTESIAN_POINT('',(17.1257841437516,-32.5137656812317,15.));
#6438=CARTESIAN_POINT('',(15.7577035704489,-28.7549951980881,15.));
#6439=CARTESIAN_POINT('',(14.3896229971463,-24.9962247149444,15.));
#6440=CARTESIAN_POINT('',(19.6929238560454,-24.9962247149444,15.));
#6441=CARTESIAN_POINT('',(24.9962247149444,-24.9962247149444,15.));
#6442=CARTESIAN_POINT('',(24.9962247149444,-19.6929238560454,15.));
#6443=CARTESIAN_POINT('',(24.9962247149444,-14.3896229971462,15.));
#6444=CARTESIAN_POINT('',(28.7549951980881,-15.7577035704489,15.));
#6445=CARTESIAN_POINT('',(32.5137656812318,-17.1257841437516,15.));
#6446=CARTESIAN_POINT('',(32.5137656812318,1.7347234759768E-14,15.));
#6447=CARTESIAN_POINT('',(32.5137656812317,17.1257841437516,15.));
#6448=CARTESIAN_POINT('',(28.7549951980881,15.7577035704489,15.));
#6449=CARTESIAN_POINT('',(24.9962247149444,14.3896229971463,15.));
#6450=CARTESIAN_POINT('',(24.9962247149444,19.6929238560454,15.));
#6451=CARTESIAN_POINT('',(24.9962247149444,24.9962247149444,15.));
#6452=CARTESIAN_POINT('',(19.6929238560454,24.9962247149444,15.));
#6453=CARTESIAN_POINT('',(14.3896229971463,24.9962247149444,15.));
#6454=CARTESIAN_POINT('',(15.7577035704489,28.7549951980881,15.));
#6455=CARTESIAN_POINT('',(17.1257841437516,32.5137656812317,15.));
#6456=CARTESIAN_POINT('',(0.,32.5137656812317,15.));
#6457=CARTESIAN_POINT('',(16.4402326625873,21.7435335214863,15.));
#6458=CARTESIAN_POINT('',(18.5902326625873,21.7435335214863,15.));
#6459=CARTESIAN_POINT('',(21.743011748025,16.4397108891259,15.));
#6460=CARTESIAN_POINT('',(23.893011748025,16.4397108891259,15.));
#6461=CARTESIAN_POINT('',(-21.743011748025,-16.4397108891259,15.));
#6462=CARTESIAN_POINT('',(-19.593011748025,-16.4397108891259,15.));
#6463=CARTESIAN_POINT('',(-16.4402326625873,-21.7435335214863,15.));
#6464=CARTESIAN_POINT('',(-14.2902326625873,-21.7435335214863,15.));
#6465=CARTESIAN_POINT('',(-21.743011748025,16.4397108891259,15.));
#6466=CARTESIAN_POINT('',(-19.593011748025,16.4397108891259,15.));
#6467=CARTESIAN_POINT('',(-16.4402326625872,21.7435335214863,15.));
#6468=CARTESIAN_POINT('',(-14.2902326625872,21.7435335214863,15.));
#6469=CARTESIAN_POINT('',(21.743011748025,-16.4397108891259,15.));
#6470=CARTESIAN_POINT('',(23.893011748025,-16.4397108891259,15.));
#6471=CARTESIAN_POINT('',(16.4402326625873,-21.7435335214863,15.));
#6472=CARTESIAN_POINT('',(18.5902326625873,-21.7435335214863,15.));
#6473=CARTESIAN_POINT('',(15.25,15.25,15.));
#6474=CARTESIAN_POINT('',(17.4,15.25,15.));
#6475=CARTESIAN_POINT('',(-15.25,15.25,15.));
#6476=CARTESIAN_POINT('',(-13.1,15.25,15.));
#6477=CARTESIAN_POINT('',(0.,0.,10.));
#6478=CARTESIAN_POINT('',(0.,2.4492935982947E-16,10.));
#6479=CARTESIAN_POINT('',(14.,2.4492935982947E-16,10.));
#6480=CARTESIAN_POINT('',(15.25,15.25,10.));
#6481=CARTESIAN_POINT('',(17.4,15.25,10.));
#6482=CARTESIAN_POINT('',(-15.25,-15.25,10.));
#6483=CARTESIAN_POINT('',(-13.1,-15.25,10.));
#6484=CARTESIAN_POINT('',(-15.7577035704489,28.7549951980881,10.));
#6485=CARTESIAN_POINT('',(-14.3896229971463,24.9962247149444,10.));
#6486=CARTESIAN_POINT('',(-17.1257841437516,32.5137656812317,10.));
#6487=CARTESIAN_POINT('',(0.,32.5137656812317,10.));
#6488=CARTESIAN_POINT('',(17.1257841437516,32.5137656812317,10.));
#6489=CARTESIAN_POINT('',(15.7577035704489,28.7549951980881,10.));
#6490=CARTESIAN_POINT('',(14.3896229971463,24.9962247149444,10.));
#6491=CARTESIAN_POINT('',(19.6929238560454,24.9962247149444,10.));
#6492=CARTESIAN_POINT('',(24.9962247149444,24.9962247149444,10.));
#6493=CARTESIAN_POINT('',(24.9962247149444,19.6929238560454,10.));
#6494=CARTESIAN_POINT('',(24.9962247149444,14.3896229971463,10.));
#6495=CARTESIAN_POINT('',(28.7549951980881,15.7577035704489,10.));
#6496=CARTESIAN_POINT('',(32.5137656812317,17.1257841437516,10.));
#6497=CARTESIAN_POINT('',(32.5137656812318,1.7347234759768E-14,10.));
#6498=CARTESIAN_POINT('',(32.5137656812318,-17.1257841437516,10.));
#6499=CARTESIAN_POINT('',(28.7549951980881,-15.7577035704489,10.));
#6500=CARTESIAN_POINT('',(24.9962247149444,-14.3896229971462,10.));
#6501=CARTESIAN_POINT('',(24.9962247149444,-19.6929238560454,10.));
#6502=CARTESIAN_POINT('',(24.9962247149444,-24.9962247149444,10.));
#6503=CARTESIAN_POINT('',(19.6929238560454,-24.9962247149444,10.));
#6504=CARTESIAN_POINT('',(14.3896229971463,-24.9962247149444,10.));
#6505=CARTESIAN_POINT('',(15.7577035704489,-28.7549951980881,10.));
#6506=CARTESIAN_POINT('',(17.1257841437516,-32.5137656812317,10.));
#6507=CARTESIAN_POINT('',(0.,-32.5137656812317,10.));
#6508=CARTESIAN_POINT('',(-17.1257841437516,-32.5137656812317,10.));
#6509=CARTESIAN_POINT('',(-15.7577035704489,-28.7549951980881,10.));
#6510=CARTESIAN_POINT('',(-14.3896229971463,-24.9962247149444,10.));
#6511=CARTESIAN_POINT('',(-19.6929238560454,-24.9962247149444,10.));
#6512=CARTESIAN_POINT('',(-24.9962247149444,-24.9962247149444,10.));
#6513=CARTESIAN_POINT('',(-24.9962247149444,-19.6929238560454,10.));
#6514=CARTESIAN_POINT('',(-24.9962247149444,-14.3896229971462,10.));
#6515=CARTESIAN_POINT('',(-28.7549951980881,-15.7577035704489,10.));
#6516=CARTESIAN_POINT('',(-32.5137656812318,-17.1257841437516,10.));
#6517=CARTESIAN_POINT('',(-32.5137656812318,1.7347234759768E-14,10.));
#6518=CARTESIAN_POINT('',(-32.5137656812317,17.1257841437516,10.));
#6519=CARTESIAN_POINT('',(-28.7549951980881,15.7577035704489,10.));
#6520=CARTESIAN_POINT('',(-24.9962247149444,14.3896229971463,10.));
#6521=CARTESIAN_POINT('',(-24.9962247149444,19.6929238560454,10.));
#6522=CARTESIAN_POINT('',(-24.9962247149444,24.9962247149444,10.));
#6523=CARTESIAN_POINT('',(-19.6929238560454,24.9962247149444,10.));
#6524=CARTESIAN_POINT('',(16.4402326625873,21.7435335214863,10.));
#6525=CARTESIAN_POINT('',(18.5902326625873,21.7435335214863,10.));
#6526=CARTESIAN_POINT('',(21.743011748025,16.4397108891259,10.));
#6527=CARTESIAN_POINT('',(23.893011748025,16.4397108891259,10.));
#6528=CARTESIAN_POINT('',(-21.743011748025,-16.4397108891259,10.));
#6529=CARTESIAN_POINT('',(-19.593011748025,-16.4397108891259,10.));
#6530=CARTESIAN_POINT('',(-16.4402326625873,-21.7435335214863,10.));
#6531=CARTESIAN_POINT('',(-14.2902326625873,-21.7435335214863,10.));
#6532=CARTESIAN_POINT('',(-21.743011748025,16.4397108891259,10.));
#6533=CARTESIAN_POINT('',(-19.593011748025,16.4397108891259,10.));
#6534=CARTESIAN_POINT('',(-16.4402326625872,21.7435335214863,10.));
#6535=CARTESIAN_POINT('',(-14.2902326625872,21.7435335214863,10.));
#6536=CARTESIAN_POINT('',(21.743011748025,-16.4397108891259,10.));
#6537=CARTESIAN_POINT('',(23.893011748025,-16.4397108891259,10.));
#6538=CARTESIAN_POINT('',(16.4402326625873,-21.7435335214863,10.));
#6539=CARTESIAN_POINT('',(18.5902326625873,-21.7435335214863,10.));
#6540=CARTESIAN_POINT('',(15.25,-15.25,10.));
#6541=CARTESIAN_POINT('',(17.4,-15.25,10.));
#6542=CARTESIAN_POINT('',(-15.25,15.25,10.));
#6543=CARTESIAN_POINT('',(-13.1,15.25,10.));
#6544=CARTESIAN_POINT('',(-15.7577035704489,28.7549951980881,15.));
#6545=CARTESIAN_POINT('',(-14.3896229971463,24.9962247149444,15.));
#6546=CARTESIAN_POINT('',(-17.1257841437516,32.5137656812317,15.));
#6547=CARTESIAN_POINT('',(-19.6929238560454,24.9962247149444,15.));
#6548=CARTESIAN_POINT('',(-24.9962247149444,24.9962247149444,15.));
#6549=CARTESIAN_POINT('',(-24.9962247149444,19.6929238560454,15.));
#6550=CARTESIAN_POINT('',(-24.9962247149444,14.3896229971463,15.));
#6551=CARTESIAN_POINT('',(-28.7549951980881,15.7577035704489,15.));
#6552=CARTESIAN_POINT('',(-32.5137656812317,17.1257841437516,15.));
#6553=CARTESIAN_POINT('',(-32.5137656812318,1.7347234759768E-14,15.));
#6554=CARTESIAN_POINT('',(-32.5137656812318,-17.1257841437516,15.));
#6555=CARTESIAN_POINT('',(-28.7549951980881,-15.7577035704489,15.));
#6556=CARTESIAN_POINT('',(-24.9962247149444,-14.3896229971462,15.));
#6557=CARTESIAN_POINT('',(-24.9962247149444,-19.6929238560454,15.));
#6558=CARTESIAN_POINT('',(-24.9962247149444,-24.9962247149444,15.));
#6559=CARTESIAN_POINT('',(-19.6929238560454,-24.9962247149444,15.));
#6560=CARTESIAN_POINT('',(-14.3896229971463,-24.9962247149444,15.));
#6561=CARTESIAN_POINT('',(-15.7577035704489,-28.7549951980881,15.));
#6562=CARTESIAN_POINT('',(-17.1257841437516,-32.5137656812317,15.));
#6563=CARTESIAN_POINT('',(0.,-32.5137656812317,15.));
#6564=CARTESIAN_POINT('',(17.1257841437516,-32.5137656812317,15.));
#6565=CARTESIAN_POINT('',(15.7577035704489,-28.7549951980881,15.));
#6566=CARTESIAN_POINT('',(14.3896229971463,-24.9962247149444,15.));
#6567=CARTESIAN_POINT('',(19.6929238560454,-24.9962247149444,15.));
#6568=CARTESIAN_POINT('',(24.9962247149444,-24.9962247149444,15.));
#6569=CARTESIAN_POINT('',(24.9962247149444,-19.6929238560454,15.));
#6570=CARTESIAN_POINT('',(24.9962247149444,-14.3896229971462,15.));
#6571=CARTESIAN_POINT('',(28.7549951980881,-15.7577035704489,15.));
#6572=CARTESIAN_POINT('',(32.5137656812318,-17.1257841437516,15.));
#6573=CARTESIAN_POINT('',(32.5137656812318,1.7347234759768E-14,15.));
#6574=CARTESIAN_POINT('',(32.5137656812317,17.1257841437516,15.));
#6575=CARTESIAN_POINT('',(28.7549951980881,15.7577035704489,15.));
#6576=CARTESIAN_POINT('',(24.9962247149444,14.3896229971463,15.));
#6577=CARTESIAN_POINT('',(24.9962247149444,19.6929238560454,15.));
#6578=CARTESIAN_POINT('',(24.9962247149444,24.9962247149444,15.));
#6579=CARTESIAN_POINT('',(19.6929238560454,24.9962247149444,15.));
#6580=CARTESIAN_POINT('',(14.3896229971463,24.9962247149444,15.));
#6581=CARTESIAN_POINT('',(15.7577035704489,28.7549951980881,15.));
#6582=CARTESIAN_POINT('',(17.1257841437516,32.5137656812317,15.));
#6583=CARTESIAN_POINT('',(21.743011748025,-16.4397108891259,15.));
#6584=CARTESIAN_POINT('',(-16.4402326625872,21.7435335214863,15.));
#6585=CARTESIAN_POINT('',(-21.743011748025,16.4397108891259,15.));
#6586=CARTESIAN_POINT('',(-16.4402326625873,-21.7435335214863,15.));
#6587=CARTESIAN_POINT('',(-21.743011748025,-16.4397108891259,15.));
#6588=CARTESIAN_POINT('',(21.743011748025,16.4397108891259,15.));
#6589=CARTESIAN_POINT('',(16.4402326625873,21.7435335214863,15.));
#6590=CARTESIAN_POINT('',(0.,32.5137656812317,15.));
#6591=CARTESIAN_POINT('',(16.4402326625873,-21.7435335214863,15.));
#6592=CARTESIAN_POINT('',(-15.25,-15.25,-10.));
#6593=CARTESIAN_POINT('',(15.25,-15.25,-10.));
#6594=CARTESIAN_POINT('',(15.25,15.25,-10.));
#6595=CARTESIAN_POINT('',(-15.25,15.25,-10.));
#6596=CARTESIAN_POINT('',(0.,2.4492935982947E-16,20.));
#6597=CARTESIAN_POINT('',(0.,0.,0.));
#6598=CARTESIAN_POINT('',(37.1231060122938,-47.729707730092,15.));
#6599=CARTESIAN_POINT('',(7.07106781186548,-17.6776695296637,5.));
#6600=CARTESIAN_POINT('',(21.2047494434976,-31.8113511612958,2.84223136008552));
#6601=CARTESIAN_POINT('',(35.3384310751297,-45.9450327929279,0.684462720171043));
#6602=CARTESIAN_POINT('',(46.0254893316342,-56.6320910494324,4.33680868994202E-16));
#6603=CARTESIAN_POINT('',(7.07106781186547,-17.6776695296637,5.));
#6604=CARTESIAN_POINT('',(30.1602925436533,-40.7668942614515,1.64019343483004));
#6605=CARTESIAN_POINT('',(55.4421928387438,-66.048794556542,390.514671124226));
#6606=CARTESIAN_POINT('',(55.4421928387438,-66.048794556542,0.));
#6607=CARTESIAN_POINT('',(37.1231060122938,-47.729707730092,0.));
#6608=CARTESIAN_POINT('',(65.7056375377276,-76.3122392555258,0.));
#6609=CARTESIAN_POINT('',(65.7056375377276,-76.3122392555258,15.));
#6610=CARTESIAN_POINT('',(65.7056375377276,-76.3122392555258,15.));
#6611=CARTESIAN_POINT('',(37.1231060122938,-47.729707730092,15.));
#6612=CARTESIAN_POINT('',(14.3896229971463,-24.9962247149444,15.));
#6613=CARTESIAN_POINT('',(14.3896229971463,-24.9962247149444,15.));
#6614=CARTESIAN_POINT('',(14.3896229971463,-24.9962247149444,10.));
#6615=CARTESIAN_POINT('',(37.1231060122938,-47.729707730092,10.));
#6616=CARTESIAN_POINT('',(7.07106781186551,-17.6776695296637,10.));
#6617=CARTESIAN_POINT('',(7.0710678118655,-17.6776695296637,15.));
#6618=CARTESIAN_POINT('',(59.4391620439662,-70.0457637617643,7.5));
#6619=CARTESIAN_POINT('',(59.4391620439662,-70.0457637617643,5.));
#6620=CARTESIAN_POINT('',(59.4391620439662,-70.0457637617643,10.));
#6621=CARTESIAN_POINT('',(37.1231060122938,-47.729707730092,5.));
#6622=CARTESIAN_POINT('',(40.4401404423286,-51.0467421601268,5.));
#6623=CARTESIAN_POINT('',(40.4401404423286,-51.0467421601268,7.5));
#6624=CARTESIAN_POINT('',(40.4401404423286,-51.0467421601268,10.));
#6625=CARTESIAN_POINT('',(37.1231060122938,-47.729707730092,10.));
#6626=CARTESIAN_POINT('',(47.729707730092,-37.1231060122938,15.));
#6627=CARTESIAN_POINT('',(47.729707730092,-37.1231060122938,0.));
#6628=CARTESIAN_POINT('',(66.048794556542,-55.4421928387438,0.));
#6629=CARTESIAN_POINT('',(76.3122392555258,-65.7056375377276,0.));
#6630=CARTESIAN_POINT('',(66.048794556542,-55.4421928387438,390.514671124226));
#6631=CARTESIAN_POINT('',(40.7668942614516,-30.1602925436533,1.64019343483004));
#6632=CARTESIAN_POINT('',(17.6776695296637,-7.07106781186546,5.));
#6633=CARTESIAN_POINT('',(31.8113511612959,-21.2047494434976,2.84223136008552));
#6634=CARTESIAN_POINT('',(45.945032792928,-35.3384310751297,0.684462720171043));
#6635=CARTESIAN_POINT('',(56.6320910494324,-46.0254893316342,4.33680868994202E-16));
#6636=CARTESIAN_POINT('',(17.6776695296637,-7.07106781186546,5.));
#6637=CARTESIAN_POINT('',(17.6776695296637,-7.07106781186546,15.));
#6638=CARTESIAN_POINT('',(17.6776695296637,-7.07106781186546,10.));
#6639=CARTESIAN_POINT('',(47.729707730092,-37.1231060122938,10.));
#6640=CARTESIAN_POINT('',(24.9962247149444,-14.3896229971462,10.));
#6641=CARTESIAN_POINT('',(24.9962247149444,-14.3896229971462,15.));
#6642=CARTESIAN_POINT('',(24.9962247149444,-14.3896229971462,15.));
#6643=CARTESIAN_POINT('',(47.729707730092,-37.1231060122938,15.));
#6644=CARTESIAN_POINT('',(76.3122392555258,-65.7056375377276,15.));
#6645=CARTESIAN_POINT('',(76.3122392555258,-65.7056375377276,15.));
#6646=CARTESIAN_POINT('',(58.5477683583344,-47.9411666405362,5.));
#6647=CARTESIAN_POINT('',(70.0457637617644,-59.4391620439661,5.));
#6648=CARTESIAN_POINT('',(51.0467421601268,-40.4401404423285,5.));
#6649=CARTESIAN_POINT('',(70.0457637617644,-59.4391620439661,7.5));
#6650=CARTESIAN_POINT('',(70.0457637617644,-59.4391620439661,10.));
#6651=CARTESIAN_POINT('',(60.5462529609456,-49.9396512431473,10.));
#6652=CARTESIAN_POINT('',(51.0467421601268,-40.4401404423285,10.));
#6653=CARTESIAN_POINT('',(51.0467421601268,-40.4401404423285,7.5));
#6654=CARTESIAN_POINT('',(42.4264068711928,-42.4264068711928,0.));
#6655=CARTESIAN_POINT('',(84.8527606575789,-92.8527606575789,0.));
#6656=CARTESIAN_POINT('',(86.4515888415465,-92.9139851473748,0.));
#6657=CARTESIAN_POINT('',(83.2539324736113,-92.9139851473748,0.));
#6658=CARTESIAN_POINT('',(65.2671154039754,-93.6027606575789,0.));
#6659=CARTESIAN_POINT('',(83.2539324736113,-94.2915361677829,0.));
#6660=CARTESIAN_POINT('',(84.8527606575789,-94.3527606575789,0.));
#6661=CARTESIAN_POINT('',(86.4515888415465,-94.2915361677829,0.));
#6662=CARTESIAN_POINT('',(104.438405911182,-93.6027606575789,0.));
#6663=CARTESIAN_POINT('',(84.8527606575789,-84.8527606575789,0.));
#6664=CARTESIAN_POINT('',(88.8527606575789,-84.8527606575789,0.));
#6665=CARTESIAN_POINT('',(76.8527606575789,-84.8527606575789,0.));
#6666=CARTESIAN_POINT('',(76.791536167783,-83.2539324736112,0.));
#6667=CARTESIAN_POINT('',(76.791536167783,-86.4515888415465,0.));
#6668=CARTESIAN_POINT('',(76.1027606575787,-65.2671154039754,0.));
#6669=CARTESIAN_POINT('',(75.4139851473748,-83.2539324736113,0.));
#6670=CARTESIAN_POINT('',(75.3527606575789,-84.8527606575789,0.));
#6671=CARTESIAN_POINT('',(75.4139851473748,-86.4515888415465,0.));
#6672=CARTESIAN_POINT('',(76.102760657579,-104.438405911182,0.));
#6673=CARTESIAN_POINT('',(84.8527606575789,-76.8527606575789,0.));
#6674=CARTESIAN_POINT('',(83.2539324736113,-76.791536167783,0.));
#6675=CARTESIAN_POINT('',(86.4515888415465,-76.7915361677829,0.));
#6676=CARTESIAN_POINT('',(104.438405911182,-76.1027606575787,0.));
#6677=CARTESIAN_POINT('',(86.4515888415465,-75.4139851473748,0.));
#6678=CARTESIAN_POINT('',(84.8527606575789,-75.3527606575789,0.));
#6679=CARTESIAN_POINT('',(83.2539324736113,-75.4139851473748,0.));
#6680=CARTESIAN_POINT('',(65.2671154039754,-76.1027606575791,0.));
#6681=CARTESIAN_POINT('',(94.3527606575789,-84.8527606575789,0.));
#6682=CARTESIAN_POINT('',(94.291536167783,-83.2539324736112,0.));
#6683=CARTESIAN_POINT('',(94.291536167783,-86.4515888415465,0.));
#6684=CARTESIAN_POINT('',(93.602760657579,-65.2671154039754,0.));
#6685=CARTESIAN_POINT('',(92.9139851473748,-83.2539324736112,0.));
#6686=CARTESIAN_POINT('',(92.8527606575789,-84.8527606575789,0.));
#6687=CARTESIAN_POINT('',(92.9139851473748,-86.4515888415465,0.));
#6688=CARTESIAN_POINT('',(93.602760657579,-104.438405911182,0.));
#6689=CARTESIAN_POINT('',(60.7454936976429,-60.7454936976429,0.));
#6690=CARTESIAN_POINT('',(81.409661654528,-65.4722152000764,0.));
#6691=CARTESIAN_POINT('',(86.5070840535301,-65.2387928624253,0.));
#6692=CARTESIAN_POINT('',(94.073055482462,-69.9785401074033,0.));
#6693=CARTESIAN_POINT('',(101.639026911394,-74.7182873523812,0.));
#6694=CARTESIAN_POINT('',(101.639026911394,-83.766812633644,0.));
#6695=CARTESIAN_POINT('',(101.639026911394,-92.8153379149067,0.));
#6696=CARTESIAN_POINT('',(95.0212601640285,-99.4331046622721,0.));
#6697=CARTESIAN_POINT('',(92.8153379149067,-101.639026911394,0.));
#6698=CARTESIAN_POINT('',(83.766812633644,-101.639026911394,0.));
#6699=CARTESIAN_POINT('',(74.7182873523813,-101.639026911394,0.));
#6700=CARTESIAN_POINT('',(69.9785401074033,-94.0730554824619,0.));
#6701=CARTESIAN_POINT('',(65.2387928624253,-86.5070840535301,0.));
#6702=CARTESIAN_POINT('',(65.4722152000765,-81.4096616545279,0.));
#6703=CARTESIAN_POINT('',(-0.00377528505555308,0.00377528505554614,10.));
#6704=CARTESIAN_POINT('',(21.743011748025,-16.4397108891259,10.));
#6705=CARTESIAN_POINT('',(19.593011748025,-16.4397108891259,10.));
#6706=CARTESIAN_POINT('',(16.4402326625873,-21.7435335214863,10.));
#6707=CARTESIAN_POINT('',(14.2902326625873,-21.7435335214863,10.));
#6708=CARTESIAN_POINT('',(17.6776695296637,-0.00266952966369166,10.));
#6709=CARTESIAN_POINT('',(17.6776695296637,-17.6776695296637,10.));
#6710=CARTESIAN_POINT('',(0.00266952966369513,-17.6776695296637,10.));
#6711=CARTESIAN_POINT('',(-0.00377528505554961,-24.9962247149444,10.));
#6712=CARTESIAN_POINT('',(24.9962247149444,-24.9962247149444,10.));
#6713=CARTESIAN_POINT('',(24.9962247149444,0.00377528505554961,10.));
#6714=CARTESIAN_POINT('',(42.4264068711928,-42.4264068711928,15.));
#6715=CARTESIAN_POINT('',(-0.00377528505554961,-24.9962247149444,15.));
#6716=CARTESIAN_POINT('',(24.9962247149444,-24.9962247149444,15.));
#6717=CARTESIAN_POINT('',(65.4722152000765,-81.4096616545279,15.));
#6718=CARTESIAN_POINT('',(65.2387928624253,-86.5070840535301,15.));
#6719=CARTESIAN_POINT('',(69.9785401074033,-94.0730554824619,15.));
#6720=CARTESIAN_POINT('',(74.7182873523813,-101.639026911394,15.));
#6721=CARTESIAN_POINT('',(83.766812633644,-101.639026911394,15.));
#6722=CARTESIAN_POINT('',(92.8153379149067,-101.639026911394,15.));
#6723=CARTESIAN_POINT('',(95.0212601640285,-99.4331046622721,15.));
#6724=CARTESIAN_POINT('',(101.639026911394,-92.8153379149067,15.));
#6725=CARTESIAN_POINT('',(101.639026911394,-83.766812633644,15.));
#6726=CARTESIAN_POINT('',(101.639026911394,-74.7182873523812,15.));
#6727=CARTESIAN_POINT('',(94.073055482462,-69.9785401074033,15.));
#6728=CARTESIAN_POINT('',(86.5070840535301,-65.2387928624253,15.));
#6729=CARTESIAN_POINT('',(81.409661654528,-65.4722152000764,15.));
#6730=CARTESIAN_POINT('',(24.9962247149444,0.00377528505554961,15.));
#6731=CARTESIAN_POINT('',(84.8528137423857,-84.8528137423857,15.));
#6732=CARTESIAN_POINT('',(68.8528137423857,-84.8528137423857,15.));
#6733=CARTESIAN_POINT('',(54.0668225861363,-48.6556212009254,15.));
#6734=CARTESIAN_POINT('',(73.7145390892321,-68.3033377040213,15.));
#6735=CARTESIAN_POINT('',(34.4191060830404,-29.0079046978295,15.));
#6736=CARTESIAN_POINT('',(69.656138050324,-72.3617387429294,15.));
#6737=CARTESIAN_POINT('',(68.3033377040213,-73.7145390892321,15.));
#6738=CARTESIAN_POINT('',(48.6556212009254,-54.0668225861363,15.));
#6739=CARTESIAN_POINT('',(29.0079046978296,-34.4191060830404,15.));
#6740=CARTESIAN_POINT('',(28.265163395813,-32.4500789129914,15.));
#6741=CARTESIAN_POINT('',(27.5224220937964,-30.4810517429423,15.));
#6742=CARTESIAN_POINT('',(27.7750993612646,-29.2544141858375,15.));
#6743=CARTESIAN_POINT('',(28.0277766287327,-28.0277766287326,15.));
#6744=CARTESIAN_POINT('',(29.2544141858375,-27.7750993612646,15.));
#6745=CARTESIAN_POINT('',(30.4810517429423,-27.5224220937964,15.));
#6746=CARTESIAN_POINT('',(32.4500789129914,-28.265163395813,15.));
#6747=CARTESIAN_POINT('',(83.4951645809925,-83.4951645809925,4.));
#6748=CARTESIAN_POINT('',(92.8527606575789,-84.8527606575789,4.));
#6749=CARTESIAN_POINT('',(92.9139851473748,-86.4515888415465,4.));
#6750=CARTESIAN_POINT('',(92.9139851473748,-83.2539324736112,4.));
#6751=CARTESIAN_POINT('',(93.602760657579,-65.2671154039754,4.));
#6752=CARTESIAN_POINT('',(94.291536167783,-83.2539324736112,4.));
#6753=CARTESIAN_POINT('',(94.3527606575789,-84.8527606575789,4.));
#6754=CARTESIAN_POINT('',(94.291536167783,-86.4515888415465,4.));
#6755=CARTESIAN_POINT('',(93.602760657579,-104.438405911182,4.));
#6756=CARTESIAN_POINT('',(84.8527606575789,-75.3527606575789,4.));
#6757=CARTESIAN_POINT('',(86.4515888415465,-75.4139851473748,4.));
#6758=CARTESIAN_POINT('',(83.2539324736113,-75.4139851473748,4.));
#6759=CARTESIAN_POINT('',(104.438405911182,-76.1027606575787,4.));
#6760=CARTESIAN_POINT('',(86.4515888415465,-76.7915361677829,4.));
#6761=CARTESIAN_POINT('',(84.8527606575789,-76.8527606575789,4.));
#6762=CARTESIAN_POINT('',(83.2539324736113,-76.791536167783,4.));
#6763=CARTESIAN_POINT('',(65.2671154039754,-76.1027606575791,4.));
#6764=CARTESIAN_POINT('',(75.3527606575789,-84.8527606575789,4.));
#6765=CARTESIAN_POINT('',(75.4139851473748,-86.4515888415465,4.));
#6766=CARTESIAN_POINT('',(75.4139851473748,-83.2539324736113,4.));
#6767=CARTESIAN_POINT('',(76.1027606575787,-65.2671154039754,4.));
#6768=CARTESIAN_POINT('',(76.791536167783,-83.2539324736112,4.));
#6769=CARTESIAN_POINT('',(76.8527606575789,-84.8527606575789,4.));
#6770=CARTESIAN_POINT('',(76.791536167783,-86.4515888415465,4.));
#6771=CARTESIAN_POINT('',(76.102760657579,-104.438405911182,4.));
#6772=CARTESIAN_POINT('',(84.8527606575789,-84.8527606575789,4.));
#6773=CARTESIAN_POINT('',(88.8527606575789,-84.8527606575789,4.));
#6774=CARTESIAN_POINT('',(84.8528137423857,-84.8528137423857,4.));
#6775=CARTESIAN_POINT('',(100.852813742386,-84.8528137423857,4.));
#6776=CARTESIAN_POINT('',(84.8527606575789,-94.3527606575789,4.));
#6777=CARTESIAN_POINT('',(83.2539324736113,-94.2915361677829,4.));
#6778=CARTESIAN_POINT('',(86.4515888415465,-94.2915361677829,4.));
#6779=CARTESIAN_POINT('',(65.2671154039754,-93.6027606575789,4.));
#6780=CARTESIAN_POINT('',(83.2539324736113,-92.9139851473748,4.));
#6781=CARTESIAN_POINT('',(84.8527606575789,-92.8527606575789,4.));
#6782=CARTESIAN_POINT('',(86.4515888415465,-92.9139851473748,4.));
#6783=CARTESIAN_POINT('',(104.438405911182,-93.6027606575789,4.));
#6784=CARTESIAN_POINT('',(84.8528137423857,-84.8528137423857,15.));
#6785=CARTESIAN_POINT('',(101.639026911394,-83.766812633644,15.));
#6786=CARTESIAN_POINT('',(101.639026911394,-74.7182873523812,15.));
#6787=CARTESIAN_POINT('',(101.639026911394,-92.8153379149067,15.));
#6788=CARTESIAN_POINT('',(94.073055482462,-69.9785401074033,15.));
#6789=CARTESIAN_POINT('',(86.5070840535301,-65.2387928624253,15.));
#6790=CARTESIAN_POINT('',(81.409661654528,-65.4722152000764,15.));
#6791=CARTESIAN_POINT('',(65.4722152000765,-81.4096616545279,15.));
#6792=CARTESIAN_POINT('',(65.2387928624253,-86.5070840535301,15.));
#6793=CARTESIAN_POINT('',(69.9785401074033,-94.0730554824619,15.));
#6794=CARTESIAN_POINT('',(74.7182873523813,-101.639026911394,15.));
#6795=CARTESIAN_POINT('',(83.766812633644,-101.639026911394,15.));
#6796=CARTESIAN_POINT('',(92.8153379149067,-101.639026911394,15.));
#6797=CARTESIAN_POINT('',(95.0212601640285,-99.4331046622721,15.));
#6798=CARTESIAN_POINT('',(84.8527606575789,-84.8527606575789,5.9));
#6799=CARTESIAN_POINT('',(76.8527606575789,-84.8527606575789,5.9));
#6800=CARTESIAN_POINT('',(76.791536167783,-83.2539324736112,5.9));
#6801=CARTESIAN_POINT('',(76.791536167783,-86.4515888415465,5.9));
#6802=CARTESIAN_POINT('',(75.3527606575789,-84.8527606575789,5.9));
#6803=CARTESIAN_POINT('',(75.4139851473748,-83.2539324736113,5.9));
#6804=CARTESIAN_POINT('',(75.4139851473748,-86.4515888415465,5.9));
#6805=CARTESIAN_POINT('',(84.8527606575789,-76.8527606575789,5.9));
#6806=CARTESIAN_POINT('',(86.4515888415465,-76.7915361677829,5.9));
#6807=CARTESIAN_POINT('',(83.2539324736113,-76.791536167783,5.9));
#6808=CARTESIAN_POINT('',(84.8527606575789,-75.3527606575789,5.9));
#6809=CARTESIAN_POINT('',(86.4515888415465,-75.4139851473748,5.9));
#6810=CARTESIAN_POINT('',(83.2539324736113,-75.4139851473748,5.9));
#6811=CARTESIAN_POINT('',(84.8527606575789,-92.8527606575789,5.9));
#6812=CARTESIAN_POINT('',(83.2539324736113,-92.9139851473748,5.9));
#6813=CARTESIAN_POINT('',(86.4515888415465,-92.9139851473748,5.9));
#6814=CARTESIAN_POINT('',(84.8527606575789,-94.3527606575789,5.9));
#6815=CARTESIAN_POINT('',(83.2539324736113,-94.2915361677829,5.9));
#6816=CARTESIAN_POINT('',(86.4515888415465,-94.2915361677829,5.9));
#6817=CARTESIAN_POINT('',(92.8527606575789,-84.8527606575789,5.9));
#6818=CARTESIAN_POINT('',(92.9139851473748,-83.2539324736112,5.9));
#6819=CARTESIAN_POINT('',(92.9139851473748,-86.4515888415465,5.9));
#6820=CARTESIAN_POINT('',(94.3527606575789,-84.8527606575789,5.9));
#6821=CARTESIAN_POINT('',(94.291536167783,-83.2539324736112,5.9));
#6822=CARTESIAN_POINT('',(94.291536167783,-86.4515888415465,5.9));
#6823=CARTESIAN_POINT('',(104.438405911182,-76.1027606575787,5.9));
#6824=CARTESIAN_POINT('',(65.2671154039754,-76.1027606575791,5.9));
#6825=CARTESIAN_POINT('',(76.1027606575787,-65.2671154039754,5.9));
#6826=CARTESIAN_POINT('',(76.102760657579,-104.438405911182,5.9));
#6827=CARTESIAN_POINT('',(65.2671154039754,-93.6027606575789,5.9));
#6828=CARTESIAN_POINT('',(104.438405911182,-93.6027606575789,5.9));
#6829=CARTESIAN_POINT('',(93.602760657579,-65.2671154039754,5.9));
#6830=CARTESIAN_POINT('',(93.602760657579,-104.438405911182,5.9));
#6831=CARTESIAN_POINT('',(69.656138050324,-72.3617387429294,12.));
#6832=CARTESIAN_POINT('',(73.7145390892321,-68.3033377040213,12.));
#6833=CARTESIAN_POINT('',(73.7145390892321,-68.3033377040213,12.));
#6834=CARTESIAN_POINT('',(69.656138050324,-72.3617387429294,12.));
#6835=CARTESIAN_POINT('',(68.3033377040213,-73.7145390892321,12.));
#6836=CARTESIAN_POINT('',(68.3033377040213,-73.7145390892321,12.));
#6837=CARTESIAN_POINT('',(54.0668225861363,-48.6556212009254,12.));
#6838=CARTESIAN_POINT('',(34.4191060830404,-29.0079046978295,12.));
#6839=CARTESIAN_POINT('',(34.4191060830404,-29.0079046978295,12.));
#6840=CARTESIAN_POINT('',(54.0668225861363,-48.6556212009254,12.));
#6841=CARTESIAN_POINT('',(32.4500789129914,-28.265163395813,12.));
#6842=CARTESIAN_POINT('',(30.4810517429423,-27.5224220937964,12.));
#6843=CARTESIAN_POINT('',(30.4810517429423,-27.5224220937964,12.));
#6844=CARTESIAN_POINT('',(32.4500789129914,-28.265163395813,12.));
#6845=CARTESIAN_POINT('',(29.2544141858375,-27.7750993612646,12.));
#6846=CARTESIAN_POINT('',(28.0277766287327,-28.0277766287326,12.));
#6847=CARTESIAN_POINT('',(28.0277766287327,-28.0277766287326,12.));
#6848=CARTESIAN_POINT('',(29.2544141858375,-27.7750993612646,12.));
#6849=CARTESIAN_POINT('',(27.7750993612646,-29.2544141858375,12.));
#6850=CARTESIAN_POINT('',(27.5224220937964,-30.4810517429423,12.));
#6851=CARTESIAN_POINT('',(27.5224220937964,-30.4810517429423,12.));
#6852=CARTESIAN_POINT('',(27.7750993612646,-29.2544141858375,12.));
#6853=CARTESIAN_POINT('',(28.265163395813,-32.4500789129914,12.));
#6854=CARTESIAN_POINT('',(29.0079046978296,-34.4191060830404,12.));
#6855=CARTESIAN_POINT('',(29.0079046978296,-34.4191060830404,12.));
#6856=CARTESIAN_POINT('',(28.265163395813,-32.4500789129914,12.));
#6857=CARTESIAN_POINT('',(48.6556212009254,-54.0668225861363,12.));
#6858=CARTESIAN_POINT('',(48.6556212009254,-54.0668225861363,12.));
#6859=CARTESIAN_POINT('',(50.9295225591055,-50.9295225591054,12.));
#6860=CARTESIAN_POINT('',(-0.00377528505554961,-24.9962247149444,10.));
#6861=CARTESIAN_POINT('',(24.9962247149444,-24.9962247149444,10.));
#6862=CARTESIAN_POINT('',(24.9962247149444,0.00377528505554961,10.));
#6863=CARTESIAN_POINT('',(0.00266952966369513,-17.6776695296637,-15.));
#6864=CARTESIAN_POINT('',(7.07106781186549,-17.6776695296637,5.));
#6865=CARTESIAN_POINT('',(10.6065547656223,-17.6776695296637,4.73012117173456));
#6866=CARTESIAN_POINT('',(14.1420413550885,-17.6776695296637,4.46023756017028));
#6867=CARTESIAN_POINT('',(17.6776695296637,-17.6776695296637,4.19221302396336));
#6868=CARTESIAN_POINT('',(17.6776695296637,-17.6776695296637,4.19221302396335));
#6869=CARTESIAN_POINT('',(17.6776695296637,-17.6776695296637,-15.));
#6870=CARTESIAN_POINT('',(17.6776695296637,-0.00266952966369166,-15.));
#6871=CARTESIAN_POINT('',(17.6776695296637,-7.07106781186546,5.));
#6872=CARTESIAN_POINT('',(17.6776695296637,-10.6065547656223,4.73012117173456));
#6873=CARTESIAN_POINT('',(17.6776695296637,-14.1420413550885,4.46023756017028));
#6874=CARTESIAN_POINT('',(17.6776695296637,-17.6776695296637,4.19221302396335));
#6875=CARTESIAN_POINT('',(7.07106781186547,-17.6776695296637,5.));
#6876=CARTESIAN_POINT('',(17.6776695296638,-7.0710678118654,5.));
#6877=CARTESIAN_POINT('',(14.967857938105,-25.5744596559033,3.79440852465146));
#6878=CARTESIAN_POINT('',(25.5744596559033,-14.967857938105,3.79440852465146));
#6879=CARTESIAN_POINT('',(22.8646480643446,-33.4712497821428,2.58881704930291));
#6880=CARTESIAN_POINT('',(33.4712497821428,-22.8646480643445,2.58881704930291));
#6881=CARTESIAN_POINT('',(30.1602925478483,-40.7668942656465,1.64019343428457));
#6882=CARTESIAN_POINT('',(40.7668942656466,-30.1602925478483,1.64019343428457));
#6883=CARTESIAN_POINT('',(19.635033356682,-15.3248781714994,4.22219712512237));
#6884=CARTESIAN_POINT('',(19.4674497450642,-17.1438247119525,4.09698948225314));
#6885=CARTESIAN_POINT('',(20.6271716217983,-18.5430960568954,3.90368991101952));
#6886=CARTESIAN_POINT('',(22.4386415636537,-18.718924975491,3.75433978016838));
#6887=CARTESIAN_POINT('',(23.8505219921949,-17.5550072450136,3.73575858418754));
#6888=CARTESIAN_POINT('',(24.0181998336785,-15.7350728758891,3.85979911845041));
#6889=CARTESIAN_POINT('',(22.8608660194144,-14.3381218851946,4.05251048826755));
#6890=CARTESIAN_POINT('',(21.0496530335371,-14.159119982963,4.20330864349242));
#6891=CARTESIAN_POINT('',(19.635033356682,-15.3248781714994,4.22219712512237));
#6892=CARTESIAN_POINT('',(19.4674497450642,-17.1438247119525,4.09698948225314));
#6893=CARTESIAN_POINT('',(20.6271716217983,-18.5430960568954,3.90368991101952));
#6894=CARTESIAN_POINT('',(19.6886673264562,-17.0738788460341,4.08564082752574));
#6895=CARTESIAN_POINT('',(14.757887890005,-20.053015593028,4.23350991676952));
#6896=CARTESIAN_POINT('',(14.057092900802,-21.7458529996785,4.15823813943858));
#6897=CARTESIAN_POINT('',(14.7551364823104,-23.4247735371758,3.97838072402952));
#6898=CARTESIAN_POINT('',(16.429850915559,-24.1256862890289,3.79950378701435));
#6899=CARTESIAN_POINT('',(18.1228024985452,-23.4336072146283,3.72445886836368));
#6900=CARTESIAN_POINT('',(18.8227912899517,-21.7419442937615,3.79881310493081));
#6901=CARTESIAN_POINT('',(18.1274274781743,-20.0644692810598,3.97747579573695));
#6902=CARTESIAN_POINT('',(16.4517749037227,-19.3609542860846,4.15749646526675));
#6903=CARTESIAN_POINT('',(14.757887890005,-20.053015593028,4.23350991676952));
#6904=CARTESIAN_POINT('',(14.057092900802,-21.7458529996785,4.15823813943858));
#6905=CARTESIAN_POINT('',(14.7551364823104,-23.4247735371758,3.97838072402952));
#6906=CARTESIAN_POINT('',(14.2902326625872,-21.7435335214863,4.14080719975889));
#6907=CARTESIAN_POINT('',(40.7668942614516,-30.1602925436533,1.64019343483004));
#6908=CARTESIAN_POINT('',(60.7454936976429,-60.7454936976429,390.514671124226));
#6909=CARTESIAN_POINT('',(40.8700988286707,-65.6188361701999,5.));
#6910=CARTESIAN_POINT('',(52.3680942321007,-77.1168315736298,5.));
#6911=CARTESIAN_POINT('',(33.3690726304631,-58.1178099719922,5.));
#6912=CARTESIAN_POINT('',(33.3690726304631,-58.1178099719922,7.5));
#6913=CARTESIAN_POINT('',(33.3690726304631,-58.1178099719922,10.));
#6914=CARTESIAN_POINT('',(42.8685834312819,-67.617320772811,10.));
#6915=CARTESIAN_POINT('',(52.3680942321007,-77.1168315736298,10.));
#6916=CARTESIAN_POINT('',(52.3680942321007,-77.1168315736298,7.5));
#6917=CARTESIAN_POINT('',(16.4402326625873,-21.7435335214863,-15.));
#6918=CARTESIAN_POINT('',(21.743011748025,-16.4397108891259,-15.));
#6919=CARTESIAN_POINT('',(0.,0.,0.));
#6920=CARTESIAN_POINT('',(37.1231060122938,47.729707730092,15.));
#6921=CARTESIAN_POINT('',(7.07106781186548,17.6776695296637,5.));
#6922=CARTESIAN_POINT('',(21.2047494434976,31.8113511612958,2.84223136008552));
#6923=CARTESIAN_POINT('',(35.3384310751297,45.9450327929279,0.684462720171043));
#6924=CARTESIAN_POINT('',(46.0254893316342,56.6320910494324,4.33680868994202E-16));
#6925=CARTESIAN_POINT('',(7.07106781186547,17.6776695296637,5.));
#6926=CARTESIAN_POINT('',(30.1602925436533,40.7668942614515,1.64019343483004));
#6927=CARTESIAN_POINT('',(7.0710678118655,17.6776695296637,15.));
#6928=CARTESIAN_POINT('',(7.07106781186551,17.6776695296637,10.));
#6929=CARTESIAN_POINT('',(37.1231060122938,47.729707730092,10.));
#6930=CARTESIAN_POINT('',(14.3896229971463,24.9962247149444,10.));
#6931=CARTESIAN_POINT('',(14.3896229971463,24.9962247149444,15.));
#6932=CARTESIAN_POINT('',(14.3896229971463,24.9962247149444,15.));
#6933=CARTESIAN_POINT('',(37.1231060122938,47.729707730092,15.));
#6934=CARTESIAN_POINT('',(65.7056375377276,76.3122392555258,15.));
#6935=CARTESIAN_POINT('',(65.7056375377276,76.3122392555258,15.));
#6936=CARTESIAN_POINT('',(65.7056375377276,76.3122392555258,0.));
#6937=CARTESIAN_POINT('',(37.1231060122938,47.729707730092,0.));
#6938=CARTESIAN_POINT('',(55.4421928387438,66.048794556542,0.));
#6939=CARTESIAN_POINT('',(55.4421928387438,66.048794556542,390.514671124226));
#6940=CARTESIAN_POINT('',(59.4391620439662,70.0457637617643,7.5));
#6941=CARTESIAN_POINT('',(59.4391620439662,70.0457637617643,5.));
#6942=CARTESIAN_POINT('',(59.4391620439662,70.0457637617643,10.));
#6943=CARTESIAN_POINT('',(37.1231060122938,47.729707730092,10.));
#6944=CARTESIAN_POINT('',(40.4401404423286,51.0467421601268,10.));
#6945=CARTESIAN_POINT('',(40.4401404423286,51.0467421601268,7.5));
#6946=CARTESIAN_POINT('',(40.4401404423286,51.0467421601268,5.));
#6947=CARTESIAN_POINT('',(37.1231060122938,47.729707730092,5.));
#6948=CARTESIAN_POINT('',(47.729707730092,37.1231060122938,15.));
#6949=CARTESIAN_POINT('',(47.729707730092,37.1231060122938,0.));
#6950=CARTESIAN_POINT('',(66.048794556542,55.4421928387438,0.));
#6951=CARTESIAN_POINT('',(76.3122392555258,65.7056375377276,0.));
#6952=CARTESIAN_POINT('',(76.3122392555258,65.7056375377276,15.));
#6953=CARTESIAN_POINT('',(76.3122392555258,65.7056375377276,15.));
#6954=CARTESIAN_POINT('',(47.729707730092,37.1231060122938,15.));
#6955=CARTESIAN_POINT('',(24.9962247149444,14.3896229971462,15.));
#6956=CARTESIAN_POINT('',(24.9962247149444,14.3896229971462,15.));
#6957=CARTESIAN_POINT('',(24.9962247149444,14.3896229971462,10.));
#6958=CARTESIAN_POINT('',(47.729707730092,37.1231060122938,10.));
#6959=CARTESIAN_POINT('',(17.6776695296637,7.07106781186546,10.));
#6960=CARTESIAN_POINT('',(17.6776695296637,7.07106781186546,15.));
#6961=CARTESIAN_POINT('',(17.6776695296637,7.07106781186546,5.));
#6962=CARTESIAN_POINT('',(17.6776695296637,7.07106781186546,5.));
#6963=CARTESIAN_POINT('',(31.8113511612959,21.2047494434976,2.84223136008552));
#6964=CARTESIAN_POINT('',(45.945032792928,35.3384310751297,0.684462720171043));
#6965=CARTESIAN_POINT('',(56.6320910494324,46.0254893316342,4.33680868994202E-16));
#6966=CARTESIAN_POINT('',(40.7668942614516,30.1602925436533,1.64019343483004));
#6967=CARTESIAN_POINT('',(66.048794556542,55.4421928387438,390.514671124226));
#6968=CARTESIAN_POINT('',(58.5477683583344,47.9411666405362,5.));
#6969=CARTESIAN_POINT('',(70.0457637617644,59.4391620439661,5.));
#6970=CARTESIAN_POINT('',(51.0467421601268,40.4401404423285,5.));
#6971=CARTESIAN_POINT('',(51.0467421601268,40.4401404423285,7.5));
#6972=CARTESIAN_POINT('',(51.0467421601268,40.4401404423285,10.));
#6973=CARTESIAN_POINT('',(60.5462529609456,49.9396512431473,10.));
#6974=CARTESIAN_POINT('',(70.0457637617644,59.4391620439661,10.));
#6975=CARTESIAN_POINT('',(70.0457637617644,59.4391620439661,7.5));
#6976=CARTESIAN_POINT('',(42.4264068711928,42.4264068711928,0.));
#6977=CARTESIAN_POINT('',(84.8527606575789,92.8527606575789,0.));
#6978=CARTESIAN_POINT('',(86.4515888415465,92.9139851473748,0.));
#6979=CARTESIAN_POINT('',(83.2539324736113,92.9139851473748,0.));
#6980=CARTESIAN_POINT('',(104.438405911182,93.6027606575789,0.));
#6981=CARTESIAN_POINT('',(86.4515888415465,94.2915361677829,0.));
#6982=CARTESIAN_POINT('',(84.8527606575789,94.3527606575789,0.));
#6983=CARTESIAN_POINT('',(83.2539324736113,94.2915361677829,0.));
#6984=CARTESIAN_POINT('',(65.2671154039754,93.6027606575789,0.));
#6985=CARTESIAN_POINT('',(84.8527606575789,84.8527606575789,0.));
#6986=CARTESIAN_POINT('',(88.8527606575789,84.8527606575789,0.));
#6987=CARTESIAN_POINT('',(76.8527606575789,84.8527606575789,0.));
#6988=CARTESIAN_POINT('',(76.791536167783,83.2539324736112,0.));
#6989=CARTESIAN_POINT('',(76.791536167783,86.4515888415465,0.));
#6990=CARTESIAN_POINT('',(76.102760657579,104.438405911182,0.));
#6991=CARTESIAN_POINT('',(75.4139851473748,86.4515888415465,0.));
#6992=CARTESIAN_POINT('',(75.3527606575789,84.8527606575789,0.));
#6993=CARTESIAN_POINT('',(75.4139851473748,83.2539324736113,0.));
#6994=CARTESIAN_POINT('',(76.1027606575787,65.2671154039754,0.));
#6995=CARTESIAN_POINT('',(84.8527606575789,76.8527606575789,0.));
#6996=CARTESIAN_POINT('',(83.2539324736113,76.791536167783,0.));
#6997=CARTESIAN_POINT('',(86.4515888415465,76.7915361677829,0.));
#6998=CARTESIAN_POINT('',(65.2671154039754,76.1027606575791,0.));
#6999=CARTESIAN_POINT('',(83.2539324736113,75.4139851473748,0.));
#7000=CARTESIAN_POINT('',(84.8527606575789,75.3527606575789,0.));
#7001=CARTESIAN_POINT('',(86.4515888415465,75.4139851473748,0.));
#7002=CARTESIAN_POINT('',(104.438405911182,76.1027606575787,0.));
#7003=CARTESIAN_POINT('',(94.3527606575789,84.8527606575789,0.));
#7004=CARTESIAN_POINT('',(94.291536167783,83.2539324736112,0.));
#7005=CARTESIAN_POINT('',(94.291536167783,86.4515888415465,0.));
#7006=CARTESIAN_POINT('',(93.602760657579,104.438405911182,0.));
#7007=CARTESIAN_POINT('',(92.9139851473748,86.4515888415465,0.));
#7008=CARTESIAN_POINT('',(92.8527606575789,84.8527606575789,0.));
#7009=CARTESIAN_POINT('',(92.9139851473748,83.2539324736112,0.));
#7010=CARTESIAN_POINT('',(93.602760657579,65.2671154039754,0.));
#7011=CARTESIAN_POINT('',(65.4722152000765,81.4096616545279,0.));
#7012=CARTESIAN_POINT('',(65.2387928624253,86.5070840535301,0.));
#7013=CARTESIAN_POINT('',(69.9785401074033,94.0730554824619,0.));
#7014=CARTESIAN_POINT('',(74.7182873523813,101.639026911394,0.));
#7015=CARTESIAN_POINT('',(83.766812633644,101.639026911394,0.));
#7016=CARTESIAN_POINT('',(92.8153379149067,101.639026911394,0.));
#7017=CARTESIAN_POINT('',(95.0212601640285,99.4331046622721,0.));
#7018=CARTESIAN_POINT('',(101.639026911394,92.8153379149067,0.));
#7019=CARTESIAN_POINT('',(101.639026911394,83.766812633644,0.));
#7020=CARTESIAN_POINT('',(101.639026911394,74.7182873523812,0.));
#7021=CARTESIAN_POINT('',(94.073055482462,69.9785401074033,0.));
#7022=CARTESIAN_POINT('',(86.5070840535301,65.2387928624253,0.));
#7023=CARTESIAN_POINT('',(81.409661654528,65.4722152000764,0.));
#7024=CARTESIAN_POINT('',(60.7454936976429,60.7454936976429,0.));
#7025=CARTESIAN_POINT('',(-0.00377528505555308,-0.00377528505554614,10.));
#7026=CARTESIAN_POINT('',(21.743011748025,16.4397108891259,10.));
#7027=CARTESIAN_POINT('',(19.593011748025,16.4397108891259,10.));
#7028=CARTESIAN_POINT('',(16.4402326625873,21.7435335214863,10.));
#7029=CARTESIAN_POINT('',(14.2902326625873,21.7435335214863,10.));
#7030=CARTESIAN_POINT('',(17.6776695296637,0.00266952966369166,10.));
#7031=CARTESIAN_POINT('',(17.6776695296637,17.6776695296637,10.));
#7032=CARTESIAN_POINT('',(24.9962247149444,-0.00377528505554961,10.));
#7033=CARTESIAN_POINT('',(24.9962247149444,24.9962247149444,10.));
#7034=CARTESIAN_POINT('',(-0.00377528505554961,24.9962247149444,10.));
#7035=CARTESIAN_POINT('',(0.00266952966369513,17.6776695296637,10.));
#7036=CARTESIAN_POINT('',(42.4264068711928,42.4264068711928,15.));
#7037=CARTESIAN_POINT('',(-0.00377528505554961,24.9962247149444,15.));
#7038=CARTESIAN_POINT('',(24.9962247149444,24.9962247149444,15.));
#7039=CARTESIAN_POINT('',(24.9962247149444,-0.00377528505554961,15.));
#7040=CARTESIAN_POINT('',(81.409661654528,65.4722152000764,15.));
#7041=CARTESIAN_POINT('',(86.5070840535301,65.2387928624253,15.));
#7042=CARTESIAN_POINT('',(94.073055482462,69.9785401074033,15.));
#7043=CARTESIAN_POINT('',(101.639026911394,74.7182873523812,15.));
#7044=CARTESIAN_POINT('',(101.639026911394,83.766812633644,15.));
#7045=CARTESIAN_POINT('',(101.639026911394,92.8153379149067,15.));
#7046=CARTESIAN_POINT('',(95.0212601640285,99.4331046622721,15.));
#7047=CARTESIAN_POINT('',(92.8153379149067,101.639026911394,15.));
#7048=CARTESIAN_POINT('',(83.766812633644,101.639026911394,15.));
#7049=CARTESIAN_POINT('',(74.7182873523813,101.639026911394,15.));
#7050=CARTESIAN_POINT('',(69.9785401074033,94.0730554824619,15.));
#7051=CARTESIAN_POINT('',(65.2387928624253,86.5070840535301,15.));
#7052=CARTESIAN_POINT('',(65.4722152000765,81.4096616545279,15.));
#7053=CARTESIAN_POINT('',(84.8528137423857,84.8528137423857,15.));
#7054=CARTESIAN_POINT('',(68.8528137423857,84.8528137423857,15.));
#7055=CARTESIAN_POINT('',(54.0668225861363,48.6556212009254,15.));
#7056=CARTESIAN_POINT('',(73.7145390892321,68.3033377040213,15.));
#7057=CARTESIAN_POINT('',(34.4191060830404,29.0079046978295,15.));
#7058=CARTESIAN_POINT('',(32.4500789129914,28.265163395813,15.));
#7059=CARTESIAN_POINT('',(30.4810517429423,27.5224220937964,15.));
#7060=CARTESIAN_POINT('',(29.2544141858375,27.7750993612646,15.));
#7061=CARTESIAN_POINT('',(28.0277766287327,28.0277766287326,15.));
#7062=CARTESIAN_POINT('',(27.7750993612646,29.2544141858375,15.));
#7063=CARTESIAN_POINT('',(27.5224220937964,30.4810517429423,15.));
#7064=CARTESIAN_POINT('',(28.265163395813,32.4500789129914,15.));
#7065=CARTESIAN_POINT('',(29.0079046978296,34.4191060830404,15.));
#7066=CARTESIAN_POINT('',(48.6556212009254,54.0668225861363,15.));
#7067=CARTESIAN_POINT('',(68.3033377040213,73.7145390892321,15.));
#7068=CARTESIAN_POINT('',(69.656138050324,72.3617387429294,15.));
#7069=CARTESIAN_POINT('',(83.4951645809925,83.4951645809925,4.));
#7070=CARTESIAN_POINT('',(92.8527606575789,84.8527606575789,4.));
#7071=CARTESIAN_POINT('',(92.9139851473748,86.4515888415465,4.));
#7072=CARTESIAN_POINT('',(92.9139851473748,83.2539324736112,4.));
#7073=CARTESIAN_POINT('',(93.602760657579,104.438405911182,4.));
#7074=CARTESIAN_POINT('',(94.291536167783,86.4515888415465,4.));
#7075=CARTESIAN_POINT('',(94.3527606575789,84.8527606575789,4.));
#7076=CARTESIAN_POINT('',(94.291536167783,83.2539324736112,4.));
#7077=CARTESIAN_POINT('',(93.602760657579,65.2671154039754,4.));
#7078=CARTESIAN_POINT('',(84.8527606575789,75.3527606575789,4.));
#7079=CARTESIAN_POINT('',(86.4515888415465,75.4139851473748,4.));
#7080=CARTESIAN_POINT('',(83.2539324736113,75.4139851473748,4.));
#7081=CARTESIAN_POINT('',(65.2671154039754,76.1027606575791,4.));
#7082=CARTESIAN_POINT('',(83.2539324736113,76.791536167783,4.));
#7083=CARTESIAN_POINT('',(84.8527606575789,76.8527606575789,4.));
#7084=CARTESIAN_POINT('',(86.4515888415465,76.7915361677829,4.));
#7085=CARTESIAN_POINT('',(104.438405911182,76.1027606575787,4.));
#7086=CARTESIAN_POINT('',(75.3527606575789,84.8527606575789,4.));
#7087=CARTESIAN_POINT('',(75.4139851473748,86.4515888415465,4.));
#7088=CARTESIAN_POINT('',(75.4139851473748,83.2539324736113,4.));
#7089=CARTESIAN_POINT('',(76.102760657579,104.438405911182,4.));
#7090=CARTESIAN_POINT('',(76.791536167783,86.4515888415465,4.));
#7091=CARTESIAN_POINT('',(76.8527606575789,84.8527606575789,4.));
#7092=CARTESIAN_POINT('',(76.791536167783,83.2539324736112,4.));
#7093=CARTESIAN_POINT('',(76.1027606575787,65.2671154039754,4.));
#7094=CARTESIAN_POINT('',(84.8527606575789,84.8527606575789,4.));
#7095=CARTESIAN_POINT('',(88.8527606575789,84.8527606575789,4.));
#7096=CARTESIAN_POINT('',(84.8528137423857,84.8528137423857,4.));
#7097=CARTESIAN_POINT('',(100.852813742386,84.8528137423857,4.));
#7098=CARTESIAN_POINT('',(84.8527606575789,94.3527606575789,4.));
#7099=CARTESIAN_POINT('',(83.2539324736113,94.2915361677829,4.));
#7100=CARTESIAN_POINT('',(86.4515888415465,94.2915361677829,4.));
#7101=CARTESIAN_POINT('',(104.438405911182,93.6027606575789,4.));
#7102=CARTESIAN_POINT('',(86.4515888415465,92.9139851473748,4.));
#7103=CARTESIAN_POINT('',(84.8527606575789,92.8527606575789,4.));
#7104=CARTESIAN_POINT('',(83.2539324736113,92.9139851473748,4.));
#7105=CARTESIAN_POINT('',(65.2671154039754,93.6027606575789,4.));
#7106=CARTESIAN_POINT('',(84.8528137423857,84.8528137423857,15.));
#7107=CARTESIAN_POINT('',(101.639026911394,83.766812633644,15.));
#7108=CARTESIAN_POINT('',(101.639026911394,92.8153379149067,15.));
#7109=CARTESIAN_POINT('',(101.639026911394,74.7182873523812,15.));
#7110=CARTESIAN_POINT('',(94.073055482462,69.9785401074033,15.));
#7111=CARTESIAN_POINT('',(86.5070840535301,65.2387928624253,15.));
#7112=CARTESIAN_POINT('',(81.409661654528,65.4722152000764,15.));
#7113=CARTESIAN_POINT('',(65.4722152000765,81.4096616545279,15.));
#7114=CARTESIAN_POINT('',(65.2387928624253,86.5070840535301,15.));
#7115=CARTESIAN_POINT('',(69.9785401074033,94.0730554824619,15.));
#7116=CARTESIAN_POINT('',(74.7182873523813,101.639026911394,15.));
#7117=CARTESIAN_POINT('',(83.766812633644,101.639026911394,15.));
#7118=CARTESIAN_POINT('',(92.8153379149067,101.639026911394,15.));
#7119=CARTESIAN_POINT('',(95.0212601640285,99.4331046622721,15.));
#7120=CARTESIAN_POINT('',(84.8527606575789,84.8527606575789,5.9));
#7121=CARTESIAN_POINT('',(76.8527606575789,84.8527606575789,5.9));
#7122=CARTESIAN_POINT('',(76.791536167783,86.4515888415465,5.9));
#7123=CARTESIAN_POINT('',(76.791536167783,83.2539324736112,5.9));
#7124=CARTESIAN_POINT('',(75.3527606575789,84.8527606575789,5.9));
#7125=CARTESIAN_POINT('',(75.4139851473748,86.4515888415465,5.9));
#7126=CARTESIAN_POINT('',(75.4139851473748,83.2539324736113,5.9));
#7127=CARTESIAN_POINT('',(84.8527606575789,76.8527606575789,5.9));
#7128=CARTESIAN_POINT('',(83.2539324736113,76.791536167783,5.9));
#7129=CARTESIAN_POINT('',(86.4515888415465,76.7915361677829,5.9));
#7130=CARTESIAN_POINT('',(84.8527606575789,75.3527606575789,5.9));
#7131=CARTESIAN_POINT('',(83.2539324736113,75.4139851473748,5.9));
#7132=CARTESIAN_POINT('',(86.4515888415465,75.4139851473748,5.9));
#7133=CARTESIAN_POINT('',(84.8527606575789,92.8527606575789,5.9));
#7134=CARTESIAN_POINT('',(86.4515888415465,92.9139851473748,5.9));
#7135=CARTESIAN_POINT('',(83.2539324736113,92.9139851473748,5.9));
#7136=CARTESIAN_POINT('',(84.8527606575789,94.3527606575789,5.9));
#7137=CARTESIAN_POINT('',(86.4515888415465,94.2915361677829,5.9));
#7138=CARTESIAN_POINT('',(83.2539324736113,94.2915361677829,5.9));
#7139=CARTESIAN_POINT('',(92.8527606575789,84.8527606575789,5.9));
#7140=CARTESIAN_POINT('',(92.9139851473748,86.4515888415465,5.9));
#7141=CARTESIAN_POINT('',(92.9139851473748,83.2539324736112,5.9));
#7142=CARTESIAN_POINT('',(94.3527606575789,84.8527606575789,5.9));
#7143=CARTESIAN_POINT('',(94.291536167783,86.4515888415465,5.9));
#7144=CARTESIAN_POINT('',(94.291536167783,83.2539324736112,5.9));
#7145=CARTESIAN_POINT('',(104.438405911182,76.1027606575787,5.9));
#7146=CARTESIAN_POINT('',(65.2671154039754,76.1027606575791,5.9));
#7147=CARTESIAN_POINT('',(76.1027606575787,65.2671154039754,5.9));
#7148=CARTESIAN_POINT('',(76.102760657579,104.438405911182,5.9));
#7149=CARTESIAN_POINT('',(65.2671154039754,93.6027606575789,5.9));
#7150=CARTESIAN_POINT('',(104.438405911182,93.6027606575789,5.9));
#7151=CARTESIAN_POINT('',(93.602760657579,65.2671154039754,5.9));
#7152=CARTESIAN_POINT('',(93.602760657579,104.438405911182,5.9));
#7153=CARTESIAN_POINT('',(69.656138050324,72.3617387429294,12.));
#7154=CARTESIAN_POINT('',(68.3033377040213,73.7145390892321,12.));
#7155=CARTESIAN_POINT('',(68.3033377040213,73.7145390892321,12.));
#7156=CARTESIAN_POINT('',(69.656138050324,72.3617387429294,12.));
#7157=CARTESIAN_POINT('',(73.7145390892321,68.3033377040213,12.));
#7158=CARTESIAN_POINT('',(73.7145390892321,68.3033377040213,12.));
#7159=CARTESIAN_POINT('',(54.0668225861363,48.6556212009254,12.));
#7160=CARTESIAN_POINT('',(54.0668225861363,48.6556212009254,12.));
#7161=CARTESIAN_POINT('',(34.4191060830404,29.0079046978295,12.));
#7162=CARTESIAN_POINT('',(34.4191060830404,29.0079046978295,12.));
#7163=CARTESIAN_POINT('',(32.4500789129914,28.265163395813,12.));
#7164=CARTESIAN_POINT('',(32.4500789129914,28.265163395813,12.));
#7165=CARTESIAN_POINT('',(30.4810517429423,27.5224220937964,12.));
#7166=CARTESIAN_POINT('',(30.4810517429423,27.5224220937964,12.));
#7167=CARTESIAN_POINT('',(29.2544141858375,27.7750993612646,12.));
#7168=CARTESIAN_POINT('',(29.2544141858375,27.7750993612646,12.));
#7169=CARTESIAN_POINT('',(28.0277766287327,28.0277766287326,12.));
#7170=CARTESIAN_POINT('',(28.0277766287327,28.0277766287326,12.));
#7171=CARTESIAN_POINT('',(27.7750993612646,29.2544141858375,12.));
#7172=CARTESIAN_POINT('',(27.7750993612646,29.2544141858375,12.));
#7173=CARTESIAN_POINT('',(27.5224220937964,30.4810517429423,12.));
#7174=CARTESIAN_POINT('',(27.5224220937964,30.4810517429423,12.));
#7175=CARTESIAN_POINT('',(28.265163395813,32.4500789129914,12.));
#7176=CARTESIAN_POINT('',(28.265163395813,32.4500789129914,12.));
#7177=CARTESIAN_POINT('',(29.0079046978296,34.4191060830404,12.));
#7178=CARTESIAN_POINT('',(29.0079046978296,34.4191060830404,12.));
#7179=CARTESIAN_POINT('',(48.6556212009254,54.0668225861363,12.));
#7180=CARTESIAN_POINT('',(48.6556212009254,54.0668225861363,12.));
#7181=CARTESIAN_POINT('',(50.9295225591055,50.9295225591054,12.));
#7182=CARTESIAN_POINT('',(-0.00377528505554961,24.9962247149444,10.));
#7183=CARTESIAN_POINT('',(24.9962247149444,24.9962247149444,10.));
#7184=CARTESIAN_POINT('',(24.9962247149444,-0.00377528505554961,10.));
#7185=CARTESIAN_POINT('',(0.00266952966369513,17.6776695296637,-15.));
#7186=CARTESIAN_POINT('',(7.07106781186549,17.6776695296637,5.));
#7187=CARTESIAN_POINT('',(10.6065547656223,17.6776695296637,4.73012117173456));
#7188=CARTESIAN_POINT('',(14.1420413550885,17.6776695296637,4.46023756017028));
#7189=CARTESIAN_POINT('',(17.6776695296637,17.6776695296637,4.19221302396336));
#7190=CARTESIAN_POINT('',(17.6776695296637,17.6776695296637,4.19221302396335));
#7191=CARTESIAN_POINT('',(17.6776695296637,17.6776695296637,-15.));
#7192=CARTESIAN_POINT('',(17.6776695296637,0.00266952966369166,-15.));
#7193=CARTESIAN_POINT('',(17.6776695296637,7.07106781186546,5.));
#7194=CARTESIAN_POINT('',(17.6776695296637,10.6065547656223,4.73012117173456));
#7195=CARTESIAN_POINT('',(17.6776695296637,14.1420413550885,4.46023756017028));
#7196=CARTESIAN_POINT('',(17.6776695296637,17.6776695296637,4.19221302396335));
#7197=CARTESIAN_POINT('',(7.07106781186547,17.6776695296637,5.));
#7198=CARTESIAN_POINT('',(17.6776695296638,7.0710678118654,5.));
#7199=CARTESIAN_POINT('',(14.967857938105,25.5744596559033,3.79440852465146));
#7200=CARTESIAN_POINT('',(25.5744596559033,14.967857938105,3.79440852465146));
#7201=CARTESIAN_POINT('',(22.8646480643446,33.4712497821428,2.58881704930291));
#7202=CARTESIAN_POINT('',(33.4712497821428,22.8646480643445,2.58881704930291));
#7203=CARTESIAN_POINT('',(30.1602925478483,40.7668942656465,1.64019343428457));
#7204=CARTESIAN_POINT('',(40.7668942656466,30.1602925478483,1.64019343428457));
#7205=CARTESIAN_POINT('',(19.635033356682,15.3248781714994,4.22219712512237));
#7206=CARTESIAN_POINT('',(19.4674497450642,17.1438247119525,4.09698948225314));
#7207=CARTESIAN_POINT('',(20.6271716217983,18.5430960568954,3.90368991101952));
#7208=CARTESIAN_POINT('',(22.4386415636537,18.718924975491,3.75433978016838));
#7209=CARTESIAN_POINT('',(23.8505219921949,17.5550072450136,3.73575858418754));
#7210=CARTESIAN_POINT('',(24.0181998336785,15.7350728758891,3.85979911845041));
#7211=CARTESIAN_POINT('',(22.8608660194144,14.3381218851946,4.05251048826755));
#7212=CARTESIAN_POINT('',(21.0496530335371,14.159119982963,4.20330864349242));
#7213=CARTESIAN_POINT('',(19.635033356682,15.3248781714994,4.22219712512237));
#7214=CARTESIAN_POINT('',(19.4674497450642,17.1438247119525,4.09698948225314));
#7215=CARTESIAN_POINT('',(20.6271716217983,18.5430960568954,3.90368991101952));
#7216=CARTESIAN_POINT('',(19.6886673264562,17.0738788460341,4.08564082752574));
#7217=CARTESIAN_POINT('',(14.757887890005,20.053015593028,4.23350991676952));
#7218=CARTESIAN_POINT('',(14.057092900802,21.7458529996785,4.15823813943858));
#7219=CARTESIAN_POINT('',(14.7551364823104,23.4247735371758,3.97838072402952));
#7220=CARTESIAN_POINT('',(16.429850915559,24.1256862890289,3.79950378701435));
#7221=CARTESIAN_POINT('',(18.1228024985452,23.4336072146283,3.72445886836368));
#7222=CARTESIAN_POINT('',(18.8227912899517,21.7419442937615,3.79881310493081));
#7223=CARTESIAN_POINT('',(18.1274274781743,20.0644692810598,3.97747579573695));
#7224=CARTESIAN_POINT('',(16.4517749037227,19.3609542860846,4.15749646526675));
#7225=CARTESIAN_POINT('',(14.757887890005,20.053015593028,4.23350991676952));
#7226=CARTESIAN_POINT('',(14.057092900802,21.7458529996785,4.15823813943858));
#7227=CARTESIAN_POINT('',(14.7551364823104,23.4247735371758,3.97838072402952));
#7228=CARTESIAN_POINT('',(14.2902326625872,21.7435335214863,4.14080719975889));
#7229=CARTESIAN_POINT('',(40.7668942614516,30.1602925436533,1.64019343483004));
#7230=CARTESIAN_POINT('',(60.7454936976429,60.7454936976429,390.514671124226));
#7231=CARTESIAN_POINT('',(40.8700988286707,65.6188361701999,5.));
#7232=CARTESIAN_POINT('',(52.3680942321007,77.1168315736298,5.));
#7233=CARTESIAN_POINT('',(33.3690726304631,58.1178099719922,5.));
#7234=CARTESIAN_POINT('',(33.3690726304631,58.1178099719922,7.5));
#7235=CARTESIAN_POINT('',(33.3690726304631,58.1178099719922,10.));
#7236=CARTESIAN_POINT('',(42.8685834312819,67.617320772811,10.));
#7237=CARTESIAN_POINT('',(52.3680942321007,77.1168315736298,10.));
#7238=CARTESIAN_POINT('',(52.3680942321007,77.1168315736298,7.5));
#7239=CARTESIAN_POINT('',(16.4402326625873,21.7435335214863,-15.));
#7240=CARTESIAN_POINT('',(21.743011748025,16.4397108891259,-15.));
#7241=CARTESIAN_POINT('',(0.,0.,0.));
#7242=CARTESIAN_POINT('',(-37.1231060122938,-47.729707730092,15.));
#7243=CARTESIAN_POINT('',(-7.07106781186548,-17.6776695296637,5.));
#7244=CARTESIAN_POINT('',(-21.2047494434976,-31.8113511612958,2.84223136008552));
#7245=CARTESIAN_POINT('',(-35.3384310751297,-45.9450327929279,0.684462720171043));
#7246=CARTESIAN_POINT('',(-46.0254893316342,-56.6320910494324,4.33680868994202E-16));
#7247=CARTESIAN_POINT('',(-7.07106781186547,-17.6776695296637,5.));
#7248=CARTESIAN_POINT('',(-30.1602925436533,-40.7668942614515,1.64019343483004));
#7249=CARTESIAN_POINT('',(-7.0710678118655,-17.6776695296637,15.));
#7250=CARTESIAN_POINT('',(-7.07106781186551,-17.6776695296637,10.));
#7251=CARTESIAN_POINT('',(-37.1231060122938,-47.729707730092,10.));
#7252=CARTESIAN_POINT('',(-14.3896229971463,-24.9962247149444,10.));
#7253=CARTESIAN_POINT('',(-14.3896229971463,-24.9962247149444,15.));
#7254=CARTESIAN_POINT('',(-14.3896229971463,-24.9962247149444,15.));
#7255=CARTESIAN_POINT('',(-37.1231060122938,-47.729707730092,15.));
#7256=CARTESIAN_POINT('',(-65.7056375377276,-76.3122392555258,15.));
#7257=CARTESIAN_POINT('',(-65.7056375377276,-76.3122392555258,15.));
#7258=CARTESIAN_POINT('',(-65.7056375377276,-76.3122392555258,0.));
#7259=CARTESIAN_POINT('',(-37.1231060122938,-47.729707730092,0.));
#7260=CARTESIAN_POINT('',(-55.4421928387438,-66.048794556542,0.));
#7261=CARTESIAN_POINT('',(-55.4421928387438,-66.048794556542,390.514671124226));
#7262=CARTESIAN_POINT('',(-59.4391620439662,-70.0457637617643,7.5));
#7263=CARTESIAN_POINT('',(-59.4391620439662,-70.0457637617643,5.));
#7264=CARTESIAN_POINT('',(-59.4391620439662,-70.0457637617643,10.));
#7265=CARTESIAN_POINT('',(-37.1231060122938,-47.729707730092,10.));
#7266=CARTESIAN_POINT('',(-40.4401404423286,-51.0467421601268,10.));
#7267=CARTESIAN_POINT('',(-40.4401404423286,-51.0467421601268,7.5));
#7268=CARTESIAN_POINT('',(-40.4401404423286,-51.0467421601268,5.));
#7269=CARTESIAN_POINT('',(-37.1231060122938,-47.729707730092,5.));
#7270=CARTESIAN_POINT('',(-47.729707730092,-37.1231060122938,15.));
#7271=CARTESIAN_POINT('',(-47.729707730092,-37.1231060122938,0.));
#7272=CARTESIAN_POINT('',(-66.048794556542,-55.4421928387438,0.));
#7273=CARTESIAN_POINT('',(-76.3122392555258,-65.7056375377276,0.));
#7274=CARTESIAN_POINT('',(-76.3122392555258,-65.7056375377276,15.));
#7275=CARTESIAN_POINT('',(-76.3122392555258,-65.7056375377276,15.));
#7276=CARTESIAN_POINT('',(-47.729707730092,-37.1231060122938,15.));
#7277=CARTESIAN_POINT('',(-24.9962247149444,-14.3896229971462,15.));
#7278=CARTESIAN_POINT('',(-24.9962247149444,-14.3896229971462,15.));
#7279=CARTESIAN_POINT('',(-24.9962247149444,-14.3896229971462,10.));
#7280=CARTESIAN_POINT('',(-47.729707730092,-37.1231060122938,10.));
#7281=CARTESIAN_POINT('',(-17.6776695296637,-7.07106781186546,10.));
#7282=CARTESIAN_POINT('',(-17.6776695296637,-7.07106781186546,15.));
#7283=CARTESIAN_POINT('',(-17.6776695296637,-7.07106781186546,5.));
#7284=CARTESIAN_POINT('',(-17.6776695296637,-7.07106781186546,5.));
#7285=CARTESIAN_POINT('',(-31.8113511612959,-21.2047494434976,2.84223136008552));
#7286=CARTESIAN_POINT('',(-45.945032792928,-35.3384310751297,0.684462720171043));
#7287=CARTESIAN_POINT('',(-56.6320910494324,-46.0254893316342,4.33680868994202E-16));
#7288=CARTESIAN_POINT('',(-40.7668942614516,-30.1602925436533,1.64019343483004));
#7289=CARTESIAN_POINT('',(-66.048794556542,-55.4421928387438,390.514671124226));
#7290=CARTESIAN_POINT('',(-58.5477683583344,-47.9411666405362,5.));
#7291=CARTESIAN_POINT('',(-70.0457637617644,-59.4391620439661,5.));
#7292=CARTESIAN_POINT('',(-51.0467421601268,-40.4401404423285,5.));
#7293=CARTESIAN_POINT('',(-51.0467421601268,-40.4401404423285,7.5));
#7294=CARTESIAN_POINT('',(-51.0467421601268,-40.4401404423285,10.));
#7295=CARTESIAN_POINT('',(-60.5462529609456,-49.9396512431473,10.));
#7296=CARTESIAN_POINT('',(-70.0457637617644,-59.4391620439661,10.));
#7297=CARTESIAN_POINT('',(-70.0457637617644,-59.4391620439661,7.5));
#7298=CARTESIAN_POINT('',(-42.4264068711928,-42.4264068711928,0.));
#7299=CARTESIAN_POINT('',(-84.8527606575789,-92.8527606575789,0.));
#7300=CARTESIAN_POINT('',(-86.4515888415465,-92.9139851473748,0.));
#7301=CARTESIAN_POINT('',(-83.2539324736113,-92.9139851473748,0.));
#7302=CARTESIAN_POINT('',(-104.438405911182,-93.6027606575789,0.));
#7303=CARTESIAN_POINT('',(-86.4515888415465,-94.2915361677829,0.));
#7304=CARTESIAN_POINT('',(-84.8527606575789,-94.3527606575789,0.));
#7305=CARTESIAN_POINT('',(-83.2539324736113,-94.2915361677829,0.));
#7306=CARTESIAN_POINT('',(-65.2671154039754,-93.6027606575789,0.));
#7307=CARTESIAN_POINT('',(-84.8527606575789,-84.8527606575789,0.));
#7308=CARTESIAN_POINT('',(-88.8527606575789,-84.8527606575789,0.));
#7309=CARTESIAN_POINT('',(-76.8527606575789,-84.8527606575789,0.));
#7310=CARTESIAN_POINT('',(-76.791536167783,-83.2539324736112,0.));
#7311=CARTESIAN_POINT('',(-76.791536167783,-86.4515888415465,0.));
#7312=CARTESIAN_POINT('',(-76.102760657579,-104.438405911182,0.));
#7313=CARTESIAN_POINT('',(-75.4139851473748,-86.4515888415465,0.));
#7314=CARTESIAN_POINT('',(-75.3527606575789,-84.8527606575789,0.));
#7315=CARTESIAN_POINT('',(-75.4139851473748,-83.2539324736113,0.));
#7316=CARTESIAN_POINT('',(-76.1027606575787,-65.2671154039754,0.));
#7317=CARTESIAN_POINT('',(-84.8527606575789,-76.8527606575789,0.));
#7318=CARTESIAN_POINT('',(-83.2539324736113,-76.791536167783,0.));
#7319=CARTESIAN_POINT('',(-86.4515888415465,-76.7915361677829,0.));
#7320=CARTESIAN_POINT('',(-65.2671154039754,-76.1027606575791,0.));
#7321=CARTESIAN_POINT('',(-83.2539324736113,-75.4139851473748,0.));
#7322=CARTESIAN_POINT('',(-84.8527606575789,-75.3527606575789,0.));
#7323=CARTESIAN_POINT('',(-86.4515888415465,-75.4139851473748,0.));
#7324=CARTESIAN_POINT('',(-104.438405911182,-76.1027606575787,0.));
#7325=CARTESIAN_POINT('',(-94.3527606575789,-84.8527606575789,0.));
#7326=CARTESIAN_POINT('',(-94.291536167783,-83.2539324736112,0.));
#7327=CARTESIAN_POINT('',(-94.291536167783,-86.4515888415465,0.));
#7328=CARTESIAN_POINT('',(-93.602760657579,-104.438405911182,0.));
#7329=CARTESIAN_POINT('',(-92.9139851473748,-86.4515888415465,0.));
#7330=CARTESIAN_POINT('',(-92.8527606575789,-84.8527606575789,0.));
#7331=CARTESIAN_POINT('',(-92.9139851473748,-83.2539324736112,0.));
#7332=CARTESIAN_POINT('',(-93.602760657579,-65.2671154039754,0.));
#7333=CARTESIAN_POINT('',(-65.4722152000765,-81.4096616545279,0.));
#7334=CARTESIAN_POINT('',(-65.2387928624253,-86.5070840535301,0.));
#7335=CARTESIAN_POINT('',(-69.9785401074033,-94.0730554824619,0.));
#7336=CARTESIAN_POINT('',(-74.7182873523813,-101.639026911394,0.));
#7337=CARTESIAN_POINT('',(-83.766812633644,-101.639026911394,0.));
#7338=CARTESIAN_POINT('',(-92.8153379149067,-101.639026911394,0.));
#7339=CARTESIAN_POINT('',(-95.0212601640285,-99.4331046622721,0.));
#7340=CARTESIAN_POINT('',(-101.639026911394,-92.8153379149067,0.));
#7341=CARTESIAN_POINT('',(-101.639026911394,-83.766812633644,0.));
#7342=CARTESIAN_POINT('',(-101.639026911394,-74.7182873523812,0.));
#7343=CARTESIAN_POINT('',(-94.073055482462,-69.9785401074033,0.));
#7344=CARTESIAN_POINT('',(-86.5070840535301,-65.2387928624253,0.));
#7345=CARTESIAN_POINT('',(-81.409661654528,-65.4722152000764,0.));
#7346=CARTESIAN_POINT('',(-60.7454936976429,-60.7454936976429,0.));
#7347=CARTESIAN_POINT('',(0.00377528505555308,0.00377528505554614,10.));
#7348=CARTESIAN_POINT('',(-21.743011748025,-16.4397108891259,10.));
#7349=CARTESIAN_POINT('',(-19.593011748025,-16.4397108891259,10.));
#7350=CARTESIAN_POINT('',(-16.4402326625873,-21.7435335214863,10.));
#7351=CARTESIAN_POINT('',(-14.2902326625873,-21.7435335214863,10.));
#7352=CARTESIAN_POINT('',(-17.6776695296637,-0.00266952966369166,10.));
#7353=CARTESIAN_POINT('',(-17.6776695296637,-17.6776695296637,10.));
#7354=CARTESIAN_POINT('',(-24.9962247149444,0.00377528505554961,10.));
#7355=CARTESIAN_POINT('',(-24.9962247149444,-24.9962247149444,10.));
#7356=CARTESIAN_POINT('',(0.00377528505554961,-24.9962247149444,10.));
#7357=CARTESIAN_POINT('',(-0.00266952966369513,-17.6776695296637,10.));
#7358=CARTESIAN_POINT('',(-42.4264068711928,-42.4264068711928,15.));
#7359=CARTESIAN_POINT('',(0.00377528505554961,-24.9962247149444,15.));
#7360=CARTESIAN_POINT('',(-24.9962247149444,-24.9962247149444,15.));
#7361=CARTESIAN_POINT('',(-24.9962247149444,0.00377528505554961,15.));
#7362=CARTESIAN_POINT('',(-81.409661654528,-65.4722152000764,15.));
#7363=CARTESIAN_POINT('',(-86.5070840535301,-65.2387928624253,15.));
#7364=CARTESIAN_POINT('',(-94.073055482462,-69.9785401074033,15.));
#7365=CARTESIAN_POINT('',(-101.639026911394,-74.7182873523812,15.));
#7366=CARTESIAN_POINT('',(-101.639026911394,-83.766812633644,15.));
#7367=CARTESIAN_POINT('',(-101.639026911394,-92.8153379149067,15.));
#7368=CARTESIAN_POINT('',(-95.0212601640285,-99.4331046622721,15.));
#7369=CARTESIAN_POINT('',(-92.8153379149067,-101.639026911394,15.));
#7370=CARTESIAN_POINT('',(-83.766812633644,-101.639026911394,15.));
#7371=CARTESIAN_POINT('',(-74.7182873523813,-101.639026911394,15.));
#7372=CARTESIAN_POINT('',(-69.9785401074033,-94.0730554824619,15.));
#7373=CARTESIAN_POINT('',(-65.2387928624253,-86.5070840535301,15.));
#7374=CARTESIAN_POINT('',(-65.4722152000765,-81.4096616545279,15.));
#7375=CARTESIAN_POINT('',(-84.8528137423857,-84.8528137423857,15.));
#7376=CARTESIAN_POINT('',(-68.8528137423857,-84.8528137423857,15.));
#7377=CARTESIAN_POINT('',(-54.0668225861363,-48.6556212009254,15.));
#7378=CARTESIAN_POINT('',(-73.7145390892321,-68.3033377040213,15.));
#7379=CARTESIAN_POINT('',(-34.4191060830404,-29.0079046978295,15.));
#7380=CARTESIAN_POINT('',(-32.4500789129914,-28.265163395813,15.));
#7381=CARTESIAN_POINT('',(-30.4810517429423,-27.5224220937964,15.));
#7382=CARTESIAN_POINT('',(-29.2544141858375,-27.7750993612646,15.));
#7383=CARTESIAN_POINT('',(-28.0277766287327,-28.0277766287326,15.));
#7384=CARTESIAN_POINT('',(-27.7750993612646,-29.2544141858375,15.));
#7385=CARTESIAN_POINT('',(-27.5224220937964,-30.4810517429423,15.));
#7386=CARTESIAN_POINT('',(-28.265163395813,-32.4500789129914,15.));
#7387=CARTESIAN_POINT('',(-29.0079046978296,-34.4191060830404,15.));
#7388=CARTESIAN_POINT('',(-48.6556212009254,-54.0668225861363,15.));
#7389=CARTESIAN_POINT('',(-68.3033377040213,-73.7145390892321,15.));
#7390=CARTESIAN_POINT('',(-69.656138050324,-72.3617387429294,15.));
#7391=CARTESIAN_POINT('',(-83.4951645809925,-83.4951645809925,4.));
#7392=CARTESIAN_POINT('',(-92.8527606575789,-84.8527606575789,4.));
#7393=CARTESIAN_POINT('',(-92.9139851473748,-86.4515888415465,4.));
#7394=CARTESIAN_POINT('',(-92.9139851473748,-83.2539324736112,4.));
#7395=CARTESIAN_POINT('',(-93.602760657579,-104.438405911182,4.));
#7396=CARTESIAN_POINT('',(-94.291536167783,-86.4515888415465,4.));
#7397=CARTESIAN_POINT('',(-94.3527606575789,-84.8527606575789,4.));
#7398=CARTESIAN_POINT('',(-94.291536167783,-83.2539324736112,4.));
#7399=CARTESIAN_POINT('',(-93.602760657579,-65.2671154039754,4.));
#7400=CARTESIAN_POINT('',(-84.8527606575789,-75.3527606575789,4.));
#7401=CARTESIAN_POINT('',(-86.4515888415465,-75.4139851473748,4.));
#7402=CARTESIAN_POINT('',(-83.2539324736113,-75.4139851473748,4.));
#7403=CARTESIAN_POINT('',(-65.2671154039754,-76.1027606575791,4.));
#7404=CARTESIAN_POINT('',(-83.2539324736113,-76.791536167783,4.));
#7405=CARTESIAN_POINT('',(-84.8527606575789,-76.8527606575789,4.));
#7406=CARTESIAN_POINT('',(-86.4515888415465,-76.7915361677829,4.));
#7407=CARTESIAN_POINT('',(-104.438405911182,-76.1027606575787,4.));
#7408=CARTESIAN_POINT('',(-75.3527606575789,-84.8527606575789,4.));
#7409=CARTESIAN_POINT('',(-75.4139851473748,-86.4515888415465,4.));
#7410=CARTESIAN_POINT('',(-75.4139851473748,-83.2539324736113,4.));
#7411=CARTESIAN_POINT('',(-76.102760657579,-104.438405911182,4.));
#7412=CARTESIAN_POINT('',(-76.791536167783,-86.4515888415465,4.));
#7413=CARTESIAN_POINT('',(-76.8527606575789,-84.8527606575789,4.));
#7414=CARTESIAN_POINT('',(-76.791536167783,-83.2539324736112,4.));
#7415=CARTESIAN_POINT('',(-76.1027606575787,-65.2671154039754,4.));
#7416=CARTESIAN_POINT('',(-84.8527606575789,-84.8527606575789,4.));
#7417=CARTESIAN_POINT('',(-88.8527606575789,-84.8527606575789,4.));
#7418=CARTESIAN_POINT('',(-84.8528137423857,-84.8528137423857,4.));
#7419=CARTESIAN_POINT('',(-100.852813742386,-84.8528137423857,4.));
#7420=CARTESIAN_POINT('',(-84.8527606575789,-94.3527606575789,4.));
#7421=CARTESIAN_POINT('',(-83.2539324736113,-94.2915361677829,4.));
#7422=CARTESIAN_POINT('',(-86.4515888415465,-94.2915361677829,4.));
#7423=CARTESIAN_POINT('',(-104.438405911182,-93.6027606575789,4.));
#7424=CARTESIAN_POINT('',(-86.4515888415465,-92.9139851473748,4.));
#7425=CARTESIAN_POINT('',(-84.8527606575789,-92.8527606575789,4.));
#7426=CARTESIAN_POINT('',(-83.2539324736113,-92.9139851473748,4.));
#7427=CARTESIAN_POINT('',(-65.2671154039754,-93.6027606575789,4.));
#7428=CARTESIAN_POINT('',(-84.8528137423857,-84.8528137423857,15.));
#7429=CARTESIAN_POINT('',(-101.639026911394,-83.766812633644,15.));
#7430=CARTESIAN_POINT('',(-101.639026911394,-92.8153379149067,15.));
#7431=CARTESIAN_POINT('',(-101.639026911394,-74.7182873523812,15.));
#7432=CARTESIAN_POINT('',(-94.073055482462,-69.9785401074033,15.));
#7433=CARTESIAN_POINT('',(-86.5070840535301,-65.2387928624253,15.));
#7434=CARTESIAN_POINT('',(-81.409661654528,-65.4722152000764,15.));
#7435=CARTESIAN_POINT('',(-65.4722152000765,-81.4096616545279,15.));
#7436=CARTESIAN_POINT('',(-65.2387928624253,-86.5070840535301,15.));
#7437=CARTESIAN_POINT('',(-69.9785401074033,-94.0730554824619,15.));
#7438=CARTESIAN_POINT('',(-74.7182873523813,-101.639026911394,15.));
#7439=CARTESIAN_POINT('',(-83.766812633644,-101.639026911394,15.));
#7440=CARTESIAN_POINT('',(-92.8153379149067,-101.639026911394,15.));
#7441=CARTESIAN_POINT('',(-95.0212601640285,-99.4331046622721,15.));
#7442=CARTESIAN_POINT('',(-84.8527606575789,-84.8527606575789,5.9));
#7443=CARTESIAN_POINT('',(-76.8527606575789,-84.8527606575789,5.9));
#7444=CARTESIAN_POINT('',(-76.791536167783,-86.4515888415465,5.9));
#7445=CARTESIAN_POINT('',(-76.791536167783,-83.2539324736112,5.9));
#7446=CARTESIAN_POINT('',(-75.3527606575789,-84.8527606575789,5.9));
#7447=CARTESIAN_POINT('',(-75.4139851473748,-86.4515888415465,5.9));
#7448=CARTESIAN_POINT('',(-75.4139851473748,-83.2539324736113,5.9));
#7449=CARTESIAN_POINT('',(-84.8527606575789,-76.8527606575789,5.9));
#7450=CARTESIAN_POINT('',(-83.2539324736113,-76.791536167783,5.9));
#7451=CARTESIAN_POINT('',(-86.4515888415465,-76.7915361677829,5.9));
#7452=CARTESIAN_POINT('',(-84.8527606575789,-75.3527606575789,5.9));
#7453=CARTESIAN_POINT('',(-83.2539324736113,-75.4139851473748,5.9));
#7454=CARTESIAN_POINT('',(-86.4515888415465,-75.4139851473748,5.9));
#7455=CARTESIAN_POINT('',(-84.8527606575789,-92.8527606575789,5.9));
#7456=CARTESIAN_POINT('',(-86.4515888415465,-92.9139851473748,5.9));
#7457=CARTESIAN_POINT('',(-83.2539324736113,-92.9139851473748,5.9));
#7458=CARTESIAN_POINT('',(-84.8527606575789,-94.3527606575789,5.9));
#7459=CARTESIAN_POINT('',(-86.4515888415465,-94.2915361677829,5.9));
#7460=CARTESIAN_POINT('',(-83.2539324736113,-94.2915361677829,5.9));
#7461=CARTESIAN_POINT('',(-92.8527606575789,-84.8527606575789,5.9));
#7462=CARTESIAN_POINT('',(-92.9139851473748,-86.4515888415465,5.9));
#7463=CARTESIAN_POINT('',(-92.9139851473748,-83.2539324736112,5.9));
#7464=CARTESIAN_POINT('',(-94.3527606575789,-84.8527606575789,5.9));
#7465=CARTESIAN_POINT('',(-94.291536167783,-86.4515888415465,5.9));
#7466=CARTESIAN_POINT('',(-94.291536167783,-83.2539324736112,5.9));
#7467=CARTESIAN_POINT('',(-104.438405911182,-76.1027606575787,5.9));
#7468=CARTESIAN_POINT('',(-65.2671154039754,-76.1027606575791,5.9));
#7469=CARTESIAN_POINT('',(-76.1027606575787,-65.2671154039754,5.9));
#7470=CARTESIAN_POINT('',(-76.102760657579,-104.438405911182,5.9));
#7471=CARTESIAN_POINT('',(-65.2671154039754,-93.6027606575789,5.9));
#7472=CARTESIAN_POINT('',(-104.438405911182,-93.6027606575789,5.9));
#7473=CARTESIAN_POINT('',(-93.602760657579,-65.2671154039754,5.9));
#7474=CARTESIAN_POINT('',(-93.602760657579,-104.438405911182,5.9));
#7475=CARTESIAN_POINT('',(-69.656138050324,-72.3617387429294,12.));
#7476=CARTESIAN_POINT('',(-68.3033377040213,-73.7145390892321,12.));
#7477=CARTESIAN_POINT('',(-68.3033377040213,-73.7145390892321,12.));
#7478=CARTESIAN_POINT('',(-69.656138050324,-72.3617387429294,12.));
#7479=CARTESIAN_POINT('',(-73.7145390892321,-68.3033377040213,12.));
#7480=CARTESIAN_POINT('',(-73.7145390892321,-68.3033377040213,12.));
#7481=CARTESIAN_POINT('',(-54.0668225861363,-48.6556212009254,12.));
#7482=CARTESIAN_POINT('',(-54.0668225861363,-48.6556212009254,12.));
#7483=CARTESIAN_POINT('',(-34.4191060830404,-29.0079046978295,12.));
#7484=CARTESIAN_POINT('',(-34.4191060830404,-29.0079046978295,12.));
#7485=CARTESIAN_POINT('',(-32.4500789129914,-28.265163395813,12.));
#7486=CARTESIAN_POINT('',(-32.4500789129914,-28.265163395813,12.));
#7487=CARTESIAN_POINT('',(-30.4810517429423,-27.5224220937964,12.));
#7488=CARTESIAN_POINT('',(-30.4810517429423,-27.5224220937964,12.));
#7489=CARTESIAN_POINT('',(-29.2544141858375,-27.7750993612646,12.));
#7490=CARTESIAN_POINT('',(-29.2544141858375,-27.7750993612646,12.));
#7491=CARTESIAN_POINT('',(-28.0277766287327,-28.0277766287326,12.));
#7492=CARTESIAN_POINT('',(-28.0277766287327,-28.0277766287326,12.));
#7493=CARTESIAN_POINT('',(-27.7750993612646,-29.2544141858375,12.));
#7494=CARTESIAN_POINT('',(-27.7750993612646,-29.2544141858375,12.));
#7495=CARTESIAN_POINT('',(-27.5224220937964,-30.4810517429423,12.));
#7496=CARTESIAN_POINT('',(-27.5224220937964,-30.4810517429423,12.));
#7497=CARTESIAN_POINT('',(-28.265163395813,-32.4500789129914,12.));
#7498=CARTESIAN_POINT('',(-28.265163395813,-32.4500789129914,12.));
#7499=CARTESIAN_POINT('',(-29.0079046978296,-34.4191060830404,12.));
#7500=CARTESIAN_POINT('',(-29.0079046978296,-34.4191060830404,12.));
#7501=CARTESIAN_POINT('',(-48.6556212009254,-54.0668225861363,12.));
#7502=CARTESIAN_POINT('',(-48.6556212009254,-54.0668225861363,12.));
#7503=CARTESIAN_POINT('',(-50.9295225591055,-50.9295225591054,12.));
#7504=CARTESIAN_POINT('',(0.00377528505554961,-24.9962247149444,10.));
#7505=CARTESIAN_POINT('',(-24.9962247149444,-24.9962247149444,10.));
#7506=CARTESIAN_POINT('',(-24.9962247149444,0.00377528505554961,10.));
#7507=CARTESIAN_POINT('',(-0.00266952966369513,-17.6776695296637,-15.));
#7508=CARTESIAN_POINT('',(-7.07106781186549,-17.6776695296637,5.));
#7509=CARTESIAN_POINT('',(-10.6065547656223,-17.6776695296637,4.73012117173456));
#7510=CARTESIAN_POINT('',(-14.1420413550885,-17.6776695296637,4.46023756017028));
#7511=CARTESIAN_POINT('',(-17.6776695296637,-17.6776695296637,4.19221302396336));
#7512=CARTESIAN_POINT('',(-17.6776695296637,-17.6776695296637,4.19221302396335));
#7513=CARTESIAN_POINT('',(-17.6776695296637,-17.6776695296637,-15.));
#7514=CARTESIAN_POINT('',(-17.6776695296637,-0.00266952966369166,-15.));
#7515=CARTESIAN_POINT('',(-17.6776695296637,-7.07106781186546,5.));
#7516=CARTESIAN_POINT('',(-17.6776695296637,-10.6065547656223,4.73012117173456));
#7517=CARTESIAN_POINT('',(-17.6776695296637,-14.1420413550885,4.46023756017028));
#7518=CARTESIAN_POINT('',(-17.6776695296637,-17.6776695296637,4.19221302396335));
#7519=CARTESIAN_POINT('',(-7.07106781186547,-17.6776695296637,5.));
#7520=CARTESIAN_POINT('',(-17.6776695296638,-7.0710678118654,5.));
#7521=CARTESIAN_POINT('',(-14.967857938105,-25.5744596559033,3.79440852465146));
#7522=CARTESIAN_POINT('',(-25.5744596559033,-14.967857938105,3.79440852465146));
#7523=CARTESIAN_POINT('',(-22.8646480643446,-33.4712497821428,2.58881704930291));
#7524=CARTESIAN_POINT('',(-33.4712497821428,-22.8646480643445,2.58881704930291));
#7525=CARTESIAN_POINT('',(-30.1602925478483,-40.7668942656465,1.64019343428457));
#7526=CARTESIAN_POINT('',(-40.7668942656466,-30.1602925478483,1.64019343428457));
#7527=CARTESIAN_POINT('',(-19.635033356682,-15.3248781714994,4.22219712512237));
#7528=CARTESIAN_POINT('',(-19.4674497450642,-17.1438247119525,4.09698948225314));
#7529=CARTESIAN_POINT('',(-20.6271716217983,-18.5430960568954,3.90368991101952));
#7530=CARTESIAN_POINT('',(-22.4386415636537,-18.718924975491,3.75433978016838));
#7531=CARTESIAN_POINT('',(-23.8505219921949,-17.5550072450136,3.73575858418754));
#7532=CARTESIAN_POINT('',(-24.0181998336785,-15.7350728758891,3.85979911845041));
#7533=CARTESIAN_POINT('',(-22.8608660194144,-14.3381218851946,4.05251048826755));
#7534=CARTESIAN_POINT('',(-21.0496530335371,-14.159119982963,4.20330864349242));
#7535=CARTESIAN_POINT('',(-19.635033356682,-15.3248781714994,4.22219712512237));
#7536=CARTESIAN_POINT('',(-19.4674497450642,-17.1438247119525,4.09698948225314));
#7537=CARTESIAN_POINT('',(-20.6271716217983,-18.5430960568954,3.90368991101952));
#7538=CARTESIAN_POINT('',(-19.6886673264562,-17.0738788460341,4.08564082752574));
#7539=CARTESIAN_POINT('',(-14.757887890005,-20.053015593028,4.23350991676952));
#7540=CARTESIAN_POINT('',(-14.057092900802,-21.7458529996785,4.15823813943858));
#7541=CARTESIAN_POINT('',(-14.7551364823104,-23.4247735371758,3.97838072402952));
#7542=CARTESIAN_POINT('',(-16.429850915559,-24.1256862890289,3.79950378701435));
#7543=CARTESIAN_POINT('',(-18.1228024985452,-23.4336072146283,3.72445886836368));
#7544=CARTESIAN_POINT('',(-18.8227912899517,-21.7419442937615,3.79881310493081));
#7545=CARTESIAN_POINT('',(-18.1274274781743,-20.0644692810598,3.97747579573695));
#7546=CARTESIAN_POINT('',(-16.4517749037227,-19.3609542860846,4.15749646526675));
#7547=CARTESIAN_POINT('',(-14.757887890005,-20.053015593028,4.23350991676952));
#7548=CARTESIAN_POINT('',(-14.057092900802,-21.7458529996785,4.15823813943858));
#7549=CARTESIAN_POINT('',(-14.7551364823104,-23.4247735371758,3.97838072402952));
#7550=CARTESIAN_POINT('',(-14.2902326625872,-21.7435335214863,4.14080719975889));
#7551=CARTESIAN_POINT('',(-40.7668942614516,-30.1602925436533,1.64019343483004));
#7552=CARTESIAN_POINT('',(-60.7454936976429,-60.7454936976429,390.514671124226));
#7553=CARTESIAN_POINT('',(-40.8700988286707,-65.6188361701999,5.));
#7554=CARTESIAN_POINT('',(-52.3680942321007,-77.1168315736298,5.));
#7555=CARTESIAN_POINT('',(-33.3690726304631,-58.1178099719922,5.));
#7556=CARTESIAN_POINT('',(-33.3690726304631,-58.1178099719922,7.5));
#7557=CARTESIAN_POINT('',(-33.3690726304631,-58.1178099719922,10.));
#7558=CARTESIAN_POINT('',(-42.8685834312819,-67.617320772811,10.));
#7559=CARTESIAN_POINT('',(-52.3680942321007,-77.1168315736298,10.));
#7560=CARTESIAN_POINT('',(-52.3680942321007,-77.1168315736298,7.5));
#7561=CARTESIAN_POINT('',(-16.4402326625873,-21.7435335214863,-15.));
#7562=CARTESIAN_POINT('',(-21.743011748025,-16.4397108891259,-15.));
#7563=CARTESIAN_POINT('',(0.,0.,0.));
#7564=CARTESIAN_POINT('',(-37.1231060122938,47.729707730092,15.));
#7565=CARTESIAN_POINT('',(-7.07106781186548,17.6776695296637,5.));
#7566=CARTESIAN_POINT('',(-21.2047494434976,31.8113511612958,2.84223136008552));
#7567=CARTESIAN_POINT('',(-35.3384310751297,45.9450327929279,0.684462720171043));
#7568=CARTESIAN_POINT('',(-46.0254893316342,56.6320910494324,4.33680868994202E-16));
#7569=CARTESIAN_POINT('',(-7.07106781186547,17.6776695296637,5.));
#7570=CARTESIAN_POINT('',(-30.1602925436533,40.7668942614515,1.64019343483004));
#7571=CARTESIAN_POINT('',(-55.4421928387438,66.048794556542,390.514671124226));
#7572=CARTESIAN_POINT('',(-55.4421928387438,66.048794556542,0.));
#7573=CARTESIAN_POINT('',(-37.1231060122938,47.729707730092,0.));
#7574=CARTESIAN_POINT('',(-65.7056375377276,76.3122392555258,0.));
#7575=CARTESIAN_POINT('',(-65.7056375377276,76.3122392555258,15.));
#7576=CARTESIAN_POINT('',(-65.7056375377276,76.3122392555258,15.));
#7577=CARTESIAN_POINT('',(-37.1231060122938,47.729707730092,15.));
#7578=CARTESIAN_POINT('',(-14.3896229971463,24.9962247149444,15.));
#7579=CARTESIAN_POINT('',(-14.3896229971463,24.9962247149444,15.));
#7580=CARTESIAN_POINT('',(-14.3896229971463,24.9962247149444,10.));
#7581=CARTESIAN_POINT('',(-37.1231060122938,47.729707730092,10.));
#7582=CARTESIAN_POINT('',(-7.07106781186551,17.6776695296637,10.));
#7583=CARTESIAN_POINT('',(-7.0710678118655,17.6776695296637,15.));
#7584=CARTESIAN_POINT('',(-59.4391620439662,70.0457637617643,7.5));
#7585=CARTESIAN_POINT('',(-59.4391620439662,70.0457637617643,5.));
#7586=CARTESIAN_POINT('',(-59.4391620439662,70.0457637617643,10.));
#7587=CARTESIAN_POINT('',(-37.1231060122938,47.729707730092,5.));
#7588=CARTESIAN_POINT('',(-40.4401404423286,51.0467421601268,5.));
#7589=CARTESIAN_POINT('',(-40.4401404423286,51.0467421601268,7.5));
#7590=CARTESIAN_POINT('',(-40.4401404423286,51.0467421601268,10.));
#7591=CARTESIAN_POINT('',(-37.1231060122938,47.729707730092,10.));
#7592=CARTESIAN_POINT('',(-47.729707730092,37.1231060122938,15.));
#7593=CARTESIAN_POINT('',(-47.729707730092,37.1231060122938,0.));
#7594=CARTESIAN_POINT('',(-66.048794556542,55.4421928387438,0.));
#7595=CARTESIAN_POINT('',(-76.3122392555258,65.7056375377276,0.));
#7596=CARTESIAN_POINT('',(-66.048794556542,55.4421928387438,390.514671124226));
#7597=CARTESIAN_POINT('',(-40.7668942614516,30.1602925436533,1.64019343483004));
#7598=CARTESIAN_POINT('',(-17.6776695296637,7.07106781186546,5.));
#7599=CARTESIAN_POINT('',(-31.8113511612959,21.2047494434976,2.84223136008552));
#7600=CARTESIAN_POINT('',(-45.945032792928,35.3384310751297,0.684462720171043));
#7601=CARTESIAN_POINT('',(-56.6320910494324,46.0254893316342,4.33680868994202E-16));
#7602=CARTESIAN_POINT('',(-17.6776695296637,7.07106781186546,5.));
#7603=CARTESIAN_POINT('',(-17.6776695296637,7.07106781186546,15.));
#7604=CARTESIAN_POINT('',(-17.6776695296637,7.07106781186546,10.));
#7605=CARTESIAN_POINT('',(-47.729707730092,37.1231060122938,10.));
#7606=CARTESIAN_POINT('',(-24.9962247149444,14.3896229971462,10.));
#7607=CARTESIAN_POINT('',(-24.9962247149444,14.3896229971462,15.));
#7608=CARTESIAN_POINT('',(-24.9962247149444,14.3896229971462,15.));
#7609=CARTESIAN_POINT('',(-47.729707730092,37.1231060122938,15.));
#7610=CARTESIAN_POINT('',(-76.3122392555258,65.7056375377276,15.));
#7611=CARTESIAN_POINT('',(-76.3122392555258,65.7056375377276,15.));
#7612=CARTESIAN_POINT('',(-58.5477683583344,47.9411666405362,5.));
#7613=CARTESIAN_POINT('',(-70.0457637617644,59.4391620439661,5.));
#7614=CARTESIAN_POINT('',(-51.0467421601268,40.4401404423285,5.));
#7615=CARTESIAN_POINT('',(-70.0457637617644,59.4391620439661,7.5));
#7616=CARTESIAN_POINT('',(-70.0457637617644,59.4391620439661,10.));
#7617=CARTESIAN_POINT('',(-60.5462529609456,49.9396512431473,10.));
#7618=CARTESIAN_POINT('',(-51.0467421601268,40.4401404423285,10.));
#7619=CARTESIAN_POINT('',(-51.0467421601268,40.4401404423285,7.5));
#7620=CARTESIAN_POINT('',(-42.4264068711928,42.4264068711928,0.));
#7621=CARTESIAN_POINT('',(-84.8527606575789,92.8527606575789,0.));
#7622=CARTESIAN_POINT('',(-86.4515888415465,92.9139851473748,0.));
#7623=CARTESIAN_POINT('',(-83.2539324736113,92.9139851473748,0.));
#7624=CARTESIAN_POINT('',(-65.2671154039754,93.6027606575789,0.));
#7625=CARTESIAN_POINT('',(-83.2539324736113,94.2915361677829,0.));
#7626=CARTESIAN_POINT('',(-84.8527606575789,94.3527606575789,0.));
#7627=CARTESIAN_POINT('',(-86.4515888415465,94.2915361677829,0.));
#7628=CARTESIAN_POINT('',(-104.438405911182,93.6027606575789,0.));
#7629=CARTESIAN_POINT('',(-84.8527606575789,84.8527606575789,0.));
#7630=CARTESIAN_POINT('',(-88.8527606575789,84.8527606575789,0.));
#7631=CARTESIAN_POINT('',(-76.8527606575789,84.8527606575789,0.));
#7632=CARTESIAN_POINT('',(-76.791536167783,83.2539324736112,0.));
#7633=CARTESIAN_POINT('',(-76.791536167783,86.4515888415465,0.));
#7634=CARTESIAN_POINT('',(-76.1027606575787,65.2671154039754,0.));
#7635=CARTESIAN_POINT('',(-75.4139851473748,83.2539324736113,0.));
#7636=CARTESIAN_POINT('',(-75.3527606575789,84.8527606575789,0.));
#7637=CARTESIAN_POINT('',(-75.4139851473748,86.4515888415465,0.));
#7638=CARTESIAN_POINT('',(-76.102760657579,104.438405911182,0.));
#7639=CARTESIAN_POINT('',(-84.8527606575789,76.8527606575789,0.));
#7640=CARTESIAN_POINT('',(-83.2539324736113,76.791536167783,0.));
#7641=CARTESIAN_POINT('',(-86.4515888415465,76.7915361677829,0.));
#7642=CARTESIAN_POINT('',(-104.438405911182,76.1027606575787,0.));
#7643=CARTESIAN_POINT('',(-86.4515888415465,75.4139851473748,0.));
#7644=CARTESIAN_POINT('',(-84.8527606575789,75.3527606575789,0.));
#7645=CARTESIAN_POINT('',(-83.2539324736113,75.4139851473748,0.));
#7646=CARTESIAN_POINT('',(-65.2671154039754,76.1027606575791,0.));
#7647=CARTESIAN_POINT('',(-94.3527606575789,84.8527606575789,0.));
#7648=CARTESIAN_POINT('',(-94.291536167783,83.2539324736112,0.));
#7649=CARTESIAN_POINT('',(-94.291536167783,86.4515888415465,0.));
#7650=CARTESIAN_POINT('',(-93.602760657579,65.2671154039754,0.));
#7651=CARTESIAN_POINT('',(-92.9139851473748,83.2539324736112,0.));
#7652=CARTESIAN_POINT('',(-92.8527606575789,84.8527606575789,0.));
#7653=CARTESIAN_POINT('',(-92.9139851473748,86.4515888415465,0.));
#7654=CARTESIAN_POINT('',(-93.602760657579,104.438405911182,0.));
#7655=CARTESIAN_POINT('',(-60.7454936976429,60.7454936976429,0.));
#7656=CARTESIAN_POINT('',(-81.409661654528,65.4722152000764,0.));
#7657=CARTESIAN_POINT('',(-86.5070840535301,65.2387928624253,0.));
#7658=CARTESIAN_POINT('',(-94.073055482462,69.9785401074033,0.));
#7659=CARTESIAN_POINT('',(-101.639026911394,74.7182873523812,0.));
#7660=CARTESIAN_POINT('',(-101.639026911394,83.766812633644,0.));
#7661=CARTESIAN_POINT('',(-101.639026911394,92.8153379149067,0.));
#7662=CARTESIAN_POINT('',(-95.0212601640285,99.4331046622721,0.));
#7663=CARTESIAN_POINT('',(-92.8153379149067,101.639026911394,0.));
#7664=CARTESIAN_POINT('',(-83.766812633644,101.639026911394,0.));
#7665=CARTESIAN_POINT('',(-74.7182873523813,101.639026911394,0.));
#7666=CARTESIAN_POINT('',(-69.9785401074033,94.0730554824619,0.));
#7667=CARTESIAN_POINT('',(-65.2387928624253,86.5070840535301,0.));
#7668=CARTESIAN_POINT('',(-65.4722152000765,81.4096616545279,0.));
#7669=CARTESIAN_POINT('',(0.00377528505555308,-0.00377528505554614,10.));
#7670=CARTESIAN_POINT('',(-21.743011748025,16.4397108891259,10.));
#7671=CARTESIAN_POINT('',(-19.593011748025,16.4397108891259,10.));
#7672=CARTESIAN_POINT('',(-16.4402326625873,21.7435335214863,10.));
#7673=CARTESIAN_POINT('',(-14.2902326625873,21.7435335214863,10.));
#7674=CARTESIAN_POINT('',(-17.6776695296637,0.00266952966369166,10.));
#7675=CARTESIAN_POINT('',(-17.6776695296637,17.6776695296637,10.));
#7676=CARTESIAN_POINT('',(-0.00266952966369513,17.6776695296637,10.));
#7677=CARTESIAN_POINT('',(0.00377528505554961,24.9962247149444,10.));
#7678=CARTESIAN_POINT('',(-24.9962247149444,24.9962247149444,10.));
#7679=CARTESIAN_POINT('',(-24.9962247149444,-0.00377528505554961,10.));
#7680=CARTESIAN_POINT('',(-42.4264068711928,42.4264068711928,15.));
#7681=CARTESIAN_POINT('',(0.00377528505554961,24.9962247149444,15.));
#7682=CARTESIAN_POINT('',(-24.9962247149444,24.9962247149444,15.));
#7683=CARTESIAN_POINT('',(-65.4722152000765,81.4096616545279,15.));
#7684=CARTESIAN_POINT('',(-65.2387928624253,86.5070840535301,15.));
#7685=CARTESIAN_POINT('',(-69.9785401074033,94.0730554824619,15.));
#7686=CARTESIAN_POINT('',(-74.7182873523813,101.639026911394,15.));
#7687=CARTESIAN_POINT('',(-83.766812633644,101.639026911394,15.));
#7688=CARTESIAN_POINT('',(-92.8153379149067,101.639026911394,15.));
#7689=CARTESIAN_POINT('',(-95.0212601640285,99.4331046622721,15.));
#7690=CARTESIAN_POINT('',(-101.639026911394,92.8153379149067,15.));
#7691=CARTESIAN_POINT('',(-101.639026911394,83.766812633644,15.));
#7692=CARTESIAN_POINT('',(-101.639026911394,74.7182873523812,15.));
#7693=CARTESIAN_POINT('',(-94.073055482462,69.9785401074033,15.));
#7694=CARTESIAN_POINT('',(-86.5070840535301,65.2387928624253,15.));
#7695=CARTESIAN_POINT('',(-81.409661654528,65.4722152000764,15.));
#7696=CARTESIAN_POINT('',(-24.9962247149444,-0.00377528505554961,15.));
#7697=CARTESIAN_POINT('',(-84.8528137423857,84.8528137423857,15.));
#7698=CARTESIAN_POINT('',(-68.8528137423857,84.8528137423857,15.));
#7699=CARTESIAN_POINT('',(-54.0668225861363,48.6556212009254,15.));
#7700=CARTESIAN_POINT('',(-73.7145390892321,68.3033377040213,15.));
#7701=CARTESIAN_POINT('',(-34.4191060830404,29.0079046978295,15.));
#7702=CARTESIAN_POINT('',(-69.656138050324,72.3617387429294,15.));
#7703=CARTESIAN_POINT('',(-68.3033377040213,73.7145390892321,15.));
#7704=CARTESIAN_POINT('',(-48.6556212009254,54.0668225861363,15.));
#7705=CARTESIAN_POINT('',(-29.0079046978296,34.4191060830404,15.));
#7706=CARTESIAN_POINT('',(-28.265163395813,32.4500789129914,15.));
#7707=CARTESIAN_POINT('',(-27.5224220937964,30.4810517429423,15.));
#7708=CARTESIAN_POINT('',(-27.7750993612646,29.2544141858375,15.));
#7709=CARTESIAN_POINT('',(-28.0277766287327,28.0277766287326,15.));
#7710=CARTESIAN_POINT('',(-29.2544141858375,27.7750993612646,15.));
#7711=CARTESIAN_POINT('',(-30.4810517429423,27.5224220937964,15.));
#7712=CARTESIAN_POINT('',(-32.4500789129914,28.265163395813,15.));
#7713=CARTESIAN_POINT('',(-83.4951645809925,83.4951645809925,4.));
#7714=CARTESIAN_POINT('',(-92.8527606575789,84.8527606575789,4.));
#7715=CARTESIAN_POINT('',(-92.9139851473748,86.4515888415465,4.));
#7716=CARTESIAN_POINT('',(-92.9139851473748,83.2539324736112,4.));
#7717=CARTESIAN_POINT('',(-93.602760657579,65.2671154039754,4.));
#7718=CARTESIAN_POINT('',(-94.291536167783,83.2539324736112,4.));
#7719=CARTESIAN_POINT('',(-94.3527606575789,84.8527606575789,4.));
#7720=CARTESIAN_POINT('',(-94.291536167783,86.4515888415465,4.));
#7721=CARTESIAN_POINT('',(-93.602760657579,104.438405911182,4.));
#7722=CARTESIAN_POINT('',(-84.8527606575789,75.3527606575789,4.));
#7723=CARTESIAN_POINT('',(-86.4515888415465,75.4139851473748,4.));
#7724=CARTESIAN_POINT('',(-83.2539324736113,75.4139851473748,4.));
#7725=CARTESIAN_POINT('',(-104.438405911182,76.1027606575787,4.));
#7726=CARTESIAN_POINT('',(-86.4515888415465,76.7915361677829,4.));
#7727=CARTESIAN_POINT('',(-84.8527606575789,76.8527606575789,4.));
#7728=CARTESIAN_POINT('',(-83.2539324736113,76.791536167783,4.));
#7729=CARTESIAN_POINT('',(-65.2671154039754,76.1027606575791,4.));
#7730=CARTESIAN_POINT('',(-75.3527606575789,84.8527606575789,4.));
#7731=CARTESIAN_POINT('',(-75.4139851473748,86.4515888415465,4.));
#7732=CARTESIAN_POINT('',(-75.4139851473748,83.2539324736113,4.));
#7733=CARTESIAN_POINT('',(-76.1027606575787,65.2671154039754,4.));
#7734=CARTESIAN_POINT('',(-76.791536167783,83.2539324736112,4.));
#7735=CARTESIAN_POINT('',(-76.8527606575789,84.8527606575789,4.));
#7736=CARTESIAN_POINT('',(-76.791536167783,86.4515888415465,4.));
#7737=CARTESIAN_POINT('',(-76.102760657579,104.438405911182,4.));
#7738=CARTESIAN_POINT('',(-84.8527606575789,84.8527606575789,4.));
#7739=CARTESIAN_POINT('',(-88.8527606575789,84.8527606575789,4.));
#7740=CARTESIAN_POINT('',(-84.8528137423857,84.8528137423857,4.));
#7741=CARTESIAN_POINT('',(-100.852813742386,84.8528137423857,4.));
#7742=CARTESIAN_POINT('',(-84.8527606575789,94.3527606575789,4.));
#7743=CARTESIAN_POINT('',(-83.2539324736113,94.2915361677829,4.));
#7744=CARTESIAN_POINT('',(-86.4515888415465,94.2915361677829,4.));
#7745=CARTESIAN_POINT('',(-65.2671154039754,93.6027606575789,4.));
#7746=CARTESIAN_POINT('',(-83.2539324736113,92.9139851473748,4.));
#7747=CARTESIAN_POINT('',(-84.8527606575789,92.8527606575789,4.));
#7748=CARTESIAN_POINT('',(-86.4515888415465,92.9139851473748,4.));
#7749=CARTESIAN_POINT('',(-104.438405911182,93.6027606575789,4.));
#7750=CARTESIAN_POINT('',(-84.8528137423857,84.8528137423857,15.));
#7751=CARTESIAN_POINT('',(-101.639026911394,83.766812633644,15.));
#7752=CARTESIAN_POINT('',(-101.639026911394,74.7182873523812,15.));
#7753=CARTESIAN_POINT('',(-101.639026911394,92.8153379149067,15.));
#7754=CARTESIAN_POINT('',(-94.073055482462,69.9785401074033,15.));
#7755=CARTESIAN_POINT('',(-86.5070840535301,65.2387928624253,15.));
#7756=CARTESIAN_POINT('',(-81.409661654528,65.4722152000764,15.));
#7757=CARTESIAN_POINT('',(-65.4722152000765,81.4096616545279,15.));
#7758=CARTESIAN_POINT('',(-65.2387928624253,86.5070840535301,15.));
#7759=CARTESIAN_POINT('',(-69.9785401074033,94.0730554824619,15.));
#7760=CARTESIAN_POINT('',(-74.7182873523813,101.639026911394,15.));
#7761=CARTESIAN_POINT('',(-83.766812633644,101.639026911394,15.));
#7762=CARTESIAN_POINT('',(-92.8153379149067,101.639026911394,15.));
#7763=CARTESIAN_POINT('',(-95.0212601640285,99.4331046622721,15.));
#7764=CARTESIAN_POINT('',(-84.8527606575789,84.8527606575789,5.9));
#7765=CARTESIAN_POINT('',(-76.8527606575789,84.8527606575789,5.9));
#7766=CARTESIAN_POINT('',(-76.791536167783,83.2539324736112,5.9));
#7767=CARTESIAN_POINT('',(-76.791536167783,86.4515888415465,5.9));
#7768=CARTESIAN_POINT('',(-75.3527606575789,84.8527606575789,5.9));
#7769=CARTESIAN_POINT('',(-75.4139851473748,83.2539324736113,5.9));
#7770=CARTESIAN_POINT('',(-75.4139851473748,86.4515888415465,5.9));
#7771=CARTESIAN_POINT('',(-84.8527606575789,76.8527606575789,5.9));
#7772=CARTESIAN_POINT('',(-86.4515888415465,76.7915361677829,5.9));
#7773=CARTESIAN_POINT('',(-83.2539324736113,76.791536167783,5.9));
#7774=CARTESIAN_POINT('',(-84.8527606575789,75.3527606575789,5.9));
#7775=CARTESIAN_POINT('',(-86.4515888415465,75.4139851473748,5.9));
#7776=CARTESIAN_POINT('',(-83.2539324736113,75.4139851473748,5.9));
#7777=CARTESIAN_POINT('',(-84.8527606575789,92.8527606575789,5.9));
#7778=CARTESIAN_POINT('',(-83.2539324736113,92.9139851473748,5.9));
#7779=CARTESIAN_POINT('',(-86.4515888415465,92.9139851473748,5.9));
#7780=CARTESIAN_POINT('',(-84.8527606575789,94.3527606575789,5.9));
#7781=CARTESIAN_POINT('',(-83.2539324736113,94.2915361677829,5.9));
#7782=CARTESIAN_POINT('',(-86.4515888415465,94.2915361677829,5.9));
#7783=CARTESIAN_POINT('',(-92.8527606575789,84.8527606575789,5.9));
#7784=CARTESIAN_POINT('',(-92.9139851473748,83.2539324736112,5.9));
#7785=CARTESIAN_POINT('',(-92.9139851473748,86.4515888415465,5.9));
#7786=CARTESIAN_POINT('',(-94.3527606575789,84.8527606575789,5.9));
#7787=CARTESIAN_POINT('',(-94.291536167783,83.2539324736112,5.9));
#7788=CARTESIAN_POINT('',(-94.291536167783,86.4515888415465,5.9));
#7789=CARTESIAN_POINT('',(-104.438405911182,76.1027606575787,5.9));
#7790=CARTESIAN_POINT('',(-65.2671154039754,76.1027606575791,5.9));
#7791=CARTESIAN_POINT('',(-76.1027606575787,65.2671154039754,5.9));
#7792=CARTESIAN_POINT('',(-76.102760657579,104.438405911182,5.9));
#7793=CARTESIAN_POINT('',(-65.2671154039754,93.6027606575789,5.9));
#7794=CARTESIAN_POINT('',(-104.438405911182,93.6027606575789,5.9));
#7795=CARTESIAN_POINT('',(-93.602760657579,65.2671154039754,5.9));
#7796=CARTESIAN_POINT('',(-93.602760657579,104.438405911182,5.9));
#7797=CARTESIAN_POINT('',(-69.656138050324,72.3617387429294,12.));
#7798=CARTESIAN_POINT('',(-73.7145390892321,68.3033377040213,12.));
#7799=CARTESIAN_POINT('',(-73.7145390892321,68.3033377040213,12.));
#7800=CARTESIAN_POINT('',(-69.656138050324,72.3617387429294,12.));
#7801=CARTESIAN_POINT('',(-68.3033377040213,73.7145390892321,12.));
#7802=CARTESIAN_POINT('',(-68.3033377040213,73.7145390892321,12.));
#7803=CARTESIAN_POINT('',(-54.0668225861363,48.6556212009254,12.));
#7804=CARTESIAN_POINT('',(-34.4191060830404,29.0079046978295,12.));
#7805=CARTESIAN_POINT('',(-34.4191060830404,29.0079046978295,12.));
#7806=CARTESIAN_POINT('',(-54.0668225861363,48.6556212009254,12.));
#7807=CARTESIAN_POINT('',(-32.4500789129914,28.265163395813,12.));
#7808=CARTESIAN_POINT('',(-30.4810517429423,27.5224220937964,12.));
#7809=CARTESIAN_POINT('',(-30.4810517429423,27.5224220937964,12.));
#7810=CARTESIAN_POINT('',(-32.4500789129914,28.265163395813,12.));
#7811=CARTESIAN_POINT('',(-29.2544141858375,27.7750993612646,12.));
#7812=CARTESIAN_POINT('',(-28.0277766287327,28.0277766287326,12.));
#7813=CARTESIAN_POINT('',(-28.0277766287327,28.0277766287326,12.));
#7814=CARTESIAN_POINT('',(-29.2544141858375,27.7750993612646,12.));
#7815=CARTESIAN_POINT('',(-27.7750993612646,29.2544141858375,12.));
#7816=CARTESIAN_POINT('',(-27.5224220937964,30.4810517429423,12.));
#7817=CARTESIAN_POINT('',(-27.5224220937964,30.4810517429423,12.));
#7818=CARTESIAN_POINT('',(-27.7750993612646,29.2544141858375,12.));
#7819=CARTESIAN_POINT('',(-28.265163395813,32.4500789129914,12.));
#7820=CARTESIAN_POINT('',(-29.0079046978296,34.4191060830404,12.));
#7821=CARTESIAN_POINT('',(-29.0079046978296,34.4191060830404,12.));
#7822=CARTESIAN_POINT('',(-28.265163395813,32.4500789129914,12.));
#7823=CARTESIAN_POINT('',(-48.6556212009254,54.0668225861363,12.));
#7824=CARTESIAN_POINT('',(-48.6556212009254,54.0668225861363,12.));
#7825=CARTESIAN_POINT('',(-50.9295225591055,50.9295225591054,12.));
#7826=CARTESIAN_POINT('',(0.00377528505554961,24.9962247149444,10.));
#7827=CARTESIAN_POINT('',(-24.9962247149444,24.9962247149444,10.));
#7828=CARTESIAN_POINT('',(-24.9962247149444,-0.00377528505554961,10.));
#7829=CARTESIAN_POINT('',(-0.00266952966369513,17.6776695296637,-15.));
#7830=CARTESIAN_POINT('',(-7.07106781186549,17.6776695296637,5.));
#7831=CARTESIAN_POINT('',(-10.6065547656223,17.6776695296637,4.73012117173456));
#7832=CARTESIAN_POINT('',(-14.1420413550885,17.6776695296637,4.46023756017028));
#7833=CARTESIAN_POINT('',(-17.6776695296637,17.6776695296637,4.19221302396336));
#7834=CARTESIAN_POINT('',(-17.6776695296637,17.6776695296637,4.19221302396335));
#7835=CARTESIAN_POINT('',(-17.6776695296637,17.6776695296637,-15.));
#7836=CARTESIAN_POINT('',(-17.6776695296637,0.00266952966369166,-15.));
#7837=CARTESIAN_POINT('',(-17.6776695296637,7.07106781186546,5.));
#7838=CARTESIAN_POINT('',(-17.6776695296637,10.6065547656223,4.73012117173456));
#7839=CARTESIAN_POINT('',(-17.6776695296637,14.1420413550885,4.46023756017028));
#7840=CARTESIAN_POINT('',(-17.6776695296637,17.6776695296637,4.19221302396335));
#7841=CARTESIAN_POINT('',(-7.07106781186547,17.6776695296637,5.));
#7842=CARTESIAN_POINT('',(-17.6776695296638,7.0710678118654,5.));
#7843=CARTESIAN_POINT('',(-14.967857938105,25.5744596559033,3.79440852465146));
#7844=CARTESIAN_POINT('',(-25.5744596559033,14.967857938105,3.79440852465146));
#7845=CARTESIAN_POINT('',(-22.8646480643446,33.4712497821428,2.58881704930291));
#7846=CARTESIAN_POINT('',(-33.4712497821428,22.8646480643445,2.58881704930291));
#7847=CARTESIAN_POINT('',(-30.1602925478483,40.7668942656465,1.64019343428457));
#7848=CARTESIAN_POINT('',(-40.7668942656466,30.1602925478483,1.64019343428457));
#7849=CARTESIAN_POINT('',(-19.635033356682,15.3248781714994,4.22219712512237));
#7850=CARTESIAN_POINT('',(-19.4674497450642,17.1438247119525,4.09698948225314));
#7851=CARTESIAN_POINT('',(-20.6271716217983,18.5430960568954,3.90368991101952));
#7852=CARTESIAN_POINT('',(-22.4386415636537,18.718924975491,3.75433978016838));
#7853=CARTESIAN_POINT('',(-23.8505219921949,17.5550072450136,3.73575858418754));
#7854=CARTESIAN_POINT('',(-24.0181998336785,15.7350728758891,3.85979911845041));
#7855=CARTESIAN_POINT('',(-22.8608660194144,14.3381218851946,4.05251048826755));
#7856=CARTESIAN_POINT('',(-21.0496530335371,14.159119982963,4.20330864349242));
#7857=CARTESIAN_POINT('',(-19.635033356682,15.3248781714994,4.22219712512237));
#7858=CARTESIAN_POINT('',(-19.4674497450642,17.1438247119525,4.09698948225314));
#7859=CARTESIAN_POINT('',(-20.6271716217983,18.5430960568954,3.90368991101952));
#7860=CARTESIAN_POINT('',(-19.6886673264562,17.0738788460341,4.08564082752574));
#7861=CARTESIAN_POINT('',(-14.757887890005,20.053015593028,4.23350991676952));
#7862=CARTESIAN_POINT('',(-14.057092900802,21.7458529996785,4.15823813943858));
#7863=CARTESIAN_POINT('',(-14.7551364823104,23.4247735371758,3.97838072402952));
#7864=CARTESIAN_POINT('',(-16.429850915559,24.1256862890289,3.79950378701435));
#7865=CARTESIAN_POINT('',(-18.1228024985452,23.4336072146283,3.72445886836368));
#7866=CARTESIAN_POINT('',(-18.8227912899517,21.7419442937615,3.79881310493081));
#7867=CARTESIAN_POINT('',(-18.1274274781743,20.0644692810598,3.97747579573695));
#7868=CARTESIAN_POINT('',(-16.4517749037227,19.3609542860846,4.15749646526675));
#7869=CARTESIAN_POINT('',(-14.757887890005,20.053015593028,4.23350991676952));
#7870=CARTESIAN_POINT('',(-14.057092900802,21.7458529996785,4.15823813943858));
#7871=CARTESIAN_POINT('',(-14.7551364823104,23.4247735371758,3.97838072402952));
#7872=CARTESIAN_POINT('',(-14.2902326625872,21.7435335214863,4.14080719975889));
#7873=CARTESIAN_POINT('',(-40.7668942614516,30.1602925436533,1.64019343483004));
#7874=CARTESIAN_POINT('',(-60.7454936976429,60.7454936976429,390.514671124226));
#7875=CARTESIAN_POINT('',(-40.8700988286707,65.6188361701999,5.));
#7876=CARTESIAN_POINT('',(-52.3680942321007,77.1168315736298,5.));
#7877=CARTESIAN_POINT('',(-33.3690726304631,58.1178099719922,5.));
#7878=CARTESIAN_POINT('',(-33.3690726304631,58.1178099719922,7.5));
#7879=CARTESIAN_POINT('',(-33.3690726304631,58.1178099719922,10.));
#7880=CARTESIAN_POINT('',(-42.8685834312819,67.617320772811,10.));
#7881=CARTESIAN_POINT('',(-52.3680942321007,77.1168315736298,10.));
#7882=CARTESIAN_POINT('',(-52.3680942321007,77.1168315736298,7.5));
#7883=CARTESIAN_POINT('',(-16.4402326625873,21.7435335214863,-15.));
#7884=CARTESIAN_POINT('',(-21.743011748025,16.4397108891259,-15.));
#7885=MECHANICAL_DESIGN_GEOMETRIC_PRESENTATION_REPRESENTATION('',(#4621),#7890);
#7886=MECHANICAL_DESIGN_GEOMETRIC_PRESENTATION_REPRESENTATION('',(#4622),#7891);
#7887=MECHANICAL_DESIGN_GEOMETRIC_PRESENTATION_REPRESENTATION('',(#4623),#7892);
#7888=MECHANICAL_DESIGN_GEOMETRIC_PRESENTATION_REPRESENTATION('',(#4624),#7893);
#7889=MECHANICAL_DESIGN_GEOMETRIC_PRESENTATION_REPRESENTATION('',(#4625),#7894);
#7890=(
GEOMETRIC_REPRESENTATION_CONTEXT(3)
GLOBAL_UNCERTAINTY_ASSIGNED_CONTEXT((#7895))
GLOBAL_UNIT_ASSIGNED_CONTEXT((#7910,#7905,#7900))
REPRESENTATION_CONTEXT('BASE','TOP_LEVEL_ASSEMBLY_PART')
);
#7891=(
GEOMETRIC_REPRESENTATION_CONTEXT(3)
GLOBAL_UNCERTAINTY_ASSIGNED_CONTEXT((#7896))
GLOBAL_UNIT_ASSIGNED_CONTEXT((#7911,#7906,#7901))
REPRESENTATION_CONTEXT('ARM CC2','TOP_LEVEL_ASSEMBLY_PART')
);
#7892=(
GEOMETRIC_REPRESENTATION_CONTEXT(3)
GLOBAL_UNCERTAINTY_ASSIGNED_CONTEXT((#7897))
GLOBAL_UNIT_ASSIGNED_CONTEXT((#7912,#7907,#7902))
REPRESENTATION_CONTEXT('ARM C1','TOP_LEVEL_ASSEMBLY_PART')
);
#7893=(
GEOMETRIC_REPRESENTATION_CONTEXT(3)
GLOBAL_UNCERTAINTY_ASSIGNED_CONTEXT((#7898))
GLOBAL_UNIT_ASSIGNED_CONTEXT((#7913,#7908,#7903))
REPRESENTATION_CONTEXT('ARM C2','TOP_LEVEL_ASSEMBLY_PART')
);
#7894=(
GEOMETRIC_REPRESENTATION_CONTEXT(3)
GLOBAL_UNCERTAINTY_ASSIGNED_CONTEXT((#7899))
GLOBAL_UNIT_ASSIGNED_CONTEXT((#7914,#7909,#7904))
REPRESENTATION_CONTEXT('ARM CC1','TOP_LEVEL_ASSEMBLY_PART')
);
#7895=UNCERTAINTY_MEASURE_WITH_UNIT(LENGTH_MEASURE(1.E-05),#7910,'DISTANCE_ACCURACY_VALUE','Maximum Tolerance applied to model');
#7896=UNCERTAINTY_MEASURE_WITH_UNIT(LENGTH_MEASURE(1.E-05),#7911,'DISTANCE_ACCURACY_VALUE','Maximum Tolerance applied to model');
#7897=UNCERTAINTY_MEASURE_WITH_UNIT(LENGTH_MEASURE(1.E-05),#7912,'DISTANCE_ACCURACY_VALUE','Maximum Tolerance applied to model');
#7898=UNCERTAINTY_MEASURE_WITH_UNIT(LENGTH_MEASURE(1.E-05),#7913,'DISTANCE_ACCURACY_VALUE','Maximum Tolerance applied to model');
#7899=UNCERTAINTY_MEASURE_WITH_UNIT(LENGTH_MEASURE(1.E-05),#7914,'DISTANCE_ACCURACY_VALUE','Maximum Tolerance applied to model');
#7900=(
NAMED_UNIT(*)
SI_UNIT($,.STERADIAN.)
SOLID_ANGLE_UNIT()
);
#7901=(
NAMED_UNIT(*)
SI_UNIT($,.STERADIAN.)
SOLID_ANGLE_UNIT()
);
#7902=(
NAMED_UNIT(*)
SI_UNIT($,.STERADIAN.)
SOLID_ANGLE_UNIT()
);
#7903=(
NAMED_UNIT(*)
SI_UNIT($,.STERADIAN.)
SOLID_ANGLE_UNIT()
);
#7904=(
NAMED_UNIT(*)
SI_UNIT($,.STERADIAN.)
SOLID_ANGLE_UNIT()
);
#7905=(
NAMED_UNIT(*)
PLANE_ANGLE_UNIT()
SI_UNIT($,.RADIAN.)
);
#7906=(
NAMED_UNIT(*)
PLANE_ANGLE_UNIT()
SI_UNIT($,.RADIAN.)
);
#7907=(
NAMED_UNIT(*)
PLANE_ANGLE_UNIT()
SI_UNIT($,.RADIAN.)
);
#7908=(
NAMED_UNIT(*)
PLANE_ANGLE_UNIT()
SI_UNIT($,.RADIAN.)
);
#7909=(
NAMED_UNIT(*)
PLANE_ANGLE_UNIT()
SI_UNIT($,.RADIAN.)
);
#7910=(
LENGTH_UNIT()
NAMED_UNIT(*)
SI_UNIT(.MILLI.,.METRE.)
);
#7911=(
LENGTH_UNIT()
NAMED_UNIT(*)
SI_UNIT(.MILLI.,.METRE.)
);
#7912=(
LENGTH_UNIT()
NAMED_UNIT(*)
SI_UNIT(.MILLI.,.METRE.)
);
#7913=(
LENGTH_UNIT()
NAMED_UNIT(*)
SI_UNIT(.MILLI.,.METRE.)
);
#7914=(
LENGTH_UNIT()
NAMED_UNIT(*)
SI_UNIT(.MILLI.,.METRE.)
);
#7915=PRODUCT_DEFINITION_SHAPE('','',#7920);
#7916=PRODUCT_DEFINITION_SHAPE('','',#7921);
#7917=PRODUCT_DEFINITION_SHAPE('','',#7922);
#7918=PRODUCT_DEFINITION_SHAPE('','',#7923);
#7919=PRODUCT_DEFINITION_SHAPE('','',#7924);
#7920=PRODUCT_DEFINITION('','',#7930,#7925);
#7921=PRODUCT_DEFINITION('','',#7931,#7926);
#7922=PRODUCT_DEFINITION('','',#7932,#7927);
#7923=PRODUCT_DEFINITION('','',#7933,#7928);
#7924=PRODUCT_DEFINITION('','',#7934,#7929);
#7925=PRODUCT_DEFINITION_CONTEXT('',#7960,'design');
#7926=PRODUCT_DEFINITION_CONTEXT('',#7961,'design');
#7927=PRODUCT_DEFINITION_CONTEXT('',#7962,'design');
#7928=PRODUCT_DEFINITION_CONTEXT('',#7963,'design');
#7929=PRODUCT_DEFINITION_CONTEXT('',#7964,'design');
#7930=PRODUCT_DEFINITION_FORMATION_WITH_SPECIFIED_SOURCE('','',#7940,.NOT_KNOWN.);
#7931=PRODUCT_DEFINITION_FORMATION_WITH_SPECIFIED_SOURCE('','',#7941,.NOT_KNOWN.);
#7932=PRODUCT_DEFINITION_FORMATION_WITH_SPECIFIED_SOURCE('','',#7942,.NOT_KNOWN.);
#7933=PRODUCT_DEFINITION_FORMATION_WITH_SPECIFIED_SOURCE('','',#7943,.NOT_KNOWN.);
#7934=PRODUCT_DEFINITION_FORMATION_WITH_SPECIFIED_SOURCE('','',#7944,.NOT_KNOWN.);
#7935=PRODUCT_RELATED_PRODUCT_CATEGORY('','',(#7940));
#7936=PRODUCT_RELATED_PRODUCT_CATEGORY('','',(#7941));
#7937=PRODUCT_RELATED_PRODUCT_CATEGORY('','',(#7942));
#7938=PRODUCT_RELATED_PRODUCT_CATEGORY('','',(#7943));
#7939=PRODUCT_RELATED_PRODUCT_CATEGORY('','',(#7944));
#7940=PRODUCT('BASE','BASE','BASE',(#7950));
#7941=PRODUCT('ARM CC2','ARM CC2','ARM CC2',(#7951));
#7942=PRODUCT('ARM C1','ARM C1','ARM C1',(#7952));
#7943=PRODUCT('ARM C2','ARM C2','ARM C2',(#7953));
#7944=PRODUCT('ARM CC1','ARM CC1','ARM CC1',(#7954));
#7945=PRODUCT_CATEGORY('','');
#7946=PRODUCT_CATEGORY('','');
#7947=PRODUCT_CATEGORY('','');
#7948=PRODUCT_CATEGORY('','');
#7949=PRODUCT_CATEGORY('','');
#7950=PRODUCT_CONTEXT('',#7960,'mechanical');
#7951=PRODUCT_CONTEXT('',#7961,'mechanical');
#7952=PRODUCT_CONTEXT('',#7962,'mechanical');
#7953=PRODUCT_CONTEXT('',#7963,'mechanical');
#7954=PRODUCT_CONTEXT('',#7964,'mechanical');
#7955=APPLICATION_PROTOCOL_DEFINITION('international standard','ap242_managed_model_based_3d_engineering',2020,#7960);
#7956=APPLICATION_PROTOCOL_DEFINITION('international standard','ap242_managed_model_based_3d_engineering',2020,#7961);
#7957=APPLICATION_PROTOCOL_DEFINITION('international standard','ap242_managed_model_based_3d_engineering',2020,#7962);
#7958=APPLICATION_PROTOCOL_DEFINITION('international standard','ap242_managed_model_based_3d_engineering',2020,#7963);
#7959=APPLICATION_PROTOCOL_DEFINITION('international standard','ap242_managed_model_based_3d_engineering',2020,#7964);
#7960=APPLICATION_CONTEXT('managed model based 3d engineering');
#7961=APPLICATION_CONTEXT('managed model based 3d engineering');
#7962=APPLICATION_CONTEXT('managed model based 3d engineering');
#7963=APPLICATION_CONTEXT('managed model based 3d engineering');
#7964=APPLICATION_CONTEXT('managed model based 3d engineering');
ENDSEC;
END-ISO-10303-21;
